2025-08-29 20:59:23,925 - ANALYSE DES CLASSES

2025-08-29 20:59:23,925 - Les données sont réparties en 6 classes
2025-08-29 20:59:23,925 - Classes: LAYING, SITTING, STANDING, WALKING, WALKING_DOWNSTAIRS, WALKING_UPSTAIRS

2025-08-29 20:59:23,925 - ANALYSE DES VARIABLES

2025-08-29 20:59:24,145 - Nombre initial de variables : 561
2025-08-29 20:59:24,145 - Variables initiales : ['tBodyAcc-mean()-X', 'tBodyAcc-mean()-Y', 'tBodyAcc-mean()-Z', 'tBodyAcc-std()-X', 'tBodyAcc-std()-Y', 'tBodyAcc-std()-Z', 'tBodyAcc-mad()-X', 'tBodyAcc-mad()-Y', 'tBodyAcc-mad()-Z', 'tBodyAcc-max()-X', 'tBodyAcc-max()-Y', 'tBodyAcc-max()-Z', 'tBodyAcc-min()-X', 'tBodyAcc-min()-Y', 'tBodyAcc-min()-Z', 'tBodyAcc-sma()', 'tBodyAcc-energy()-X', 'tBodyAcc-energy()-Y', 'tBodyAcc-energy()-Z', 'tBodyAcc-iqr()-X', 'tBodyAcc-iqr()-Y', 'tBodyAcc-iqr()-Z', 'tBodyAcc-entropy()-X', 'tBodyAcc-entropy()-Y', 'tBodyAcc-entropy()-Z', 'tBodyAcc-arCoeff()-X,1', 'tBodyAcc-arCoeff()-X,2', 'tBodyAcc-arCoeff()-X,3', 'tBodyAcc-arCoeff()-X,4', 'tBodyAcc-arCoeff()-Y,1', 'tBodyAcc-arCoeff()-Y,2', 'tBodyAcc-arCoeff()-Y,3', 'tBodyAcc-arCoeff()-Y,4', 'tBodyAcc-arCoeff()-Z,1', 'tBodyAcc-arCoeff()-Z,2', 'tBodyAcc-arCoeff()-Z,3', 'tBodyAcc-arCoeff()-Z,4', 'tBodyAcc-correlation()-X,Y', 'tBodyAcc-correlation()-X,Z', 'tBodyAcc-correlation()-Y,Z', 'tGravityAcc-mean()-X', 'tGravityAcc-mean()-Y', 'tGravityAcc-mean()-Z', 'tGravityAcc-std()-X', 'tGravityAcc-std()-Y', 'tGravityAcc-std()-Z', 'tGravityAcc-mad()-X', 'tGravityAcc-mad()-Y', 'tGravityAcc-mad()-Z', 'tGravityAcc-max()-X', 'tGravityAcc-max()-Y', 'tGravityAcc-max()-Z', 'tGravityAcc-min()-X', 'tGravityAcc-min()-Y', 'tGravityAcc-min()-Z', 'tGravityAcc-sma()', 'tGravityAcc-energy()-X', 'tGravityAcc-energy()-Y', 'tGravityAcc-energy()-Z', 'tGravityAcc-iqr()-X', 'tGravityAcc-iqr()-Y', 'tGravityAcc-iqr()-Z', 'tGravityAcc-entropy()-X', 'tGravityAcc-entropy()-Y', 'tGravityAcc-entropy()-Z', 'tGravityAcc-arCoeff()-X,1', 'tGravityAcc-arCoeff()-X,2', 'tGravityAcc-arCoeff()-X,3', 'tGravityAcc-arCoeff()-X,4', 'tGravityAcc-arCoeff()-Y,1', 'tGravityAcc-arCoeff()-Y,2', 'tGravityAcc-arCoeff()-Y,3', 'tGravityAcc-arCoeff()-Y,4', 'tGravityAcc-arCoeff()-Z,1', 'tGravityAcc-arCoeff()-Z,2', 'tGravityAcc-arCoeff()-Z,3', 'tGravityAcc-arCoeff()-Z,4', 'tGravityAcc-correlation()-X,Y', 'tGravityAcc-correlation()-X,Z', 'tGravityAcc-correlation()-Y,Z', 'tBodyAccJerk-mean()-X', 'tBodyAccJerk-mean()-Y', 'tBodyAccJerk-mean()-Z', 'tBodyAccJerk-std()-X', 'tBodyAccJerk-std()-Y', 'tBodyAccJerk-std()-Z', 'tBodyAccJerk-mad()-X', 'tBodyAccJerk-mad()-Y', 'tBodyAccJerk-mad()-Z', 'tBodyAccJerk-max()-X', 'tBodyAccJerk-max()-Y', 'tBodyAccJerk-max()-Z', 'tBodyAccJerk-min()-X', 'tBodyAccJerk-min()-Y', 'tBodyAccJerk-min()-Z', 'tBodyAccJerk-sma()', 'tBodyAccJerk-energy()-X', 'tBodyAccJerk-energy()-Y', 'tBodyAccJerk-energy()-Z', 'tBodyAccJerk-iqr()-X', 'tBodyAccJerk-iqr()-Y', 'tBodyAccJerk-iqr()-Z', 'tBodyAccJerk-entropy()-X', 'tBodyAccJerk-entropy()-Y', 'tBodyAccJerk-entropy()-Z', 'tBodyAccJerk-arCoeff()-X,1', 'tBodyAccJerk-arCoeff()-X,2', 'tBodyAccJerk-arCoeff()-X,3', 'tBodyAccJerk-arCoeff()-X,4', 'tBodyAccJerk-arCoeff()-Y,1', 'tBodyAccJerk-arCoeff()-Y,2', 'tBodyAccJerk-arCoeff()-Y,3', 'tBodyAccJerk-arCoeff()-Y,4', 'tBodyAccJerk-arCoeff()-Z,1', 'tBodyAccJerk-arCoeff()-Z,2', 'tBodyAccJerk-arCoeff()-Z,3', 'tBodyAccJerk-arCoeff()-Z,4', 'tBodyAccJerk-correlation()-X,Y', 'tBodyAccJerk-correlation()-X,Z', 'tBodyAccJerk-correlation()-Y,Z', 'tBodyGyro-mean()-X', 'tBodyGyro-mean()-Y', 'tBodyGyro-mean()-Z', 'tBodyGyro-std()-X', 'tBodyGyro-std()-Y', 'tBodyGyro-std()-Z', 'tBodyGyro-mad()-X', 'tBodyGyro-mad()-Y', 'tBodyGyro-mad()-Z', 'tBodyGyro-max()-X', 'tBodyGyro-max()-Y', 'tBodyGyro-max()-Z', 'tBodyGyro-min()-X', 'tBodyGyro-min()-Y', 'tBodyGyro-min()-Z', 'tBodyGyro-sma()', 'tBodyGyro-energy()-X', 'tBodyGyro-energy()-Y', 'tBodyGyro-energy()-Z', 'tBodyGyro-iqr()-X', 'tBodyGyro-iqr()-Y', 'tBodyGyro-iqr()-Z', 'tBodyGyro-entropy()-X', 'tBodyGyro-entropy()-Y', 'tBodyGyro-entropy()-Z', 'tBodyGyro-arCoeff()-X,1', 'tBodyGyro-arCoeff()-X,2', 'tBodyGyro-arCoeff()-X,3', 'tBodyGyro-arCoeff()-X,4', 'tBodyGyro-arCoeff()-Y,1', 'tBodyGyro-arCoeff()-Y,2', 'tBodyGyro-arCoeff()-Y,3', 'tBodyGyro-arCoeff()-Y,4', 'tBodyGyro-arCoeff()-Z,1', 'tBodyGyro-arCoeff()-Z,2', 'tBodyGyro-arCoeff()-Z,3', 'tBodyGyro-arCoeff()-Z,4', 'tBodyGyro-correlation()-X,Y', 'tBodyGyro-correlation()-X,Z', 'tBodyGyro-correlation()-Y,Z', 'tBodyGyroJerk-mean()-X', 'tBodyGyroJerk-mean()-Y', 'tBodyGyroJerk-mean()-Z', 'tBodyGyroJerk-std()-X', 'tBodyGyroJerk-std()-Y', 'tBodyGyroJerk-std()-Z', 'tBodyGyroJerk-mad()-X', 'tBodyGyroJerk-mad()-Y', 'tBodyGyroJerk-mad()-Z', 'tBodyGyroJerk-max()-X', 'tBodyGyroJerk-max()-Y', 'tBodyGyroJerk-max()-Z', 'tBodyGyroJerk-min()-X', 'tBodyGyroJerk-min()-Y', 'tBodyGyroJerk-min()-Z', 'tBodyGyroJerk-sma()', 'tBodyGyroJerk-energy()-X', 'tBodyGyroJerk-energy()-Y', 'tBodyGyroJerk-energy()-Z', 'tBodyGyroJerk-iqr()-X', 'tBodyGyroJerk-iqr()-Y', 'tBodyGyroJerk-iqr()-Z', 'tBodyGyroJerk-entropy()-X', 'tBodyGyroJerk-entropy()-Y', 'tBodyGyroJerk-entropy()-Z', 'tBodyGyroJerk-arCoeff()-X,1', 'tBodyGyroJerk-arCoeff()-X,2', 'tBodyGyroJerk-arCoeff()-X,3', 'tBodyGyroJerk-arCoeff()-X,4', 'tBodyGyroJerk-arCoeff()-Y,1', 'tBodyGyroJerk-arCoeff()-Y,2', 'tBodyGyroJerk-arCoeff()-Y,3', 'tBodyGyroJerk-arCoeff()-Y,4', 'tBodyGyroJerk-arCoeff()-Z,1', 'tBodyGyroJerk-arCoeff()-Z,2', 'tBodyGyroJerk-arCoeff()-Z,3', 'tBodyGyroJerk-arCoeff()-Z,4', 'tBodyGyroJerk-correlation()-X,Y', 'tBodyGyroJerk-correlation()-X,Z', 'tBodyGyroJerk-correlation()-Y,Z', 'tBodyAccMag-mean()', 'tBodyAccMag-std()', 'tBodyAccMag-mad()', 'tBodyAccMag-max()', 'tBodyAccMag-min()', 'tBodyAccMag-sma()', 'tBodyAccMag-energy()', 'tBodyAccMag-iqr()', 'tBodyAccMag-entropy()', 'tBodyAccMag-arCoeff()1', 'tBodyAccMag-arCoeff()2', 'tBodyAccMag-arCoeff()3', 'tBodyAccMag-arCoeff()4', 'tGravityAccMag-mean()', 'tGravityAccMag-std()', 'tGravityAccMag-mad()', 'tGravityAccMag-max()', 'tGravityAccMag-min()', 'tGravityAccMag-sma()', 'tGravityAccMag-energy()', 'tGravityAccMag-iqr()', 'tGravityAccMag-entropy()', 'tGravityAccMag-arCoeff()1', 'tGravityAccMag-arCoeff()2', 'tGravityAccMag-arCoeff()3', 'tGravityAccMag-arCoeff()4', 'tBodyAccJerkMag-mean()', 'tBodyAccJerkMag-std()', 'tBodyAccJerkMag-mad()', 'tBodyAccJerkMag-max()', 'tBodyAccJerkMag-min()', 'tBodyAccJerkMag-sma()', 'tBodyAccJerkMag-energy()', 'tBodyAccJerkMag-iqr()', 'tBodyAccJerkMag-entropy()', 'tBodyAccJerkMag-arCoeff()1', 'tBodyAccJerkMag-arCoeff()2', 'tBodyAccJerkMag-arCoeff()3', 'tBodyAccJerkMag-arCoeff()4', 'tBodyGyroMag-mean()', 'tBodyGyroMag-std()', 'tBodyGyroMag-mad()', 'tBodyGyroMag-max()', 'tBodyGyroMag-min()', 'tBodyGyroMag-sma()', 'tBodyGyroMag-energy()', 'tBodyGyroMag-iqr()', 'tBodyGyroMag-entropy()', 'tBodyGyroMag-arCoeff()1', 'tBodyGyroMag-arCoeff()2', 'tBodyGyroMag-arCoeff()3', 'tBodyGyroMag-arCoeff()4', 'tBodyGyroJerkMag-mean()', 'tBodyGyroJerkMag-std()', 'tBodyGyroJerkMag-mad()', 'tBodyGyroJerkMag-max()', 'tBodyGyroJerkMag-min()', 'tBodyGyroJerkMag-sma()', 'tBodyGyroJerkMag-energy()', 'tBodyGyroJerkMag-iqr()', 'tBodyGyroJerkMag-entropy()', 'tBodyGyroJerkMag-arCoeff()1', 'tBodyGyroJerkMag-arCoeff()2', 'tBodyGyroJerkMag-arCoeff()3', 'tBodyGyroJerkMag-arCoeff()4', 'fBodyAcc-mean()-X', 'fBodyAcc-mean()-Y', 'fBodyAcc-mean()-Z', 'fBodyAcc-std()-X', 'fBodyAcc-std()-Y', 'fBodyAcc-std()-Z', 'fBodyAcc-mad()-X', 'fBodyAcc-mad()-Y', 'fBodyAcc-mad()-Z', 'fBodyAcc-max()-X', 'fBodyAcc-max()-Y', 'fBodyAcc-max()-Z', 'fBodyAcc-min()-X', 'fBodyAcc-min()-Y', 'fBodyAcc-min()-Z', 'fBodyAcc-sma()', 'fBodyAcc-energy()-X', 'fBodyAcc-energy()-Y', 'fBodyAcc-energy()-Z', 'fBodyAcc-iqr()-X', 'fBodyAcc-iqr()-Y', 'fBodyAcc-iqr()-Z', 'fBodyAcc-entropy()-X', 'fBodyAcc-entropy()-Y', 'fBodyAcc-entropy()-Z', 'fBodyAcc-maxInds-X', 'fBodyAcc-maxInds-Y', 'fBodyAcc-maxInds-Z', 'fBodyAcc-meanFreq()-X', 'fBodyAcc-meanFreq()-Y', 'fBodyAcc-meanFreq()-Z', 'fBodyAcc-skewness()-X', 'fBodyAcc-kurtosis()-X', 'fBodyAcc-skewness()-Y', 'fBodyAcc-kurtosis()-Y', 'fBodyAcc-skewness()-Z', 'fBodyAcc-kurtosis()-Z', 'fBodyAcc-bandsEnergy()-1,8', 'fBodyAcc-bandsEnergy()-9,16', 'fBodyAcc-bandsEnergy()-17,24', 'fBodyAcc-bandsEnergy()-25,32', 'fBodyAcc-bandsEnergy()-33,40', 'fBodyAcc-bandsEnergy()-41,48', 'fBodyAcc-bandsEnergy()-49,56', 'fBodyAcc-bandsEnergy()-57,64', 'fBodyAcc-bandsEnergy()-1,16', 'fBodyAcc-bandsEnergy()-17,32', 'fBodyAcc-bandsEnergy()-33,48', 'fBodyAcc-bandsEnergy()-49,64', 'fBodyAcc-bandsEnergy()-1,24', 'fBodyAcc-bandsEnergy()-25,48', 'fBodyAcc-bandsEnergy()-1,8.1', 'fBodyAcc-bandsEnergy()-9,16.1', 'fBodyAcc-bandsEnergy()-17,24.1', 'fBodyAcc-bandsEnergy()-25,32.1', 'fBodyAcc-bandsEnergy()-33,40.1', 'fBodyAcc-bandsEnergy()-41,48.1', 'fBodyAcc-bandsEnergy()-49,56.1', 'fBodyAcc-bandsEnergy()-57,64.1', 'fBodyAcc-bandsEnergy()-1,16.1', 'fBodyAcc-bandsEnergy()-17,32.1', 'fBodyAcc-bandsEnergy()-33,48.1', 'fBodyAcc-bandsEnergy()-49,64.1', 'fBodyAcc-bandsEnergy()-1,24.1', 'fBodyAcc-bandsEnergy()-25,48.1', 'fBodyAcc-bandsEnergy()-1,8.2', 'fBodyAcc-bandsEnergy()-9,16.2', 'fBodyAcc-bandsEnergy()-17,24.2', 'fBodyAcc-bandsEnergy()-25,32.2', 'fBodyAcc-bandsEnergy()-33,40.2', 'fBodyAcc-bandsEnergy()-41,48.2', 'fBodyAcc-bandsEnergy()-49,56.2', 'fBodyAcc-bandsEnergy()-57,64.2', 'fBodyAcc-bandsEnergy()-1,16.2', 'fBodyAcc-bandsEnergy()-17,32.2', 'fBodyAcc-bandsEnergy()-33,48.2', 'fBodyAcc-bandsEnergy()-49,64.2', 'fBodyAcc-bandsEnergy()-1,24.2', 'fBodyAcc-bandsEnergy()-25,48.2', 'fBodyAccJerk-mean()-X', 'fBodyAccJerk-mean()-Y', 'fBodyAccJerk-mean()-Z', 'fBodyAccJerk-std()-X', 'fBodyAccJerk-std()-Y', 'fBodyAccJerk-std()-Z', 'fBodyAccJerk-mad()-X', 'fBodyAccJerk-mad()-Y', 'fBodyAccJerk-mad()-Z', 'fBodyAccJerk-max()-X', 'fBodyAccJerk-max()-Y', 'fBodyAccJerk-max()-Z', 'fBodyAccJerk-min()-X', 'fBodyAccJerk-min()-Y', 'fBodyAccJerk-min()-Z', 'fBodyAccJerk-sma()', 'fBodyAccJerk-energy()-X', 'fBodyAccJerk-energy()-Y', 'fBodyAccJerk-energy()-Z', 'fBodyAccJerk-iqr()-X', 'fBodyAccJerk-iqr()-Y', 'fBodyAccJerk-iqr()-Z', 'fBodyAccJerk-entropy()-X', 'fBodyAccJerk-entropy()-Y', 'fBodyAccJerk-entropy()-Z', 'fBodyAccJerk-maxInds-X', 'fBodyAccJerk-maxInds-Y', 'fBodyAccJerk-maxInds-Z', 'fBodyAccJerk-meanFreq()-X', 'fBodyAccJerk-meanFreq()-Y', 'fBodyAccJerk-meanFreq()-Z', 'fBodyAccJerk-skewness()-X', 'fBodyAccJerk-kurtosis()-X', 'fBodyAccJerk-skewness()-Y', 'fBodyAccJerk-kurtosis()-Y', 'fBodyAccJerk-skewness()-Z', 'fBodyAccJerk-kurtosis()-Z', 'fBodyAccJerk-bandsEnergy()-1,8', 'fBodyAccJerk-bandsEnergy()-9,16', 'fBodyAccJerk-bandsEnergy()-17,24', 'fBodyAccJerk-bandsEnergy()-25,32', 'fBodyAccJerk-bandsEnergy()-33,40', 'fBodyAccJerk-bandsEnergy()-41,48', 'fBodyAccJerk-bandsEnergy()-49,56', 'fBodyAccJerk-bandsEnergy()-57,64', 'fBodyAccJerk-bandsEnergy()-1,16', 'fBodyAccJerk-bandsEnergy()-17,32', 'fBodyAccJerk-bandsEnergy()-33,48', 'fBodyAccJerk-bandsEnergy()-49,64', 'fBodyAccJerk-bandsEnergy()-1,24', 'fBodyAccJerk-bandsEnergy()-25,48', 'fBodyAccJerk-bandsEnergy()-1,8.1', 'fBodyAccJerk-bandsEnergy()-9,16.1', 'fBodyAccJerk-bandsEnergy()-17,24.1', 'fBodyAccJerk-bandsEnergy()-25,32.1', 'fBodyAccJerk-bandsEnergy()-33,40.1', 'fBodyAccJerk-bandsEnergy()-41,48.1', 'fBodyAccJerk-bandsEnergy()-49,56.1', 'fBodyAccJerk-bandsEnergy()-57,64.1', 'fBodyAccJerk-bandsEnergy()-1,16.1', 'fBodyAccJerk-bandsEnergy()-17,32.1', 'fBodyAccJerk-bandsEnergy()-33,48.1', 'fBodyAccJerk-bandsEnergy()-49,64.1', 'fBodyAccJerk-bandsEnergy()-1,24.1', 'fBodyAccJerk-bandsEnergy()-25,48.1', 'fBodyAccJerk-bandsEnergy()-1,8.2', 'fBodyAccJerk-bandsEnergy()-9,16.2', 'fBodyAccJerk-bandsEnergy()-17,24.2', 'fBodyAccJerk-bandsEnergy()-25,32.2', 'fBodyAccJerk-bandsEnergy()-33,40.2', 'fBodyAccJerk-bandsEnergy()-41,48.2', 'fBodyAccJerk-bandsEnergy()-49,56.2', 'fBodyAccJerk-bandsEnergy()-57,64.2', 'fBodyAccJerk-bandsEnergy()-1,16.2', 'fBodyAccJerk-bandsEnergy()-17,32.2', 'fBodyAccJerk-bandsEnergy()-33,48.2', 'fBodyAccJerk-bandsEnergy()-49,64.2', 'fBodyAccJerk-bandsEnergy()-1,24.2', 'fBodyAccJerk-bandsEnergy()-25,48.2', 'fBodyGyro-mean()-X', 'fBodyGyro-mean()-Y', 'fBodyGyro-mean()-Z', 'fBodyGyro-std()-X', 'fBodyGyro-std()-Y', 'fBodyGyro-std()-Z', 'fBodyGyro-mad()-X', 'fBodyGyro-mad()-Y', 'fBodyGyro-mad()-Z', 'fBodyGyro-max()-X', 'fBodyGyro-max()-Y', 'fBodyGyro-max()-Z', 'fBodyGyro-min()-X', 'fBodyGyro-min()-Y', 'fBodyGyro-min()-Z', 'fBodyGyro-sma()', 'fBodyGyro-energy()-X', 'fBodyGyro-energy()-Y', 'fBodyGyro-energy()-Z', 'fBodyGyro-iqr()-X', 'fBodyGyro-iqr()-Y', 'fBodyGyro-iqr()-Z', 'fBodyGyro-entropy()-X', 'fBodyGyro-entropy()-Y', 'fBodyGyro-entropy()-Z', 'fBodyGyro-maxInds-X', 'fBodyGyro-maxInds-Y', 'fBodyGyro-maxInds-Z', 'fBodyGyro-meanFreq()-X', 'fBodyGyro-meanFreq()-Y', 'fBodyGyro-meanFreq()-Z', 'fBodyGyro-skewness()-X', 'fBodyGyro-kurtosis()-X', 'fBodyGyro-skewness()-Y', 'fBodyGyro-kurtosis()-Y', 'fBodyGyro-skewness()-Z', 'fBodyGyro-kurtosis()-Z', 'fBodyGyro-bandsEnergy()-1,8', 'fBodyGyro-bandsEnergy()-9,16', 'fBodyGyro-bandsEnergy()-17,24', 'fBodyGyro-bandsEnergy()-25,32', 'fBodyGyro-bandsEnergy()-33,40', 'fBodyGyro-bandsEnergy()-41,48', 'fBodyGyro-bandsEnergy()-49,56', 'fBodyGyro-bandsEnergy()-57,64', 'fBodyGyro-bandsEnergy()-1,16', 'fBodyGyro-bandsEnergy()-17,32', 'fBodyGyro-bandsEnergy()-33,48', 'fBodyGyro-bandsEnergy()-49,64', 'fBodyGyro-bandsEnergy()-1,24', 'fBodyGyro-bandsEnergy()-25,48', 'fBodyGyro-bandsEnergy()-1,8.1', 'fBodyGyro-bandsEnergy()-9,16.1', 'fBodyGyro-bandsEnergy()-17,24.1', 'fBodyGyro-bandsEnergy()-25,32.1', 'fBodyGyro-bandsEnergy()-33,40.1', 'fBodyGyro-bandsEnergy()-41,48.1', 'fBodyGyro-bandsEnergy()-49,56.1', 'fBodyGyro-bandsEnergy()-57,64.1', 'fBodyGyro-bandsEnergy()-1,16.1', 'fBodyGyro-bandsEnergy()-17,32.1', 'fBodyGyro-bandsEnergy()-33,48.1', 'fBodyGyro-bandsEnergy()-49,64.1', 'fBodyGyro-bandsEnergy()-1,24.1', 'fBodyGyro-bandsEnergy()-25,48.1', 'fBodyGyro-bandsEnergy()-1,8.2', 'fBodyGyro-bandsEnergy()-9,16.2', 'fBodyGyro-bandsEnergy()-17,24.2', 'fBodyGyro-bandsEnergy()-25,32.2', 'fBodyGyro-bandsEnergy()-33,40.2', 'fBodyGyro-bandsEnergy()-41,48.2', 'fBodyGyro-bandsEnergy()-49,56.2', 'fBodyGyro-bandsEnergy()-57,64.2', 'fBodyGyro-bandsEnergy()-1,16.2', 'fBodyGyro-bandsEnergy()-17,32.2', 'fBodyGyro-bandsEnergy()-33,48.2', 'fBodyGyro-bandsEnergy()-49,64.2', 'fBodyGyro-bandsEnergy()-1,24.2', 'fBodyGyro-bandsEnergy()-25,48.2', 'fBodyAccMag-mean()', 'fBodyAccMag-std()', 'fBodyAccMag-mad()', 'fBodyAccMag-max()', 'fBodyAccMag-min()', 'fBodyAccMag-sma()', 'fBodyAccMag-energy()', 'fBodyAccMag-iqr()', 'fBodyAccMag-entropy()', 'fBodyAccMag-maxInds', 'fBodyAccMag-meanFreq()', 'fBodyAccMag-skewness()', 'fBodyAccMag-kurtosis()', 'fBodyBodyAccJerkMag-mean()', 'fBodyBodyAccJerkMag-std()', 'fBodyBodyAccJerkMag-mad()', 'fBodyBodyAccJerkMag-max()', 'fBodyBodyAccJerkMag-min()', 'fBodyBodyAccJerkMag-sma()', 'fBodyBodyAccJerkMag-energy()', 'fBodyBodyAccJerkMag-iqr()', 'fBodyBodyAccJerkMag-entropy()', 'fBodyBodyAccJerkMag-maxInds', 'fBodyBodyAccJerkMag-meanFreq()', 'fBodyBodyAccJerkMag-skewness()', 'fBodyBodyAccJerkMag-kurtosis()', 'fBodyBodyGyroMag-mean()', 'fBodyBodyGyroMag-std()', 'fBodyBodyGyroMag-mad()', 'fBodyBodyGyroMag-max()', 'fBodyBodyGyroMag-min()', 'fBodyBodyGyroMag-sma()', 'fBodyBodyGyroMag-energy()', 'fBodyBodyGyroMag-iqr()', 'fBodyBodyGyroMag-entropy()', 'fBodyBodyGyroMag-maxInds', 'fBodyBodyGyroMag-meanFreq()', 'fBodyBodyGyroMag-skewness()', 'fBodyBodyGyroMag-kurtosis()', 'fBodyBodyGyroJerkMag-mean()', 'fBodyBodyGyroJerkMag-std()', 'fBodyBodyGyroJerkMag-mad()', 'fBodyBodyGyroJerkMag-max()', 'fBodyBodyGyroJerkMag-min()', 'fBodyBodyGyroJerkMag-sma()', 'fBodyBodyGyroJerkMag-energy()', 'fBodyBodyGyroJerkMag-iqr()', 'fBodyBodyGyroJerkMag-entropy()', 'fBodyBodyGyroJerkMag-maxInds', 'fBodyBodyGyroJerkMag-meanFreq()', 'fBodyBodyGyroJerkMag-skewness()', 'fBodyBodyGyroJerkMag-kurtosis()', 'angle(tBodyAccMean,gravity)', 'angle(tBodyAccJerkMean),gravityMean)', 'angle(tBodyGyroMean,gravityMean)', 'angle(tBodyGyroJerkMean,gravityMean)', 'angle(X,gravityMean)', 'angle(Y,gravityMean)', 'angle(Z,gravityMean)']

2025-08-29 20:59:24,186 - Sélection initiale des variables:
2025-08-29 20:59:24,186 - Méthode de filtrage sur les scores issus de tests de Kruskal-Wallis pour les statistiques mean et std.
2025-08-29 20:59:24,487 - Nombre de variables retenues : 26
2025-08-29 20:59:24,487 - Variables retenues : ['tBodyAcc-energy()-X', 'fBodyAcc-bandsEnergy()-1,24', 'fBodyAcc-bandsEnergy()-33,48', 'fBodyAcc-max()-X', 'fBodyAccJerk-bandsEnergy()-1,8', 'tBodyAcc-max()-X', 'fBodyAccMag-mad()', 'fBodyAccMag-std()', 'fBodyAcc-energy()-X', 'fBodyAccJerk-bandsEnergy()-1,16', 'tBodyAcc-mad()-X', 'fBodyAcc-bandsEnergy()-41,48', 'tGravityAcc-entropy()-Y', 'tBodyAccJerk-mean()-X', 'fBodyAcc-bandsEnergy()-1,16', 'fBodyAcc-bandsEnergy()-9,16', 'fBodyAcc-mad()-X', 'fBodyAcc-bandsEnergy()-1,8', 'angle(tBodyGyroMean,gravityMean)', 'fBodyAcc-bandsEnergy()-33,40', 'tBodyAcc-std()-X', 'fBodyAcc-mean()-X', 'fBodyAccMag-energy()', 'fBodyAcc-std()-X', 'tBodyGyro-mean()-X', 'fBodyAcc-bandsEnergy()-49,56']

2025-08-29 20:59:24,487 - ANALYSE DES DONNEES D'ENTRAINEMENT

2025-08-29 20:59:24,704 - Il y a 280 séquences de mesures
2025-08-29 20:59:24,704 - Répartition des classes:
2025-08-29 20:59:24,704 - LAYING : 43 séquences (15.36%)
2025-08-29 20:59:24,704 - SITTING : 43 séquences (15.36%)
2025-08-29 20:59:24,704 - STANDING : 42 séquences (15.00%)
2025-08-29 20:59:24,704 - WALKING : 42 séquences (15.00%)
2025-08-29 20:59:24,704 - WALKING_DOWNSTAIRS : 56 séquences (20.00%)
2025-08-29 20:59:24,704 - WALKING_UPSTAIRS : 54 séquences (19.29%)
2025-08-29 20:59:24,716 - La plus longue séquence comporte 48 éléments

2025-08-29 20:59:24,718 - Les données sont centrées-réduites et un padding de zeros est appliqué afin d'uniformiser la longueur des séquences à celle maximale

2025-08-29 20:59:24,719 - ANALYSE DES DONNEES DE TEST

2025-08-29 20:59:24,824 - Il y a 120 séquences de mesures
2025-08-29 20:59:24,824 - Répartition des classes:
2025-08-29 20:59:24,824 - LAYING : 18 séquences (15.00%)
2025-08-29 20:59:24,824 - SITTING : 18 séquences (15.00%)
2025-08-29 20:59:24,824 - STANDING : 18 séquences (15.00%)
2025-08-29 20:59:24,824 - WALKING : 18 séquences (15.00%)
2025-08-29 20:59:24,824 - WALKING_DOWNSTAIRS : 25 séquences (20.83%)
2025-08-29 20:59:24,824 - WALKING_UPSTAIRS : 23 séquences (19.17%)
2025-08-29 20:59:24,829 - La plus longue séquence comporte 40 éléments

2025-08-29 20:59:24,830 - Les données sont centrées-réduites et un padding de zeros est appliqué afin d'uniformiser la longueur des séquences à celle maximale

2025-08-29 20:59:24,830 - HYPERPARAMETRES FIXES

2025-08-29 20:59:24,830 - Nombre de cycles d'entrainement maximal: 500
2025-08-29 20:59:24,830 - Nombre de cycles d'entrainement maximal sans amélioration avant arret précoce: 80
2025-08-29 20:59:24,830 - Planificateur du taux d'apprentissage: ReduceLROnPlateau
2025-08-29 20:59:24,830 - Nombre d'époques de tolérance du planificateur: 30
2025-08-29 20:59:24,830 - Nombre de folds pour la validation croisée stratifiée: 10
2025-08-29 20:59:24,830 - Optimiseur: Adam avec weight_decay
2025-08-29 20:59:24,830 - Métrique de perte: CrossEntropyLoss
2025-08-29 20:59:24,830 - Graine aléatoire pour la reproductibilité des découpages de la validation croisée entre chaque jeu d'hyperparamètres: 42

2025-08-29 20:59:24,830 - HYPERPARAMETRES TESTES

2025-08-29 20:59:24,830 - {'estimator': {'LSTM': {'num_layers': [2, 3, 4], 'hidden_size': [64, 80, 96], 'dropout': [0, 0.025, 0.05, 0.075, 0.1, 0.125, 0.15, 0.175]}, 'CNN + LSTM': {'out_channels': [8, 16, 32], 'num_layers': [2, 3, 4], 'hidden_size': [64, 80, 96], 'dropout': [0, 0.025, 0.05, 0.075, 0.1, 0.125, 0.15, 0.175]}, 'Transformer': {'d_model': [36, 48, 60, 72], 'nhead': [2, 3, 4, 12], 'num_layers': [2, 3, 4], 'dropout': [0, 0.025, 0.05, 0.075, 0.1, 0.125, 0.15, 0.175]}}, 'weight_decay': [5e-07, 7.5e-07, 1e-06, 2.5e-06, 5e-06], 'lr': [0.0035, 0.004, 0.0045, 0.005, 0.0055], 'scheduler_factor': [0.4, 0.5, 0.6], 'batch_size': [28, 32, 36]}

2025-08-29 20:59:24,830 - DÉBUT DE LA RECHERCHE ALEATOIRE D'HYPERPARAMÈTRES AVEC SAUVEGARDE DES RESULTATS

2025-08-29 20:59:24,830 - Nombre de jeux d'hyperparamètres à tester: 100

2025-08-29 20:59:24,830 - JEU D'HYPERPARAMÈTRES 1:
2025-08-29 20:59:24,830 - {'estimator_name': 'Transformer', 'estimator_params': {'d_model': 60, 'nhead': 12, 'num_layers': 2, 'dropout': 0.175}, 'weight_decay': 7.5e-07, 'lr': 0.0045, 'scheduler_factor': 0.4, 'batch_size': 32}

2025-08-29 20:59:24,830 - Début de la validation croisée pour le jeu d'hyperparamètres 1

2025-08-29 20:59:24,830 - Variables sélectionnées : mêmes variables que celles retenues au départ (pas de sélection en avant)

2025-08-29 20:59:24,831 - === Fold 1/10 ===
2025-08-29 20:59:25,659 - Epoch 1/500 - Train Loss: 1.4121, Train Acc: 39.29% - Val loss: 1.2434, Val Acc: 35.71%
2025-08-29 20:59:28,695 - Early stopping à l'epoch 153
2025-08-29 20:59:28,696 - Fold 1 - Accuracy finale: 89.29%
2025-08-29 20:59:28,696 - === Fold 2/10 ===
2025-08-29 20:59:28,721 - Epoch 1/500 - Train Loss: 1.3835, Train Acc: 32.54% - Val loss: 1.0261, Val Acc: 53.57%
2025-08-29 20:59:31,131 - Early stopping à l'epoch 119
2025-08-29 20:59:31,132 - Fold 2 - Accuracy finale: 85.71%
2025-08-29 20:59:31,132 - === Fold 3/10 ===
2025-08-29 20:59:31,160 - Epoch 1/500 - Train Loss: 1.4220, Train Acc: 31.75% - Val loss: 1.1124, Val Acc: 42.86%
2025-08-29 20:59:33,325 - Early stopping à l'epoch 110
2025-08-29 20:59:33,327 - Fold 3 - Accuracy finale: 92.86%
2025-08-29 20:59:33,327 - === Fold 4/10 ===
2025-08-29 20:59:33,354 - Epoch 1/500 - Train Loss: 1.3285, Train Acc: 40.87% - Val loss: 0.8400, Val Acc: 67.86%
2025-08-29 20:59:37,119 - Early stopping à l'epoch 185
2025-08-29 20:59:37,121 - Fold 4 - Accuracy finale: 92.86%
2025-08-29 20:59:37,121 - === Fold 5/10 ===
2025-08-29 20:59:37,146 - Epoch 1/500 - Train Loss: 1.4458, Train Acc: 35.71% - Val loss: 1.1281, Val Acc: 35.71%
2025-08-29 20:59:39,697 - Early stopping à l'epoch 127
2025-08-29 20:59:39,699 - Fold 5 - Accuracy finale: 92.86%
2025-08-29 20:59:39,699 - === Fold 6/10 ===
2025-08-29 20:59:39,722 - Epoch 1/500 - Train Loss: 1.4171, Train Acc: 32.14% - Val loss: 1.0880, Val Acc: 39.29%
2025-08-29 20:59:42,236 - Early stopping à l'epoch 127
2025-08-29 20:59:42,237 - Fold 6 - Accuracy finale: 85.71%
2025-08-29 20:59:42,237 - === Fold 7/10 ===
2025-08-29 20:59:42,261 - Epoch 1/500 - Train Loss: 1.3820, Train Acc: 36.51% - Val loss: 0.9231, Val Acc: 57.14%
2025-08-29 20:59:45,282 - Early stopping à l'epoch 147
2025-08-29 20:59:45,283 - Fold 7 - Accuracy finale: 89.29%
2025-08-29 20:59:45,283 - === Fold 8/10 ===
2025-08-29 20:59:45,311 - Epoch 1/500 - Train Loss: 1.3391, Train Acc: 40.08% - Val loss: 1.0116, Val Acc: 53.57%
2025-08-29 20:59:47,506 - Early stopping à l'epoch 108
2025-08-29 20:59:47,507 - Fold 8 - Accuracy finale: 89.29%
2025-08-29 20:59:47,507 - === Fold 9/10 ===
2025-08-29 20:59:47,534 - Epoch 1/500 - Train Loss: 1.5083, Train Acc: 28.97% - Val loss: 1.1558, Val Acc: 57.14%
2025-08-29 20:59:51,099 - Early stopping à l'epoch 176
2025-08-29 20:59:51,100 - Fold 9 - Accuracy finale: 96.43%
2025-08-29 20:59:51,100 - === Fold 10/10 ===
2025-08-29 20:59:51,126 - Epoch 1/500 - Train Loss: 1.3256, Train Acc: 43.65% - Val loss: 1.0321, Val Acc: 53.57%
2025-08-29 20:59:54,081 - Early stopping à l'epoch 147
2025-08-29 20:59:54,082 - Fold 10 - Accuracy finale: 89.29%
2025-08-29 20:59:54,082 - 
2025-08-29 20:59:54,082 - Résultats de la validation croisée
2025-08-29 20:59:54,082 - 
2025-08-29 20:59:54,082 - Accuracy moyenne: 90.36% ± 3.21%
2025-08-29 20:59:54,082 - Loss moyenne: 0.6080 ± 0.2807
2025-08-29 20:59:54,082 - Nombre d'epochs moyen: 139
2025-08-29 20:59:54,082 - Accuracy par fold: ['89.29%', '85.71%', '92.86%', '92.86%', '92.86%', '85.71%', '89.29%', '89.29%', '96.43%', '89.29%']

2025-08-29 20:59:54,082 - Entrainement du modèle final pour le jeu d'hyperparamètres 1

2025-08-29 20:59:54,108 - Epoch 1/139 - Loss: 1.3685, Acc: 39.29%
2025-08-29 20:59:57,063 - Epoch 139/139 - Loss: 0.0193, Acc: 99.64%
2025-08-29 20:59:57,066 - 

2025-08-29 20:59:57,066 - Résultats finaux pour le jeu d'hyperparamètres 1

2025-08-29 20:59:57,066 - Accuracy de validation croisée: 90.36% ± 3.21%
2025-08-29 20:59:57,066 - Accuracy sur le test: 84.17%

2025-08-29 20:59:57,105 - JEU D'HYPERPARAMÈTRES 2:
2025-08-29 20:59:57,105 - {'estimator_name': 'Transformer', 'estimator_params': {'d_model': 60, 'nhead': 4, 'num_layers': 4, 'dropout': 0.075}, 'weight_decay': 7.5e-07, 'lr': 0.004, 'scheduler_factor': 0.5, 'batch_size': 36}

2025-08-29 20:59:57,105 - Début de la validation croisée pour le jeu d'hyperparamètres 2

2025-08-29 20:59:57,105 - Variables sélectionnées : mêmes variables que celles retenues au départ (pas de sélection en avant)

2025-08-29 20:59:57,105 - === Fold 1/10 ===
2025-08-29 20:59:57,145 - Epoch 1/500 - Train Loss: 1.6639, Train Acc: 26.19% - Val loss: 1.1346, Val Acc: 39.29%
2025-08-29 21:00:00,147 - Early stopping à l'epoch 98
2025-08-29 21:00:00,149 - Fold 1 - Accuracy finale: 21.43%
2025-08-29 21:00:00,149 - === Fold 2/10 ===
2025-08-29 21:00:00,184 - Epoch 1/500 - Train Loss: 1.6337, Train Acc: 30.16% - Val loss: 1.1648, Val Acc: 35.71%
2025-08-29 21:00:06,136 - Epoch 201/500 - Train Loss: 1.0901, Train Acc: 31.35% - Val loss: 1.0576, Val Acc: 39.29%
2025-08-29 21:00:09,166 - Early stopping à l'epoch 297
2025-08-29 21:00:09,169 - Fold 2 - Accuracy finale: 39.29%
2025-08-29 21:00:09,169 - === Fold 3/10 ===
2025-08-29 21:00:09,210 - Epoch 1/500 - Train Loss: 1.4811, Train Acc: 29.37% - Val loss: 1.1892, Val Acc: 35.71%
2025-08-29 21:00:12,638 - Early stopping à l'epoch 108
2025-08-29 21:00:12,640 - Fold 3 - Accuracy finale: 35.71%
2025-08-29 21:00:12,640 - === Fold 4/10 ===
2025-08-29 21:00:12,679 - Epoch 1/500 - Train Loss: 1.5578, Train Acc: 28.57% - Val loss: 1.2138, Val Acc: 32.14%
2025-08-29 21:00:16,012 - Early stopping à l'epoch 105
2025-08-29 21:00:16,014 - Fold 4 - Accuracy finale: 35.71%
2025-08-29 21:00:16,014 - === Fold 5/10 ===
2025-08-29 21:00:16,049 - Epoch 1/500 - Train Loss: 1.6314, Train Acc: 29.76% - Val loss: 1.1502, Val Acc: 39.29%
2025-08-29 21:00:19,457 - Early stopping à l'epoch 117
2025-08-29 21:00:19,459 - Fold 5 - Accuracy finale: 60.71%
2025-08-29 21:00:19,459 - === Fold 6/10 ===
2025-08-29 21:00:19,497 - Epoch 1/500 - Train Loss: 1.5855, Train Acc: 30.16% - Val loss: 1.1902, Val Acc: 28.57%
2025-08-29 21:00:22,129 - Early stopping à l'epoch 92
2025-08-29 21:00:22,131 - Fold 6 - Accuracy finale: 32.14%
2025-08-29 21:00:22,131 - === Fold 7/10 ===
2025-08-29 21:00:22,171 - Epoch 1/500 - Train Loss: 1.6214, Train Acc: 24.21% - Val loss: 1.2503, Val Acc: 35.71%
2025-08-29 21:00:28,051 - Epoch 201/500 - Train Loss: 0.9780, Train Acc: 47.62% - Val loss: 0.8771, Val Acc: 57.14%
2025-08-29 21:00:29,709 - Early stopping à l'epoch 258
2025-08-29 21:00:29,711 - Fold 7 - Accuracy finale: 50.00%
2025-08-29 21:00:29,711 - === Fold 8/10 ===
2025-08-29 21:00:29,745 - Epoch 1/500 - Train Loss: 1.6050, Train Acc: 27.38% - Val loss: 1.1397, Val Acc: 42.86%
2025-08-29 21:00:32,722 - Early stopping à l'epoch 103
2025-08-29 21:00:32,724 - Fold 8 - Accuracy finale: 32.14%
2025-08-29 21:00:32,724 - === Fold 9/10 ===
2025-08-29 21:00:32,765 - Epoch 1/500 - Train Loss: 1.6606, Train Acc: 29.76% - Val loss: 1.1766, Val Acc: 35.71%
2025-08-29 21:00:36,522 - Early stopping à l'epoch 127
2025-08-29 21:00:36,524 - Fold 9 - Accuracy finale: 32.14%
2025-08-29 21:00:36,524 - === Fold 10/10 ===
2025-08-29 21:00:36,562 - Epoch 1/500 - Train Loss: 1.5029, Train Acc: 30.95% - Val loss: 1.1359, Val Acc: 39.29%
2025-08-29 21:00:39,148 - Early stopping à l'epoch 88
2025-08-29 21:00:39,150 - Fold 10 - Accuracy finale: 32.14%
2025-08-29 21:00:39,150 - 
2025-08-29 21:00:39,150 - Résultats de la validation croisée
2025-08-29 21:00:39,150 - 
2025-08-29 21:00:39,150 - Accuracy moyenne: 37.14% ± 10.38%
2025-08-29 21:00:39,150 - Loss moyenne: 1.1444 ± 0.2185
2025-08-29 21:00:39,150 - Nombre d'epochs moyen: 139
2025-08-29 21:00:39,150 - Accuracy par fold: ['21.43%', '39.29%', '35.71%', '35.71%', '60.71%', '32.14%', '50.00%', '32.14%', '32.14%', '32.14%']

2025-08-29 21:00:39,150 - Entrainement du modèle final pour le jeu d'hyperparamètres 2

2025-08-29 21:00:39,191 - Epoch 1/139 - Loss: 1.6258, Acc: 29.64%
2025-08-29 21:00:43,657 - Epoch 139/139 - Loss: 1.1483, Acc: 33.93%
2025-08-29 21:00:43,660 - 

2025-08-29 21:00:43,660 - Résultats finaux pour le jeu d'hyperparamètres 2

2025-08-29 21:00:43,660 - Accuracy de validation croisée: 37.14% ± 10.38%
2025-08-29 21:00:43,660 - Accuracy sur le test: 40.00%

2025-08-29 21:00:43,808 - JEU D'HYPERPARAMÈTRES 3:
2025-08-29 21:00:43,808 - {'estimator_name': 'CNN + LSTM', 'estimator_params': {'out_channels': 8, 'num_layers': 2, 'hidden_size': 64, 'dropout': 0.025}, 'weight_decay': 5e-06, 'lr': 0.005, 'scheduler_factor': 0.5, 'batch_size': 32}

2025-08-29 21:00:43,808 - Début de la validation croisée pour le jeu d'hyperparamètres 3

2025-08-29 21:00:43,808 - Variables sélectionnées : mêmes variables que celles retenues au départ (pas de sélection en avant)

2025-08-29 21:00:43,808 - === Fold 1/10 ===
2025-08-29 21:00:43,987 - Epoch 1/500 - Train Loss: 1.9079, Train Acc: 19.84% - Val loss: 1.8649, Val Acc: 21.43%
2025-08-29 21:00:52,236 - Early stopping à l'epoch 87
2025-08-29 21:00:52,238 - Fold 1 - Accuracy finale: 21.43%
2025-08-29 21:00:52,238 - === Fold 2/10 ===
2025-08-29 21:00:52,347 - Epoch 1/500 - Train Loss: 1.9090, Train Acc: 19.84% - Val loss: 1.8648, Val Acc: 21.43%
2025-08-29 21:01:00,524 - Early stopping à l'epoch 87
2025-08-29 21:01:00,526 - Fold 2 - Accuracy finale: 21.43%
2025-08-29 21:01:00,526 - === Fold 3/10 ===
2025-08-29 21:01:00,645 - Epoch 1/500 - Train Loss: 1.9063, Train Acc: 19.84% - Val loss: 1.8793, Val Acc: 21.43%
2025-08-29 21:01:11,778 - Early stopping à l'epoch 117
2025-08-29 21:01:11,780 - Fold 3 - Accuracy finale: 21.43%
2025-08-29 21:01:11,780 - === Fold 4/10 ===
2025-08-29 21:01:11,886 - Epoch 1/500 - Train Loss: 1.9073, Train Acc: 19.84% - Val loss: 1.8807, Val Acc: 21.43%
2025-08-29 21:01:21,117 - Early stopping à l'epoch 98
2025-08-29 21:01:21,120 - Fold 4 - Accuracy finale: 21.43%
2025-08-29 21:01:21,120 - === Fold 5/10 ===
2025-08-29 21:01:21,230 - Epoch 1/500 - Train Loss: 1.9069, Train Acc: 19.84% - Val loss: 1.8792, Val Acc: 21.43%
2025-08-29 21:01:32,766 - Early stopping à l'epoch 123
2025-08-29 21:01:32,768 - Fold 5 - Accuracy finale: 21.43%
2025-08-29 21:01:32,769 - === Fold 6/10 ===
2025-08-29 21:01:32,879 - Epoch 1/500 - Train Loss: 1.9074, Train Acc: 19.84% - Val loss: 1.8629, Val Acc: 21.43%
2025-08-29 21:01:41,178 - Early stopping à l'epoch 87
2025-08-29 21:01:41,181 - Fold 6 - Accuracy finale: 21.43%
2025-08-29 21:01:41,181 - === Fold 7/10 ===
2025-08-29 21:01:41,295 - Epoch 1/500 - Train Loss: 1.9034, Train Acc: 20.24% - Val loss: 1.9009, Val Acc: 17.86%
2025-08-29 21:01:49,510 - Early stopping à l'epoch 89
2025-08-29 21:01:49,513 - Fold 7 - Accuracy finale: 17.86%
2025-08-29 21:01:49,513 - === Fold 8/10 ===
2025-08-29 21:01:49,628 - Epoch 1/500 - Train Loss: 1.9046, Train Acc: 20.24% - Val loss: 1.9014, Val Acc: 17.86%
2025-08-29 21:01:59,517 - Early stopping à l'epoch 107
2025-08-29 21:01:59,520 - Fold 8 - Accuracy finale: 17.86%
2025-08-29 21:01:59,520 - === Fold 9/10 ===
2025-08-29 21:01:59,626 - Epoch 1/500 - Train Loss: 1.8987, Train Acc: 20.24% - Val loss: 1.9417, Val Acc: 17.86%
2025-08-29 21:02:08,065 - Early stopping à l'epoch 90
2025-08-29 21:02:08,068 - Fold 9 - Accuracy finale: 17.86%
2025-08-29 21:02:08,068 - === Fold 10/10 ===
2025-08-29 21:02:08,192 - Epoch 1/500 - Train Loss: 1.8996, Train Acc: 20.24% - Val loss: 1.9416, Val Acc: 17.86%
2025-08-29 21:02:16,666 - Early stopping à l'epoch 90
2025-08-29 21:02:16,669 - Fold 10 - Accuracy finale: 17.86%
2025-08-29 21:02:16,669 - 
2025-08-29 21:02:16,670 - Résultats de la validation croisée
2025-08-29 21:02:16,670 - 
2025-08-29 21:02:16,670 - Accuracy moyenne: 20.00% ± 1.75%
2025-08-29 21:02:16,670 - Loss moyenne: 1.7849 ± 0.0012
2025-08-29 21:02:16,670 - Nombre d'epochs moyen: 97
2025-08-29 21:02:16,670 - Accuracy par fold: ['21.43%', '21.43%', '21.43%', '21.43%', '21.43%', '21.43%', '17.86%', '17.86%', '17.86%', '17.86%']

2025-08-29 21:02:16,670 - Entrainement du modèle final pour le jeu d'hyperparamètres 3

2025-08-29 21:02:16,789 - Epoch 1/97 - Loss: 1.9029, Acc: 20.00%
2025-08-29 21:02:26,885 - Epoch 97/97 - Loss: 1.7906, Acc: 20.00%
2025-08-29 21:02:26,888 - 

2025-08-29 21:02:26,888 - Résultats finaux pour le jeu d'hyperparamètres 3

2025-08-29 21:02:26,888 - Accuracy de validation croisée: 20.00% ± 1.75%
2025-08-29 21:02:26,888 - Accuracy sur le test: 20.83%

2025-08-29 21:02:27,294 - JEU D'HYPERPARAMÈTRES 4:
2025-08-29 21:02:27,294 - {'estimator_name': 'Transformer', 'estimator_params': {'d_model': 72, 'nhead': 4, 'num_layers': 2, 'dropout': 0.025}, 'weight_decay': 1e-06, 'lr': 0.0035, 'scheduler_factor': 0.5, 'batch_size': 28}

2025-08-29 21:02:27,294 - Début de la validation croisée pour le jeu d'hyperparamètres 4

2025-08-29 21:02:27,294 - Variables sélectionnées : mêmes variables que celles retenues au départ (pas de sélection en avant)

2025-08-29 21:02:27,295 - === Fold 1/10 ===
2025-08-29 21:02:27,324 - Epoch 1/500 - Train Loss: 1.3647, Train Acc: 42.06% - Val loss: 1.1985, Val Acc: 25.00%
2025-08-29 21:02:30,756 - Early stopping à l'epoch 132
2025-08-29 21:02:30,758 - Fold 1 - Accuracy finale: 92.86%
2025-08-29 21:02:30,758 - === Fold 2/10 ===
2025-08-29 21:02:30,790 - Epoch 1/500 - Train Loss: 1.2592, Train Acc: 46.83% - Val loss: 0.9213, Val Acc: 50.00%
2025-08-29 21:02:35,538 - Early stopping à l'epoch 191
2025-08-29 21:02:35,540 - Fold 2 - Accuracy finale: 92.86%
2025-08-29 21:02:35,540 - === Fold 3/10 ===
2025-08-29 21:02:35,570 - Epoch 1/500 - Train Loss: 1.3588, Train Acc: 37.30% - Val loss: 1.0751, Val Acc: 64.29%
2025-08-29 21:02:38,395 - Early stopping à l'epoch 117
2025-08-29 21:02:38,396 - Fold 3 - Accuracy finale: 92.86%
2025-08-29 21:02:38,397 - === Fold 4/10 ===
2025-08-29 21:02:38,427 - Epoch 1/500 - Train Loss: 1.3530, Train Acc: 41.67% - Val loss: 0.9705, Val Acc: 53.57%
2025-08-29 21:02:43,298 - Epoch 201/500 - Train Loss: 0.0006, Train Acc: 100.00% - Val loss: 0.1228, Val Acc: 92.86%
2025-08-29 21:02:43,395 - Early stopping à l'epoch 205
2025-08-29 21:02:43,396 - Fold 4 - Accuracy finale: 92.86%
2025-08-29 21:02:43,396 - === Fold 5/10 ===
2025-08-29 21:02:43,427 - Epoch 1/500 - Train Loss: 1.4209, Train Acc: 32.14% - Val loss: 1.1671, Val Acc: 42.86%
2025-08-29 21:02:47,042 - Early stopping à l'epoch 150
2025-08-29 21:02:47,043 - Fold 5 - Accuracy finale: 85.71%
2025-08-29 21:02:47,043 - === Fold 6/10 ===
2025-08-29 21:02:47,074 - Epoch 1/500 - Train Loss: 1.3957, Train Acc: 33.33% - Val loss: 1.0992, Val Acc: 50.00%
2025-08-29 21:02:49,705 - Early stopping à l'epoch 109
2025-08-29 21:02:49,706 - Fold 6 - Accuracy finale: 75.00%
2025-08-29 21:02:49,706 - === Fold 7/10 ===
2025-08-29 21:02:49,735 - Epoch 1/500 - Train Loss: 1.1989, Train Acc: 45.24% - Val loss: 0.8147, Val Acc: 60.71%
2025-08-29 21:02:52,847 - Early stopping à l'epoch 126
2025-08-29 21:02:52,849 - Fold 7 - Accuracy finale: 92.86%
2025-08-29 21:02:52,849 - === Fold 8/10 ===
2025-08-29 21:02:52,879 - Epoch 1/500 - Train Loss: 1.2742, Train Acc: 42.86% - Val loss: 0.8609, Val Acc: 57.14%
2025-08-29 21:02:55,038 - Early stopping à l'epoch 89
2025-08-29 21:02:55,040 - Fold 8 - Accuracy finale: 82.14%
2025-08-29 21:02:55,040 - === Fold 9/10 ===
2025-08-29 21:02:55,070 - Epoch 1/500 - Train Loss: 1.6420, Train Acc: 29.76% - Val loss: 1.1480, Val Acc: 42.86%
2025-08-29 21:02:58,760 - Early stopping à l'epoch 151
2025-08-29 21:02:58,762 - Fold 9 - Accuracy finale: 96.43%
2025-08-29 21:02:58,762 - === Fold 10/10 ===
2025-08-29 21:02:58,792 - Epoch 1/500 - Train Loss: 1.4793, Train Acc: 34.92% - Val loss: 1.1569, Val Acc: 39.29%
2025-08-29 21:03:01,475 - Early stopping à l'epoch 111
2025-08-29 21:03:01,476 - Fold 10 - Accuracy finale: 85.71%
2025-08-29 21:03:01,476 - 
2025-08-29 21:03:01,476 - Résultats de la validation croisée
2025-08-29 21:03:01,476 - 
2025-08-29 21:03:01,476 - Accuracy moyenne: 88.93% ± 6.28%
2025-08-29 21:03:01,476 - Loss moyenne: 0.5875 ± 0.3555
2025-08-29 21:03:01,476 - Nombre d'epochs moyen: 138
2025-08-29 21:03:01,476 - Accuracy par fold: ['92.86%', '92.86%', '92.86%', '92.86%', '85.71%', '75.00%', '92.86%', '82.14%', '96.43%', '85.71%']

2025-08-29 21:03:01,476 - Entrainement du modèle final pour le jeu d'hyperparamètres 4

2025-08-29 21:03:01,506 - Epoch 1/138 - Loss: 1.3631, Acc: 29.29%
2025-08-29 21:03:05,036 - Epoch 138/138 - Loss: 0.0411, Acc: 98.21%
2025-08-29 21:03:05,039 - 

2025-08-29 21:03:05,039 - Résultats finaux pour le jeu d'hyperparamètres 4

2025-08-29 21:03:05,039 - Accuracy de validation croisée: 88.93% ± 6.28%
2025-08-29 21:03:05,039 - Accuracy sur le test: 89.17%

2025-08-29 21:03:05,382 - JEU D'HYPERPARAMÈTRES 5:
2025-08-29 21:03:05,382 - {'estimator_name': 'Transformer', 'estimator_params': {'d_model': 48, 'nhead': 3, 'num_layers': 3, 'dropout': 0.175}, 'weight_decay': 7.5e-07, 'lr': 0.0055, 'scheduler_factor': 0.4, 'batch_size': 32}

2025-08-29 21:03:05,382 - Début de la validation croisée pour le jeu d'hyperparamètres 5

2025-08-29 21:03:05,382 - Variables sélectionnées : mêmes variables que celles retenues au départ (pas de sélection en avant)

2025-08-29 21:03:05,382 - === Fold 1/10 ===
2025-08-29 21:03:05,418 - Epoch 1/500 - Train Loss: 1.7223, Train Acc: 26.59% - Val loss: 1.2185, Val Acc: 32.14%
2025-08-29 21:03:08,322 - Early stopping à l'epoch 111
2025-08-29 21:03:08,323 - Fold 1 - Accuracy finale: 35.71%
2025-08-29 21:03:08,323 - === Fold 2/10 ===
2025-08-29 21:03:08,354 - Epoch 1/500 - Train Loss: 1.5626, Train Acc: 25.79% - Val loss: 1.3146, Val Acc: 35.71%
2025-08-29 21:03:11,390 - Early stopping à l'epoch 116
2025-08-29 21:03:11,391 - Fold 2 - Accuracy finale: 35.71%
2025-08-29 21:03:11,391 - === Fold 3/10 ===
2025-08-29 21:03:11,423 - Epoch 1/500 - Train Loss: 1.4278, Train Acc: 31.35% - Val loss: 1.1521, Val Acc: 39.29%
2025-08-29 21:03:13,677 - Early stopping à l'epoch 87
2025-08-29 21:03:13,679 - Fold 3 - Accuracy finale: 39.29%
2025-08-29 21:03:13,679 - === Fold 4/10 ===
2025-08-29 21:03:13,709 - Epoch 1/500 - Train Loss: 1.5205, Train Acc: 34.52% - Val loss: 1.1583, Val Acc: 32.14%
2025-08-29 21:03:15,845 - Early stopping à l'epoch 82
2025-08-29 21:03:15,846 - Fold 4 - Accuracy finale: 21.43%
2025-08-29 21:03:15,846 - === Fold 5/10 ===
2025-08-29 21:03:15,883 - Epoch 1/500 - Train Loss: 1.3845, Train Acc: 34.13% - Val loss: 1.1800, Val Acc: 35.71%
2025-08-29 21:03:20,476 - Early stopping à l'epoch 163
2025-08-29 21:03:20,478 - Fold 5 - Accuracy finale: 35.71%
2025-08-29 21:03:20,478 - === Fold 6/10 ===
2025-08-29 21:03:20,508 - Epoch 1/500 - Train Loss: 1.6420, Train Acc: 27.78% - Val loss: 1.1887, Val Acc: 28.57%
2025-08-29 21:03:23,084 - Early stopping à l'epoch 91
2025-08-29 21:03:23,086 - Fold 6 - Accuracy finale: 35.71%
2025-08-29 21:03:23,086 - === Fold 7/10 ===
2025-08-29 21:03:23,117 - Epoch 1/500 - Train Loss: 1.5444, Train Acc: 27.38% - Val loss: 1.3105, Val Acc: 35.71%
2025-08-29 21:03:27,951 - Early stopping à l'epoch 186
2025-08-29 21:03:27,952 - Fold 7 - Accuracy finale: 35.71%
2025-08-29 21:03:27,953 - === Fold 8/10 ===
2025-08-29 21:03:27,983 - Epoch 1/500 - Train Loss: 1.4496, Train Acc: 33.33% - Val loss: 1.1380, Val Acc: 32.14%
2025-08-29 21:03:31,999 - Early stopping à l'epoch 155
2025-08-29 21:03:32,000 - Fold 8 - Accuracy finale: 32.14%
2025-08-29 21:03:32,000 - === Fold 9/10 ===
2025-08-29 21:03:32,030 - Epoch 1/500 - Train Loss: 1.4331, Train Acc: 30.95% - Val loss: 1.2139, Val Acc: 32.14%
2025-08-29 21:03:36,669 - Early stopping à l'epoch 166
2025-08-29 21:03:36,671 - Fold 9 - Accuracy finale: 35.71%
2025-08-29 21:03:36,671 - === Fold 10/10 ===
2025-08-29 21:03:36,707 - Epoch 1/500 - Train Loss: 1.4305, Train Acc: 34.52% - Val loss: 1.2667, Val Acc: 32.14%
2025-08-29 21:03:41,736 - Early stopping à l'epoch 191
2025-08-29 21:03:41,737 - Fold 10 - Accuracy finale: 32.14%
2025-08-29 21:03:41,737 - 
2025-08-29 21:03:41,737 - Résultats de la validation croisée
2025-08-29 21:03:41,737 - 
2025-08-29 21:03:41,737 - Accuracy moyenne: 33.93% ± 4.59%
2025-08-29 21:03:41,737 - Loss moyenne: 1.2048 ± 0.2086
2025-08-29 21:03:41,737 - Nombre d'epochs moyen: 134
2025-08-29 21:03:41,737 - Accuracy par fold: ['35.71%', '35.71%', '39.29%', '21.43%', '35.71%', '35.71%', '35.71%', '32.14%', '35.71%', '32.14%']

2025-08-29 21:03:41,737 - Entrainement du modèle final pour le jeu d'hyperparamètres 5

2025-08-29 21:03:41,773 - Epoch 1/134 - Loss: 1.6088, Acc: 22.50%
2025-08-29 21:03:46,064 - Epoch 134/134 - Loss: 1.0997, Acc: 34.64%
2025-08-29 21:03:46,067 - 

2025-08-29 21:03:46,067 - Résultats finaux pour le jeu d'hyperparamètres 5

2025-08-29 21:03:46,067 - Accuracy de validation croisée: 33.93% ± 4.59%
2025-08-29 21:03:46,067 - Accuracy sur le test: 35.83%

2025-08-29 21:03:46,458 - JEU D'HYPERPARAMÈTRES 6:
2025-08-29 21:03:46,459 - {'estimator_name': 'LSTM', 'estimator_params': {'num_layers': 2, 'hidden_size': 80, 'dropout': 0.175}, 'weight_decay': 2.5e-06, 'lr': 0.004, 'scheduler_factor': 0.5, 'batch_size': 28}

2025-08-29 21:03:46,459 - Début de la validation croisée pour le jeu d'hyperparamètres 6

2025-08-29 21:03:46,459 - Variables sélectionnées : mêmes variables que celles retenues au départ (pas de sélection en avant)

2025-08-29 21:03:46,459 - === Fold 1/10 ===
2025-08-29 21:03:46,604 - Epoch 1/500 - Train Loss: 1.8400, Train Acc: 15.08% - Val loss: 1.8617, Val Acc: 14.29%
2025-08-29 21:04:11,439 - Early stopping à l'epoch 196
2025-08-29 21:04:11,442 - Fold 1 - Accuracy finale: 21.43%
2025-08-29 21:04:11,442 - === Fold 2/10 ===
2025-08-29 21:04:11,591 - Epoch 1/500 - Train Loss: 1.8408, Train Acc: 15.48% - Val loss: 1.8598, Val Acc: 14.29%
2025-08-29 21:04:26,438 - Early stopping à l'epoch 117
2025-08-29 21:04:26,441 - Fold 2 - Accuracy finale: 21.43%
2025-08-29 21:04:26,441 - === Fold 3/10 ===
2025-08-29 21:04:26,590 - Epoch 1/500 - Train Loss: 1.8502, Train Acc: 15.08% - Val loss: 1.8442, Val Acc: 14.29%
2025-08-29 21:04:44,078 - Early stopping à l'epoch 138
2025-08-29 21:04:44,081 - Fold 3 - Accuracy finale: 21.43%
2025-08-29 21:04:44,081 - === Fold 4/10 ===
2025-08-29 21:04:44,225 - Epoch 1/500 - Train Loss: 1.8464, Train Acc: 15.08% - Val loss: 1.8454, Val Acc: 14.29%
2025-08-29 21:05:03,772 - Early stopping à l'epoch 154
2025-08-29 21:05:03,776 - Fold 4 - Accuracy finale: 21.43%
2025-08-29 21:05:03,776 - === Fold 5/10 ===
2025-08-29 21:05:03,926 - Epoch 1/500 - Train Loss: 1.8447, Train Acc: 15.08% - Val loss: 1.8426, Val Acc: 14.29%
2025-08-29 21:05:22,721 - Early stopping à l'epoch 148
2025-08-29 21:05:22,724 - Fold 5 - Accuracy finale: 21.43%
2025-08-29 21:05:22,724 - === Fold 6/10 ===
2025-08-29 21:05:22,874 - Epoch 1/500 - Train Loss: 1.8435, Train Acc: 15.08% - Val loss: 1.8481, Val Acc: 14.29%
2025-08-29 21:05:38,706 - Early stopping à l'epoch 124
2025-08-29 21:05:38,709 - Fold 6 - Accuracy finale: 21.43%
2025-08-29 21:05:38,709 - === Fold 7/10 ===
2025-08-29 21:05:38,858 - Epoch 1/500 - Train Loss: 1.8423, Train Acc: 15.48% - Val loss: 1.8244, Val Acc: 14.29%
2025-08-29 21:05:52,605 - Early stopping à l'epoch 109
2025-08-29 21:05:52,608 - Fold 7 - Accuracy finale: 17.86%
2025-08-29 21:05:52,608 - === Fold 8/10 ===
2025-08-29 21:05:52,766 - Epoch 1/500 - Train Loss: 1.8461, Train Acc: 14.68% - Val loss: 1.8238, Val Acc: 14.29%
2025-08-29 21:06:06,646 - Early stopping à l'epoch 108
2025-08-29 21:06:06,649 - Fold 8 - Accuracy finale: 17.86%
2025-08-29 21:06:06,649 - === Fold 9/10 ===
2025-08-29 21:06:06,796 - Epoch 1/500 - Train Loss: 1.8437, Train Acc: 14.68% - Val loss: 1.8151, Val Acc: 17.86%
2025-08-29 21:06:18,484 - Early stopping à l'epoch 92
2025-08-29 21:06:18,488 - Fold 9 - Accuracy finale: 17.86%
2025-08-29 21:06:18,488 - === Fold 10/10 ===
2025-08-29 21:06:18,634 - Epoch 1/500 - Train Loss: 1.8493, Train Acc: 14.68% - Val loss: 1.8167, Val Acc: 17.86%
2025-08-29 21:06:30,060 - Early stopping à l'epoch 90
2025-08-29 21:06:30,063 - Fold 10 - Accuracy finale: 17.86%
2025-08-29 21:06:30,064 - 
2025-08-29 21:06:30,064 - Résultats de la validation croisée
2025-08-29 21:06:30,064 - 
2025-08-29 21:06:30,064 - Accuracy moyenne: 20.00% ± 1.75%
2025-08-29 21:06:30,064 - Loss moyenne: 1.7851 ± 0.0007
2025-08-29 21:06:30,064 - Nombre d'epochs moyen: 127
2025-08-29 21:06:30,064 - Accuracy par fold: ['21.43%', '21.43%', '21.43%', '21.43%', '21.43%', '21.43%', '17.86%', '17.86%', '17.86%', '17.86%']

2025-08-29 21:06:30,064 - Entrainement du modèle final pour le jeu d'hyperparamètres 6

2025-08-29 21:06:30,232 - Epoch 1/127 - Loss: 1.8432, Acc: 16.43%
2025-08-29 21:06:48,056 - Epoch 127/127 - Loss: 1.7845, Acc: 19.64%
2025-08-29 21:06:48,059 - 

2025-08-29 21:06:48,059 - Résultats finaux pour le jeu d'hyperparamètres 6

2025-08-29 21:06:48,059 - Accuracy de validation croisée: 20.00% ± 1.75%
2025-08-29 21:06:48,059 - Accuracy sur le test: 20.83%

2025-08-29 21:06:48,670 - JEU D'HYPERPARAMÈTRES 7:
2025-08-29 21:06:48,670 - {'estimator_name': 'LSTM', 'estimator_params': {'num_layers': 4, 'hidden_size': 96, 'dropout': 0.1}, 'weight_decay': 1e-06, 'lr': 0.0045, 'scheduler_factor': 0.6, 'batch_size': 36}

2025-08-29 21:06:48,670 - Début de la validation croisée pour le jeu d'hyperparamètres 7

2025-08-29 21:06:48,670 - Variables sélectionnées : mêmes variables que celles retenues au départ (pas de sélection en avant)

2025-08-29 21:06:48,670 - === Fold 1/10 ===
2025-08-29 21:06:48,818 - Epoch 1/500 - Train Loss: 1.8076, Train Acc: 19.44% - Val loss: 1.8097, Val Acc: 17.86%
2025-08-29 21:07:01,211 - Early stopping à l'epoch 103
2025-08-29 21:07:01,215 - Fold 1 - Accuracy finale: 21.43%
2025-08-29 21:07:01,215 - === Fold 2/10 ===
2025-08-29 21:07:01,369 - Epoch 1/500 - Train Loss: 1.8088, Train Acc: 19.44% - Val loss: 1.8069, Val Acc: 17.86%
2025-08-29 21:07:14,132 - Early stopping à l'epoch 107
2025-08-29 21:07:14,136 - Fold 2 - Accuracy finale: 21.43%
2025-08-29 21:07:14,136 - === Fold 3/10 ===
2025-08-29 21:07:14,281 - Epoch 1/500 - Train Loss: 1.8058, Train Acc: 19.44% - Val loss: 1.8130, Val Acc: 17.86%
2025-08-29 21:07:29,910 - Early stopping à l'epoch 130
2025-08-29 21:07:29,914 - Fold 3 - Accuracy finale: 21.43%
2025-08-29 21:07:29,914 - === Fold 4/10 ===
2025-08-29 21:07:30,058 - Epoch 1/500 - Train Loss: 1.8057, Train Acc: 19.84% - Val loss: 1.8134, Val Acc: 17.86%
2025-08-29 21:07:44,873 - Early stopping à l'epoch 123
2025-08-29 21:07:44,876 - Fold 4 - Accuracy finale: 21.43%
2025-08-29 21:07:44,877 - === Fold 5/10 ===
2025-08-29 21:07:45,022 - Epoch 1/500 - Train Loss: 1.8046, Train Acc: 19.05% - Val loss: 1.8144, Val Acc: 17.86%
2025-08-29 21:08:00,936 - Early stopping à l'epoch 133
2025-08-29 21:08:00,940 - Fold 5 - Accuracy finale: 21.43%
2025-08-29 21:08:00,940 - === Fold 6/10 ===
2025-08-29 21:08:01,083 - Epoch 1/500 - Train Loss: 1.8060, Train Acc: 19.05% - Val loss: 1.7936, Val Acc: 17.86%
2025-08-29 21:08:11,542 - Early stopping à l'epoch 88
2025-08-29 21:08:11,546 - Fold 6 - Accuracy finale: 21.43%
2025-08-29 21:08:11,546 - === Fold 7/10 ===
2025-08-29 21:08:11,687 - Epoch 1/500 - Train Loss: 1.8043, Train Acc: 19.44% - Val loss: 1.7865, Val Acc: 21.43%
2025-08-29 21:08:21,687 - Early stopping à l'epoch 85
2025-08-29 21:08:21,691 - Fold 7 - Accuracy finale: 17.86%
2025-08-29 21:08:21,692 - === Fold 8/10 ===
2025-08-29 21:08:21,845 - Epoch 1/500 - Train Loss: 1.8143, Train Acc: 18.65% - Val loss: 1.7878, Val Acc: 21.43%
2025-08-29 21:08:34,207 - Early stopping à l'epoch 104
2025-08-29 21:08:34,211 - Fold 8 - Accuracy finale: 17.86%
2025-08-29 21:08:34,211 - === Fold 9/10 ===
2025-08-29 21:08:34,354 - Epoch 1/500 - Train Loss: 1.8099, Train Acc: 19.05% - Val loss: 1.7893, Val Acc: 21.43%
2025-08-29 21:08:45,603 - Early stopping à l'epoch 95
2025-08-29 21:08:45,607 - Fold 9 - Accuracy finale: 17.86%
2025-08-29 21:08:45,607 - === Fold 10/10 ===
2025-08-29 21:08:45,753 - Epoch 1/500 - Train Loss: 1.8051, Train Acc: 19.05% - Val loss: 1.7901, Val Acc: 21.43%
2025-08-29 21:08:56,821 - Early stopping à l'epoch 92
2025-08-29 21:08:56,825 - Fold 10 - Accuracy finale: 17.86%
2025-08-29 21:08:56,826 - 
2025-08-29 21:08:56,827 - Résultats de la validation croisée
2025-08-29 21:08:56,827 - 
2025-08-29 21:08:56,827 - Accuracy moyenne: 20.00% ± 1.75%
2025-08-29 21:08:56,827 - Loss moyenne: 1.7849 ± 0.0010
2025-08-29 21:08:56,827 - Nombre d'epochs moyen: 106
2025-08-29 21:08:56,827 - Accuracy par fold: ['21.43%', '21.43%', '21.43%', '21.43%', '21.43%', '21.43%', '17.86%', '17.86%', '17.86%', '17.86%']

2025-08-29 21:08:56,827 - Entrainement du modèle final pour le jeu d'hyperparamètres 7

2025-08-29 21:08:56,988 - Epoch 1/106 - Loss: 1.8041, Acc: 19.29%
2025-08-29 21:09:11,154 - Epoch 106/106 - Loss: 1.7834, Acc: 20.00%
2025-08-29 21:09:11,157 - 

2025-08-29 21:09:11,157 - Résultats finaux pour le jeu d'hyperparamètres 7

2025-08-29 21:09:11,157 - Accuracy de validation croisée: 20.00% ± 1.75%
2025-08-29 21:09:11,157 - Accuracy sur le test: 20.83%

2025-08-29 21:09:12,466 - JEU D'HYPERPARAMÈTRES 8:
2025-08-29 21:09:12,466 - {'estimator_name': 'CNN + LSTM', 'estimator_params': {'out_channels': 8, 'num_layers': 4, 'hidden_size': 64, 'dropout': 0.15}, 'weight_decay': 2.5e-06, 'lr': 0.0045, 'scheduler_factor': 0.6, 'batch_size': 36}

2025-08-29 21:09:12,466 - Début de la validation croisée pour le jeu d'hyperparamètres 8

2025-08-29 21:09:12,466 - Variables sélectionnées : mêmes variables que celles retenues au départ (pas de sélection en avant)

2025-08-29 21:09:12,467 - === Fold 1/10 ===
2025-08-29 21:09:12,570 - Epoch 1/500 - Train Loss: 1.8473, Train Acc: 17.06% - Val loss: 1.8607, Val Acc: 14.29%
2025-08-29 21:09:23,183 - Early stopping à l'epoch 129
2025-08-29 21:09:23,185 - Fold 1 - Accuracy finale: 21.43%
2025-08-29 21:09:23,185 - === Fold 2/10 ===
2025-08-29 21:09:23,288 - Epoch 1/500 - Train Loss: 1.8454, Train Acc: 17.86% - Val loss: 1.8628, Val Acc: 14.29%
2025-08-29 21:09:38,408 - Early stopping à l'epoch 179
2025-08-29 21:09:38,411 - Fold 2 - Accuracy finale: 21.43%
2025-08-29 21:09:38,411 - === Fold 3/10 ===
2025-08-29 21:09:38,523 - Epoch 1/500 - Train Loss: 1.8469, Train Acc: 15.87% - Val loss: 1.8390, Val Acc: 14.29%
2025-08-29 21:09:52,442 - Early stopping à l'epoch 164
2025-08-29 21:09:52,444 - Fold 3 - Accuracy finale: 21.43%
2025-08-29 21:09:52,444 - === Fold 4/10 ===
2025-08-29 21:09:52,541 - Epoch 1/500 - Train Loss: 1.8472, Train Acc: 15.48% - Val loss: 1.8393, Val Acc: 17.86%
2025-08-29 21:10:04,520 - Early stopping à l'epoch 143
2025-08-29 21:10:04,523 - Fold 4 - Accuracy finale: 21.43%
2025-08-29 21:10:04,523 - === Fold 5/10 ===
2025-08-29 21:10:04,623 - Epoch 1/500 - Train Loss: 1.8495, Train Acc: 16.27% - Val loss: 1.8395, Val Acc: 17.86%
2025-08-29 21:10:20,084 - Early stopping à l'epoch 184
2025-08-29 21:10:20,087 - Fold 5 - Accuracy finale: 21.43%
2025-08-29 21:10:20,087 - === Fold 6/10 ===
2025-08-29 21:10:20,189 - Epoch 1/500 - Train Loss: 1.8499, Train Acc: 15.08% - Val loss: 1.8396, Val Acc: 14.29%
2025-08-29 21:10:29,860 - Early stopping à l'epoch 117
2025-08-29 21:10:29,863 - Fold 6 - Accuracy finale: 21.43%
2025-08-29 21:10:29,863 - === Fold 7/10 ===
2025-08-29 21:10:29,973 - Epoch 1/500 - Train Loss: 1.8577, Train Acc: 13.89% - Val loss: 1.8250, Val Acc: 14.29%
2025-08-29 21:10:38,154 - Early stopping à l'epoch 99
2025-08-29 21:10:38,157 - Fold 7 - Accuracy finale: 17.86%
2025-08-29 21:10:38,157 - === Fold 8/10 ===
2025-08-29 21:10:38,256 - Epoch 1/500 - Train Loss: 1.8526, Train Acc: 16.27% - Val loss: 1.8224, Val Acc: 14.29%
2025-08-29 21:10:45,946 - Early stopping à l'epoch 94
2025-08-29 21:10:45,949 - Fold 8 - Accuracy finale: 17.86%
2025-08-29 21:10:45,949 - === Fold 9/10 ===
2025-08-29 21:10:46,056 - Epoch 1/500 - Train Loss: 1.8521, Train Acc: 14.29% - Val loss: 1.8236, Val Acc: 14.29%
2025-08-29 21:10:55,298 - Early stopping à l'epoch 113
2025-08-29 21:10:55,301 - Fold 9 - Accuracy finale: 17.86%
2025-08-29 21:10:55,301 - === Fold 10/10 ===
2025-08-29 21:10:55,411 - Epoch 1/500 - Train Loss: 1.8526, Train Acc: 12.70% - Val loss: 1.8234, Val Acc: 14.29%
2025-08-29 21:11:04,493 - Early stopping à l'epoch 111
2025-08-29 21:11:04,495 - Fold 10 - Accuracy finale: 17.86%
2025-08-29 21:11:04,496 - 
2025-08-29 21:11:04,496 - Résultats de la validation croisée
2025-08-29 21:11:04,496 - 
2025-08-29 21:11:04,496 - Accuracy moyenne: 20.00% ± 1.75%
2025-08-29 21:11:04,496 - Loss moyenne: 1.7849 ± 0.0009
2025-08-29 21:11:04,496 - Nombre d'epochs moyen: 133
2025-08-29 21:11:04,496 - Accuracy par fold: ['21.43%', '21.43%', '21.43%', '21.43%', '21.43%', '21.43%', '17.86%', '17.86%', '17.86%', '17.86%']

2025-08-29 21:11:04,496 - Entrainement du modèle final pour le jeu d'hyperparamètres 8

2025-08-29 21:11:04,612 - Epoch 1/133 - Loss: 1.8473, Acc: 15.71%
2025-08-29 21:11:16,882 - Epoch 133/133 - Loss: 1.7856, Acc: 18.21%
2025-08-29 21:11:16,884 - 

2025-08-29 21:11:16,884 - Résultats finaux pour le jeu d'hyperparamètres 8

2025-08-29 21:11:16,884 - Accuracy de validation croisée: 20.00% ± 1.75%
2025-08-29 21:11:16,884 - Accuracy sur le test: 20.83%

2025-08-29 21:11:18,437 - JEU D'HYPERPARAMÈTRES 9:
2025-08-29 21:11:18,437 - {'estimator_name': 'LSTM', 'estimator_params': {'num_layers': 2, 'hidden_size': 80, 'dropout': 0.05}, 'weight_decay': 7.5e-07, 'lr': 0.0045, 'scheduler_factor': 0.4, 'batch_size': 32}

2025-08-29 21:11:18,437 - Début de la validation croisée pour le jeu d'hyperparamètres 9

2025-08-29 21:11:18,437 - Variables sélectionnées : mêmes variables que celles retenues au départ (pas de sélection en avant)

2025-08-29 21:11:18,437 - === Fold 1/10 ===
2025-08-29 21:11:18,575 - Epoch 1/500 - Train Loss: 1.8406, Train Acc: 15.08% - Val loss: 1.8619, Val Acc: 14.29%
2025-08-29 21:11:32,305 - Early stopping à l'epoch 121
2025-08-29 21:11:32,308 - Fold 1 - Accuracy finale: 21.43%
2025-08-29 21:11:32,308 - === Fold 2/10 ===
2025-08-29 21:11:32,450 - Epoch 1/500 - Train Loss: 1.8405, Train Acc: 15.08% - Val loss: 1.8579, Val Acc: 14.29%
2025-08-29 21:11:46,410 - Early stopping à l'epoch 123
2025-08-29 21:11:46,414 - Fold 2 - Accuracy finale: 21.43%
2025-08-29 21:11:46,414 - === Fold 3/10 ===
2025-08-29 21:11:46,559 - Epoch 1/500 - Train Loss: 1.8487, Train Acc: 15.08% - Val loss: 1.8427, Val Acc: 14.29%
2025-08-29 21:12:02,373 - Early stopping à l'epoch 138
2025-08-29 21:12:02,377 - Fold 3 - Accuracy finale: 21.43%
2025-08-29 21:12:02,377 - === Fold 4/10 ===
2025-08-29 21:12:02,523 - Epoch 1/500 - Train Loss: 1.8445, Train Acc: 15.08% - Val loss: 1.8446, Val Acc: 14.29%
2025-08-29 21:12:16,035 - Early stopping à l'epoch 120
2025-08-29 21:12:16,039 - Fold 4 - Accuracy finale: 21.43%
2025-08-29 21:12:16,039 - === Fold 5/10 ===
2025-08-29 21:12:16,183 - Epoch 1/500 - Train Loss: 1.8464, Train Acc: 15.08% - Val loss: 1.8428, Val Acc: 14.29%
2025-08-29 21:12:30,411 - Early stopping à l'epoch 127
2025-08-29 21:12:30,414 - Fold 5 - Accuracy finale: 21.43%
2025-08-29 21:12:30,414 - === Fold 6/10 ===
2025-08-29 21:12:30,560 - Epoch 1/500 - Train Loss: 1.8436, Train Acc: 15.08% - Val loss: 1.8481, Val Acc: 14.29%
2025-08-29 21:12:43,114 - Early stopping à l'epoch 109
2025-08-29 21:12:43,117 - Fold 6 - Accuracy finale: 21.43%
2025-08-29 21:12:43,117 - === Fold 7/10 ===
2025-08-29 21:12:43,255 - Epoch 1/500 - Train Loss: 1.8464, Train Acc: 15.08% - Val loss: 1.8233, Val Acc: 14.29%
2025-08-29 21:12:54,330 - Early stopping à l'epoch 97
2025-08-29 21:12:54,334 - Fold 7 - Accuracy finale: 17.86%
2025-08-29 21:12:54,334 - === Fold 8/10 ===
2025-08-29 21:12:54,465 - Epoch 1/500 - Train Loss: 1.8418, Train Acc: 15.08% - Val loss: 1.8232, Val Acc: 14.29%
2025-08-29 21:13:08,165 - Early stopping à l'epoch 121
2025-08-29 21:13:08,169 - Fold 8 - Accuracy finale: 17.86%
2025-08-29 21:13:08,169 - === Fold 9/10 ===
2025-08-29 21:13:08,304 - Epoch 1/500 - Train Loss: 1.8479, Train Acc: 14.68% - Val loss: 1.8149, Val Acc: 17.86%
2025-08-29 21:13:18,390 - Early stopping à l'epoch 89
2025-08-29 21:13:18,393 - Fold 9 - Accuracy finale: 17.86%
2025-08-29 21:13:18,393 - === Fold 10/10 ===
2025-08-29 21:13:18,527 - Epoch 1/500 - Train Loss: 1.8485, Train Acc: 14.68% - Val loss: 1.8164, Val Acc: 17.86%
2025-08-29 21:13:28,710 - Early stopping à l'epoch 90
2025-08-29 21:13:28,713 - Fold 10 - Accuracy finale: 17.86%
2025-08-29 21:13:28,714 - 
2025-08-29 21:13:28,715 - Résultats de la validation croisée
2025-08-29 21:13:28,715 - 
2025-08-29 21:13:28,715 - Accuracy moyenne: 20.00% ± 1.75%
2025-08-29 21:13:28,715 - Loss moyenne: 1.7849 ± 0.0008
2025-08-29 21:13:28,715 - Nombre d'epochs moyen: 113
2025-08-29 21:13:28,715 - Accuracy par fold: ['21.43%', '21.43%', '21.43%', '21.43%', '21.43%', '21.43%', '17.86%', '17.86%', '17.86%', '17.86%']

2025-08-29 21:13:28,715 - Entrainement du modèle final pour le jeu d'hyperparamètres 9

2025-08-29 21:13:28,872 - Epoch 1/113 - Loss: 1.8421, Acc: 15.71%
2025-08-29 21:13:42,999 - Epoch 113/113 - Loss: 1.7820, Acc: 19.64%
2025-08-29 21:13:43,002 - 

2025-08-29 21:13:43,002 - Résultats finaux pour le jeu d'hyperparamètres 9

2025-08-29 21:13:43,002 - Accuracy de validation croisée: 20.00% ± 1.75%
2025-08-29 21:13:43,002 - Accuracy sur le test: 20.83%

2025-08-29 21:13:44,862 - JEU D'HYPERPARAMÈTRES 10:
2025-08-29 21:13:44,862 - {'estimator_name': 'Transformer', 'estimator_params': {'d_model': 72, 'nhead': 12, 'num_layers': 3, 'dropout': 0.1}, 'weight_decay': 7.5e-07, 'lr': 0.0055, 'scheduler_factor': 0.4, 'batch_size': 36}

2025-08-29 21:13:44,862 - Début de la validation croisée pour le jeu d'hyperparamètres 10

2025-08-29 21:13:44,862 - Variables sélectionnées : mêmes variables que celles retenues au départ (pas de sélection en avant)

2025-08-29 21:13:44,863 - === Fold 1/10 ===
2025-08-29 21:13:44,900 - Epoch 1/500 - Train Loss: 1.7695, Train Acc: 25.40% - Val loss: 1.1738, Val Acc: 32.14%
2025-08-29 21:13:48,911 - Early stopping à l'epoch 150
2025-08-29 21:13:48,912 - Fold 1 - Accuracy finale: 35.71%
2025-08-29 21:13:48,913 - === Fold 2/10 ===
2025-08-29 21:13:48,945 - Epoch 1/500 - Train Loss: 1.5403, Train Acc: 28.97% - Val loss: 1.2000, Val Acc: 28.57%
2025-08-29 21:13:53,404 - Early stopping à l'epoch 163
2025-08-29 21:13:53,416 - Fold 2 - Accuracy finale: 39.29%
2025-08-29 21:13:53,416 - === Fold 3/10 ===
2025-08-29 21:13:53,448 - Epoch 1/500 - Train Loss: 1.5367, Train Acc: 29.76% - Val loss: 1.3181, Val Acc: 28.57%
2025-08-29 21:13:59,107 - Epoch 201/500 - Train Loss: 0.1584, Train Acc: 96.43% - Val loss: 0.5430, Val Acc: 85.71%
2025-08-29 21:14:00,133 - Early stopping à l'epoch 235
2025-08-29 21:14:00,134 - Fold 3 - Accuracy finale: 82.14%
2025-08-29 21:14:00,134 - === Fold 4/10 ===
2025-08-29 21:14:00,170 - Epoch 1/500 - Train Loss: 1.6192, Train Acc: 29.76% - Val loss: 1.1682, Val Acc: 35.71%
2025-08-29 21:14:02,971 - Early stopping à l'epoch 97
2025-08-29 21:14:02,973 - Fold 4 - Accuracy finale: 35.71%
2025-08-29 21:14:02,973 - === Fold 5/10 ===
2025-08-29 21:14:03,004 - Epoch 1/500 - Train Loss: 1.4738, Train Acc: 33.33% - Val loss: 1.2351, Val Acc: 32.14%
2025-08-29 21:14:06,397 - Early stopping à l'epoch 131
2025-08-29 21:14:06,399 - Fold 5 - Accuracy finale: 35.71%
2025-08-29 21:14:06,399 - === Fold 6/10 ===
2025-08-29 21:14:06,433 - Epoch 1/500 - Train Loss: 1.5247, Train Acc: 30.56% - Val loss: 1.2301, Val Acc: 28.57%
2025-08-29 21:14:09,879 - Early stopping à l'epoch 128
2025-08-29 21:14:09,881 - Fold 6 - Accuracy finale: 35.71%
2025-08-29 21:14:09,881 - === Fold 7/10 ===
2025-08-29 21:14:09,912 - Epoch 1/500 - Train Loss: 1.5250, Train Acc: 28.57% - Val loss: 1.2175, Val Acc: 32.14%
2025-08-29 21:14:12,031 - Early stopping à l'epoch 81
2025-08-29 21:14:12,033 - Fold 7 - Accuracy finale: 35.71%
2025-08-29 21:14:12,082 - === Fold 8/10 ===
2025-08-29 21:14:12,118 - Epoch 1/500 - Train Loss: 1.7595, Train Acc: 29.37% - Val loss: 1.1926, Val Acc: 32.14%
2025-08-29 21:14:17,334 - Epoch 201/500 - Train Loss: 1.0900, Train Acc: 30.56% - Val loss: 1.0891, Val Acc: 35.71%
2025-08-29 21:14:18,114 - Early stopping à l'epoch 228
2025-08-29 21:14:18,116 - Fold 8 - Accuracy finale: 35.71%
2025-08-29 21:14:18,116 - === Fold 9/10 ===
2025-08-29 21:14:18,146 - Epoch 1/500 - Train Loss: 1.8749, Train Acc: 24.21% - Val loss: 1.1797, Val Acc: 32.14%
2025-08-29 21:14:22,327 - Early stopping à l'epoch 160
2025-08-29 21:14:22,329 - Fold 9 - Accuracy finale: 32.14%
2025-08-29 21:14:22,329 - === Fold 10/10 ===
2025-08-29 21:14:22,368 - Epoch 1/500 - Train Loss: 1.7854, Train Acc: 30.95% - Val loss: 1.1854, Val Acc: 32.14%
2025-08-29 21:14:25,604 - Early stopping à l'epoch 124
2025-08-29 21:14:25,606 - Fold 10 - Accuracy finale: 32.14%
2025-08-29 21:14:25,606 - 
2025-08-29 21:14:25,606 - Résultats de la validation croisée
2025-08-29 21:14:25,606 - 
2025-08-29 21:14:25,606 - Accuracy moyenne: 40.00% ± 14.18%
2025-08-29 21:14:25,606 - Loss moyenne: 1.0844 ± 0.1876
2025-08-29 21:14:25,606 - Nombre d'epochs moyen: 149
2025-08-29 21:14:25,606 - Accuracy par fold: ['35.71%', '39.29%', '82.14%', '35.71%', '35.71%', '35.71%', '35.71%', '35.71%', '32.14%', '32.14%']

2025-08-29 21:14:25,606 - Entrainement du modèle final pour le jeu d'hyperparamètres 10

2025-08-29 21:14:25,644 - Epoch 1/149 - Loss: 1.5838, Acc: 29.29%
2025-08-29 21:14:29,959 - Epoch 149/149 - Loss: 1.1315, Acc: 35.00%
2025-08-29 21:14:29,962 - 

2025-08-29 21:14:29,962 - Résultats finaux pour le jeu d'hyperparamètres 10

2025-08-29 21:14:29,962 - Accuracy de validation croisée: 40.00% ± 14.18%
2025-08-29 21:14:29,962 - Accuracy sur le test: 35.83%

2025-08-29 21:14:31,873 - JEU D'HYPERPARAMÈTRES 11:
2025-08-29 21:14:31,873 - {'estimator_name': 'LSTM', 'estimator_params': {'num_layers': 3, 'hidden_size': 80, 'dropout': 0.15}, 'weight_decay': 5e-06, 'lr': 0.0055, 'scheduler_factor': 0.6, 'batch_size': 32}

2025-08-29 21:14:31,873 - Début de la validation croisée pour le jeu d'hyperparamètres 11

2025-08-29 21:14:31,873 - Variables sélectionnées : mêmes variables que celles retenues au départ (pas de sélection en avant)

2025-08-29 21:14:31,874 - === Fold 1/10 ===
2025-08-29 21:14:32,010 - Epoch 1/500 - Train Loss: 1.8048, Train Acc: 18.65% - Val loss: 1.7951, Val Acc: 21.43%
2025-08-29 21:14:42,863 - Early stopping à l'epoch 95
2025-08-29 21:14:42,867 - Fold 1 - Accuracy finale: 21.43%
2025-08-29 21:14:42,915 - === Fold 2/10 ===
2025-08-29 21:14:43,058 - Epoch 1/500 - Train Loss: 1.8113, Train Acc: 18.25% - Val loss: 1.7956, Val Acc: 21.43%
2025-08-29 21:14:54,330 - Early stopping à l'epoch 101
2025-08-29 21:14:54,334 - Fold 2 - Accuracy finale: 21.43%
2025-08-29 21:14:54,334 - === Fold 3/10 ===
2025-08-29 21:14:54,470 - Epoch 1/500 - Train Loss: 1.8082, Train Acc: 18.25% - Val loss: 1.7837, Val Acc: 21.43%
2025-08-29 21:15:03,871 - Early stopping à l'epoch 84
2025-08-29 21:15:03,875 - Fold 3 - Accuracy finale: 21.43%
2025-08-29 21:15:03,875 - === Fold 4/10 ===
2025-08-29 21:15:04,011 - Epoch 1/500 - Train Loss: 1.8093, Train Acc: 18.25% - Val loss: 1.7860, Val Acc: 21.43%
2025-08-29 21:15:13,536 - Early stopping à l'epoch 84
2025-08-29 21:15:13,539 - Fold 4 - Accuracy finale: 21.43%
2025-08-29 21:15:13,539 - === Fold 5/10 ===
2025-08-29 21:15:13,671 - Epoch 1/500 - Train Loss: 1.8107, Train Acc: 14.68% - Val loss: 1.7858, Val Acc: 21.43%
2025-08-29 21:15:23,624 - Early stopping à l'epoch 88
2025-08-29 21:15:23,627 - Fold 5 - Accuracy finale: 21.43%
2025-08-29 21:15:23,628 - === Fold 6/10 ===
2025-08-29 21:15:23,771 - Epoch 1/500 - Train Loss: 1.8076, Train Acc: 17.86% - Val loss: 1.8060, Val Acc: 21.43%
2025-08-29 21:15:34,816 - Early stopping à l'epoch 97
2025-08-29 21:15:34,820 - Fold 6 - Accuracy finale: 21.43%
2025-08-29 21:15:34,820 - === Fold 7/10 ===
2025-08-29 21:15:34,967 - Epoch 1/500 - Train Loss: 1.8065, Train Acc: 18.25% - Val loss: 1.8164, Val Acc: 17.86%
2025-08-29 21:15:52,750 - Early stopping à l'epoch 157
2025-08-29 21:15:52,754 - Fold 7 - Accuracy finale: 17.86%
2025-08-29 21:15:52,754 - === Fold 8/10 ===
2025-08-29 21:15:52,905 - Epoch 1/500 - Train Loss: 1.8009, Train Acc: 22.62% - Val loss: 1.8129, Val Acc: 17.86%
2025-08-29 21:16:06,790 - Early stopping à l'epoch 121
2025-08-29 21:16:06,793 - Fold 8 - Accuracy finale: 17.86%
2025-08-29 21:16:06,793 - === Fold 9/10 ===
2025-08-29 21:16:06,930 - Epoch 1/500 - Train Loss: 1.8066, Train Acc: 19.44% - Val loss: 1.8053, Val Acc: 17.86%
2025-08-29 21:16:29,970 - Epoch 201/500 - Train Loss: 1.7847, Train Acc: 20.24% - Val loss: 1.7868, Val Acc: 17.86%
2025-08-29 21:16:29,970 - Early stopping à l'epoch 201
2025-08-29 21:16:29,973 - Fold 9 - Accuracy finale: 17.86%
2025-08-29 21:16:29,973 - === Fold 10/10 ===
2025-08-29 21:16:30,118 - Epoch 1/500 - Train Loss: 1.8021, Train Acc: 20.24% - Val loss: 1.8133, Val Acc: 17.86%
2025-08-29 21:16:49,635 - Early stopping à l'epoch 169
2025-08-29 21:16:49,638 - Fold 10 - Accuracy finale: 17.86%
2025-08-29 21:16:49,639 - 
2025-08-29 21:16:49,639 - Résultats de la validation croisée
2025-08-29 21:16:49,639 - 
2025-08-29 21:16:49,639 - Accuracy moyenne: 20.00% ± 1.75%
2025-08-29 21:16:49,639 - Loss moyenne: 1.7848 ± 0.0012
2025-08-29 21:16:49,639 - Nombre d'epochs moyen: 119
2025-08-29 21:16:49,639 - Accuracy par fold: ['21.43%', '21.43%', '21.43%', '21.43%', '21.43%', '21.43%', '17.86%', '17.86%', '17.86%', '17.86%']

2025-08-29 21:16:49,639 - Entrainement du modèle final pour le jeu d'hyperparamètres 11

2025-08-29 21:16:49,787 - Epoch 1/119 - Loss: 1.8070, Acc: 17.86%
2025-08-29 21:17:04,838 - Epoch 119/119 - Loss: 1.7846, Acc: 20.00%
2025-08-29 21:17:04,841 - 

2025-08-29 21:17:04,841 - Résultats finaux pour le jeu d'hyperparamètres 11

2025-08-29 21:17:04,841 - Accuracy de validation croisée: 20.00% ± 1.75%
2025-08-29 21:17:04,841 - Accuracy sur le test: 20.83%

2025-08-29 21:17:06,874 - JEU D'HYPERPARAMÈTRES 12:
2025-08-29 21:17:06,874 - {'estimator_name': 'LSTM', 'estimator_params': {'num_layers': 4, 'hidden_size': 64, 'dropout': 0.175}, 'weight_decay': 5e-07, 'lr': 0.0055, 'scheduler_factor': 0.5, 'batch_size': 32}

2025-08-29 21:17:06,874 - Début de la validation croisée pour le jeu d'hyperparamètres 12

2025-08-29 21:17:06,874 - Variables sélectionnées : mêmes variables que celles retenues au départ (pas de sélection en avant)

2025-08-29 21:17:06,875 - === Fold 1/10 ===
2025-08-29 21:17:06,997 - Epoch 1/500 - Train Loss: 1.8200, Train Acc: 15.87% - Val loss: 1.8019, Val Acc: 17.86%
2025-08-29 21:17:17,908 - Early stopping à l'epoch 118
2025-08-29 21:17:17,911 - Fold 1 - Accuracy finale: 21.43%
2025-08-29 21:17:17,911 - === Fold 2/10 ===
2025-08-29 21:17:18,030 - Epoch 1/500 - Train Loss: 1.8165, Train Acc: 17.46% - Val loss: 1.7976, Val Acc: 17.86%
2025-08-29 21:17:30,195 - Early stopping à l'epoch 131
2025-08-29 21:17:30,198 - Fold 2 - Accuracy finale: 21.43%
2025-08-29 21:17:30,198 - === Fold 3/10 ===
2025-08-29 21:17:30,313 - Epoch 1/500 - Train Loss: 1.8120, Train Acc: 20.63% - Val loss: 1.7938, Val Acc: 17.86%
2025-08-29 21:17:38,214 - Early stopping à l'epoch 86
2025-08-29 21:17:38,217 - Fold 3 - Accuracy finale: 21.43%
2025-08-29 21:17:38,217 - === Fold 4/10 ===
2025-08-29 21:17:38,324 - Epoch 1/500 - Train Loss: 1.8037, Train Acc: 16.67% - Val loss: 1.7918, Val Acc: 17.86%
2025-08-29 21:17:46,227 - Early stopping à l'epoch 86
2025-08-29 21:17:46,229 - Fold 4 - Accuracy finale: 21.43%
2025-08-29 21:17:46,230 - === Fold 5/10 ===
2025-08-29 21:17:46,338 - Epoch 1/500 - Train Loss: 1.8139, Train Acc: 19.44% - Val loss: 1.7925, Val Acc: 17.86%
2025-08-29 21:17:54,140 - Early stopping à l'epoch 85
2025-08-29 21:17:54,143 - Fold 5 - Accuracy finale: 21.43%
2025-08-29 21:17:54,143 - === Fold 6/10 ===
2025-08-29 21:17:54,258 - Epoch 1/500 - Train Loss: 1.8149, Train Acc: 14.68% - Val loss: 1.8104, Val Acc: 17.86%
2025-08-29 21:18:05,969 - Early stopping à l'epoch 127
2025-08-29 21:18:05,972 - Fold 6 - Accuracy finale: 21.43%
2025-08-29 21:18:05,972 - === Fold 7/10 ===
2025-08-29 21:18:06,086 - Epoch 1/500 - Train Loss: 1.7970, Train Acc: 20.63% - Val loss: 1.8019, Val Acc: 21.43%
2025-08-29 21:18:17,428 - Early stopping à l'epoch 123
2025-08-29 21:18:17,431 - Fold 7 - Accuracy finale: 17.86%
2025-08-29 21:18:17,440 - === Fold 8/10 ===
2025-08-29 21:18:17,560 - Epoch 1/500 - Train Loss: 1.8085, Train Acc: 19.05% - Val loss: 1.8041, Val Acc: 21.43%
2025-08-29 21:18:29,184 - Early stopping à l'epoch 125
2025-08-29 21:18:29,186 - Fold 8 - Accuracy finale: 17.86%
2025-08-29 21:18:29,187 - === Fold 9/10 ===
2025-08-29 21:18:29,295 - Epoch 1/500 - Train Loss: 1.8146, Train Acc: 19.84% - Val loss: 1.8054, Val Acc: 21.43%
2025-08-29 21:18:38,245 - Early stopping à l'epoch 96
2025-08-29 21:18:38,248 - Fold 9 - Accuracy finale: 17.86%
2025-08-29 21:18:38,248 - === Fold 10/10 ===
2025-08-29 21:18:38,361 - Epoch 1/500 - Train Loss: 1.8173, Train Acc: 15.08% - Val loss: 1.8086, Val Acc: 21.43%
2025-08-29 21:18:50,365 - Early stopping à l'epoch 127
2025-08-29 21:18:50,368 - Fold 10 - Accuracy finale: 17.86%
2025-08-29 21:18:50,369 - 
2025-08-29 21:18:50,369 - Résultats de la validation croisée
2025-08-29 21:18:50,369 - 
2025-08-29 21:18:50,370 - Accuracy moyenne: 20.00% ± 1.75%
2025-08-29 21:18:50,370 - Loss moyenne: 1.7850 ± 0.0012
2025-08-29 21:18:50,370 - Nombre d'epochs moyen: 110
2025-08-29 21:18:50,370 - Accuracy par fold: ['21.43%', '21.43%', '21.43%', '21.43%', '21.43%', '21.43%', '17.86%', '17.86%', '17.86%', '17.86%']

2025-08-29 21:18:50,370 - Entrainement du modèle final pour le jeu d'hyperparamètres 12

2025-08-29 21:18:50,496 - Epoch 1/110 - Loss: 1.8099, Acc: 20.36%
2025-08-29 21:19:02,103 - Epoch 110/110 - Loss: 1.7833, Acc: 20.00%
2025-08-29 21:19:02,105 - 

2025-08-29 21:19:02,105 - Résultats finaux pour le jeu d'hyperparamètres 12

2025-08-29 21:19:02,105 - Accuracy de validation croisée: 20.00% ± 1.75%
2025-08-29 21:19:02,105 - Accuracy sur le test: 20.83%

2025-08-29 21:19:04,533 - JEU D'HYPERPARAMÈTRES 13:
2025-08-29 21:19:04,533 - {'estimator_name': 'LSTM', 'estimator_params': {'num_layers': 3, 'hidden_size': 96, 'dropout': 0.15}, 'weight_decay': 2.5e-06, 'lr': 0.0045, 'scheduler_factor': 0.6, 'batch_size': 32}

2025-08-29 21:19:04,533 - Début de la validation croisée pour le jeu d'hyperparamètres 13

2025-08-29 21:19:04,533 - Variables sélectionnées : mêmes variables que celles retenues au départ (pas de sélection en avant)

2025-08-29 21:19:04,533 - === Fold 1/10 ===
2025-08-29 21:19:04,693 - Epoch 1/500 - Train Loss: 1.8657, Train Acc: 19.44% - Val loss: 1.8762, Val Acc: 17.86%
2025-08-29 21:19:21,384 - Early stopping à l'epoch 121
2025-08-29 21:19:21,388 - Fold 1 - Accuracy finale: 21.43%
2025-08-29 21:19:21,388 - === Fold 2/10 ===
2025-08-29 21:19:21,550 - Epoch 1/500 - Train Loss: 1.8728, Train Acc: 19.44% - Val loss: 1.8809, Val Acc: 17.86%
2025-08-29 21:19:43,172 - Early stopping à l'epoch 158
2025-08-29 21:19:43,176 - Fold 2 - Accuracy finale: 21.43%
2025-08-29 21:19:43,176 - === Fold 3/10 ===
2025-08-29 21:19:43,333 - Epoch 1/500 - Train Loss: 1.8680, Train Acc: 19.44% - Val loss: 1.8662, Val Acc: 17.86%
2025-08-29 21:20:05,994 - Early stopping à l'epoch 166
2025-08-29 21:20:05,998 - Fold 3 - Accuracy finale: 21.43%
2025-08-29 21:20:05,999 - === Fold 4/10 ===
2025-08-29 21:20:06,169 - Epoch 1/500 - Train Loss: 1.8714, Train Acc: 19.44% - Val loss: 1.8628, Val Acc: 17.86%
2025-08-29 21:20:24,481 - Early stopping à l'epoch 134
2025-08-29 21:20:24,484 - Fold 4 - Accuracy finale: 21.43%
2025-08-29 21:20:24,493 - === Fold 5/10 ===
2025-08-29 21:20:24,658 - Epoch 1/500 - Train Loss: 1.8680, Train Acc: 19.44% - Val loss: 1.8637, Val Acc: 17.86%
2025-08-29 21:20:40,470 - Early stopping à l'epoch 116
2025-08-29 21:20:40,473 - Fold 5 - Accuracy finale: 21.43%
2025-08-29 21:20:40,482 - === Fold 6/10 ===
2025-08-29 21:20:40,642 - Epoch 1/500 - Train Loss: 1.8659, Train Acc: 19.44% - Val loss: 1.8679, Val Acc: 17.86%
2025-08-29 21:21:06,369 - Early stopping à l'epoch 188
2025-08-29 21:21:06,373 - Fold 6 - Accuracy finale: 21.43%
2025-08-29 21:21:06,373 - === Fold 7/10 ===
2025-08-29 21:21:06,549 - Epoch 1/500 - Train Loss: 1.8694, Train Acc: 19.05% - Val loss: 1.8326, Val Acc: 21.43%
2025-08-29 21:21:20,980 - Early stopping à l'epoch 107
2025-08-29 21:21:20,984 - Fold 7 - Accuracy finale: 17.86%
2025-08-29 21:21:20,984 - === Fold 8/10 ===
2025-08-29 21:21:21,140 - Epoch 1/500 - Train Loss: 1.8701, Train Acc: 19.05% - Val loss: 1.8331, Val Acc: 21.43%
2025-08-29 21:21:35,690 - Early stopping à l'epoch 106
2025-08-29 21:21:35,694 - Fold 8 - Accuracy finale: 17.86%
2025-08-29 21:21:35,694 - === Fold 9/10 ===
2025-08-29 21:21:35,857 - Epoch 1/500 - Train Loss: 1.8714, Train Acc: 19.05% - Val loss: 1.8532, Val Acc: 21.43%
2025-08-29 21:21:48,324 - Early stopping à l'epoch 91
2025-08-29 21:21:48,328 - Fold 9 - Accuracy finale: 17.86%
2025-08-29 21:21:48,328 - === Fold 10/10 ===
2025-08-29 21:21:48,486 - Epoch 1/500 - Train Loss: 1.8697, Train Acc: 19.05% - Val loss: 1.8529, Val Acc: 21.43%
2025-08-29 21:22:00,981 - Early stopping à l'epoch 91
2025-08-29 21:22:00,985 - Fold 10 - Accuracy finale: 17.86%
2025-08-29 21:22:00,986 - 
2025-08-29 21:22:00,986 - Résultats de la validation croisée
2025-08-29 21:22:00,986 - 
2025-08-29 21:22:00,986 - Accuracy moyenne: 20.00% ± 1.75%
2025-08-29 21:22:00,986 - Loss moyenne: 1.7849 ± 0.0011
2025-08-29 21:22:00,986 - Nombre d'epochs moyen: 127
2025-08-29 21:22:00,986 - Accuracy par fold: ['21.43%', '21.43%', '21.43%', '21.43%', '21.43%', '21.43%', '17.86%', '17.86%', '17.86%', '17.86%']

2025-08-29 21:22:00,986 - Entrainement du modèle final pour le jeu d'hyperparamètres 13

2025-08-29 21:22:01,159 - Epoch 1/127 - Loss: 1.8679, Acc: 19.29%
2025-08-29 21:22:20,310 - Epoch 127/127 - Loss: 1.7812, Acc: 19.29%
2025-08-29 21:22:20,314 - 

2025-08-29 21:22:20,314 - Résultats finaux pour le jeu d'hyperparamètres 13

2025-08-29 21:22:20,314 - Accuracy de validation croisée: 20.00% ± 1.75%
2025-08-29 21:22:20,314 - Accuracy sur le test: 20.83%

2025-08-29 21:22:23,189 - JEU D'HYPERPARAMÈTRES 14:
2025-08-29 21:22:23,189 - {'estimator_name': 'CNN + LSTM', 'estimator_params': {'out_channels': 16, 'num_layers': 3, 'hidden_size': 96, 'dropout': 0.125}, 'weight_decay': 7.5e-07, 'lr': 0.0045, 'scheduler_factor': 0.5, 'batch_size': 36}

2025-08-29 21:22:23,189 - Début de la validation croisée pour le jeu d'hyperparamètres 14

2025-08-29 21:22:23,189 - Variables sélectionnées : mêmes variables que celles retenues au départ (pas de sélection en avant)

2025-08-29 21:22:23,189 - === Fold 1/10 ===
2025-08-29 21:22:23,448 - Epoch 1/500 - Train Loss: 1.8074, Train Acc: 15.48% - Val loss: 1.8040, Val Acc: 14.29%
2025-08-29 21:22:40,594 - Early stopping à l'epoch 142
2025-08-29 21:22:40,598 - Fold 1 - Accuracy finale: 21.43%
2025-08-29 21:22:40,598 - === Fold 2/10 ===
2025-08-29 21:22:40,743 - Epoch 1/500 - Train Loss: 1.8057, Train Acc: 15.48% - Val loss: 1.8015, Val Acc: 14.29%
2025-08-29 21:22:56,645 - Early stopping à l'epoch 131
2025-08-29 21:22:56,649 - Fold 2 - Accuracy finale: 21.43%
2025-08-29 21:22:56,649 - === Fold 3/10 ===
2025-08-29 21:22:56,802 - Epoch 1/500 - Train Loss: 1.8078, Train Acc: 15.08% - Val loss: 1.7870, Val Acc: 17.86%
2025-08-29 21:23:07,482 - Early stopping à l'epoch 90
2025-08-29 21:23:07,485 - Fold 3 - Accuracy finale: 21.43%
2025-08-29 21:23:07,485 - === Fold 4/10 ===
2025-08-29 21:23:07,637 - Epoch 1/500 - Train Loss: 1.8043, Train Acc: 15.08% - Val loss: 1.7882, Val Acc: 17.86%
2025-08-29 21:23:18,469 - Early stopping à l'epoch 90
2025-08-29 21:23:18,473 - Fold 4 - Accuracy finale: 21.43%
2025-08-29 21:23:18,473 - === Fold 5/10 ===
2025-08-29 21:23:18,625 - Epoch 1/500 - Train Loss: 1.8042, Train Acc: 15.08% - Val loss: 1.7874, Val Acc: 17.86%
2025-08-29 21:23:34,228 - Early stopping à l'epoch 129
2025-08-29 21:23:34,231 - Fold 5 - Accuracy finale: 21.43%
2025-08-29 21:23:34,231 - === Fold 6/10 ===
2025-08-29 21:23:34,377 - Epoch 1/500 - Train Loss: 1.8044, Train Acc: 15.48% - Val loss: 1.8017, Val Acc: 14.29%
2025-08-29 21:23:48,645 - Early stopping à l'epoch 118
2025-08-29 21:23:48,649 - Fold 6 - Accuracy finale: 21.43%
2025-08-29 21:23:48,649 - === Fold 7/10 ===
2025-08-29 21:23:48,810 - Epoch 1/500 - Train Loss: 1.8048, Train Acc: 15.48% - Val loss: 1.8093, Val Acc: 14.29%
2025-08-29 21:24:01,139 - Early stopping à l'epoch 103
2025-08-29 21:24:01,143 - Fold 7 - Accuracy finale: 17.86%
2025-08-29 21:24:01,143 - === Fold 8/10 ===
2025-08-29 21:24:01,304 - Epoch 1/500 - Train Loss: 1.8055, Train Acc: 15.48% - Val loss: 1.8092, Val Acc: 14.29%
2025-08-29 21:24:17,325 - Early stopping à l'epoch 133
2025-08-29 21:24:17,328 - Fold 8 - Accuracy finale: 17.86%
2025-08-29 21:24:17,328 - === Fold 9/10 ===
2025-08-29 21:24:17,470 - Epoch 1/500 - Train Loss: 1.8009, Train Acc: 15.48% - Val loss: 1.8064, Val Acc: 14.29%
2025-08-29 21:24:36,453 - Early stopping à l'epoch 157
2025-08-29 21:24:36,457 - Fold 9 - Accuracy finale: 17.86%
2025-08-29 21:24:36,457 - === Fold 10/10 ===
2025-08-29 21:24:36,600 - Epoch 1/500 - Train Loss: 1.8005, Train Acc: 15.48% - Val loss: 1.8074, Val Acc: 14.29%
2025-08-29 21:24:54,510 - Early stopping à l'epoch 148
2025-08-29 21:24:54,514 - Fold 10 - Accuracy finale: 17.86%
2025-08-29 21:24:54,514 - 
2025-08-29 21:24:54,515 - Résultats de la validation croisée
2025-08-29 21:24:54,515 - 
2025-08-29 21:24:54,515 - Accuracy moyenne: 20.00% ± 1.75%
2025-08-29 21:24:54,515 - Loss moyenne: 1.7849 ± 0.0012
2025-08-29 21:24:54,515 - Nombre d'epochs moyen: 124
2025-08-29 21:24:54,515 - Accuracy par fold: ['21.43%', '21.43%', '21.43%', '21.43%', '21.43%', '21.43%', '17.86%', '17.86%', '17.86%', '17.86%']

2025-08-29 21:24:54,515 - Entrainement du modèle final pour le jeu d'hyperparamètres 14

2025-08-29 21:24:54,683 - Epoch 1/124 - Loss: 1.8011, Acc: 15.36%
2025-08-29 21:25:11,685 - Epoch 124/124 - Loss: 1.7815, Acc: 20.00%
2025-08-29 21:25:11,688 - 

2025-08-29 21:25:11,697 - Résultats finaux pour le jeu d'hyperparamètres 14

2025-08-29 21:25:11,697 - Accuracy de validation croisée: 20.00% ± 1.75%
2025-08-29 21:25:11,698 - Accuracy sur le test: 20.83%

2025-08-29 21:25:14,962 - JEU D'HYPERPARAMÈTRES 15:
2025-08-29 21:25:14,962 - {'estimator_name': 'LSTM', 'estimator_params': {'num_layers': 2, 'hidden_size': 64, 'dropout': 0.15}, 'weight_decay': 2.5e-06, 'lr': 0.0035, 'scheduler_factor': 0.4, 'batch_size': 28}

2025-08-29 21:25:14,962 - Début de la validation croisée pour le jeu d'hyperparamètres 15

2025-08-29 21:25:14,962 - Variables sélectionnées : mêmes variables que celles retenues au départ (pas de sélection en avant)

2025-08-29 21:25:14,963 - === Fold 1/10 ===
2025-08-29 21:25:15,087 - Epoch 1/500 - Train Loss: 1.8765, Train Acc: 15.08% - Val loss: 1.8733, Val Acc: 14.29%
2025-08-29 21:25:29,637 - Early stopping à l'epoch 138
2025-08-29 21:25:29,640 - Fold 1 - Accuracy finale: 21.43%
2025-08-29 21:25:29,640 - === Fold 2/10 ===
2025-08-29 21:25:29,759 - Epoch 1/500 - Train Loss: 1.8763, Train Acc: 15.08% - Val loss: 1.8729, Val Acc: 14.29%
2025-08-29 21:25:43,001 - Early stopping à l'epoch 127
2025-08-29 21:25:43,004 - Fold 2 - Accuracy finale: 21.43%
2025-08-29 21:25:43,004 - === Fold 3/10 ===
2025-08-29 21:25:43,129 - Epoch 1/500 - Train Loss: 1.8742, Train Acc: 15.08% - Val loss: 1.8572, Val Acc: 14.29%
2025-08-29 21:25:56,229 - Early stopping à l'epoch 126
2025-08-29 21:25:56,231 - Fold 3 - Accuracy finale: 21.43%
2025-08-29 21:25:56,232 - === Fold 4/10 ===
2025-08-29 21:25:56,363 - Epoch 1/500 - Train Loss: 1.8744, Train Acc: 15.08% - Val loss: 1.8580, Val Acc: 14.29%
2025-08-29 21:26:10,004 - Early stopping à l'epoch 131
2025-08-29 21:26:10,007 - Fold 4 - Accuracy finale: 21.43%
2025-08-29 21:26:10,007 - === Fold 5/10 ===
2025-08-29 21:26:10,139 - Epoch 1/500 - Train Loss: 1.8748, Train Acc: 15.08% - Val loss: 1.8596, Val Acc: 14.29%
2025-08-29 21:26:22,927 - Early stopping à l'epoch 122
2025-08-29 21:26:22,930 - Fold 5 - Accuracy finale: 21.43%
2025-08-29 21:26:22,930 - === Fold 6/10 ===
2025-08-29 21:26:23,054 - Epoch 1/500 - Train Loss: 1.8671, Train Acc: 15.08% - Val loss: 1.8825, Val Acc: 14.29%
2025-08-29 21:26:41,462 - Early stopping à l'epoch 174
2025-08-29 21:26:41,465 - Fold 6 - Accuracy finale: 21.43%
2025-08-29 21:26:41,465 - === Fold 7/10 ===
2025-08-29 21:26:41,585 - Epoch 1/500 - Train Loss: 1.8726, Train Acc: 15.08% - Val loss: 1.8777, Val Acc: 14.29%
2025-08-29 21:26:58,022 - Early stopping à l'epoch 157
2025-08-29 21:26:58,025 - Fold 7 - Accuracy finale: 17.86%
2025-08-29 21:26:58,025 - === Fold 8/10 ===
2025-08-29 21:26:58,155 - Epoch 1/500 - Train Loss: 1.8727, Train Acc: 15.08% - Val loss: 1.8760, Val Acc: 14.29%
2025-08-29 21:27:17,482 - Early stopping à l'epoch 185
2025-08-29 21:27:17,485 - Fold 8 - Accuracy finale: 17.86%
2025-08-29 21:27:17,485 - === Fold 9/10 ===
2025-08-29 21:27:17,619 - Epoch 1/500 - Train Loss: 1.8729, Train Acc: 14.68% - Val loss: 1.8394, Val Acc: 17.86%
2025-08-29 21:27:27,887 - Early stopping à l'epoch 97
2025-08-29 21:27:27,890 - Fold 9 - Accuracy finale: 17.86%
2025-08-29 21:27:27,890 - === Fold 10/10 ===
2025-08-29 21:27:28,014 - Epoch 1/500 - Train Loss: 1.8761, Train Acc: 14.68% - Val loss: 1.8437, Val Acc: 17.86%
2025-08-29 21:27:37,942 - Early stopping à l'epoch 97
2025-08-29 21:27:37,944 - Fold 10 - Accuracy finale: 17.86%
2025-08-29 21:27:37,945 - 
2025-08-29 21:27:37,945 - Résultats de la validation croisée
2025-08-29 21:27:37,945 - 
2025-08-29 21:27:37,945 - Accuracy moyenne: 20.00% ± 1.75%
2025-08-29 21:27:37,945 - Loss moyenne: 1.7850 ± 0.0011
2025-08-29 21:27:37,945 - Nombre d'epochs moyen: 135
2025-08-29 21:27:37,945 - Accuracy par fold: ['21.43%', '21.43%', '21.43%', '21.43%', '21.43%', '21.43%', '17.86%', '17.86%', '17.86%', '17.86%']

2025-08-29 21:27:37,945 - Entrainement du modèle final pour le jeu d'hyperparamètres 15

2025-08-29 21:27:38,076 - Epoch 1/135 - Loss: 1.8741, Acc: 15.00%
2025-08-29 21:27:53,212 - Epoch 135/135 - Loss: 1.7852, Acc: 20.00%
2025-08-29 21:27:53,215 - 

2025-08-29 21:27:53,215 - Résultats finaux pour le jeu d'hyperparamètres 15

2025-08-29 21:27:53,215 - Accuracy de validation croisée: 20.00% ± 1.75%
2025-08-29 21:27:53,215 - Accuracy sur le test: 20.83%

2025-08-29 21:27:56,713 - JEU D'HYPERPARAMÈTRES 16:
2025-08-29 21:27:56,713 - {'estimator_name': 'Transformer', 'estimator_params': {'d_model': 72, 'nhead': 12, 'num_layers': 2, 'dropout': 0.05}, 'weight_decay': 7.5e-07, 'lr': 0.0055, 'scheduler_factor': 0.6, 'batch_size': 32}

2025-08-29 21:27:56,713 - Début de la validation croisée pour le jeu d'hyperparamètres 16

2025-08-29 21:27:56,713 - Variables sélectionnées : mêmes variables que celles retenues au départ (pas de sélection en avant)

2025-08-29 21:27:56,713 - === Fold 1/10 ===
2025-08-29 21:27:56,743 - Epoch 1/500 - Train Loss: 1.4268, Train Acc: 38.49% - Val loss: 1.2775, Val Acc: 32.14%
2025-08-29 21:28:00,486 - Early stopping à l'epoch 171
2025-08-29 21:28:00,487 - Fold 1 - Accuracy finale: 85.71%
2025-08-29 21:28:00,487 - === Fold 2/10 ===
2025-08-29 21:28:00,514 - Epoch 1/500 - Train Loss: 1.4079, Train Acc: 30.95% - Val loss: 1.0796, Val Acc: 39.29%
2025-08-29 21:28:04,532 - Early stopping à l'epoch 184
2025-08-29 21:28:04,533 - Fold 2 - Accuracy finale: 89.29%
2025-08-29 21:28:04,533 - === Fold 3/10 ===
2025-08-29 21:28:04,563 - Epoch 1/500 - Train Loss: 1.4666, Train Acc: 41.67% - Val loss: 1.2063, Val Acc: 46.43%
2025-08-29 21:28:07,172 - Early stopping à l'epoch 118
2025-08-29 21:28:07,173 - Fold 3 - Accuracy finale: 82.14%
2025-08-29 21:28:07,173 - === Fold 4/10 ===
2025-08-29 21:28:07,199 - Epoch 1/500 - Train Loss: 1.4805, Train Acc: 34.52% - Val loss: 0.9460, Val Acc: 60.71%
2025-08-29 21:28:11,887 - Epoch 201/500 - Train Loss: 0.0021, Train Acc: 100.00% - Val loss: 0.3091, Val Acc: 92.86%
2025-08-29 21:28:12,705 - Early stopping à l'epoch 236
2025-08-29 21:28:12,707 - Fold 4 - Accuracy finale: 89.29%
2025-08-29 21:28:12,707 - === Fold 5/10 ===
2025-08-29 21:28:12,735 - Epoch 1/500 - Train Loss: 1.4129, Train Acc: 33.33% - Val loss: 1.2144, Val Acc: 32.14%
2025-08-29 21:28:16,049 - Early stopping à l'epoch 146
2025-08-29 21:28:16,050 - Fold 5 - Accuracy finale: 82.14%
2025-08-29 21:28:16,050 - === Fold 6/10 ===
2025-08-29 21:28:16,077 - Epoch 1/500 - Train Loss: 1.4576, Train Acc: 28.97% - Val loss: 1.2251, Val Acc: 35.71%
2025-08-29 21:28:18,692 - Early stopping à l'epoch 119
2025-08-29 21:28:18,693 - Fold 6 - Accuracy finale: 75.00%
2025-08-29 21:28:18,693 - === Fold 7/10 ===
2025-08-29 21:28:18,722 - Epoch 1/500 - Train Loss: 1.4517, Train Acc: 27.78% - Val loss: 1.0783, Val Acc: 42.86%
2025-08-29 21:28:22,581 - Early stopping à l'epoch 177
2025-08-29 21:28:22,583 - Fold 7 - Accuracy finale: 89.29%
2025-08-29 21:28:22,593 - === Fold 8/10 ===
2025-08-29 21:28:22,625 - Epoch 1/500 - Train Loss: 1.5856, Train Acc: 26.59% - Val loss: 1.1111, Val Acc: 35.71%
2025-08-29 21:28:27,029 - Epoch 201/500 - Train Loss: 0.0012, Train Acc: 100.00% - Val loss: 0.0858, Val Acc: 96.43%
2025-08-29 21:28:27,847 - Early stopping à l'epoch 239
2025-08-29 21:28:27,848 - Fold 8 - Accuracy finale: 92.86%
2025-08-29 21:28:27,848 - === Fold 9/10 ===
2025-08-29 21:28:27,876 - Epoch 1/500 - Train Loss: 1.7654, Train Acc: 23.41% - Val loss: 1.1304, Val Acc: 35.71%
2025-08-29 21:28:32,289 - Epoch 201/500 - Train Loss: 0.1627, Train Acc: 93.65% - Val loss: 0.1180, Val Acc: 92.86%
2025-08-29 21:28:32,454 - Early stopping à l'epoch 208
2025-08-29 21:28:32,455 - Fold 9 - Accuracy finale: 96.43%
2025-08-29 21:28:32,455 - === Fold 10/10 ===
2025-08-29 21:28:32,483 - Epoch 1/500 - Train Loss: 1.5516, Train Acc: 32.94% - Val loss: 1.2589, Val Acc: 25.00%
2025-08-29 21:28:36,130 - Early stopping à l'epoch 155
2025-08-29 21:28:36,131 - Fold 10 - Accuracy finale: 92.86%
2025-08-29 21:28:36,131 - 
2025-08-29 21:28:36,131 - Résultats de la validation croisée
2025-08-29 21:28:36,131 - 
2025-08-29 21:28:36,132 - Accuracy moyenne: 87.50% ± 6.03%
2025-08-29 21:28:36,132 - Loss moyenne: 0.5277 ± 0.4045
2025-08-29 21:28:36,132 - Nombre d'epochs moyen: 175
2025-08-29 21:28:36,132 - Accuracy par fold: ['85.71%', '89.29%', '82.14%', '89.29%', '82.14%', '75.00%', '89.29%', '92.86%', '96.43%', '92.86%']

2025-08-29 21:28:36,132 - Entrainement du modèle final pour le jeu d'hyperparamètres 16

2025-08-29 21:28:36,162 - Epoch 1/175 - Loss: 1.4318, Acc: 32.14%
2025-08-29 21:28:40,687 - Epoch 175/175 - Loss: 0.3470, Acc: 87.14%
2025-08-29 21:28:40,689 - 

2025-08-29 21:28:40,689 - Résultats finaux pour le jeu d'hyperparamètres 16

2025-08-29 21:28:40,689 - Accuracy de validation croisée: 87.50% ± 6.03%
2025-08-29 21:28:40,689 - Accuracy sur le test: 80.83%

2025-08-29 21:28:44,219 - JEU D'HYPERPARAMÈTRES 17:
2025-08-29 21:28:44,219 - {'estimator_name': 'LSTM', 'estimator_params': {'num_layers': 4, 'hidden_size': 80, 'dropout': 0.1}, 'weight_decay': 7.5e-07, 'lr': 0.0055, 'scheduler_factor': 0.6, 'batch_size': 28}

2025-08-29 21:28:44,219 - Début de la validation croisée pour le jeu d'hyperparamètres 17

2025-08-29 21:28:44,219 - Variables sélectionnées : mêmes variables que celles retenues au départ (pas de sélection en avant)

2025-08-29 21:28:44,220 - === Fold 1/10 ===
2025-08-29 21:28:44,370 - Epoch 1/500 - Train Loss: 1.8460, Train Acc: 15.48% - Val loss: 1.8344, Val Acc: 14.29%
2025-08-29 21:28:56,533 - Early stopping à l'epoch 95
2025-08-29 21:28:56,536 - Fold 1 - Accuracy finale: 21.43%
2025-08-29 21:28:56,536 - === Fold 2/10 ===
2025-08-29 21:28:56,681 - Epoch 1/500 - Train Loss: 1.8477, Train Acc: 15.08% - Val loss: 1.8318, Val Acc: 14.29%
2025-08-29 21:29:11,518 - Early stopping à l'epoch 117
2025-08-29 21:29:11,521 - Fold 2 - Accuracy finale: 21.43%
2025-08-29 21:29:11,521 - === Fold 3/10 ===
2025-08-29 21:29:11,666 - Epoch 1/500 - Train Loss: 1.8488, Train Acc: 13.89% - Val loss: 1.8220, Val Acc: 14.29%
2025-08-29 21:29:24,741 - Early stopping à l'epoch 102
2025-08-29 21:29:24,744 - Fold 3 - Accuracy finale: 21.43%
2025-08-29 21:29:24,745 - === Fold 4/10 ===
2025-08-29 21:29:24,912 - Epoch 1/500 - Train Loss: 1.8468, Train Acc: 15.08% - Val loss: 1.8254, Val Acc: 14.29%
2025-08-29 21:29:38,864 - Early stopping à l'epoch 107
2025-08-29 21:29:38,867 - Fold 4 - Accuracy finale: 21.43%
2025-08-29 21:29:38,867 - === Fold 5/10 ===
2025-08-29 21:29:39,021 - Epoch 1/500 - Train Loss: 1.8474, Train Acc: 15.48% - Val loss: 1.8238, Val Acc: 14.29%
2025-08-29 21:29:51,162 - Early stopping à l'epoch 94
2025-08-29 21:29:51,165 - Fold 5 - Accuracy finale: 21.43%
2025-08-29 21:29:51,165 - === Fold 6/10 ===
2025-08-29 21:29:51,311 - Epoch 1/500 - Train Loss: 1.8508, Train Acc: 14.68% - Val loss: 1.8207, Val Acc: 17.86%
2025-08-29 21:30:02,134 - Early stopping à l'epoch 85
2025-08-29 21:30:02,137 - Fold 6 - Accuracy finale: 21.43%
2025-08-29 21:30:02,137 - === Fold 7/10 ===
2025-08-29 21:30:02,288 - Epoch 1/500 - Train Loss: 1.8491, Train Acc: 14.68% - Val loss: 1.8188, Val Acc: 17.86%
2025-08-29 21:30:13,865 - Early stopping à l'epoch 90
2025-08-29 21:30:13,869 - Fold 7 - Accuracy finale: 17.86%
2025-08-29 21:30:13,869 - === Fold 8/10 ===
2025-08-29 21:30:14,019 - Epoch 1/500 - Train Loss: 1.8436, Train Acc: 15.87% - Val loss: 1.8173, Val Acc: 17.86%
2025-08-29 21:30:25,508 - Early stopping à l'epoch 89
2025-08-29 21:30:25,511 - Fold 8 - Accuracy finale: 17.86%
2025-08-29 21:30:25,511 - === Fold 9/10 ===
2025-08-29 21:30:25,668 - Epoch 1/500 - Train Loss: 1.8475, Train Acc: 15.08% - Val loss: 1.8410, Val Acc: 14.29%
2025-08-29 21:30:42,714 - Early stopping à l'epoch 132
2025-08-29 21:30:42,717 - Fold 9 - Accuracy finale: 17.86%
2025-08-29 21:30:42,717 - === Fold 10/10 ===
2025-08-29 21:30:42,874 - Epoch 1/500 - Train Loss: 1.8433, Train Acc: 15.08% - Val loss: 1.8400, Val Acc: 14.29%
2025-08-29 21:30:55,381 - Early stopping à l'epoch 97
2025-08-29 21:30:55,384 - Fold 10 - Accuracy finale: 17.86%
2025-08-29 21:30:55,385 - 
2025-08-29 21:30:55,385 - Résultats de la validation croisée
2025-08-29 21:30:55,385 - 
2025-08-29 21:30:55,385 - Accuracy moyenne: 20.00% ± 1.75%
2025-08-29 21:30:55,385 - Loss moyenne: 1.7850 ± 0.0012
2025-08-29 21:30:55,385 - Nombre d'epochs moyen: 100
2025-08-29 21:30:55,385 - Accuracy par fold: ['21.43%', '21.43%', '21.43%', '21.43%', '21.43%', '21.43%', '17.86%', '17.86%', '17.86%', '17.86%']

2025-08-29 21:30:55,385 - Entrainement du modèle final pour le jeu d'hyperparamètres 17

2025-08-29 21:30:55,557 - Epoch 1/100 - Loss: 1.8474, Acc: 15.71%
2025-08-29 21:31:09,796 - Epoch 100/100 - Loss: 1.7890, Acc: 18.93%
2025-08-29 21:31:09,799 - 

2025-08-29 21:31:09,799 - Résultats finaux pour le jeu d'hyperparamètres 17

2025-08-29 21:31:09,799 - Accuracy de validation croisée: 20.00% ± 1.75%
2025-08-29 21:31:09,799 - Accuracy sur le test: 20.83%

2025-08-29 21:31:13,637 - JEU D'HYPERPARAMÈTRES 18:
2025-08-29 21:31:13,637 - {'estimator_name': 'LSTM', 'estimator_params': {'num_layers': 2, 'hidden_size': 80, 'dropout': 0.075}, 'weight_decay': 5e-06, 'lr': 0.0055, 'scheduler_factor': 0.5, 'batch_size': 36}

2025-08-29 21:31:13,637 - Début de la validation croisée pour le jeu d'hyperparamètres 18

2025-08-29 21:31:13,637 - Variables sélectionnées : mêmes variables que celles retenues au départ (pas de sélection en avant)

2025-08-29 21:31:13,638 - === Fold 1/10 ===
2025-08-29 21:31:13,771 - Epoch 1/500 - Train Loss: 1.8418, Train Acc: 15.08% - Val loss: 1.8606, Val Acc: 14.29%
2025-08-29 21:31:25,568 - Early stopping à l'epoch 117
2025-08-29 21:31:25,571 - Fold 1 - Accuracy finale: 21.43%
2025-08-29 21:31:25,571 - === Fold 2/10 ===
2025-08-29 21:31:25,691 - Epoch 1/500 - Train Loss: 1.8446, Train Acc: 15.08% - Val loss: 1.8589, Val Acc: 14.29%
2025-08-29 21:31:36,331 - Early stopping à l'epoch 106
2025-08-29 21:31:36,334 - Fold 2 - Accuracy finale: 21.43%
2025-08-29 21:31:36,334 - === Fold 3/10 ===
2025-08-29 21:31:36,454 - Epoch 1/500 - Train Loss: 1.8483, Train Acc: 15.08% - Val loss: 1.8429, Val Acc: 14.29%
2025-08-29 21:31:47,623 - Early stopping à l'epoch 111
2025-08-29 21:31:47,627 - Fold 3 - Accuracy finale: 21.43%
2025-08-29 21:31:47,627 - === Fold 4/10 ===
2025-08-29 21:31:47,763 - Epoch 1/500 - Train Loss: 1.8435, Train Acc: 15.08% - Val loss: 1.8431, Val Acc: 14.29%
2025-08-29 21:31:59,287 - Early stopping à l'epoch 114
2025-08-29 21:31:59,290 - Fold 4 - Accuracy finale: 21.43%
2025-08-29 21:31:59,290 - === Fold 5/10 ===
2025-08-29 21:31:59,411 - Epoch 1/500 - Train Loss: 1.8448, Train Acc: 15.08% - Val loss: 1.8390, Val Acc: 14.29%
2025-08-29 21:32:09,271 - Early stopping à l'epoch 98
2025-08-29 21:32:09,274 - Fold 5 - Accuracy finale: 21.43%
2025-08-29 21:32:09,274 - === Fold 6/10 ===
2025-08-29 21:32:09,394 - Epoch 1/500 - Train Loss: 1.8449, Train Acc: 15.08% - Val loss: 1.8469, Val Acc: 14.29%
2025-08-29 21:32:19,744 - Early stopping à l'epoch 103
2025-08-29 21:32:19,748 - Fold 6 - Accuracy finale: 21.43%
2025-08-29 21:32:19,748 - === Fold 7/10 ===
2025-08-29 21:32:19,883 - Epoch 1/500 - Train Loss: 1.8446, Train Acc: 15.48% - Val loss: 1.8218, Val Acc: 14.29%
2025-08-29 21:32:29,495 - Early stopping à l'epoch 97
2025-08-29 21:32:29,499 - Fold 7 - Accuracy finale: 17.86%
2025-08-29 21:32:29,499 - === Fold 8/10 ===
2025-08-29 21:32:29,633 - Epoch 1/500 - Train Loss: 1.8425, Train Acc: 15.08% - Val loss: 1.8211, Val Acc: 14.29%
2025-08-29 21:32:44,653 - Early stopping à l'epoch 150
2025-08-29 21:32:44,657 - Fold 8 - Accuracy finale: 17.86%
2025-08-29 21:32:44,657 - === Fold 9/10 ===
2025-08-29 21:32:44,781 - Epoch 1/500 - Train Loss: 1.8476, Train Acc: 14.68% - Val loss: 1.8141, Val Acc: 17.86%
2025-08-29 21:32:53,800 - Early stopping à l'epoch 89
2025-08-29 21:32:53,803 - Fold 9 - Accuracy finale: 17.86%
2025-08-29 21:32:53,803 - === Fold 10/10 ===
2025-08-29 21:32:53,929 - Epoch 1/500 - Train Loss: 1.8529, Train Acc: 14.68% - Val loss: 1.8155, Val Acc: 17.86%
2025-08-29 21:33:02,982 - Early stopping à l'epoch 90
2025-08-29 21:33:03,027 - Fold 10 - Accuracy finale: 17.86%
2025-08-29 21:33:03,028 - 
2025-08-29 21:33:03,028 - Résultats de la validation croisée
2025-08-29 21:33:03,028 - 
2025-08-29 21:33:03,028 - Accuracy moyenne: 20.00% ± 1.75%
2025-08-29 21:33:03,028 - Loss moyenne: 1.7850 ± 0.0008
2025-08-29 21:33:03,028 - Nombre d'epochs moyen: 107
2025-08-29 21:33:03,028 - Accuracy par fold: ['21.43%', '21.43%', '21.43%', '21.43%', '21.43%', '21.43%', '17.86%', '17.86%', '17.86%', '17.86%']

2025-08-29 21:33:03,028 - Entrainement du modèle final pour le jeu d'hyperparamètres 18

2025-08-29 21:33:03,163 - Epoch 1/107 - Loss: 1.8425, Acc: 15.71%
2025-08-29 21:33:15,379 - Epoch 107/107 - Loss: 1.7885, Acc: 19.29%
2025-08-29 21:33:15,381 - 

2025-08-29 21:33:15,381 - Résultats finaux pour le jeu d'hyperparamètres 18

2025-08-29 21:33:15,381 - Accuracy de validation croisée: 20.00% ± 1.75%
2025-08-29 21:33:15,381 - Accuracy sur le test: 20.83%

2025-08-29 21:33:19,527 - JEU D'HYPERPARAMÈTRES 19:
2025-08-29 21:33:19,527 - {'estimator_name': 'CNN + LSTM', 'estimator_params': {'out_channels': 16, 'num_layers': 2, 'hidden_size': 64, 'dropout': 0.15}, 'weight_decay': 2.5e-06, 'lr': 0.0045, 'scheduler_factor': 0.4, 'batch_size': 28}

2025-08-29 21:33:19,527 - Début de la validation croisée pour le jeu d'hyperparamètres 19

2025-08-29 21:33:19,527 - Variables sélectionnées : mêmes variables que celles retenues au départ (pas de sélection en avant)

2025-08-29 21:33:19,528 - === Fold 1/10 ===
2025-08-29 21:33:19,653 - Epoch 1/500 - Train Loss: 1.8532, Train Acc: 15.87% - Val loss: 1.8464, Val Acc: 14.29%
2025-08-29 21:33:33,640 - Early stopping à l'epoch 132
2025-08-29 21:33:33,642 - Fold 1 - Accuracy finale: 21.43%
2025-08-29 21:33:33,642 - === Fold 2/10 ===
2025-08-29 21:33:33,767 - Epoch 1/500 - Train Loss: 1.8519, Train Acc: 15.08% - Val loss: 1.8447, Val Acc: 14.29%
2025-08-29 21:33:52,036 - Early stopping à l'epoch 174
2025-08-29 21:33:52,038 - Fold 2 - Accuracy finale: 21.43%
2025-08-29 21:33:52,038 - === Fold 3/10 ===
2025-08-29 21:33:52,158 - Epoch 1/500 - Train Loss: 1.8539, Train Acc: 15.87% - Val loss: 1.8559, Val Acc: 14.29%
2025-08-29 21:34:07,699 - Early stopping à l'epoch 148
2025-08-29 21:34:07,702 - Fold 3 - Accuracy finale: 21.43%
2025-08-29 21:34:07,702 - === Fold 4/10 ===
2025-08-29 21:34:07,820 - Epoch 1/500 - Train Loss: 1.8562, Train Acc: 15.08% - Val loss: 1.8521, Val Acc: 14.29%
2025-08-29 21:34:19,809 - Early stopping à l'epoch 114
2025-08-29 21:34:19,811 - Fold 4 - Accuracy finale: 21.43%
2025-08-29 21:34:19,811 - === Fold 5/10 ===
2025-08-29 21:34:19,933 - Epoch 1/500 - Train Loss: 1.8538, Train Acc: 14.29% - Val loss: 1.8534, Val Acc: 14.29%
2025-08-29 21:34:32,477 - Early stopping à l'epoch 118
2025-08-29 21:34:32,480 - Fold 5 - Accuracy finale: 21.43%
2025-08-29 21:34:32,480 - === Fold 6/10 ===
2025-08-29 21:34:32,607 - Epoch 1/500 - Train Loss: 1.8512, Train Acc: 14.68% - Val loss: 1.8500, Val Acc: 14.29%
2025-08-29 21:34:47,545 - Early stopping à l'epoch 141
2025-08-29 21:34:47,547 - Fold 6 - Accuracy finale: 21.43%
2025-08-29 21:34:47,547 - === Fold 7/10 ===
2025-08-29 21:34:47,677 - Epoch 1/500 - Train Loss: 1.8536, Train Acc: 15.48% - Val loss: 1.8273, Val Acc: 14.29%
2025-08-29 21:34:57,821 - Early stopping à l'epoch 97
2025-08-29 21:34:57,823 - Fold 7 - Accuracy finale: 17.86%
2025-08-29 21:34:57,823 - === Fold 8/10 ===
2025-08-29 21:34:57,945 - Epoch 1/500 - Train Loss: 1.8611, Train Acc: 14.68% - Val loss: 1.8239, Val Acc: 14.29%
2025-08-29 21:35:08,159 - Early stopping à l'epoch 98
2025-08-29 21:35:08,161 - Fold 8 - Accuracy finale: 17.86%
2025-08-29 21:35:08,161 - === Fold 9/10 ===
2025-08-29 21:35:08,283 - Epoch 1/500 - Train Loss: 1.8619, Train Acc: 17.06% - Val loss: 1.8132, Val Acc: 17.86%
2025-08-29 21:35:18,131 - Early stopping à l'epoch 94
2025-08-29 21:35:18,134 - Fold 9 - Accuracy finale: 17.86%
2025-08-29 21:35:18,134 - === Fold 10/10 ===
2025-08-29 21:35:18,274 - Epoch 1/500 - Train Loss: 1.8580, Train Acc: 15.48% - Val loss: 1.8127, Val Acc: 17.86%
2025-08-29 21:35:27,762 - Early stopping à l'epoch 91
2025-08-29 21:35:27,765 - Fold 10 - Accuracy finale: 17.86%
2025-08-29 21:35:27,766 - 
2025-08-29 21:35:27,766 - Résultats de la validation croisée
2025-08-29 21:35:27,766 - 
2025-08-29 21:35:27,766 - Accuracy moyenne: 20.00% ± 1.75%
2025-08-29 21:35:27,766 - Loss moyenne: 1.7849 ± 0.0010
2025-08-29 21:35:27,766 - Nombre d'epochs moyen: 120
2025-08-29 21:35:27,766 - Accuracy par fold: ['21.43%', '21.43%', '21.43%', '21.43%', '21.43%', '21.43%', '17.86%', '17.86%', '17.86%', '17.86%']

2025-08-29 21:35:27,766 - Entrainement du modèle final pour le jeu d'hyperparamètres 19

2025-08-29 21:35:27,908 - Epoch 1/120 - Loss: 1.8505, Acc: 15.71%
2025-08-29 21:35:41,825 - Epoch 120/120 - Loss: 1.7843, Acc: 20.00%
2025-08-29 21:35:41,827 - 

2025-08-29 21:35:41,827 - Résultats finaux pour le jeu d'hyperparamètres 19

2025-08-29 21:35:41,827 - Accuracy de validation croisée: 20.00% ± 1.75%
2025-08-29 21:35:41,827 - Accuracy sur le test: 20.83%

2025-08-29 21:35:45,999 - JEU D'HYPERPARAMÈTRES 20:
2025-08-29 21:35:45,999 - {'estimator_name': 'LSTM', 'estimator_params': {'num_layers': 4, 'hidden_size': 96, 'dropout': 0.15}, 'weight_decay': 7.5e-07, 'lr': 0.005, 'scheduler_factor': 0.6, 'batch_size': 28}

2025-08-29 21:35:45,999 - Début de la validation croisée pour le jeu d'hyperparamètres 20

2025-08-29 21:35:45,999 - Variables sélectionnées : mêmes variables que celles retenues au départ (pas de sélection en avant)

2025-08-29 21:35:45,999 - === Fold 1/10 ===
2025-08-29 21:35:46,188 - Epoch 1/500 - Train Loss: 1.8025, Train Acc: 19.44% - Val loss: 1.8053, Val Acc: 17.86%
2025-08-29 21:36:03,888 - Early stopping à l'epoch 115
2025-08-29 21:36:03,892 - Fold 1 - Accuracy finale: 21.43%
2025-08-29 21:36:03,892 - === Fold 2/10 ===
2025-08-29 21:36:04,170 - Epoch 1/500 - Train Loss: 1.8086, Train Acc: 19.44% - Val loss: 1.8080, Val Acc: 17.86%
2025-08-29 21:36:29,366 - Early stopping à l'epoch 164
2025-08-29 21:36:29,370 - Fold 2 - Accuracy finale: 21.43%
2025-08-29 21:36:29,370 - === Fold 3/10 ===
2025-08-29 21:36:29,546 - Epoch 1/500 - Train Loss: 1.8030, Train Acc: 19.44% - Val loss: 1.8117, Val Acc: 17.86%
2025-08-29 21:36:47,841 - Early stopping à l'epoch 119
2025-08-29 21:36:47,845 - Fold 3 - Accuracy finale: 21.43%
2025-08-29 21:36:47,845 - === Fold 4/10 ===
2025-08-29 21:36:48,023 - Epoch 1/500 - Train Loss: 1.8092, Train Acc: 19.84% - Val loss: 1.8151, Val Acc: 17.86%
2025-08-29 21:37:10,009 - Early stopping à l'epoch 141
2025-08-29 21:37:10,012 - Fold 4 - Accuracy finale: 21.43%
2025-08-29 21:37:10,013 - === Fold 5/10 ===
2025-08-29 21:37:10,191 - Epoch 1/500 - Train Loss: 1.8059, Train Acc: 19.05% - Val loss: 1.8112, Val Acc: 17.86%
2025-08-29 21:37:33,305 - Early stopping à l'epoch 149
2025-08-29 21:37:33,309 - Fold 5 - Accuracy finale: 21.43%
2025-08-29 21:37:33,309 - === Fold 6/10 ===
2025-08-29 21:37:33,488 - Epoch 1/500 - Train Loss: 1.8004, Train Acc: 19.84% - Val loss: 1.7947, Val Acc: 17.86%
2025-08-29 21:37:46,557 - Early stopping à l'epoch 86
2025-08-29 21:37:46,561 - Fold 6 - Accuracy finale: 21.43%
2025-08-29 21:37:46,561 - === Fold 7/10 ===
2025-08-29 21:37:46,757 - Epoch 1/500 - Train Loss: 1.8064, Train Acc: 18.65% - Val loss: 1.7862, Val Acc: 21.43%
2025-08-29 21:38:02,129 - Early stopping à l'epoch 101
2025-08-29 21:38:02,133 - Fold 7 - Accuracy finale: 17.86%
2025-08-29 21:38:02,133 - === Fold 8/10 ===
2025-08-29 21:38:02,324 - Epoch 1/500 - Train Loss: 1.8128, Train Acc: 19.05% - Val loss: 1.7866, Val Acc: 21.43%
2025-08-29 21:38:15,308 - Early stopping à l'epoch 86
2025-08-29 21:38:15,311 - Fold 8 - Accuracy finale: 17.86%
2025-08-29 21:38:15,311 - === Fold 9/10 ===
2025-08-29 21:38:15,496 - Epoch 1/500 - Train Loss: 1.8073, Train Acc: 19.44% - Val loss: 1.7896, Val Acc: 21.43%
2025-08-29 21:38:28,681 - Early stopping à l'epoch 86
2025-08-29 21:38:28,684 - Fold 9 - Accuracy finale: 17.86%
2025-08-29 21:38:28,684 - === Fold 10/10 ===
2025-08-29 21:38:28,858 - Epoch 1/500 - Train Loss: 1.8061, Train Acc: 18.65% - Val loss: 1.7898, Val Acc: 21.43%
2025-08-29 21:38:41,892 - Early stopping à l'epoch 86
2025-08-29 21:38:41,896 - Fold 10 - Accuracy finale: 17.86%
2025-08-29 21:38:41,897 - 
2025-08-29 21:38:41,898 - Résultats de la validation croisée
2025-08-29 21:38:41,898 - 
2025-08-29 21:38:41,898 - Accuracy moyenne: 20.00% ± 1.75%
2025-08-29 21:38:41,898 - Loss moyenne: 1.7850 ± 0.0012
2025-08-29 21:38:41,898 - Nombre d'epochs moyen: 113
2025-08-29 21:38:41,898 - Accuracy par fold: ['21.43%', '21.43%', '21.43%', '21.43%', '21.43%', '21.43%', '17.86%', '17.86%', '17.86%', '17.86%']

2025-08-29 21:38:41,898 - Entrainement du modèle final pour le jeu d'hyperparamètres 20

2025-08-29 21:38:42,108 - Epoch 1/113 - Loss: 1.8018, Acc: 19.64%
2025-08-29 21:39:01,181 - Epoch 113/113 - Loss: 1.7855, Acc: 20.00%
2025-08-29 21:39:01,184 - 

2025-08-29 21:39:01,184 - Résultats finaux pour le jeu d'hyperparamètres 20

2025-08-29 21:39:01,184 - Accuracy de validation croisée: 20.00% ± 1.75%
2025-08-29 21:39:01,184 - Accuracy sur le test: 20.83%

2025-08-29 21:39:06,002 - JEU D'HYPERPARAMÈTRES 21:
2025-08-29 21:39:06,002 - {'estimator_name': 'Transformer', 'estimator_params': {'d_model': 72, 'nhead': 2, 'num_layers': 3, 'dropout': 0.05}, 'weight_decay': 2.5e-06, 'lr': 0.0055, 'scheduler_factor': 0.4, 'batch_size': 32}

2025-08-29 21:39:06,002 - Début de la validation croisée pour le jeu d'hyperparamètres 21

2025-08-29 21:39:06,002 - Variables sélectionnées : mêmes variables que celles retenues au départ (pas de sélection en avant)

2025-08-29 21:39:06,003 - === Fold 1/10 ===
2025-08-29 21:39:06,040 - Epoch 1/500 - Train Loss: 1.6972, Train Acc: 33.73% - Val loss: 1.2384, Val Acc: 35.71%
2025-08-29 21:39:10,089 - Early stopping à l'epoch 135
2025-08-29 21:39:10,091 - Fold 1 - Accuracy finale: 35.71%
2025-08-29 21:39:10,091 - === Fold 2/10 ===
2025-08-29 21:39:10,128 - Epoch 1/500 - Train Loss: 1.5183, Train Acc: 28.17% - Val loss: 1.1819, Val Acc: 28.57%
2025-08-29 21:39:12,580 - Early stopping à l'epoch 82
2025-08-29 21:39:12,581 - Fold 2 - Accuracy finale: 17.86%
2025-08-29 21:39:12,581 - === Fold 3/10 ===
2025-08-29 21:39:12,615 - Epoch 1/500 - Train Loss: 1.9124, Train Acc: 30.16% - Val loss: 2.7934, Val Acc: 17.86%
2025-08-29 21:39:17,497 - Early stopping à l'epoch 164
2025-08-29 21:39:17,499 - Fold 3 - Accuracy finale: 35.71%
2025-08-29 21:39:17,499 - === Fold 4/10 ===
2025-08-29 21:39:17,535 - Epoch 1/500 - Train Loss: 1.5409, Train Acc: 31.75% - Val loss: 1.1154, Val Acc: 35.71%
2025-08-29 21:39:20,303 - Early stopping à l'epoch 92
2025-08-29 21:39:20,305 - Fold 4 - Accuracy finale: 39.29%
2025-08-29 21:39:20,305 - === Fold 5/10 ===
2025-08-29 21:39:20,341 - Epoch 1/500 - Train Loss: 1.4678, Train Acc: 36.11% - Val loss: 1.2453, Val Acc: 32.14%
2025-08-29 21:39:22,850 - Early stopping à l'epoch 91
2025-08-29 21:39:22,852 - Fold 5 - Accuracy finale: 39.29%
2025-08-29 21:39:22,852 - === Fold 6/10 ===
2025-08-29 21:39:22,883 - Epoch 1/500 - Train Loss: 1.4425, Train Acc: 32.54% - Val loss: 1.1937, Val Acc: 32.14%
2025-08-29 21:39:27,274 - Early stopping à l'epoch 164
2025-08-29 21:39:27,276 - Fold 6 - Accuracy finale: 46.43%
2025-08-29 21:39:27,276 - === Fold 7/10 ===
2025-08-29 21:39:27,308 - Epoch 1/500 - Train Loss: 1.5948, Train Acc: 32.14% - Val loss: 1.2643, Val Acc: 28.57%
2025-08-29 21:39:29,754 - Early stopping à l'epoch 82
2025-08-29 21:39:29,755 - Fold 7 - Accuracy finale: 32.14%
2025-08-29 21:39:29,756 - === Fold 8/10 ===
2025-08-29 21:39:29,791 - Epoch 1/500 - Train Loss: 1.7767, Train Acc: 25.40% - Val loss: 1.2094, Val Acc: 32.14%
2025-08-29 21:39:34,382 - Early stopping à l'epoch 170
2025-08-29 21:39:34,383 - Fold 8 - Accuracy finale: 32.14%
2025-08-29 21:39:34,383 - === Fold 9/10 ===
2025-08-29 21:39:34,420 - Epoch 1/500 - Train Loss: 1.8937, Train Acc: 21.83% - Val loss: 1.2167, Val Acc: 32.14%
2025-08-29 21:39:39,811 - Epoch 201/500 - Train Loss: 1.1248, Train Acc: 36.11% - Val loss: 1.1091, Val Acc: 35.71%
2025-08-29 21:39:40,557 - Early stopping à l'epoch 228
2025-08-29 21:39:40,559 - Fold 9 - Accuracy finale: 35.71%
2025-08-29 21:39:40,559 - === Fold 10/10 ===
2025-08-29 21:39:40,593 - Epoch 1/500 - Train Loss: 1.6259, Train Acc: 32.54% - Val loss: 1.3219, Val Acc: 32.14%
2025-08-29 21:39:43,834 - Early stopping à l'epoch 122
2025-08-29 21:39:43,836 - Fold 10 - Accuracy finale: 32.14%
2025-08-29 21:39:43,836 - 
2025-08-29 21:39:43,836 - Résultats de la validation croisée
2025-08-29 21:39:43,836 - 
2025-08-29 21:39:43,836 - Accuracy moyenne: 34.64% ± 6.97%
2025-08-29 21:39:43,836 - Loss moyenne: 1.1938 ± 0.2022
2025-08-29 21:39:43,836 - Nombre d'epochs moyen: 133
2025-08-29 21:39:43,836 - Accuracy par fold: ['35.71%', '17.86%', '35.71%', '39.29%', '39.29%', '46.43%', '32.14%', '32.14%', '35.71%', '32.14%']

2025-08-29 21:39:43,836 - Entrainement du modèle final pour le jeu d'hyperparamètres 21

2025-08-29 21:39:43,871 - Epoch 1/133 - Loss: 1.5068, Acc: 30.36%
2025-08-29 21:39:47,774 - Epoch 133/133 - Loss: 1.1399, Acc: 32.86%
2025-08-29 21:39:47,776 - 

2025-08-29 21:39:47,776 - Résultats finaux pour le jeu d'hyperparamètres 21

2025-08-29 21:39:47,776 - Accuracy de validation croisée: 34.64% ± 6.97%
2025-08-29 21:39:47,776 - Accuracy sur le test: 35.83%

2025-08-29 21:39:52,562 - JEU D'HYPERPARAMÈTRES 22:
2025-08-29 21:39:52,562 - {'estimator_name': 'LSTM', 'estimator_params': {'num_layers': 3, 'hidden_size': 64, 'dropout': 0}, 'weight_decay': 5e-06, 'lr': 0.005, 'scheduler_factor': 0.4, 'batch_size': 36}

2025-08-29 21:39:52,562 - Début de la validation croisée pour le jeu d'hyperparamètres 22

2025-08-29 21:39:52,562 - Variables sélectionnées : mêmes variables que celles retenues au départ (pas de sélection en avant)

2025-08-29 21:39:52,563 - === Fold 1/10 ===
2025-08-29 21:39:52,660 - Epoch 1/500 - Train Loss: 1.9049, Train Acc: 15.08% - Val loss: 1.8725, Val Acc: 14.29%
2025-08-29 21:40:01,441 - Early stopping à l'epoch 111
2025-08-29 21:40:01,444 - Fold 1 - Accuracy finale: 21.43%
2025-08-29 21:40:01,444 - === Fold 2/10 ===
2025-08-29 21:40:01,542 - Epoch 1/500 - Train Loss: 1.9017, Train Acc: 15.08% - Val loss: 1.8710, Val Acc: 14.29%
2025-08-29 21:40:09,483 - Early stopping à l'epoch 101
2025-08-29 21:40:09,486 - Fold 2 - Accuracy finale: 21.43%
2025-08-29 21:40:09,486 - === Fold 3/10 ===
2025-08-29 21:40:09,596 - Epoch 1/500 - Train Loss: 1.9005, Train Acc: 15.08% - Val loss: 1.9091, Val Acc: 14.29%
2025-08-29 21:40:18,697 - Early stopping à l'epoch 115
2025-08-29 21:40:18,699 - Fold 3 - Accuracy finale: 21.43%
2025-08-29 21:40:18,700 - === Fold 4/10 ===
2025-08-29 21:40:18,799 - Epoch 1/500 - Train Loss: 1.9009, Train Acc: 15.08% - Val loss: 1.9078, Val Acc: 14.29%
2025-08-29 21:40:29,830 - Early stopping à l'epoch 136
2025-08-29 21:40:29,833 - Fold 4 - Accuracy finale: 21.43%
2025-08-29 21:40:29,833 - === Fold 5/10 ===
2025-08-29 21:40:29,932 - Epoch 1/500 - Train Loss: 1.8990, Train Acc: 15.08% - Val loss: 1.9061, Val Acc: 14.29%
2025-08-29 21:40:38,712 - Early stopping à l'epoch 110
2025-08-29 21:40:38,715 - Fold 5 - Accuracy finale: 21.43%
2025-08-29 21:40:38,715 - === Fold 6/10 ===
2025-08-29 21:40:38,815 - Epoch 1/500 - Train Loss: 1.9050, Train Acc: 15.08% - Val loss: 1.8860, Val Acc: 14.29%
2025-08-29 21:40:46,479 - Early stopping à l'epoch 97
2025-08-29 21:40:46,482 - Fold 6 - Accuracy finale: 21.43%
2025-08-29 21:40:46,482 - === Fold 7/10 ===
2025-08-29 21:40:46,591 - Epoch 1/500 - Train Loss: 1.9039, Train Acc: 15.08% - Val loss: 1.8783, Val Acc: 14.29%
2025-08-29 21:40:53,918 - Early stopping à l'epoch 92
2025-08-29 21:40:53,921 - Fold 7 - Accuracy finale: 17.86%
2025-08-29 21:40:53,921 - === Fold 8/10 ===
2025-08-29 21:40:54,019 - Epoch 1/500 - Train Loss: 1.9041, Train Acc: 15.08% - Val loss: 1.8753, Val Acc: 14.29%
2025-08-29 21:41:01,496 - Early stopping à l'epoch 92
2025-08-29 21:41:01,499 - Fold 8 - Accuracy finale: 17.86%
2025-08-29 21:41:01,499 - === Fold 9/10 ===
2025-08-29 21:41:01,596 - Epoch 1/500 - Train Loss: 1.9079, Train Acc: 14.68% - Val loss: 1.8525, Val Acc: 17.86%
2025-08-29 21:41:09,043 - Early stopping à l'epoch 93
2025-08-29 21:41:09,046 - Fold 9 - Accuracy finale: 17.86%
2025-08-29 21:41:09,046 - === Fold 10/10 ===
2025-08-29 21:41:09,156 - Epoch 1/500 - Train Loss: 1.9067, Train Acc: 14.68% - Val loss: 1.8529, Val Acc: 17.86%
2025-08-29 21:41:16,330 - Early stopping à l'epoch 90
2025-08-29 21:41:16,332 - Fold 10 - Accuracy finale: 17.86%
2025-08-29 21:41:16,333 - 
2025-08-29 21:41:16,333 - Résultats de la validation croisée
2025-08-29 21:41:16,333 - 
2025-08-29 21:41:16,333 - Accuracy moyenne: 20.00% ± 1.75%
2025-08-29 21:41:16,333 - Loss moyenne: 1.7850 ± 0.0010
2025-08-29 21:41:16,333 - Nombre d'epochs moyen: 103
2025-08-29 21:41:16,333 - Accuracy par fold: ['21.43%', '21.43%', '21.43%', '21.43%', '21.43%', '21.43%', '17.86%', '17.86%', '17.86%', '17.86%']

2025-08-29 21:41:16,333 - Entrainement du modèle final pour le jeu d'hyperparamètres 22

2025-08-29 21:41:16,439 - Epoch 1/103 - Loss: 1.9026, Acc: 15.00%
2025-08-29 21:41:25,563 - Epoch 103/103 - Loss: 1.7843, Acc: 20.00%
2025-08-29 21:41:25,566 - 

2025-08-29 21:41:25,566 - Résultats finaux pour le jeu d'hyperparamètres 22

2025-08-29 21:41:25,566 - Accuracy de validation croisée: 20.00% ± 1.75%
2025-08-29 21:41:25,566 - Accuracy sur le test: 20.83%

2025-08-29 21:41:30,603 - JEU D'HYPERPARAMÈTRES 23:
2025-08-29 21:41:30,603 - {'estimator_name': 'LSTM', 'estimator_params': {'num_layers': 4, 'hidden_size': 96, 'dropout': 0.15}, 'weight_decay': 2.5e-06, 'lr': 0.004, 'scheduler_factor': 0.4, 'batch_size': 36}

2025-08-29 21:41:30,603 - Début de la validation croisée pour le jeu d'hyperparamètres 23

2025-08-29 21:41:30,603 - Variables sélectionnées : mêmes variables que celles retenues au départ (pas de sélection en avant)

2025-08-29 21:41:30,604 - === Fold 1/10 ===
2025-08-29 21:41:30,744 - Epoch 1/500 - Train Loss: 1.8074, Train Acc: 19.44% - Val loss: 1.8095, Val Acc: 17.86%
2025-08-29 21:41:48,891 - Early stopping à l'epoch 151
2025-08-29 21:41:48,895 - Fold 1 - Accuracy finale: 21.43%
2025-08-29 21:41:48,895 - === Fold 2/10 ===
2025-08-29 21:41:49,039 - Epoch 1/500 - Train Loss: 1.8098, Train Acc: 19.84% - Val loss: 1.8077, Val Acc: 17.86%
2025-08-29 21:42:02,037 - Early stopping à l'epoch 108
2025-08-29 21:42:02,041 - Fold 2 - Accuracy finale: 21.43%
2025-08-29 21:42:02,041 - === Fold 3/10 ===
2025-08-29 21:42:02,180 - Epoch 1/500 - Train Loss: 1.8046, Train Acc: 19.44% - Val loss: 1.8143, Val Acc: 17.86%
2025-08-29 21:42:17,968 - Early stopping à l'epoch 130
2025-08-29 21:42:17,972 - Fold 3 - Accuracy finale: 21.43%
2025-08-29 21:42:17,972 - === Fold 4/10 ===
2025-08-29 21:42:18,124 - Epoch 1/500 - Train Loss: 1.8093, Train Acc: 19.44% - Val loss: 1.8149, Val Acc: 17.86%
2025-08-29 21:42:31,940 - Early stopping à l'epoch 116
2025-08-29 21:42:31,944 - Fold 4 - Accuracy finale: 21.43%
2025-08-29 21:42:31,944 - === Fold 5/10 ===
2025-08-29 21:42:32,090 - Epoch 1/500 - Train Loss: 1.8048, Train Acc: 19.05% - Val loss: 1.8164, Val Acc: 17.86%
2025-08-29 21:42:47,477 - Early stopping à l'epoch 128
2025-08-29 21:42:47,481 - Fold 5 - Accuracy finale: 21.43%
2025-08-29 21:42:47,481 - === Fold 6/10 ===
2025-08-29 21:42:47,636 - Epoch 1/500 - Train Loss: 1.8069, Train Acc: 19.44% - Val loss: 1.7945, Val Acc: 17.86%
2025-08-29 21:42:58,196 - Early stopping à l'epoch 88
2025-08-29 21:42:58,200 - Fold 6 - Accuracy finale: 21.43%
2025-08-29 21:42:58,200 - === Fold 7/10 ===
2025-08-29 21:42:58,341 - Epoch 1/500 - Train Loss: 1.8062, Train Acc: 19.44% - Val loss: 1.7869, Val Acc: 21.43%
2025-08-29 21:43:08,549 - Early stopping à l'epoch 85
2025-08-29 21:43:08,553 - Fold 7 - Accuracy finale: 17.86%
2025-08-29 21:43:08,553 - === Fold 8/10 ===
2025-08-29 21:43:08,699 - Epoch 1/500 - Train Loss: 1.8143, Train Acc: 18.65% - Val loss: 1.7880, Val Acc: 21.43%
2025-08-29 21:43:21,080 - Early stopping à l'epoch 104
2025-08-29 21:43:21,084 - Fold 8 - Accuracy finale: 17.86%
2025-08-29 21:43:21,084 - === Fold 9/10 ===
2025-08-29 21:43:21,228 - Epoch 1/500 - Train Loss: 1.8095, Train Acc: 18.65% - Val loss: 1.7899, Val Acc: 21.43%
2025-08-29 21:43:32,587 - Early stopping à l'epoch 95
2025-08-29 21:43:32,590 - Fold 9 - Accuracy finale: 17.86%
2025-08-29 21:43:32,590 - === Fold 10/10 ===
2025-08-29 21:43:32,731 - Epoch 1/500 - Train Loss: 1.8058, Train Acc: 19.05% - Val loss: 1.7908, Val Acc: 21.43%
2025-08-29 21:43:44,736 - Early stopping à l'epoch 101
2025-08-29 21:43:44,740 - Fold 10 - Accuracy finale: 17.86%
2025-08-29 21:43:44,740 - 
2025-08-29 21:43:44,740 - Résultats de la validation croisée
2025-08-29 21:43:44,740 - 
2025-08-29 21:43:44,740 - Accuracy moyenne: 20.00% ± 1.75%
2025-08-29 21:43:44,741 - Loss moyenne: 1.7850 ± 0.0011
2025-08-29 21:43:44,741 - Nombre d'epochs moyen: 110
2025-08-29 21:43:44,741 - Accuracy par fold: ['21.43%', '21.43%', '21.43%', '21.43%', '21.43%', '21.43%', '17.86%', '17.86%', '17.86%', '17.86%']

2025-08-29 21:43:44,741 - Entrainement du modèle final pour le jeu d'hyperparamètres 23

2025-08-29 21:43:44,893 - Epoch 1/110 - Loss: 1.8052, Acc: 19.29%
2025-08-29 21:43:59,571 - Epoch 110/110 - Loss: 1.7852, Acc: 20.00%
2025-08-29 21:43:59,574 - 

2025-08-29 21:43:59,574 - Résultats finaux pour le jeu d'hyperparamètres 23

2025-08-29 21:43:59,574 - Accuracy de validation croisée: 20.00% ± 1.75%
2025-08-29 21:43:59,574 - Accuracy sur le test: 20.83%

2025-08-29 21:44:04,973 - JEU D'HYPERPARAMÈTRES 24:
2025-08-29 21:44:04,973 - {'estimator_name': 'Transformer', 'estimator_params': {'d_model': 36, 'nhead': 4, 'num_layers': 2, 'dropout': 0.175}, 'weight_decay': 1e-06, 'lr': 0.005, 'scheduler_factor': 0.4, 'batch_size': 28}

2025-08-29 21:44:04,973 - Début de la validation croisée pour le jeu d'hyperparamètres 24

2025-08-29 21:44:04,974 - Variables sélectionnées : mêmes variables que celles retenues au départ (pas de sélection en avant)

2025-08-29 21:44:04,974 - === Fold 1/10 ===
2025-08-29 21:44:05,008 - Epoch 1/500 - Train Loss: 1.3793, Train Acc: 41.27% - Val loss: 0.9597, Val Acc: 46.43%
2025-08-29 21:44:09,274 - Early stopping à l'epoch 158
2025-08-29 21:44:09,275 - Fold 1 - Accuracy finale: 96.43%
2025-08-29 21:44:09,275 - === Fold 2/10 ===
2025-08-29 21:44:09,305 - Epoch 1/500 - Train Loss: 1.4160, Train Acc: 30.16% - Val loss: 1.1776, Val Acc: 42.86%
2025-08-29 21:44:14,532 - Epoch 201/500 - Train Loss: 0.0029, Train Acc: 100.00% - Val loss: 0.2985, Val Acc: 96.43%
2025-08-29 21:44:14,821 - Early stopping à l'epoch 212
2025-08-29 21:44:14,823 - Fold 2 - Accuracy finale: 96.43%
2025-08-29 21:44:14,823 - === Fold 3/10 ===
2025-08-29 21:44:14,855 - Epoch 1/500 - Train Loss: 1.3309, Train Acc: 42.06% - Val loss: 1.1392, Val Acc: 35.71%
2025-08-29 21:44:18,019 - Early stopping à l'epoch 127
2025-08-29 21:44:18,020 - Fold 3 - Accuracy finale: 89.29%
2025-08-29 21:44:18,021 - === Fold 4/10 ===
2025-08-29 21:44:18,048 - Epoch 1/500 - Train Loss: 1.4413, Train Acc: 32.94% - Val loss: 1.1563, Val Acc: 39.29%
2025-08-29 21:44:22,986 - Epoch 201/500 - Train Loss: 0.0024, Train Acc: 100.00% - Val loss: 0.2210, Val Acc: 96.43%
2025-08-29 21:44:23,059 - Early stopping à l'epoch 204
2025-08-29 21:44:23,060 - Fold 4 - Accuracy finale: 96.43%
2025-08-29 21:44:23,060 - === Fold 5/10 ===
2025-08-29 21:44:23,088 - Epoch 1/500 - Train Loss: 1.4333, Train Acc: 33.73% - Val loss: 1.2287, Val Acc: 46.43%
2025-08-29 21:44:26,552 - Early stopping à l'epoch 143
2025-08-29 21:44:26,553 - Fold 5 - Accuracy finale: 85.71%
2025-08-29 21:44:26,553 - === Fold 6/10 ===
2025-08-29 21:44:26,582 - Epoch 1/500 - Train Loss: 1.3702, Train Acc: 38.49% - Val loss: 1.1367, Val Acc: 39.29%
2025-08-29 21:44:29,013 - Early stopping à l'epoch 100
2025-08-29 21:44:29,015 - Fold 6 - Accuracy finale: 85.71%
2025-08-29 21:44:29,015 - === Fold 7/10 ===
2025-08-29 21:44:29,042 - Epoch 1/500 - Train Loss: 1.3950, Train Acc: 36.11% - Val loss: 1.1004, Val Acc: 53.57%
2025-08-29 21:44:33,091 - Early stopping à l'epoch 166
2025-08-29 21:44:33,092 - Fold 7 - Accuracy finale: 96.43%
2025-08-29 21:44:33,092 - === Fold 8/10 ===
2025-08-29 21:44:33,122 - Epoch 1/500 - Train Loss: 1.3026, Train Acc: 38.10% - Val loss: 0.9528, Val Acc: 42.86%
2025-08-29 21:44:35,609 - Early stopping à l'epoch 101
2025-08-29 21:44:35,611 - Fold 8 - Accuracy finale: 82.14%
2025-08-29 21:44:35,611 - === Fold 9/10 ===
2025-08-29 21:44:35,638 - Epoch 1/500 - Train Loss: 1.5529, Train Acc: 31.75% - Val loss: 1.1960, Val Acc: 32.14%
2025-08-29 21:44:40,671 - Epoch 201/500 - Train Loss: 0.0016, Train Acc: 100.00% - Val loss: 0.0856, Val Acc: 96.43%
2025-08-29 21:44:41,009 - Early stopping à l'epoch 213
2025-08-29 21:44:41,011 - Fold 9 - Accuracy finale: 96.43%
2025-08-29 21:44:41,011 - === Fold 10/10 ===
2025-08-29 21:44:41,043 - Epoch 1/500 - Train Loss: 1.4052, Train Acc: 33.33% - Val loss: 1.0531, Val Acc: 46.43%
2025-08-29 21:44:44,098 - Early stopping à l'epoch 116
2025-08-29 21:44:44,099 - Fold 10 - Accuracy finale: 85.71%
2025-08-29 21:44:44,099 - 
2025-08-29 21:44:44,099 - Résultats de la validation croisée
2025-08-29 21:44:44,099 - 
2025-08-29 21:44:44,099 - Accuracy moyenne: 91.07% ± 5.59%
2025-08-29 21:44:44,099 - Loss moyenne: 0.5422 ± 0.3738
2025-08-29 21:44:44,100 - Nombre d'epochs moyen: 154
2025-08-29 21:44:44,100 - Accuracy par fold: ['96.43%', '96.43%', '89.29%', '96.43%', '85.71%', '85.71%', '96.43%', '82.14%', '96.43%', '85.71%']

2025-08-29 21:44:44,100 - Entrainement du modèle final pour le jeu d'hyperparamètres 24

2025-08-29 21:44:44,128 - Epoch 1/154 - Loss: 1.5526, Acc: 30.00%
2025-08-29 21:44:48,114 - Epoch 154/154 - Loss: 0.0123, Acc: 99.64%
2025-08-29 21:44:48,116 - 

2025-08-29 21:44:48,116 - Résultats finaux pour le jeu d'hyperparamètres 24

2025-08-29 21:44:48,116 - Accuracy de validation croisée: 91.07% ± 5.59%
2025-08-29 21:44:48,116 - Accuracy sur le test: 89.17%

2025-08-29 21:44:53,713 - JEU D'HYPERPARAMÈTRES 25:
2025-08-29 21:44:53,713 - {'estimator_name': 'LSTM', 'estimator_params': {'num_layers': 2, 'hidden_size': 80, 'dropout': 0.025}, 'weight_decay': 5e-06, 'lr': 0.0055, 'scheduler_factor': 0.5, 'batch_size': 28}

2025-08-29 21:44:53,713 - Début de la validation croisée pour le jeu d'hyperparamètres 25

2025-08-29 21:44:53,713 - Variables sélectionnées : mêmes variables que celles retenues au départ (pas de sélection en avant)

2025-08-29 21:44:53,714 - === Fold 1/10 ===
2025-08-29 21:44:53,860 - Epoch 1/500 - Train Loss: 1.8417, Train Acc: 15.08% - Val loss: 1.8579, Val Acc: 14.29%
2025-08-29 21:45:08,839 - Early stopping à l'epoch 117
2025-08-29 21:45:08,842 - Fold 1 - Accuracy finale: 21.43%
2025-08-29 21:45:08,842 - === Fold 2/10 ===
2025-08-29 21:45:08,992 - Epoch 1/500 - Train Loss: 1.8403, Train Acc: 15.08% - Val loss: 1.8543, Val Acc: 14.29%
2025-08-29 21:45:24,009 - Early stopping à l'epoch 117
2025-08-29 21:45:24,013 - Fold 2 - Accuracy finale: 21.43%
2025-08-29 21:45:24,013 - === Fold 3/10 ===
2025-08-29 21:45:24,175 - Epoch 1/500 - Train Loss: 1.8438, Train Acc: 15.08% - Val loss: 1.8391, Val Acc: 14.29%
2025-08-29 21:45:39,453 - Early stopping à l'epoch 118
2025-08-29 21:45:39,456 - Fold 3 - Accuracy finale: 21.43%
2025-08-29 21:45:39,456 - === Fold 4/10 ===
2025-08-29 21:45:39,617 - Epoch 1/500 - Train Loss: 1.8435, Train Acc: 15.08% - Val loss: 1.8416, Val Acc: 14.29%
2025-08-29 21:45:56,631 - Early stopping à l'epoch 132
2025-08-29 21:45:56,635 - Fold 4 - Accuracy finale: 21.43%
2025-08-29 21:45:56,635 - === Fold 5/10 ===
2025-08-29 21:45:56,784 - Epoch 1/500 - Train Loss: 1.8422, Train Acc: 15.08% - Val loss: 1.8382, Val Acc: 14.29%
2025-08-29 21:46:09,388 - Early stopping à l'epoch 98
2025-08-29 21:46:09,391 - Fold 5 - Accuracy finale: 21.43%
2025-08-29 21:46:09,391 - === Fold 6/10 ===
2025-08-29 21:46:09,538 - Epoch 1/500 - Train Loss: 1.8416, Train Acc: 15.08% - Val loss: 1.8443, Val Acc: 14.29%
2025-08-29 21:46:24,064 - Early stopping à l'epoch 113
2025-08-29 21:46:24,068 - Fold 6 - Accuracy finale: 21.43%
2025-08-29 21:46:24,068 - === Fold 7/10 ===
2025-08-29 21:46:24,230 - Epoch 1/500 - Train Loss: 1.8426, Train Acc: 17.06% - Val loss: 1.8208, Val Acc: 21.43%
2025-08-29 21:46:38,454 - Early stopping à l'epoch 111
2025-08-29 21:46:38,457 - Fold 7 - Accuracy finale: 17.86%
2025-08-29 21:46:38,457 - === Fold 8/10 ===
2025-08-29 21:46:38,605 - Epoch 1/500 - Train Loss: 1.8411, Train Acc: 15.08% - Val loss: 1.8192, Val Acc: 14.29%
2025-08-29 21:46:51,621 - Early stopping à l'epoch 101
2025-08-29 21:46:51,624 - Fold 8 - Accuracy finale: 17.86%
2025-08-29 21:46:51,624 - === Fold 9/10 ===
2025-08-29 21:46:51,770 - Epoch 1/500 - Train Loss: 1.8458, Train Acc: 14.68% - Val loss: 1.8117, Val Acc: 17.86%
2025-08-29 21:47:02,941 - Early stopping à l'epoch 87
2025-08-29 21:47:02,944 - Fold 9 - Accuracy finale: 17.86%
2025-08-29 21:47:02,953 - === Fold 10/10 ===
2025-08-29 21:47:03,126 - Epoch 1/500 - Train Loss: 1.8462, Train Acc: 14.68% - Val loss: 1.8135, Val Acc: 17.86%
2025-08-29 21:47:14,511 - Early stopping à l'epoch 88
2025-08-29 21:47:14,514 - Fold 10 - Accuracy finale: 17.86%
2025-08-29 21:47:14,515 - 
2025-08-29 21:47:14,515 - Résultats de la validation croisée
2025-08-29 21:47:14,515 - 
2025-08-29 21:47:14,515 - Accuracy moyenne: 20.00% ± 1.75%
2025-08-29 21:47:14,515 - Loss moyenne: 1.7849 ± 0.0009
2025-08-29 21:47:14,515 - Nombre d'epochs moyen: 108
2025-08-29 21:47:14,515 - Accuracy par fold: ['21.43%', '21.43%', '21.43%', '21.43%', '21.43%', '21.43%', '17.86%', '17.86%', '17.86%', '17.86%']

2025-08-29 21:47:14,515 - Entrainement du modèle final pour le jeu d'hyperparamètres 25

2025-08-29 21:47:14,684 - Epoch 1/108 - Loss: 1.8409, Acc: 15.00%
2025-08-29 21:47:29,798 - Epoch 108/108 - Loss: 1.7861, Acc: 19.29%
2025-08-29 21:47:29,922 - 

2025-08-29 21:47:29,923 - Résultats finaux pour le jeu d'hyperparamètres 25

2025-08-29 21:47:29,923 - Accuracy de validation croisée: 20.00% ± 1.75%
2025-08-29 21:47:29,923 - Accuracy sur le test: 20.83%

2025-08-29 21:47:35,783 - JEU D'HYPERPARAMÈTRES 26:
2025-08-29 21:47:35,783 - {'estimator_name': 'LSTM', 'estimator_params': {'num_layers': 2, 'hidden_size': 80, 'dropout': 0.025}, 'weight_decay': 7.5e-07, 'lr': 0.0045, 'scheduler_factor': 0.6, 'batch_size': 32}

2025-08-29 21:47:35,783 - Début de la validation croisée pour le jeu d'hyperparamètres 26

2025-08-29 21:47:35,783 - Variables sélectionnées : mêmes variables que celles retenues au départ (pas de sélection en avant)

2025-08-29 21:47:35,784 - === Fold 1/10 ===
2025-08-29 21:47:35,918 - Epoch 1/500 - Train Loss: 1.8416, Train Acc: 15.08% - Val loss: 1.8620, Val Acc: 14.29%
2025-08-29 21:47:49,823 - Early stopping à l'epoch 122
2025-08-29 21:47:49,827 - Fold 1 - Accuracy finale: 21.43%
2025-08-29 21:47:49,827 - === Fold 2/10 ===
2025-08-29 21:47:49,964 - Epoch 1/500 - Train Loss: 1.8403, Train Acc: 15.08% - Val loss: 1.8583, Val Acc: 14.29%
2025-08-29 21:48:04,056 - Early stopping à l'epoch 123
2025-08-29 21:48:04,059 - Fold 2 - Accuracy finale: 21.43%
2025-08-29 21:48:04,059 - === Fold 3/10 ===
2025-08-29 21:48:04,204 - Epoch 1/500 - Train Loss: 1.8459, Train Acc: 15.08% - Val loss: 1.8424, Val Acc: 14.29%
2025-08-29 21:48:20,065 - Early stopping à l'epoch 138
2025-08-29 21:48:20,068 - Fold 3 - Accuracy finale: 21.43%
2025-08-29 21:48:20,068 - === Fold 4/10 ===
2025-08-29 21:48:20,201 - Epoch 1/500 - Train Loss: 1.8421, Train Acc: 15.08% - Val loss: 1.8441, Val Acc: 14.29%
2025-08-29 21:48:33,929 - Early stopping à l'epoch 121
2025-08-29 21:48:33,932 - Fold 4 - Accuracy finale: 21.43%
2025-08-29 21:48:33,932 - === Fold 5/10 ===
2025-08-29 21:48:34,064 - Epoch 1/500 - Train Loss: 1.8452, Train Acc: 15.08% - Val loss: 1.8427, Val Acc: 14.29%
2025-08-29 21:48:48,468 - Early stopping à l'epoch 127
2025-08-29 21:48:48,471 - Fold 5 - Accuracy finale: 21.43%
2025-08-29 21:48:48,471 - === Fold 6/10 ===
2025-08-29 21:48:48,606 - Epoch 1/500 - Train Loss: 1.8411, Train Acc: 15.08% - Val loss: 1.8478, Val Acc: 14.29%
2025-08-29 21:49:05,865 - Early stopping à l'epoch 151
2025-08-29 21:49:05,868 - Fold 6 - Accuracy finale: 21.43%
2025-08-29 21:49:05,868 - === Fold 7/10 ===
2025-08-29 21:49:06,007 - Epoch 1/500 - Train Loss: 1.8434, Train Acc: 15.08% - Val loss: 1.8230, Val Acc: 14.29%
2025-08-29 21:49:16,907 - Early stopping à l'epoch 97
2025-08-29 21:49:16,910 - Fold 7 - Accuracy finale: 17.86%
2025-08-29 21:49:16,910 - === Fold 8/10 ===
2025-08-29 21:49:17,045 - Epoch 1/500 - Train Loss: 1.8424, Train Acc: 15.08% - Val loss: 1.8232, Val Acc: 14.29%
2025-08-29 21:49:31,565 - Early stopping à l'epoch 127
2025-08-29 21:49:31,569 - Fold 8 - Accuracy finale: 17.86%
2025-08-29 21:49:31,569 - === Fold 9/10 ===
2025-08-29 21:49:31,704 - Epoch 1/500 - Train Loss: 1.8470, Train Acc: 14.68% - Val loss: 1.8148, Val Acc: 17.86%
2025-08-29 21:49:41,712 - Early stopping à l'epoch 89
2025-08-29 21:49:41,715 - Fold 9 - Accuracy finale: 17.86%
2025-08-29 21:49:41,715 - === Fold 10/10 ===
2025-08-29 21:49:41,849 - Epoch 1/500 - Train Loss: 1.8475, Train Acc: 14.68% - Val loss: 1.8164, Val Acc: 17.86%
2025-08-29 21:49:52,045 - Early stopping à l'epoch 90
2025-08-29 21:49:52,048 - Fold 10 - Accuracy finale: 17.86%
2025-08-29 21:49:52,048 - 
2025-08-29 21:49:52,049 - Résultats de la validation croisée
2025-08-29 21:49:52,049 - 
2025-08-29 21:49:52,049 - Accuracy moyenne: 20.00% ± 1.75%
2025-08-29 21:49:52,049 - Loss moyenne: 1.7850 ± 0.0009
2025-08-29 21:49:52,049 - Nombre d'epochs moyen: 118
2025-08-29 21:49:52,049 - Accuracy par fold: ['21.43%', '21.43%', '21.43%', '21.43%', '21.43%', '21.43%', '17.86%', '17.86%', '17.86%', '17.86%']

2025-08-29 21:49:52,049 - Entrainement du modèle final pour le jeu d'hyperparamètres 26

2025-08-29 21:49:52,190 - Epoch 1/118 - Loss: 1.8436, Acc: 15.00%
2025-08-29 21:50:07,209 - Epoch 118/118 - Loss: 1.7858, Acc: 18.93%
2025-08-29 21:50:07,212 - 

2025-08-29 21:50:07,212 - Résultats finaux pour le jeu d'hyperparamètres 26

2025-08-29 21:50:07,212 - Accuracy de validation croisée: 20.00% ± 1.75%
2025-08-29 21:50:07,212 - Accuracy sur le test: 20.83%

2025-08-29 21:50:12,981 - JEU D'HYPERPARAMÈTRES 27:
2025-08-29 21:50:12,981 - {'estimator_name': 'LSTM', 'estimator_params': {'num_layers': 2, 'hidden_size': 96, 'dropout': 0.15}, 'weight_decay': 2.5e-06, 'lr': 0.0055, 'scheduler_factor': 0.5, 'batch_size': 28}

2025-08-29 21:50:12,981 - Début de la validation croisée pour le jeu d'hyperparamètres 27

2025-08-29 21:50:12,981 - Variables sélectionnées : mêmes variables que celles retenues au départ (pas de sélection en avant)

2025-08-29 21:50:12,982 - === Fold 1/10 ===
2025-08-29 21:50:13,165 - Epoch 1/500 - Train Loss: 1.8577, Train Acc: 18.65% - Val loss: 1.8141, Val Acc: 21.43%
2025-08-29 21:50:26,783 - Early stopping à l'epoch 88
2025-08-29 21:50:26,787 - Fold 1 - Accuracy finale: 21.43%
2025-08-29 21:50:26,788 - === Fold 2/10 ===
2025-08-29 21:50:26,977 - Epoch 1/500 - Train Loss: 1.8592, Train Acc: 13.49% - Val loss: 1.8148, Val Acc: 21.43%
2025-08-29 21:50:40,586 - Early stopping à l'epoch 88
2025-08-29 21:50:40,589 - Fold 2 - Accuracy finale: 21.43%
2025-08-29 21:50:40,590 - === Fold 3/10 ===
2025-08-29 21:50:40,780 - Epoch 1/500 - Train Loss: 1.8553, Train Acc: 17.06% - Val loss: 1.8303, Val Acc: 21.43%
2025-08-29 21:50:54,608 - Early stopping à l'epoch 90
2025-08-29 21:50:54,612 - Fold 3 - Accuracy finale: 21.43%
2025-08-29 21:50:54,612 - === Fold 4/10 ===
2025-08-29 21:50:54,807 - Epoch 1/500 - Train Loss: 1.8559, Train Acc: 17.46% - Val loss: 1.8297, Val Acc: 21.43%
2025-08-29 21:51:08,502 - Early stopping à l'epoch 91
2025-08-29 21:51:08,506 - Fold 4 - Accuracy finale: 21.43%
2025-08-29 21:51:08,506 - === Fold 5/10 ===
2025-08-29 21:51:08,704 - Epoch 1/500 - Train Loss: 1.8552, Train Acc: 17.06% - Val loss: 1.8300, Val Acc: 21.43%
2025-08-29 21:51:23,040 - Early stopping à l'epoch 92
2025-08-29 21:51:23,044 - Fold 5 - Accuracy finale: 21.43%
2025-08-29 21:51:23,044 - === Fold 6/10 ===
2025-08-29 21:51:23,224 - Epoch 1/500 - Train Loss: 1.8548, Train Acc: 18.65% - Val loss: 1.8404, Val Acc: 21.43%
2025-08-29 21:51:37,127 - Early stopping à l'epoch 91
2025-08-29 21:51:37,131 - Fold 6 - Accuracy finale: 21.43%
2025-08-29 21:51:37,131 - === Fold 7/10 ===
2025-08-29 21:51:37,306 - Epoch 1/500 - Train Loss: 1.8520, Train Acc: 13.49% - Val loss: 1.8713, Val Acc: 17.86%
2025-08-29 21:51:55,029 - Early stopping à l'epoch 115
2025-08-29 21:51:55,033 - Fold 7 - Accuracy finale: 17.86%
2025-08-29 21:51:55,033 - === Fold 8/10 ===
2025-08-29 21:51:55,226 - Epoch 1/500 - Train Loss: 1.8511, Train Acc: 19.05% - Val loss: 1.8712, Val Acc: 17.86%
2025-08-29 21:52:12,354 - Early stopping à l'epoch 112
2025-08-29 21:52:12,358 - Fold 8 - Accuracy finale: 17.86%
2025-08-29 21:52:12,358 - === Fold 9/10 ===
2025-08-29 21:52:12,531 - Epoch 1/500 - Train Loss: 1.8521, Train Acc: 16.67% - Val loss: 1.8626, Val Acc: 17.86%
2025-08-29 21:52:32,870 - Early stopping à l'epoch 133
2025-08-29 21:52:32,874 - Fold 9 - Accuracy finale: 17.86%
2025-08-29 21:52:32,874 - === Fold 10/10 ===
2025-08-29 21:52:33,047 - Epoch 1/500 - Train Loss: 1.8531, Train Acc: 18.25% - Val loss: 1.8645, Val Acc: 17.86%
2025-08-29 21:52:49,810 - Early stopping à l'epoch 107
2025-08-29 21:52:49,814 - Fold 10 - Accuracy finale: 17.86%
2025-08-29 21:52:49,815 - 
2025-08-29 21:52:49,815 - Résultats de la validation croisée
2025-08-29 21:52:49,815 - 
2025-08-29 21:52:49,815 - Accuracy moyenne: 20.00% ± 1.75%
2025-08-29 21:52:49,815 - Loss moyenne: 1.7849 ± 0.0011
2025-08-29 21:52:49,815 - Nombre d'epochs moyen: 100
2025-08-29 21:52:49,815 - Accuracy par fold: ['21.43%', '21.43%', '21.43%', '21.43%', '21.43%', '21.43%', '17.86%', '17.86%', '17.86%', '17.86%']

2025-08-29 21:52:49,815 - Entrainement du modèle final pour le jeu d'hyperparamètres 27

2025-08-29 21:52:50,006 - Epoch 1/100 - Loss: 1.8559, Acc: 16.79%
2025-08-29 21:53:06,678 - Epoch 100/100 - Loss: 1.7838, Acc: 20.00%
2025-08-29 21:53:06,681 - 

2025-08-29 21:53:06,681 - Résultats finaux pour le jeu d'hyperparamètres 27

2025-08-29 21:53:06,681 - Accuracy de validation croisée: 20.00% ± 1.75%
2025-08-29 21:53:06,681 - Accuracy sur le test: 20.83%

2025-08-29 21:53:12,901 - JEU D'HYPERPARAMÈTRES 28:
2025-08-29 21:53:12,901 - {'estimator_name': 'Transformer', 'estimator_params': {'d_model': 60, 'nhead': 3, 'num_layers': 4, 'dropout': 0.075}, 'weight_decay': 2.5e-06, 'lr': 0.005, 'scheduler_factor': 0.6, 'batch_size': 28}

2025-08-29 21:53:12,901 - Début de la validation croisée pour le jeu d'hyperparamètres 28

2025-08-29 21:53:12,901 - Variables sélectionnées : mêmes variables que celles retenues au départ (pas de sélection en avant)

2025-08-29 21:53:12,902 - === Fold 1/10 ===
2025-08-29 21:53:12,950 - Epoch 1/500 - Train Loss: 1.5542, Train Acc: 25.00% - Val loss: 1.1844, Val Acc: 32.14%
2025-08-29 21:53:19,884 - Early stopping à l'epoch 183
2025-08-29 21:53:19,886 - Fold 1 - Accuracy finale: 35.71%
2025-08-29 21:53:19,886 - === Fold 2/10 ===
2025-08-29 21:53:19,928 - Epoch 1/500 - Train Loss: 1.6024, Train Acc: 25.40% - Val loss: 1.2406, Val Acc: 32.14%
2025-08-29 21:53:22,979 - Early stopping à l'epoch 84
2025-08-29 21:53:22,980 - Fold 2 - Accuracy finale: 32.14%
2025-08-29 21:53:22,980 - === Fold 3/10 ===
2025-08-29 21:53:23,023 - Epoch 1/500 - Train Loss: 1.8288, Train Acc: 26.59% - Val loss: 1.2254, Val Acc: 28.57%
2025-08-29 21:53:29,553 - Early stopping à l'epoch 178
2025-08-29 21:53:29,554 - Fold 3 - Accuracy finale: 35.71%
2025-08-29 21:53:29,554 - === Fold 4/10 ===
2025-08-29 21:53:29,597 - Epoch 1/500 - Train Loss: 1.4683, Train Acc: 27.38% - Val loss: 1.1851, Val Acc: 32.14%
2025-08-29 21:53:36,967 - Epoch 201/500 - Train Loss: 1.0737, Train Acc: 32.94% - Val loss: 1.0925, Val Acc: 39.29%
2025-08-29 21:53:37,405 - Early stopping à l'epoch 212
2025-08-29 21:53:37,407 - Fold 4 - Accuracy finale: 35.71%
2025-08-29 21:53:37,407 - === Fold 5/10 ===
2025-08-29 21:53:37,450 - Epoch 1/500 - Train Loss: 1.6811, Train Acc: 30.95% - Val loss: 1.1603, Val Acc: 39.29%
2025-08-29 21:53:44,902 - Epoch 201/500 - Train Loss: 1.1389, Train Acc: 43.65% - Val loss: 1.8691, Val Acc: 42.86%
2025-08-29 21:53:45,258 - Early stopping à l'epoch 210
2025-08-29 21:53:45,259 - Fold 5 - Accuracy finale: 42.86%
2025-08-29 21:53:45,259 - === Fold 6/10 ===
2025-08-29 21:53:45,312 - Epoch 1/500 - Train Loss: 1.8082, Train Acc: 25.00% - Val loss: 2.5015, Val Acc: 14.29%
2025-08-29 21:53:50,252 - Early stopping à l'epoch 131
2025-08-29 21:53:50,254 - Fold 6 - Accuracy finale: 32.14%
2025-08-29 21:53:50,254 - === Fold 7/10 ===
2025-08-29 21:53:50,299 - Epoch 1/500 - Train Loss: 1.6604, Train Acc: 26.19% - Val loss: 1.2010, Val Acc: 35.71%
2025-08-29 21:53:53,311 - Early stopping à l'epoch 81
2025-08-29 21:53:53,313 - Fold 7 - Accuracy finale: 39.29%
2025-08-29 21:53:53,313 - === Fold 8/10 ===
2025-08-29 21:53:53,356 - Epoch 1/500 - Train Loss: 1.6349, Train Acc: 27.78% - Val loss: 1.1692, Val Acc: 32.14%
2025-08-29 21:53:57,521 - Early stopping à l'epoch 113
2025-08-29 21:53:57,523 - Fold 8 - Accuracy finale: 42.86%
2025-08-29 21:53:57,523 - === Fold 9/10 ===
2025-08-29 21:53:57,566 - Epoch 1/500 - Train Loss: 1.7950, Train Acc: 26.98% - Val loss: 1.2221, Val Acc: 32.14%
2025-08-29 21:54:03,774 - Early stopping à l'epoch 167
2025-08-29 21:54:03,776 - Fold 9 - Accuracy finale: 35.71%
2025-08-29 21:54:03,776 - === Fold 10/10 ===
2025-08-29 21:54:03,818 - Epoch 1/500 - Train Loss: 1.5078, Train Acc: 27.38% - Val loss: 2.1346, Val Acc: 21.43%
2025-08-29 21:54:08,738 - Early stopping à l'epoch 126
2025-08-29 21:54:08,740 - Fold 10 - Accuracy finale: 17.86%
2025-08-29 21:54:08,740 - 
2025-08-29 21:54:08,740 - Résultats de la validation croisée
2025-08-29 21:54:08,740 - 
2025-08-29 21:54:08,740 - Accuracy moyenne: 35.00% ± 6.74%
2025-08-29 21:54:08,740 - Loss moyenne: 1.2475 ± 0.2779
2025-08-29 21:54:08,740 - Nombre d'epochs moyen: 148
2025-08-29 21:54:08,740 - Accuracy par fold: ['35.71%', '32.14%', '35.71%', '35.71%', '42.86%', '32.14%', '39.29%', '42.86%', '35.71%', '17.86%']

2025-08-29 21:54:08,740 - Entrainement du modèle final pour le jeu d'hyperparamètres 28

2025-08-29 21:54:08,785 - Epoch 1/148 - Loss: 1.6349, Acc: 28.57%
2025-08-29 21:54:14,629 - Epoch 148/148 - Loss: 1.7899, Acc: 18.57%
2025-08-29 21:54:14,631 - 

2025-08-29 21:54:14,631 - Résultats finaux pour le jeu d'hyperparamètres 28

2025-08-29 21:54:14,631 - Accuracy de validation croisée: 35.00% ± 6.74%
2025-08-29 21:54:14,631 - Accuracy sur le test: 20.83%

2025-08-29 21:54:20,898 - JEU D'HYPERPARAMÈTRES 29:
2025-08-29 21:54:20,898 - {'estimator_name': 'LSTM', 'estimator_params': {'num_layers': 3, 'hidden_size': 80, 'dropout': 0.05}, 'weight_decay': 5e-06, 'lr': 0.0035, 'scheduler_factor': 0.4, 'batch_size': 32}

2025-08-29 21:54:20,898 - Début de la validation croisée pour le jeu d'hyperparamètres 29

2025-08-29 21:54:20,898 - Variables sélectionnées : mêmes variables que celles retenues au départ (pas de sélection en avant)

2025-08-29 21:54:20,899 - === Fold 1/10 ===
2025-08-29 21:54:21,059 - Epoch 1/500 - Train Loss: 1.8085, Train Acc: 19.44% - Val loss: 1.7979, Val Acc: 21.43%
2025-08-29 21:54:31,334 - Early stopping à l'epoch 90
2025-08-29 21:54:31,337 - Fold 1 - Accuracy finale: 21.43%
2025-08-29 21:54:31,337 - === Fold 2/10 ===
2025-08-29 21:54:31,472 - Epoch 1/500 - Train Loss: 1.8100, Train Acc: 17.86% - Val loss: 1.7988, Val Acc: 21.43%
2025-08-29 21:54:42,938 - Early stopping à l'epoch 101
2025-08-29 21:54:42,941 - Fold 2 - Accuracy finale: 21.43%
2025-08-29 21:54:42,941 - === Fold 3/10 ===
2025-08-29 21:54:43,076 - Epoch 1/500 - Train Loss: 1.8081, Train Acc: 16.67% - Val loss: 1.7856, Val Acc: 21.43%
2025-08-29 21:54:52,690 - Early stopping à l'epoch 85
2025-08-29 21:54:52,693 - Fold 3 - Accuracy finale: 21.43%
2025-08-29 21:54:52,693 - === Fold 4/10 ===
2025-08-29 21:54:52,827 - Epoch 1/500 - Train Loss: 1.8106, Train Acc: 18.25% - Val loss: 1.7872, Val Acc: 21.43%
2025-08-29 21:55:02,648 - Early stopping à l'epoch 85
2025-08-29 21:55:02,651 - Fold 4 - Accuracy finale: 21.43%
2025-08-29 21:55:02,651 - === Fold 5/10 ===
2025-08-29 21:55:02,788 - Epoch 1/500 - Train Loss: 1.8080, Train Acc: 19.05% - Val loss: 1.7867, Val Acc: 21.43%
2025-08-29 21:55:12,547 - Early stopping à l'epoch 85
2025-08-29 21:55:12,550 - Fold 5 - Accuracy finale: 21.43%
2025-08-29 21:55:12,550 - === Fold 6/10 ===
2025-08-29 21:55:12,694 - Epoch 1/500 - Train Loss: 1.8085, Train Acc: 14.68% - Val loss: 1.8075, Val Acc: 21.43%
2025-08-29 21:55:28,069 - Early stopping à l'epoch 134
2025-08-29 21:55:28,073 - Fold 6 - Accuracy finale: 21.43%
2025-08-29 21:55:28,073 - === Fold 7/10 ===
2025-08-29 21:55:28,206 - Epoch 1/500 - Train Loss: 1.8052, Train Acc: 18.25% - Val loss: 1.8196, Val Acc: 17.86%
2025-08-29 21:55:46,291 - Early stopping à l'epoch 157
2025-08-29 21:55:46,294 - Fold 7 - Accuracy finale: 17.86%
2025-08-29 21:55:46,294 - === Fold 8/10 ===
2025-08-29 21:55:46,436 - Epoch 1/500 - Train Loss: 1.8064, Train Acc: 19.44% - Val loss: 1.8170, Val Acc: 17.86%
2025-08-29 21:55:59,579 - Early stopping à l'epoch 114
2025-08-29 21:55:59,582 - Fold 8 - Accuracy finale: 17.86%
2025-08-29 21:55:59,582 - === Fold 9/10 ===
2025-08-29 21:55:59,721 - Epoch 1/500 - Train Loss: 1.8077, Train Acc: 19.84% - Val loss: 1.8102, Val Acc: 17.86%
2025-08-29 21:56:22,815 - Epoch 201/500 - Train Loss: 1.7854, Train Acc: 20.24% - Val loss: 1.7869, Val Acc: 17.86%
2025-08-29 21:56:22,815 - Early stopping à l'epoch 201
2025-08-29 21:56:22,818 - Fold 9 - Accuracy finale: 17.86%
2025-08-29 21:56:22,819 - === Fold 10/10 ===
2025-08-29 21:56:22,952 - Epoch 1/500 - Train Loss: 1.8071, Train Acc: 18.25% - Val loss: 1.8153, Val Acc: 17.86%
2025-08-29 21:56:40,082 - Early stopping à l'epoch 158
2025-08-29 21:56:40,085 - Fold 10 - Accuracy finale: 17.86%
2025-08-29 21:56:40,086 - 
2025-08-29 21:56:40,086 - Résultats de la validation croisée
2025-08-29 21:56:40,086 - 
2025-08-29 21:56:40,086 - Accuracy moyenne: 20.00% ± 1.75%
2025-08-29 21:56:40,086 - Loss moyenne: 1.7849 ± 0.0013
2025-08-29 21:56:40,086 - Nombre d'epochs moyen: 121
2025-08-29 21:56:40,086 - Accuracy par fold: ['21.43%', '21.43%', '21.43%', '21.43%', '21.43%', '21.43%', '17.86%', '17.86%', '17.86%', '17.86%']

2025-08-29 21:56:40,086 - Entrainement du modèle final pour le jeu d'hyperparamètres 29

2025-08-29 21:56:40,227 - Epoch 1/121 - Loss: 1.8065, Acc: 17.50%
2025-08-29 21:56:54,726 - Epoch 121/121 - Loss: 1.7850, Acc: 20.00%
2025-08-29 21:56:54,729 - 

2025-08-29 21:56:54,729 - Résultats finaux pour le jeu d'hyperparamètres 29

2025-08-29 21:56:54,729 - Accuracy de validation croisée: 20.00% ± 1.75%
2025-08-29 21:56:54,729 - Accuracy sur le test: 20.83%

2025-08-29 21:57:01,422 - JEU D'HYPERPARAMÈTRES 30:
2025-08-29 21:57:01,423 - {'estimator_name': 'Transformer', 'estimator_params': {'d_model': 36, 'nhead': 4, 'num_layers': 4, 'dropout': 0.15}, 'weight_decay': 2.5e-06, 'lr': 0.005, 'scheduler_factor': 0.5, 'batch_size': 36}

2025-08-29 21:57:01,423 - Début de la validation croisée pour le jeu d'hyperparamètres 30

2025-08-29 21:57:01,423 - Variables sélectionnées : mêmes variables que celles retenues au départ (pas de sélection en avant)

2025-08-29 21:57:01,423 - === Fold 1/10 ===
2025-08-29 21:57:01,470 - Epoch 1/500 - Train Loss: 1.9655, Train Acc: 22.62% - Val loss: 1.5106, Val Acc: 32.14%
2025-08-29 21:57:08,034 - Early stopping à l'epoch 184
2025-08-29 21:57:08,036 - Fold 1 - Accuracy finale: 35.71%
2025-08-29 21:57:08,036 - === Fold 2/10 ===
2025-08-29 21:57:08,078 - Epoch 1/500 - Train Loss: 1.8640, Train Acc: 21.03% - Val loss: 1.4517, Val Acc: 25.00%
2025-08-29 21:57:11,079 - Early stopping à l'epoch 86
2025-08-29 21:57:11,081 - Fold 2 - Accuracy finale: 35.71%
2025-08-29 21:57:11,081 - === Fold 3/10 ===
2025-08-29 21:57:11,123 - Epoch 1/500 - Train Loss: 1.7659, Train Acc: 26.98% - Val loss: 1.3086, Val Acc: 39.29%
2025-08-29 21:57:14,720 - Early stopping à l'epoch 104
2025-08-29 21:57:14,722 - Fold 3 - Accuracy finale: 67.86%
2025-08-29 21:57:14,722 - === Fold 4/10 ===
2025-08-29 21:57:14,763 - Epoch 1/500 - Train Loss: 1.5811, Train Acc: 23.41% - Val loss: 1.2225, Val Acc: 35.71%
2025-08-29 21:57:17,817 - Early stopping à l'epoch 88
2025-08-29 21:57:17,820 - Fold 4 - Accuracy finale: 35.71%
2025-08-29 21:57:17,820 - === Fold 5/10 ===
2025-08-29 21:57:17,859 - Epoch 1/500 - Train Loss: 1.8503, Train Acc: 26.98% - Val loss: 1.3006, Val Acc: 35.71%
2025-08-29 21:57:23,202 - Early stopping à l'epoch 155
2025-08-29 21:57:23,205 - Fold 5 - Accuracy finale: 35.71%
2025-08-29 21:57:23,205 - === Fold 6/10 ===
2025-08-29 21:57:23,250 - Epoch 1/500 - Train Loss: 1.6554, Train Acc: 26.19% - Val loss: 1.2294, Val Acc: 28.57%
2025-08-29 21:57:28,073 - Early stopping à l'epoch 139
2025-08-29 21:57:28,075 - Fold 6 - Accuracy finale: 39.29%
2025-08-29 21:57:28,075 - === Fold 7/10 ===
2025-08-29 21:57:28,114 - Epoch 1/500 - Train Loss: 1.9281, Train Acc: 22.62% - Val loss: 1.5399, Val Acc: 35.71%
2025-08-29 21:57:31,615 - Early stopping à l'epoch 99
2025-08-29 21:57:31,617 - Fold 7 - Accuracy finale: 17.86%
2025-08-29 21:57:31,618 - === Fold 8/10 ===
2025-08-29 21:57:31,661 - Epoch 1/500 - Train Loss: 1.8479, Train Acc: 21.03% - Val loss: 1.4000, Val Acc: 35.71%
2025-08-29 21:57:37,600 - Early stopping à l'epoch 174
2025-08-29 21:57:37,602 - Fold 8 - Accuracy finale: 35.71%
2025-08-29 21:57:37,602 - === Fold 9/10 ===
2025-08-29 21:57:37,647 - Epoch 1/500 - Train Loss: 1.8579, Train Acc: 26.98% - Val loss: 1.5894, Val Acc: 32.14%
2025-08-29 21:57:42,602 - Early stopping à l'epoch 137
2025-08-29 21:57:42,604 - Fold 9 - Accuracy finale: 32.14%
2025-08-29 21:57:42,604 - === Fold 10/10 ===
2025-08-29 21:57:42,644 - Epoch 1/500 - Train Loss: 1.6207, Train Acc: 27.78% - Val loss: 1.2402, Val Acc: 32.14%
2025-08-29 21:57:47,916 - Early stopping à l'epoch 150
2025-08-29 21:57:47,918 - Fold 10 - Accuracy finale: 32.14%
2025-08-29 21:57:47,918 - 
2025-08-29 21:57:47,918 - Résultats de la validation croisée
2025-08-29 21:57:47,918 - 
2025-08-29 21:57:47,918 - Accuracy moyenne: 36.79% ± 11.74%
2025-08-29 21:57:47,918 - Loss moyenne: 1.1934 ± 0.2300
2025-08-29 21:57:47,918 - Nombre d'epochs moyen: 131
2025-08-29 21:57:47,918 - Accuracy par fold: ['35.71%', '35.71%', '67.86%', '35.71%', '35.71%', '39.29%', '17.86%', '35.71%', '32.14%', '32.14%']

2025-08-29 21:57:47,918 - Entrainement du modèle final pour le jeu d'hyperparamètres 30

2025-08-29 21:57:47,963 - Epoch 1/131 - Loss: 2.0606, Acc: 13.21%
2025-08-29 21:57:53,026 - Epoch 131/131 - Loss: 1.7852, Acc: 20.00%
2025-08-29 21:57:53,028 - 

2025-08-29 21:57:53,029 - Résultats finaux pour le jeu d'hyperparamètres 30

2025-08-29 21:57:53,029 - Accuracy de validation croisée: 36.79% ± 11.74%
2025-08-29 21:57:53,029 - Accuracy sur le test: 20.83%

2025-08-29 21:57:59,886 - JEU D'HYPERPARAMÈTRES 31:
2025-08-29 21:57:59,886 - {'estimator_name': 'LSTM', 'estimator_params': {'num_layers': 4, 'hidden_size': 64, 'dropout': 0.025}, 'weight_decay': 5e-07, 'lr': 0.0035, 'scheduler_factor': 0.6, 'batch_size': 28}

2025-08-29 21:57:59,886 - Début de la validation croisée pour le jeu d'hyperparamètres 31

2025-08-29 21:57:59,886 - Variables sélectionnées : mêmes variables que celles retenues au départ (pas de sélection en avant)

2025-08-29 21:57:59,886 - === Fold 1/10 ===
2025-08-29 21:58:00,019 - Epoch 1/500 - Train Loss: 1.8108, Train Acc: 19.05% - Val loss: 1.8038, Val Acc: 17.86%
2025-08-29 21:58:10,685 - Early stopping à l'epoch 98
2025-08-29 21:58:10,688 - Fold 1 - Accuracy finale: 21.43%
2025-08-29 21:58:10,688 - === Fold 2/10 ===
2025-08-29 21:58:10,829 - Epoch 1/500 - Train Loss: 1.8085, Train Acc: 20.63% - Val loss: 1.8012, Val Acc: 17.86%
2025-08-29 21:58:24,879 - Early stopping à l'epoch 127
2025-08-29 21:58:24,882 - Fold 2 - Accuracy finale: 21.43%
2025-08-29 21:58:24,882 - === Fold 3/10 ===
2025-08-29 21:58:25,020 - Epoch 1/500 - Train Loss: 1.8115, Train Acc: 19.44% - Val loss: 1.7953, Val Acc: 17.86%
2025-08-29 21:58:34,898 - Early stopping à l'epoch 90
2025-08-29 21:58:34,901 - Fold 3 - Accuracy finale: 21.43%
2025-08-29 21:58:34,901 - === Fold 4/10 ===
2025-08-29 21:58:35,036 - Epoch 1/500 - Train Loss: 1.8116, Train Acc: 19.05% - Val loss: 1.7960, Val Acc: 17.86%
2025-08-29 21:58:44,895 - Early stopping à l'epoch 89
2025-08-29 21:58:44,898 - Fold 4 - Accuracy finale: 21.43%
2025-08-29 21:58:44,898 - === Fold 5/10 ===
2025-08-29 21:58:45,035 - Epoch 1/500 - Train Loss: 1.8101, Train Acc: 20.63% - Val loss: 1.7949, Val Acc: 17.86%
2025-08-29 21:58:54,835 - Early stopping à l'epoch 88
2025-08-29 21:58:54,838 - Fold 5 - Accuracy finale: 21.43%
2025-08-29 21:58:54,838 - === Fold 6/10 ===
2025-08-29 21:58:54,962 - Epoch 1/500 - Train Loss: 1.8062, Train Acc: 19.44% - Val loss: 1.8142, Val Acc: 17.86%
2025-08-29 21:59:10,254 - Early stopping à l'epoch 138
2025-08-29 21:59:10,257 - Fold 6 - Accuracy finale: 21.43%
2025-08-29 21:59:10,257 - === Fold 7/10 ===
2025-08-29 21:59:10,394 - Epoch 1/500 - Train Loss: 1.8085, Train Acc: 18.25% - Val loss: 1.8065, Val Acc: 21.43%
2025-08-29 21:59:25,073 - Early stopping à l'epoch 132
2025-08-29 21:59:25,076 - Fold 7 - Accuracy finale: 17.86%
2025-08-29 21:59:25,077 - === Fold 8/10 ===
2025-08-29 21:59:25,206 - Epoch 1/500 - Train Loss: 1.8061, Train Acc: 17.06% - Val loss: 1.8068, Val Acc: 21.43%
2025-08-29 21:59:37,166 - Early stopping à l'epoch 108
2025-08-29 21:59:37,169 - Fold 8 - Accuracy finale: 17.86%
2025-08-29 21:59:37,169 - === Fold 9/10 ===
2025-08-29 21:59:37,305 - Epoch 1/500 - Train Loss: 1.8092, Train Acc: 18.25% - Val loss: 1.8071, Val Acc: 21.43%
2025-08-29 21:59:47,815 - Early stopping à l'epoch 96
2025-08-29 21:59:47,818 - Fold 9 - Accuracy finale: 17.86%
2025-08-29 21:59:47,818 - === Fold 10/10 ===
2025-08-29 21:59:47,941 - Epoch 1/500 - Train Loss: 1.8108, Train Acc: 17.86% - Val loss: 1.8089, Val Acc: 21.43%
2025-08-29 21:59:58,592 - Early stopping à l'epoch 97
2025-08-29 21:59:58,595 - Fold 10 - Accuracy finale: 17.86%
2025-08-29 21:59:58,596 - 
2025-08-29 21:59:58,596 - Résultats de la validation croisée
2025-08-29 21:59:58,596 - 
2025-08-29 21:59:58,596 - Accuracy moyenne: 20.00% ± 1.75%
2025-08-29 21:59:58,596 - Loss moyenne: 1.7851 ± 0.0011
2025-08-29 21:59:58,596 - Nombre d'epochs moyen: 106
2025-08-29 21:59:58,596 - Accuracy par fold: ['21.43%', '21.43%', '21.43%', '21.43%', '21.43%', '21.43%', '17.86%', '17.86%', '17.86%', '17.86%']

2025-08-29 21:59:58,596 - Entrainement du modèle final pour le jeu d'hyperparamètres 31

2025-08-29 21:59:58,740 - Epoch 1/106 - Loss: 1.8078, Acc: 20.00%
2025-08-29 22:00:11,439 - Epoch 106/106 - Loss: 1.7866, Acc: 20.36%
2025-08-29 22:00:11,442 - 

2025-08-29 22:00:11,442 - Résultats finaux pour le jeu d'hyperparamètres 31

2025-08-29 22:00:11,442 - Accuracy de validation croisée: 20.00% ± 1.75%
2025-08-29 22:00:11,442 - Accuracy sur le test: 20.83%

2025-08-29 22:00:18,648 - JEU D'HYPERPARAMÈTRES 32:
2025-08-29 22:00:18,648 - {'estimator_name': 'Transformer', 'estimator_params': {'d_model': 36, 'nhead': 12, 'num_layers': 2, 'dropout': 0.15}, 'weight_decay': 5e-06, 'lr': 0.005, 'scheduler_factor': 0.5, 'batch_size': 36}

2025-08-29 22:00:18,648 - Début de la validation croisée pour le jeu d'hyperparamètres 32

2025-08-29 22:00:18,648 - Variables sélectionnées : mêmes variables que celles retenues au départ (pas de sélection en avant)

2025-08-29 22:00:18,649 - === Fold 1/10 ===
2025-08-29 22:00:18,673 - Epoch 1/500 - Train Loss: 1.4757, Train Acc: 37.30% - Val loss: 1.1103, Val Acc: 42.86%
2025-08-29 22:00:22,231 - Early stopping à l'epoch 174
2025-08-29 22:00:22,233 - Fold 1 - Accuracy finale: 96.43%
2025-08-29 22:00:22,283 - === Fold 2/10 ===
2025-08-29 22:00:22,309 - Epoch 1/500 - Train Loss: 1.4233, Train Acc: 33.33% - Val loss: 1.1402, Val Acc: 50.00%
2025-08-29 22:00:24,514 - Early stopping à l'epoch 102
2025-08-29 22:00:24,515 - Fold 2 - Accuracy finale: 85.71%
2025-08-29 22:00:24,515 - === Fold 3/10 ===
2025-08-29 22:00:24,540 - Epoch 1/500 - Train Loss: 1.5536, Train Acc: 37.30% - Val loss: 1.0947, Val Acc: 53.57%
2025-08-29 22:00:26,539 - Early stopping à l'epoch 92
2025-08-29 22:00:26,541 - Fold 3 - Accuracy finale: 85.71%
2025-08-29 22:00:26,541 - === Fold 4/10 ===
2025-08-29 22:00:26,566 - Epoch 1/500 - Train Loss: 1.3880, Train Acc: 35.32% - Val loss: 0.9540, Val Acc: 57.14%
2025-08-29 22:00:29,538 - Early stopping à l'epoch 136
2025-08-29 22:00:29,539 - Fold 4 - Accuracy finale: 89.29%
2025-08-29 22:00:29,539 - === Fold 5/10 ===
2025-08-29 22:00:29,566 - Epoch 1/500 - Train Loss: 1.4577, Train Acc: 38.10% - Val loss: 1.2494, Val Acc: 39.29%
2025-08-29 22:00:32,022 - Early stopping à l'epoch 118
2025-08-29 22:00:32,023 - Fold 5 - Accuracy finale: 89.29%
2025-08-29 22:00:32,024 - === Fold 6/10 ===
2025-08-29 22:00:32,050 - Epoch 1/500 - Train Loss: 1.5106, Train Acc: 29.37% - Val loss: 1.1739, Val Acc: 53.57%
2025-08-29 22:00:33,917 - Early stopping à l'epoch 93
2025-08-29 22:00:33,919 - Fold 6 - Accuracy finale: 85.71%
2025-08-29 22:00:33,919 - === Fold 7/10 ===
2025-08-29 22:00:33,942 - Epoch 1/500 - Train Loss: 1.4558, Train Acc: 35.71% - Val loss: 1.0141, Val Acc: 57.14%
2025-08-29 22:00:35,856 - Early stopping à l'epoch 95
2025-08-29 22:00:35,857 - Fold 7 - Accuracy finale: 96.43%
2025-08-29 22:00:35,857 - === Fold 8/10 ===
2025-08-29 22:00:35,883 - Epoch 1/500 - Train Loss: 1.3342, Train Acc: 38.89% - Val loss: 0.9167, Val Acc: 53.57%
2025-08-29 22:00:38,782 - Early stopping à l'epoch 142
2025-08-29 22:00:38,783 - Fold 8 - Accuracy finale: 85.71%
2025-08-29 22:00:38,783 - === Fold 9/10 ===
2025-08-29 22:00:38,808 - Epoch 1/500 - Train Loss: 1.5021, Train Acc: 32.14% - Val loss: 1.2094, Val Acc: 32.14%
2025-08-29 22:00:41,621 - Early stopping à l'epoch 140
2025-08-29 22:00:41,623 - Fold 9 - Accuracy finale: 96.43%
2025-08-29 22:00:41,623 - === Fold 10/10 ===
2025-08-29 22:00:41,649 - Epoch 1/500 - Train Loss: 1.3337, Train Acc: 40.48% - Val loss: 1.0821, Val Acc: 50.00%
2025-08-29 22:00:44,298 - Early stopping à l'epoch 132
2025-08-29 22:00:44,300 - Fold 10 - Accuracy finale: 92.86%
2025-08-29 22:00:44,300 - 
2025-08-29 22:00:44,300 - Résultats de la validation croisée
2025-08-29 22:00:44,300 - 
2025-08-29 22:00:44,300 - Accuracy moyenne: 90.36% ± 4.53%
2025-08-29 22:00:44,300 - Loss moyenne: 0.5683 ± 0.3004
2025-08-29 22:00:44,300 - Nombre d'epochs moyen: 122
2025-08-29 22:00:44,300 - Accuracy par fold: ['96.43%', '85.71%', '85.71%', '89.29%', '89.29%', '85.71%', '96.43%', '85.71%', '96.43%', '92.86%']

2025-08-29 22:00:44,300 - Entrainement du modèle final pour le jeu d'hyperparamètres 32

2025-08-29 22:00:44,324 - Epoch 1/122 - Loss: 1.5348, Acc: 27.14%
2025-08-29 22:00:46,935 - Epoch 122/122 - Loss: 0.0159, Acc: 99.29%
2025-08-29 22:00:46,937 - 

2025-08-29 22:00:46,937 - Résultats finaux pour le jeu d'hyperparamètres 32

2025-08-29 22:00:46,937 - Accuracy de validation croisée: 90.36% ± 4.53%
2025-08-29 22:00:46,937 - Accuracy sur le test: 88.33%

2025-08-29 22:00:53,982 - JEU D'HYPERPARAMÈTRES 33:
2025-08-29 22:00:53,983 - {'estimator_name': 'Transformer', 'estimator_params': {'d_model': 48, 'nhead': 3, 'num_layers': 3, 'dropout': 0.075}, 'weight_decay': 5e-06, 'lr': 0.005, 'scheduler_factor': 0.6, 'batch_size': 36}

2025-08-29 22:00:53,983 - Début de la validation croisée pour le jeu d'hyperparamètres 33

2025-08-29 22:00:53,983 - Variables sélectionnées : mêmes variables que celles retenues au départ (pas de sélection en avant)

2025-08-29 22:00:53,983 - === Fold 1/10 ===
2025-08-29 22:00:54,020 - Epoch 1/500 - Train Loss: 1.6801, Train Acc: 30.16% - Val loss: 1.2009, Val Acc: 35.71%
2025-08-29 22:00:57,904 - Early stopping à l'epoch 150
2025-08-29 22:00:57,905 - Fold 1 - Accuracy finale: 35.71%
2025-08-29 22:00:57,906 - === Fold 2/10 ===
2025-08-29 22:00:57,935 - Epoch 1/500 - Train Loss: 1.6963, Train Acc: 27.38% - Val loss: 1.2860, Val Acc: 39.29%
2025-08-29 22:01:02,739 - Epoch 201/500 - Train Loss: 1.0821, Train Acc: 40.87% - Val loss: 1.2014, Val Acc: 46.43%
2025-08-29 22:01:03,609 - Early stopping à l'epoch 237
2025-08-29 22:01:03,611 - Fold 2 - Accuracy finale: 60.71%
2025-08-29 22:01:03,611 - === Fold 3/10 ===
2025-08-29 22:01:03,640 - Epoch 1/500 - Train Loss: 1.5806, Train Acc: 34.13% - Val loss: 1.1764, Val Acc: 39.29%
2025-08-29 22:01:07,856 - Early stopping à l'epoch 174
2025-08-29 22:01:07,858 - Fold 3 - Accuracy finale: 32.14%
2025-08-29 22:01:07,858 - === Fold 4/10 ===
2025-08-29 22:01:07,889 - Epoch 1/500 - Train Loss: 1.4849, Train Acc: 32.54% - Val loss: 1.1783, Val Acc: 35.71%
2025-08-29 22:01:11,053 - Early stopping à l'epoch 131
2025-08-29 22:01:11,054 - Fold 4 - Accuracy finale: 35.71%
2025-08-29 22:01:11,054 - === Fold 5/10 ===
2025-08-29 22:01:11,083 - Epoch 1/500 - Train Loss: 1.4069, Train Acc: 36.51% - Val loss: 1.1743, Val Acc: 35.71%
2025-08-29 22:01:15,115 - Early stopping à l'epoch 167
2025-08-29 22:01:15,117 - Fold 5 - Accuracy finale: 64.29%
2025-08-29 22:01:15,117 - === Fold 6/10 ===
2025-08-29 22:01:15,144 - Epoch 1/500 - Train Loss: 1.5695, Train Acc: 33.73% - Val loss: 1.1840, Val Acc: 32.14%
2025-08-29 22:01:18,118 - Early stopping à l'epoch 123
2025-08-29 22:01:18,120 - Fold 6 - Accuracy finale: 35.71%
2025-08-29 22:01:18,120 - === Fold 7/10 ===
2025-08-29 22:01:18,149 - Epoch 1/500 - Train Loss: 1.4678, Train Acc: 30.95% - Val loss: 1.2882, Val Acc: 39.29%
2025-08-29 22:01:20,978 - Early stopping à l'epoch 118
2025-08-29 22:01:20,980 - Fold 7 - Accuracy finale: 39.29%
2025-08-29 22:01:20,980 - === Fold 8/10 ===
2025-08-29 22:01:21,009 - Epoch 1/500 - Train Loss: 1.6181, Train Acc: 30.95% - Val loss: 1.1510, Val Acc: 35.71%
2025-08-29 22:01:23,427 - Early stopping à l'epoch 94
2025-08-29 22:01:23,428 - Fold 8 - Accuracy finale: 32.14%
2025-08-29 22:01:23,429 - === Fold 9/10 ===
2025-08-29 22:01:23,458 - Epoch 1/500 - Train Loss: 1.4325, Train Acc: 34.52% - Val loss: 1.2281, Val Acc: 35.71%
2025-08-29 22:01:26,370 - Early stopping à l'epoch 121
2025-08-29 22:01:26,371 - Fold 9 - Accuracy finale: 53.57%
2025-08-29 22:01:26,372 - === Fold 10/10 ===
2025-08-29 22:01:26,405 - Epoch 1/500 - Train Loss: 1.5183, Train Acc: 32.94% - Val loss: 1.2364, Val Acc: 32.14%
2025-08-29 22:01:28,552 - Early stopping à l'epoch 89
2025-08-29 22:01:28,554 - Fold 10 - Accuracy finale: 32.14%
2025-08-29 22:01:28,554 - 
2025-08-29 22:01:28,554 - Résultats de la validation croisée
2025-08-29 22:01:28,554 - 
2025-08-29 22:01:28,554 - Accuracy moyenne: 42.14% ± 11.82%
2025-08-29 22:01:28,554 - Loss moyenne: 1.0317 ± 0.1133
2025-08-29 22:01:28,554 - Nombre d'epochs moyen: 140
2025-08-29 22:01:28,554 - Accuracy par fold: ['35.71%', '60.71%', '32.14%', '35.71%', '64.29%', '35.71%', '39.29%', '32.14%', '53.57%', '32.14%']

2025-08-29 22:01:28,554 - Entrainement du modèle final pour le jeu d'hyperparamètres 33

2025-08-29 22:01:28,584 - Epoch 1/140 - Loss: 1.6287, Acc: 29.64%
2025-08-29 22:01:32,226 - Epoch 140/140 - Loss: 1.0991, Acc: 35.36%
2025-08-29 22:01:32,228 - 

2025-08-29 22:01:32,228 - Résultats finaux pour le jeu d'hyperparamètres 33

2025-08-29 22:01:32,228 - Accuracy de validation croisée: 42.14% ± 11.82%
2025-08-29 22:01:32,228 - Accuracy sur le test: 35.83%

2025-08-29 22:01:39,136 - JEU D'HYPERPARAMÈTRES 34:
2025-08-29 22:01:39,137 - {'estimator_name': 'Transformer', 'estimator_params': {'d_model': 72, 'nhead': 12, 'num_layers': 4, 'dropout': 0.125}, 'weight_decay': 2.5e-06, 'lr': 0.005, 'scheduler_factor': 0.4, 'batch_size': 28}

2025-08-29 22:01:39,137 - Début de la validation croisée pour le jeu d'hyperparamètres 34

2025-08-29 22:01:39,137 - Variables sélectionnées : mêmes variables que celles retenues au départ (pas de sélection en avant)

2025-08-29 22:01:39,137 - === Fold 1/10 ===
2025-08-29 22:01:39,195 - Epoch 1/500 - Train Loss: 1.7342, Train Acc: 31.35% - Val loss: 1.3764, Val Acc: 32.14%
2025-08-29 22:01:44,545 - Early stopping à l'epoch 123
2025-08-29 22:01:44,547 - Fold 1 - Accuracy finale: 32.14%
2025-08-29 22:01:44,547 - === Fold 2/10 ===
2025-08-29 22:01:44,601 - Epoch 1/500 - Train Loss: 1.8641, Train Acc: 28.17% - Val loss: 1.5054, Val Acc: 25.00%
2025-08-29 22:01:52,415 - Early stopping à l'epoch 176
2025-08-29 22:01:52,417 - Fold 2 - Accuracy finale: 35.71%
2025-08-29 22:01:52,417 - === Fold 3/10 ===
2025-08-29 22:01:52,467 - Epoch 1/500 - Train Loss: 1.6402, Train Acc: 25.40% - Val loss: 1.1766, Val Acc: 32.14%
2025-08-29 22:01:56,302 - Early stopping à l'epoch 90
2025-08-29 22:01:56,304 - Fold 3 - Accuracy finale: 21.43%
2025-08-29 22:01:56,304 - === Fold 4/10 ===
2025-08-29 22:01:56,359 - Epoch 1/500 - Train Loss: 1.8019, Train Acc: 25.00% - Val loss: 1.2031, Val Acc: 35.71%
2025-08-29 22:02:02,134 - Early stopping à l'epoch 135
2025-08-29 22:02:02,136 - Fold 4 - Accuracy finale: 35.71%
2025-08-29 22:02:02,136 - === Fold 5/10 ===
2025-08-29 22:02:02,186 - Epoch 1/500 - Train Loss: 1.6943, Train Acc: 30.16% - Val loss: 1.2192, Val Acc: 35.71%
2025-08-29 22:02:07,206 - Early stopping à l'epoch 117
2025-08-29 22:02:07,208 - Fold 5 - Accuracy finale: 32.14%
2025-08-29 22:02:07,208 - === Fold 6/10 ===
2025-08-29 22:02:07,257 - Epoch 1/500 - Train Loss: 1.8117, Train Acc: 26.59% - Val loss: 1.2477, Val Acc: 32.14%
2025-08-29 22:02:15,918 - Epoch 201/500 - Train Loss: 1.0950, Train Acc: 30.95% - Val loss: 1.0945, Val Acc: 32.14%
2025-08-29 22:02:17,076 - Early stopping à l'epoch 228
2025-08-29 22:02:17,078 - Fold 6 - Accuracy finale: 35.71%
2025-08-29 22:02:17,079 - === Fold 7/10 ===
2025-08-29 22:02:17,129 - Epoch 1/500 - Train Loss: 1.6910, Train Acc: 30.56% - Val loss: 1.3340, Val Acc: 28.57%
2025-08-29 22:02:22,155 - Early stopping à l'epoch 118
2025-08-29 22:02:22,157 - Fold 7 - Accuracy finale: 32.14%
2025-08-29 22:02:22,157 - === Fold 8/10 ===
2025-08-29 22:02:22,206 - Epoch 1/500 - Train Loss: 1.6879, Train Acc: 29.37% - Val loss: 1.2066, Val Acc: 32.14%
2025-08-29 22:02:27,714 - Early stopping à l'epoch 129
2025-08-29 22:02:27,716 - Fold 8 - Accuracy finale: 32.14%
2025-08-29 22:02:27,716 - === Fold 9/10 ===
2025-08-29 22:02:27,765 - Epoch 1/500 - Train Loss: 2.5830, Train Acc: 15.87% - Val loss: 1.8173, Val Acc: 14.29%
2025-08-29 22:02:36,435 - Epoch 201/500 - Train Loss: 1.0944, Train Acc: 34.92% - Val loss: 1.1032, Val Acc: 32.14%
2025-08-29 22:02:36,642 - Early stopping à l'epoch 206
2025-08-29 22:02:36,644 - Fold 9 - Accuracy finale: 32.14%
2025-08-29 22:02:36,644 - === Fold 10/10 ===
2025-08-29 22:02:36,695 - Epoch 1/500 - Train Loss: 1.8524, Train Acc: 28.17% - Val loss: 1.2088, Val Acc: 32.14%
2025-08-29 22:02:41,430 - Early stopping à l'epoch 103
2025-08-29 22:02:41,432 - Fold 10 - Accuracy finale: 17.86%
2025-08-29 22:02:41,433 - 
2025-08-29 22:02:41,433 - Résultats de la validation croisée
2025-08-29 22:02:41,433 - 
2025-08-29 22:02:41,433 - Accuracy moyenne: 30.71% ± 5.80%
2025-08-29 22:02:41,433 - Loss moyenne: 1.2351 ± 0.2752
2025-08-29 22:02:41,433 - Nombre d'epochs moyen: 142
2025-08-29 22:02:41,433 - Accuracy par fold: ['32.14%', '35.71%', '21.43%', '35.71%', '32.14%', '35.71%', '32.14%', '32.14%', '32.14%', '17.86%']

2025-08-29 22:02:41,433 - Entrainement du modèle final pour le jeu d'hyperparamètres 34

2025-08-29 22:02:41,487 - Epoch 1/142 - Loss: 1.6470, Acc: 27.50%
2025-08-29 22:02:48,378 - Epoch 142/142 - Loss: 1.1340, Acc: 32.86%
2025-08-29 22:02:48,381 - 

2025-08-29 22:02:48,381 - Résultats finaux pour le jeu d'hyperparamètres 34

2025-08-29 22:02:48,382 - Accuracy de validation croisée: 30.71% ± 5.80%
2025-08-29 22:02:48,382 - Accuracy sur le test: 35.83%

2025-08-29 22:02:55,595 - JEU D'HYPERPARAMÈTRES 35:
2025-08-29 22:02:55,595 - {'estimator_name': 'LSTM', 'estimator_params': {'num_layers': 4, 'hidden_size': 64, 'dropout': 0.175}, 'weight_decay': 5e-07, 'lr': 0.0035, 'scheduler_factor': 0.5, 'batch_size': 28}

2025-08-29 22:02:55,595 - Début de la validation croisée pour le jeu d'hyperparamètres 35

2025-08-29 22:02:55,595 - Variables sélectionnées : mêmes variables que celles retenues au départ (pas de sélection en avant)

2025-08-29 22:02:55,596 - === Fold 1/10 ===
2025-08-29 22:02:55,733 - Epoch 1/500 - Train Loss: 1.8172, Train Acc: 20.24% - Val loss: 1.8031, Val Acc: 17.86%
2025-08-29 22:03:07,050 - Early stopping à l'epoch 104
2025-08-29 22:03:07,053 - Fold 1 - Accuracy finale: 21.43%
2025-08-29 22:03:07,053 - === Fold 2/10 ===
2025-08-29 22:03:07,179 - Epoch 1/500 - Train Loss: 1.8143, Train Acc: 17.86% - Val loss: 1.8005, Val Acc: 17.86%
2025-08-29 22:03:22,253 - Early stopping à l'epoch 137
2025-08-29 22:03:22,255 - Fold 2 - Accuracy finale: 21.43%
2025-08-29 22:03:22,256 - === Fold 3/10 ===
2025-08-29 22:03:22,386 - Epoch 1/500 - Train Loss: 1.8122, Train Acc: 17.86% - Val loss: 1.7961, Val Acc: 17.86%
2025-08-29 22:03:32,855 - Early stopping à l'epoch 95
2025-08-29 22:03:32,858 - Fold 3 - Accuracy finale: 21.43%
2025-08-29 22:03:32,858 - === Fold 4/10 ===
2025-08-29 22:03:32,992 - Epoch 1/500 - Train Loss: 1.8024, Train Acc: 20.24% - Val loss: 1.7963, Val Acc: 17.86%
2025-08-29 22:03:42,869 - Early stopping à l'epoch 90
2025-08-29 22:03:42,872 - Fold 4 - Accuracy finale: 21.43%
2025-08-29 22:03:42,872 - === Fold 5/10 ===
2025-08-29 22:03:43,007 - Epoch 1/500 - Train Loss: 1.8114, Train Acc: 19.84% - Val loss: 1.7950, Val Acc: 17.86%
2025-08-29 22:03:53,036 - Early stopping à l'epoch 91
2025-08-29 22:03:53,039 - Fold 5 - Accuracy finale: 21.43%
2025-08-29 22:03:53,039 - === Fold 6/10 ===
2025-08-29 22:03:53,164 - Epoch 1/500 - Train Loss: 1.8130, Train Acc: 19.44% - Val loss: 1.8146, Val Acc: 17.86%
2025-08-29 22:04:07,397 - Early stopping à l'epoch 130
2025-08-29 22:04:07,400 - Fold 6 - Accuracy finale: 21.43%
2025-08-29 22:04:07,400 - === Fold 7/10 ===
2025-08-29 22:04:07,525 - Epoch 1/500 - Train Loss: 1.8118, Train Acc: 15.48% - Val loss: 1.8061, Val Acc: 21.43%
2025-08-29 22:04:22,139 - Early stopping à l'epoch 132
2025-08-29 22:04:22,142 - Fold 7 - Accuracy finale: 17.86%
2025-08-29 22:04:22,142 - === Fold 8/10 ===
2025-08-29 22:04:22,274 - Epoch 1/500 - Train Loss: 1.8035, Train Acc: 18.65% - Val loss: 1.8059, Val Acc: 21.43%
2025-08-29 22:04:37,545 - Early stopping à l'epoch 138
2025-08-29 22:04:37,548 - Fold 8 - Accuracy finale: 17.86%
2025-08-29 22:04:37,548 - === Fold 9/10 ===
2025-08-29 22:04:37,672 - Epoch 1/500 - Train Loss: 1.8007, Train Acc: 20.24% - Val loss: 1.8067, Val Acc: 21.43%
2025-08-29 22:04:50,910 - Early stopping à l'epoch 120
2025-08-29 22:04:50,913 - Fold 9 - Accuracy finale: 17.86%
2025-08-29 22:04:50,913 - === Fold 10/10 ===
2025-08-29 22:04:51,038 - Epoch 1/500 - Train Loss: 1.8185, Train Acc: 17.06% - Val loss: 1.8102, Val Acc: 21.43%
2025-08-29 22:05:01,747 - Early stopping à l'epoch 97
2025-08-29 22:05:01,750 - Fold 10 - Accuracy finale: 17.86%
2025-08-29 22:05:01,751 - 
2025-08-29 22:05:01,751 - Résultats de la validation croisée
2025-08-29 22:05:01,751 - 
2025-08-29 22:05:01,751 - Accuracy moyenne: 20.00% ± 1.75%
2025-08-29 22:05:01,751 - Loss moyenne: 1.7850 ± 0.0012
2025-08-29 22:05:01,751 - Nombre d'epochs moyen: 113
2025-08-29 22:05:01,751 - Accuracy par fold: ['21.43%', '21.43%', '21.43%', '21.43%', '21.43%', '21.43%', '17.86%', '17.86%', '17.86%', '17.86%']

2025-08-29 22:05:01,751 - Entrainement du modèle final pour le jeu d'hyperparamètres 35

2025-08-29 22:05:01,892 - Epoch 1/113 - Loss: 1.8112, Acc: 19.64%
2025-08-29 22:05:15,340 - Epoch 113/113 - Loss: 1.7833, Acc: 21.07%
2025-08-29 22:05:15,343 - 

2025-08-29 22:05:15,343 - Résultats finaux pour le jeu d'hyperparamètres 35

2025-08-29 22:05:15,343 - Accuracy de validation croisée: 20.00% ± 1.75%
2025-08-29 22:05:15,343 - Accuracy sur le test: 20.83%

2025-08-29 22:05:22,705 - JEU D'HYPERPARAMÈTRES 36:
2025-08-29 22:05:22,705 - {'estimator_name': 'LSTM', 'estimator_params': {'num_layers': 2, 'hidden_size': 80, 'dropout': 0.125}, 'weight_decay': 7.5e-07, 'lr': 0.0035, 'scheduler_factor': 0.6, 'batch_size': 32}

2025-08-29 22:05:22,705 - Début de la validation croisée pour le jeu d'hyperparamètres 36

2025-08-29 22:05:22,705 - Variables sélectionnées : mêmes variables que celles retenues au départ (pas de sélection en avant)

2025-08-29 22:05:22,705 - === Fold 1/10 ===
2025-08-29 22:05:22,843 - Epoch 1/500 - Train Loss: 1.8438, Train Acc: 15.08% - Val loss: 1.8645, Val Acc: 14.29%
2025-08-29 22:05:37,621 - Early stopping à l'epoch 123
2025-08-29 22:05:37,625 - Fold 1 - Accuracy finale: 21.43%
2025-08-29 22:05:37,625 - === Fold 2/10 ===
2025-08-29 22:05:37,765 - Epoch 1/500 - Train Loss: 1.8411, Train Acc: 15.08% - Val loss: 1.8611, Val Acc: 14.29%
2025-08-29 22:05:57,255 - Early stopping à l'epoch 162
2025-08-29 22:05:57,258 - Fold 2 - Accuracy finale: 21.43%
2025-08-29 22:05:57,258 - === Fold 3/10 ===
2025-08-29 22:05:57,395 - Epoch 1/500 - Train Loss: 1.8474, Train Acc: 15.08% - Val loss: 1.8451, Val Acc: 14.29%
2025-08-29 22:06:13,921 - Early stopping à l'epoch 138
2025-08-29 22:06:13,924 - Fold 3 - Accuracy finale: 21.43%
2025-08-29 22:06:13,924 - === Fold 4/10 ===
2025-08-29 22:06:14,067 - Epoch 1/500 - Train Loss: 1.8472, Train Acc: 15.08% - Val loss: 1.8471, Val Acc: 14.29%
2025-08-29 22:06:31,459 - Early stopping à l'epoch 144
2025-08-29 22:06:31,462 - Fold 4 - Accuracy finale: 21.43%
2025-08-29 22:06:31,463 - === Fold 5/10 ===
2025-08-29 22:06:31,605 - Epoch 1/500 - Train Loss: 1.8465, Train Acc: 15.08% - Val loss: 1.8448, Val Acc: 14.29%
2025-08-29 22:06:49,368 - Early stopping à l'epoch 148
2025-08-29 22:06:49,371 - Fold 5 - Accuracy finale: 21.43%
2025-08-29 22:06:49,372 - === Fold 6/10 ===
2025-08-29 22:06:49,519 - Epoch 1/500 - Train Loss: 1.8446, Train Acc: 15.08% - Val loss: 1.8502, Val Acc: 14.29%
2025-08-29 22:07:06,296 - Early stopping à l'epoch 140
2025-08-29 22:07:06,299 - Fold 6 - Accuracy finale: 21.43%
2025-08-29 22:07:06,299 - === Fold 7/10 ===
2025-08-29 22:07:06,443 - Epoch 1/500 - Train Loss: 1.8475, Train Acc: 15.08% - Val loss: 1.8256, Val Acc: 14.29%
2025-08-29 22:07:18,698 - Early stopping à l'epoch 102
2025-08-29 22:07:18,701 - Fold 7 - Accuracy finale: 17.86%
2025-08-29 22:07:18,701 - === Fold 8/10 ===
2025-08-29 22:07:18,838 - Epoch 1/500 - Train Loss: 1.8439, Train Acc: 15.08% - Val loss: 1.8257, Val Acc: 14.29%
2025-08-29 22:07:34,034 - Early stopping à l'epoch 127
2025-08-29 22:07:34,037 - Fold 8 - Accuracy finale: 17.86%
2025-08-29 22:07:34,037 - === Fold 9/10 ===
2025-08-29 22:07:34,188 - Epoch 1/500 - Train Loss: 1.8484, Train Acc: 14.68% - Val loss: 1.8169, Val Acc: 17.86%
2025-08-29 22:07:45,154 - Early stopping à l'epoch 92
2025-08-29 22:07:45,158 - Fold 9 - Accuracy finale: 17.86%
2025-08-29 22:07:45,158 - === Fold 10/10 ===
2025-08-29 22:07:45,307 - Epoch 1/500 - Train Loss: 1.8474, Train Acc: 14.68% - Val loss: 1.8182, Val Acc: 17.86%
2025-08-29 22:07:56,447 - Early stopping à l'epoch 93
2025-08-29 22:07:56,450 - Fold 10 - Accuracy finale: 17.86%
2025-08-29 22:07:56,451 - 
2025-08-29 22:07:56,451 - Résultats de la validation croisée
2025-08-29 22:07:56,451 - 
2025-08-29 22:07:56,451 - Accuracy moyenne: 20.00% ± 1.75%
2025-08-29 22:07:56,451 - Loss moyenne: 1.7850 ± 0.0008
2025-08-29 22:07:56,451 - Nombre d'epochs moyen: 126
2025-08-29 22:07:56,451 - Accuracy par fold: ['21.43%', '21.43%', '21.43%', '21.43%', '21.43%', '21.43%', '17.86%', '17.86%', '17.86%', '17.86%']

2025-08-29 22:07:56,451 - Entrainement du modèle final pour le jeu d'hyperparamètres 36

2025-08-29 22:07:56,602 - Epoch 1/126 - Loss: 1.8466, Acc: 14.64%
2025-08-29 22:08:13,404 - Epoch 126/126 - Loss: 1.7860, Acc: 20.00%
2025-08-29 22:08:13,407 - 

2025-08-29 22:08:13,407 - Résultats finaux pour le jeu d'hyperparamètres 36

2025-08-29 22:08:13,407 - Accuracy de validation croisée: 20.00% ± 1.75%
2025-08-29 22:08:13,407 - Accuracy sur le test: 20.83%

2025-08-29 22:08:21,119 - JEU D'HYPERPARAMÈTRES 37:
2025-08-29 22:08:21,119 - {'estimator_name': 'Transformer', 'estimator_params': {'d_model': 60, 'nhead': 12, 'num_layers': 2, 'dropout': 0.175}, 'weight_decay': 1e-06, 'lr': 0.0035, 'scheduler_factor': 0.5, 'batch_size': 28}

2025-08-29 22:08:21,119 - Début de la validation croisée pour le jeu d'hyperparamètres 37

2025-08-29 22:08:21,120 - Variables sélectionnées : mêmes variables que celles retenues au départ (pas de sélection en avant)

2025-08-29 22:08:21,120 - === Fold 1/10 ===
2025-08-29 22:08:21,151 - Epoch 1/500 - Train Loss: 1.3403, Train Acc: 38.49% - Val loss: 0.8830, Val Acc: 60.71%
2025-08-29 22:08:24,297 - Early stopping à l'epoch 124
2025-08-29 22:08:24,298 - Fold 1 - Accuracy finale: 96.43%
2025-08-29 22:08:24,298 - === Fold 2/10 ===
2025-08-29 22:08:24,327 - Epoch 1/500 - Train Loss: 1.2763, Train Acc: 37.70% - Val loss: 0.9375, Val Acc: 57.14%
2025-08-29 22:08:28,262 - Early stopping à l'epoch 155
2025-08-29 22:08:28,263 - Fold 2 - Accuracy finale: 85.71%
2025-08-29 22:08:28,263 - === Fold 3/10 ===
2025-08-29 22:08:28,295 - Epoch 1/500 - Train Loss: 1.3021, Train Acc: 38.89% - Val loss: 1.0801, Val Acc: 53.57%
2025-08-29 22:08:30,791 - Early stopping à l'epoch 96
2025-08-29 22:08:30,792 - Fold 3 - Accuracy finale: 92.86%
2025-08-29 22:08:30,792 - === Fold 4/10 ===
2025-08-29 22:08:30,821 - Epoch 1/500 - Train Loss: 1.4047, Train Acc: 32.94% - Val loss: 1.0512, Val Acc: 39.29%
2025-08-29 22:08:35,784 - Early stopping à l'epoch 190
2025-08-29 22:08:35,786 - Fold 4 - Accuracy finale: 92.86%
2025-08-29 22:08:35,786 - === Fold 5/10 ===
2025-08-29 22:08:35,815 - Epoch 1/500 - Train Loss: 1.3968, Train Acc: 33.33% - Val loss: 1.0741, Val Acc: 39.29%
2025-08-29 22:08:38,823 - Early stopping à l'epoch 109
2025-08-29 22:08:38,825 - Fold 5 - Accuracy finale: 85.71%
2025-08-29 22:08:38,825 - === Fold 6/10 ===
2025-08-29 22:08:38,855 - Epoch 1/500 - Train Loss: 1.3048, Train Acc: 40.08% - Val loss: 0.9060, Val Acc: 53.57%
2025-08-29 22:08:42,372 - Early stopping à l'epoch 127
2025-08-29 22:08:42,373 - Fold 6 - Accuracy finale: 92.86%
2025-08-29 22:08:42,373 - === Fold 7/10 ===
2025-08-29 22:08:42,405 - Epoch 1/500 - Train Loss: 1.3231, Train Acc: 34.92% - Val loss: 0.8550, Val Acc: 67.86%
2025-08-29 22:08:45,842 - Early stopping à l'epoch 126
2025-08-29 22:08:45,844 - Fold 7 - Accuracy finale: 96.43%
2025-08-29 22:08:45,844 - === Fold 8/10 ===
2025-08-29 22:08:45,875 - Epoch 1/500 - Train Loss: 1.2749, Train Acc: 46.03% - Val loss: 0.9641, Val Acc: 46.43%
2025-08-29 22:08:48,986 - Early stopping à l'epoch 115
2025-08-29 22:08:48,987 - Fold 8 - Accuracy finale: 89.29%
2025-08-29 22:08:48,987 - === Fold 9/10 ===
2025-08-29 22:08:49,018 - Epoch 1/500 - Train Loss: 1.4770, Train Acc: 30.95% - Val loss: 1.1512, Val Acc: 42.86%
2025-08-29 22:08:52,807 - Early stopping à l'epoch 148
2025-08-29 22:08:52,808 - Fold 9 - Accuracy finale: 92.86%
2025-08-29 22:08:52,809 - === Fold 10/10 ===
2025-08-29 22:08:52,837 - Epoch 1/500 - Train Loss: 1.2648, Train Acc: 44.05% - Val loss: 0.9104, Val Acc: 60.71%
2025-08-29 22:08:57,981 - Epoch 201/500 - Train Loss: 0.0010, Train Acc: 100.00% - Val loss: 0.3151, Val Acc: 96.43%
2025-08-29 22:08:58,488 - Early stopping à l'epoch 220
2025-08-29 22:08:58,489 - Fold 10 - Accuracy finale: 96.43%
2025-08-29 22:08:58,492 - 
2025-08-29 22:08:58,492 - Résultats de la validation croisée
2025-08-29 22:08:58,492 - 
2025-08-29 22:08:58,492 - Accuracy moyenne: 92.14% ± 3.85%
2025-08-29 22:08:58,492 - Loss moyenne: 0.4677 ± 0.2106
2025-08-29 22:08:58,492 - Nombre d'epochs moyen: 141
2025-08-29 22:08:58,492 - Accuracy par fold: ['96.43%', '85.71%', '92.86%', '92.86%', '85.71%', '92.86%', '96.43%', '89.29%', '92.86%', '96.43%']

2025-08-29 22:08:58,492 - Entrainement du modèle final pour le jeu d'hyperparamètres 37

2025-08-29 22:08:58,524 - Epoch 1/141 - Loss: 1.3772, Acc: 34.64%
2025-08-29 22:09:02,273 - Epoch 141/141 - Loss: 0.0710, Acc: 97.50%
2025-08-29 22:09:02,276 - 

2025-08-29 22:09:02,276 - Résultats finaux pour le jeu d'hyperparamètres 37

2025-08-29 22:09:02,276 - Accuracy de validation croisée: 92.14% ± 3.85%
2025-08-29 22:09:02,276 - Accuracy sur le test: 89.17%

2025-08-29 22:09:10,008 - JEU D'HYPERPARAMÈTRES 38:
2025-08-29 22:09:10,008 - {'estimator_name': 'Transformer', 'estimator_params': {'d_model': 72, 'nhead': 4, 'num_layers': 2, 'dropout': 0.175}, 'weight_decay': 2.5e-06, 'lr': 0.004, 'scheduler_factor': 0.4, 'batch_size': 32}

2025-08-29 22:09:10,008 - Début de la validation croisée pour le jeu d'hyperparamètres 38

2025-08-29 22:09:10,008 - Variables sélectionnées : mêmes variables que celles retenues au départ (pas de sélection en avant)

2025-08-29 22:09:10,009 - === Fold 1/10 ===
2025-08-29 22:09:10,041 - Epoch 1/500 - Train Loss: 1.4745, Train Acc: 37.30% - Val loss: 1.2182, Val Acc: 32.14%
2025-08-29 22:09:13,698 - Early stopping à l'epoch 155
2025-08-29 22:09:13,700 - Fold 1 - Accuracy finale: 92.86%
2025-08-29 22:09:13,700 - === Fold 2/10 ===
2025-08-29 22:09:13,730 - Epoch 1/500 - Train Loss: 1.3258, Train Acc: 34.52% - Val loss: 1.0064, Val Acc: 50.00%
2025-08-29 22:09:16,401 - Early stopping à l'epoch 117
2025-08-29 22:09:16,402 - Fold 2 - Accuracy finale: 82.14%
2025-08-29 22:09:16,402 - === Fold 3/10 ===
2025-08-29 22:09:16,429 - Epoch 1/500 - Train Loss: 1.3566, Train Acc: 41.27% - Val loss: 1.1178, Val Acc: 46.43%
2025-08-29 22:09:19,395 - Early stopping à l'epoch 129
2025-08-29 22:09:19,397 - Fold 3 - Accuracy finale: 85.71%
2025-08-29 22:09:19,397 - === Fold 4/10 ===
2025-08-29 22:09:19,423 - Epoch 1/500 - Train Loss: 1.4101, Train Acc: 36.90% - Val loss: 0.8522, Val Acc: 57.14%
2025-08-29 22:09:23,035 - Early stopping à l'epoch 157
2025-08-29 22:09:23,036 - Fold 4 - Accuracy finale: 96.43%
2025-08-29 22:09:23,036 - === Fold 5/10 ===
2025-08-29 22:09:23,063 - Epoch 1/500 - Train Loss: 1.3834, Train Acc: 35.32% - Val loss: 1.1337, Val Acc: 32.14%
2025-08-29 22:09:25,275 - Early stopping à l'epoch 97
2025-08-29 22:09:25,276 - Fold 5 - Accuracy finale: 82.14%
2025-08-29 22:09:25,276 - === Fold 6/10 ===
2025-08-29 22:09:25,304 - Epoch 1/500 - Train Loss: 1.3675, Train Acc: 34.92% - Val loss: 1.1150, Val Acc: 50.00%
2025-08-29 22:09:27,300 - Early stopping à l'epoch 87
2025-08-29 22:09:27,301 - Fold 6 - Accuracy finale: 67.86%
2025-08-29 22:09:27,302 - === Fold 7/10 ===
2025-08-29 22:09:27,334 - Epoch 1/500 - Train Loss: 1.3639, Train Acc: 32.14% - Val loss: 1.0949, Val Acc: 53.57%
2025-08-29 22:09:30,562 - Early stopping à l'epoch 129
2025-08-29 22:09:30,563 - Fold 7 - Accuracy finale: 96.43%
2025-08-29 22:09:30,564 - === Fold 8/10 ===
2025-08-29 22:09:30,590 - Epoch 1/500 - Train Loss: 1.5008, Train Acc: 29.76% - Val loss: 1.1031, Val Acc: 42.86%
2025-08-29 22:09:32,866 - Early stopping à l'epoch 99
2025-08-29 22:09:32,867 - Fold 8 - Accuracy finale: 89.29%
2025-08-29 22:09:32,867 - === Fold 9/10 ===
2025-08-29 22:09:32,898 - Epoch 1/500 - Train Loss: 1.6857, Train Acc: 26.19% - Val loss: 1.1246, Val Acc: 46.43%
2025-08-29 22:09:35,587 - Early stopping à l'epoch 115
2025-08-29 22:09:35,589 - Fold 9 - Accuracy finale: 92.86%
2025-08-29 22:09:35,589 - === Fold 10/10 ===
2025-08-29 22:09:35,618 - Epoch 1/500 - Train Loss: 1.4576, Train Acc: 31.75% - Val loss: 1.2628, Val Acc: 28.57%
2025-08-29 22:09:39,322 - Early stopping à l'epoch 148
2025-08-29 22:09:39,323 - Fold 10 - Accuracy finale: 92.86%
2025-08-29 22:09:39,324 - 
2025-08-29 22:09:39,324 - Résultats de la validation croisée
2025-08-29 22:09:39,324 - 
2025-08-29 22:09:39,324 - Accuracy moyenne: 87.86% ± 8.33%
2025-08-29 22:09:39,324 - Loss moyenne: 0.5485 ± 0.2996
2025-08-29 22:09:39,324 - Nombre d'epochs moyen: 123
2025-08-29 22:09:39,324 - Accuracy par fold: ['92.86%', '82.14%', '85.71%', '96.43%', '82.14%', '67.86%', '96.43%', '89.29%', '92.86%', '92.86%']

2025-08-29 22:09:39,324 - Entrainement du modèle final pour le jeu d'hyperparamètres 38

2025-08-29 22:09:39,355 - Epoch 1/123 - Loss: 1.3601, Acc: 30.36%
2025-08-29 22:09:42,359 - Epoch 123/123 - Loss: 0.1452, Acc: 96.07%
2025-08-29 22:09:42,361 - 

2025-08-29 22:09:42,361 - Résultats finaux pour le jeu d'hyperparamètres 38

2025-08-29 22:09:42,361 - Accuracy de validation croisée: 87.86% ± 8.33%
2025-08-29 22:09:42,361 - Accuracy sur le test: 84.17%

2025-08-29 22:09:50,250 - JEU D'HYPERPARAMÈTRES 39:
2025-08-29 22:09:50,250 - {'estimator_name': 'LSTM', 'estimator_params': {'num_layers': 4, 'hidden_size': 64, 'dropout': 0.075}, 'weight_decay': 1e-06, 'lr': 0.004, 'scheduler_factor': 0.6, 'batch_size': 28}

2025-08-29 22:09:50,250 - Début de la validation croisée pour le jeu d'hyperparamètres 39

2025-08-29 22:09:50,250 - Variables sélectionnées : mêmes variables que celles retenues au départ (pas de sélection en avant)

2025-08-29 22:09:50,250 - === Fold 1/10 ===
2025-08-29 22:09:50,380 - Epoch 1/500 - Train Loss: 1.8111, Train Acc: 19.05% - Val loss: 1.8033, Val Acc: 17.86%
2025-08-29 22:10:01,160 - Early stopping à l'epoch 98
2025-08-29 22:10:01,163 - Fold 1 - Accuracy finale: 21.43%
2025-08-29 22:10:01,163 - === Fold 2/10 ===
2025-08-29 22:10:01,287 - Epoch 1/500 - Train Loss: 1.8093, Train Acc: 18.65% - Val loss: 1.8000, Val Acc: 17.86%
2025-08-29 22:10:16,765 - Early stopping à l'epoch 140
2025-08-29 22:10:16,768 - Fold 2 - Accuracy finale: 21.43%
2025-08-29 22:10:16,768 - === Fold 3/10 ===
2025-08-29 22:10:16,893 - Epoch 1/500 - Train Loss: 1.8127, Train Acc: 18.65% - Val loss: 1.7951, Val Acc: 17.86%
2025-08-29 22:10:27,268 - Early stopping à l'epoch 95
2025-08-29 22:10:27,271 - Fold 3 - Accuracy finale: 21.43%
2025-08-29 22:10:27,271 - === Fold 4/10 ===
2025-08-29 22:10:27,395 - Epoch 1/500 - Train Loss: 1.8098, Train Acc: 19.05% - Val loss: 1.7952, Val Acc: 17.86%
2025-08-29 22:10:37,061 - Early stopping à l'epoch 87
2025-08-29 22:10:37,063 - Fold 4 - Accuracy finale: 21.43%
2025-08-29 22:10:37,064 - === Fold 5/10 ===
2025-08-29 22:10:37,192 - Epoch 1/500 - Train Loss: 1.8109, Train Acc: 20.63% - Val loss: 1.7940, Val Acc: 17.86%
2025-08-29 22:10:46,852 - Early stopping à l'epoch 87
2025-08-29 22:10:46,854 - Fold 5 - Accuracy finale: 21.43%
2025-08-29 22:10:46,854 - === Fold 6/10 ===
2025-08-29 22:10:46,988 - Epoch 1/500 - Train Loss: 1.8055, Train Acc: 19.44% - Val loss: 1.8133, Val Acc: 17.86%
2025-08-29 22:11:00,977 - Early stopping à l'epoch 127
2025-08-29 22:11:00,980 - Fold 6 - Accuracy finale: 21.43%
2025-08-29 22:11:00,980 - === Fold 7/10 ===
2025-08-29 22:11:01,100 - Epoch 1/500 - Train Loss: 1.8096, Train Acc: 16.67% - Val loss: 1.8056, Val Acc: 21.43%
2025-08-29 22:11:15,674 - Early stopping à l'epoch 132
2025-08-29 22:11:15,677 - Fold 7 - Accuracy finale: 17.86%
2025-08-29 22:11:15,677 - === Fold 8/10 ===
2025-08-29 22:11:15,808 - Epoch 1/500 - Train Loss: 1.8023, Train Acc: 15.08% - Val loss: 1.8053, Val Acc: 21.43%
2025-08-29 22:11:27,823 - Early stopping à l'epoch 108
2025-08-29 22:11:27,826 - Fold 8 - Accuracy finale: 17.86%
2025-08-29 22:11:27,826 - === Fold 9/10 ===
2025-08-29 22:11:27,963 - Epoch 1/500 - Train Loss: 1.8055, Train Acc: 17.86% - Val loss: 1.8061, Val Acc: 21.43%
2025-08-29 22:11:41,072 - Early stopping à l'epoch 118
2025-08-29 22:11:41,075 - Fold 9 - Accuracy finale: 17.86%
2025-08-29 22:11:41,075 - === Fold 10/10 ===
2025-08-29 22:11:41,210 - Epoch 1/500 - Train Loss: 1.8143, Train Acc: 17.86% - Val loss: 1.8088, Val Acc: 21.43%
2025-08-29 22:11:52,028 - Early stopping à l'epoch 97
2025-08-29 22:11:52,031 - Fold 10 - Accuracy finale: 17.86%
2025-08-29 22:11:52,031 - 
2025-08-29 22:11:52,031 - Résultats de la validation croisée
2025-08-29 22:11:52,031 - 
2025-08-29 22:11:52,031 - Accuracy moyenne: 20.00% ± 1.75%
2025-08-29 22:11:52,031 - Loss moyenne: 1.7851 ± 0.0013
2025-08-29 22:11:52,031 - Nombre d'epochs moyen: 108
2025-08-29 22:11:52,031 - Accuracy par fold: ['21.43%', '21.43%', '21.43%', '21.43%', '21.43%', '21.43%', '17.86%', '17.86%', '17.86%', '17.86%']

2025-08-29 22:11:52,032 - Entrainement du modèle final pour le jeu d'hyperparamètres 39

2025-08-29 22:11:52,170 - Epoch 1/108 - Loss: 1.8076, Acc: 18.21%
2025-08-29 22:12:05,245 - Epoch 108/108 - Loss: 1.7861, Acc: 19.64%
2025-08-29 22:12:05,248 - 

2025-08-29 22:12:05,248 - Résultats finaux pour le jeu d'hyperparamètres 39

2025-08-29 22:12:05,248 - Accuracy de validation croisée: 20.00% ± 1.75%
2025-08-29 22:12:05,248 - Accuracy sur le test: 20.83%

2025-08-29 22:12:13,201 - JEU D'HYPERPARAMÈTRES 40:
2025-08-29 22:12:13,201 - {'estimator_name': 'LSTM', 'estimator_params': {'num_layers': 4, 'hidden_size': 64, 'dropout': 0.175}, 'weight_decay': 7.5e-07, 'lr': 0.0055, 'scheduler_factor': 0.6, 'batch_size': 28}

2025-08-29 22:12:13,201 - Début de la validation croisée pour le jeu d'hyperparamètres 40

2025-08-29 22:12:13,201 - Variables sélectionnées : mêmes variables que celles retenues au départ (pas de sélection en avant)

2025-08-29 22:12:13,202 - === Fold 1/10 ===
2025-08-29 22:12:13,338 - Epoch 1/500 - Train Loss: 1.8172, Train Acc: 19.84% - Val loss: 1.7999, Val Acc: 17.86%
2025-08-29 22:12:24,834 - Early stopping à l'epoch 104
2025-08-29 22:12:24,837 - Fold 1 - Accuracy finale: 21.43%
2025-08-29 22:12:24,837 - === Fold 2/10 ===
2025-08-29 22:12:24,974 - Epoch 1/500 - Train Loss: 1.8132, Train Acc: 17.86% - Val loss: 1.7964, Val Acc: 17.86%
2025-08-29 22:12:40,360 - Early stopping à l'epoch 138
2025-08-29 22:12:40,363 - Fold 2 - Accuracy finale: 21.43%
2025-08-29 22:12:40,363 - === Fold 3/10 ===
2025-08-29 22:12:40,501 - Epoch 1/500 - Train Loss: 1.8120, Train Acc: 17.86% - Val loss: 1.7934, Val Acc: 17.86%
2025-08-29 22:12:50,104 - Early stopping à l'epoch 87
2025-08-29 22:12:50,107 - Fold 3 - Accuracy finale: 21.43%
2025-08-29 22:12:50,107 - === Fold 4/10 ===
2025-08-29 22:12:50,233 - Epoch 1/500 - Train Loss: 1.8014, Train Acc: 20.24% - Val loss: 1.7942, Val Acc: 17.86%
2025-08-29 22:12:59,877 - Early stopping à l'epoch 87
2025-08-29 22:12:59,880 - Fold 4 - Accuracy finale: 21.43%
2025-08-29 22:12:59,880 - === Fold 5/10 ===
2025-08-29 22:13:00,013 - Epoch 1/500 - Train Loss: 1.8116, Train Acc: 19.84% - Val loss: 1.7922, Val Acc: 17.86%
2025-08-29 22:13:09,456 - Early stopping à l'epoch 87
2025-08-29 22:13:09,459 - Fold 5 - Accuracy finale: 21.43%
2025-08-29 22:13:09,459 - === Fold 6/10 ===
2025-08-29 22:13:09,591 - Epoch 1/500 - Train Loss: 1.8131, Train Acc: 19.05% - Val loss: 1.8099, Val Acc: 17.86%
2025-08-29 22:13:24,057 - Early stopping à l'epoch 130
2025-08-29 22:13:24,060 - Fold 6 - Accuracy finale: 21.43%
2025-08-29 22:13:24,060 - === Fold 7/10 ===
2025-08-29 22:13:24,188 - Epoch 1/500 - Train Loss: 1.8105, Train Acc: 15.48% - Val loss: 1.8023, Val Acc: 21.43%
2025-08-29 22:13:38,777 - Early stopping à l'epoch 132
2025-08-29 22:13:38,779 - Fold 7 - Accuracy finale: 17.86%
2025-08-29 22:13:38,779 - === Fold 8/10 ===
2025-08-29 22:13:38,913 - Epoch 1/500 - Train Loss: 1.8019, Train Acc: 17.46% - Val loss: 1.8020, Val Acc: 21.43%
2025-08-29 22:13:54,318 - Early stopping à l'epoch 138
2025-08-29 22:13:54,321 - Fold 8 - Accuracy finale: 17.86%
2025-08-29 22:13:54,321 - === Fold 9/10 ===
2025-08-29 22:13:54,452 - Epoch 1/500 - Train Loss: 1.7997, Train Acc: 20.63% - Val loss: 1.8044, Val Acc: 21.43%
2025-08-29 22:14:07,699 - Early stopping à l'epoch 120
2025-08-29 22:14:07,701 - Fold 9 - Accuracy finale: 17.86%
2025-08-29 22:14:07,702 - === Fold 10/10 ===
2025-08-29 22:14:07,823 - Epoch 1/500 - Train Loss: 1.8178, Train Acc: 16.27% - Val loss: 1.8097, Val Acc: 21.43%
2025-08-29 22:14:18,430 - Early stopping à l'epoch 97
2025-08-29 22:14:18,433 - Fold 10 - Accuracy finale: 17.86%
2025-08-29 22:14:18,433 - 
2025-08-29 22:14:18,434 - Résultats de la validation croisée
2025-08-29 22:14:18,434 - 
2025-08-29 22:14:18,434 - Accuracy moyenne: 20.00% ± 1.75%
2025-08-29 22:14:18,434 - Loss moyenne: 1.7849 ± 0.0011
2025-08-29 22:14:18,434 - Nombre d'epochs moyen: 112
2025-08-29 22:14:18,434 - Accuracy par fold: ['21.43%', '21.43%', '21.43%', '21.43%', '21.43%', '21.43%', '17.86%', '17.86%', '17.86%', '17.86%']

2025-08-29 22:14:18,434 - Entrainement du modèle final pour le jeu d'hyperparamètres 40

2025-08-29 22:14:18,573 - Epoch 1/112 - Loss: 1.8101, Acc: 19.64%
2025-08-29 22:14:32,026 - Epoch 112/112 - Loss: 1.7837, Acc: 20.00%
2025-08-29 22:14:32,029 - 

2025-08-29 22:14:32,029 - Résultats finaux pour le jeu d'hyperparamètres 40

2025-08-29 22:14:32,029 - Accuracy de validation croisée: 20.00% ± 1.75%
2025-08-29 22:14:32,029 - Accuracy sur le test: 20.83%

2025-08-29 22:14:40,557 - JEU D'HYPERPARAMÈTRES 41:
2025-08-29 22:14:40,557 - {'estimator_name': 'CNN + LSTM', 'estimator_params': {'out_channels': 8, 'num_layers': 2, 'hidden_size': 80, 'dropout': 0.15}, 'weight_decay': 2.5e-06, 'lr': 0.004, 'scheduler_factor': 0.5, 'batch_size': 28}

2025-08-29 22:14:40,557 - Début de la validation croisée pour le jeu d'hyperparamètres 41

2025-08-29 22:14:40,558 - Variables sélectionnées : mêmes variables que celles retenues au départ (pas de sélection en avant)

2025-08-29 22:14:40,558 - === Fold 1/10 ===
2025-08-29 22:14:40,717 - Epoch 1/500 - Train Loss: 1.9025, Train Acc: 15.48% - Val loss: 1.8694, Val Acc: 14.29%
2025-08-29 22:14:54,161 - Early stopping à l'epoch 99
2025-08-29 22:14:54,165 - Fold 1 - Accuracy finale: 21.43%
2025-08-29 22:14:54,165 - === Fold 2/10 ===
2025-08-29 22:14:54,328 - Epoch 1/500 - Train Loss: 1.9010, Train Acc: 15.48% - Val loss: 1.8625, Val Acc: 14.29%
2025-08-29 22:15:08,118 - Early stopping à l'epoch 101
2025-08-29 22:15:08,121 - Fold 2 - Accuracy finale: 21.43%
2025-08-29 22:15:08,122 - === Fold 3/10 ===
2025-08-29 22:15:08,291 - Epoch 1/500 - Train Loss: 1.8984, Train Acc: 15.08% - Val loss: 1.8592, Val Acc: 17.86%
2025-08-29 22:15:21,113 - Early stopping à l'epoch 95
2025-08-29 22:15:21,116 - Fold 3 - Accuracy finale: 21.43%
2025-08-29 22:15:21,116 - === Fold 4/10 ===
2025-08-29 22:15:21,282 - Epoch 1/500 - Train Loss: 1.8933, Train Acc: 15.08% - Val loss: 1.8590, Val Acc: 17.86%
2025-08-29 22:15:34,578 - Early stopping à l'epoch 97
2025-08-29 22:15:34,582 - Fold 4 - Accuracy finale: 21.43%
2025-08-29 22:15:34,582 - === Fold 5/10 ===
2025-08-29 22:15:34,743 - Epoch 1/500 - Train Loss: 1.9000, Train Acc: 15.08% - Val loss: 1.8604, Val Acc: 17.86%
2025-08-29 22:15:47,809 - Early stopping à l'epoch 94
2025-08-29 22:15:47,813 - Fold 5 - Accuracy finale: 21.43%
2025-08-29 22:15:47,813 - === Fold 6/10 ===
2025-08-29 22:15:47,978 - Epoch 1/500 - Train Loss: 1.8953, Train Acc: 15.48% - Val loss: 1.8812, Val Acc: 14.29%
2025-08-29 22:16:04,420 - Early stopping à l'epoch 119
2025-08-29 22:16:04,423 - Fold 6 - Accuracy finale: 21.43%
2025-08-29 22:16:04,423 - === Fold 7/10 ===
2025-08-29 22:16:04,582 - Epoch 1/500 - Train Loss: 1.8959, Train Acc: 15.48% - Val loss: 1.9110, Val Acc: 14.29%
2025-08-29 22:16:29,112 - Early stopping à l'epoch 178
2025-08-29 22:16:29,115 - Fold 7 - Accuracy finale: 17.86%
2025-08-29 22:16:29,115 - === Fold 8/10 ===
2025-08-29 22:16:29,271 - Epoch 1/500 - Train Loss: 1.8921, Train Acc: 15.48% - Val loss: 1.9115, Val Acc: 14.29%
2025-08-29 22:16:48,326 - Early stopping à l'epoch 138
2025-08-29 22:16:48,329 - Fold 8 - Accuracy finale: 17.86%
2025-08-29 22:16:48,329 - === Fold 9/10 ===
2025-08-29 22:16:48,487 - Epoch 1/500 - Train Loss: 1.8954, Train Acc: 15.48% - Val loss: 1.9047, Val Acc: 14.29%
2025-08-29 22:17:01,951 - Early stopping à l'epoch 98
2025-08-29 22:17:01,954 - Fold 9 - Accuracy finale: 17.86%
2025-08-29 22:17:01,954 - === Fold 10/10 ===
2025-08-29 22:17:02,112 - Epoch 1/500 - Train Loss: 1.8972, Train Acc: 15.48% - Val loss: 1.9092, Val Acc: 14.29%
2025-08-29 22:17:19,362 - Early stopping à l'epoch 126
2025-08-29 22:17:19,365 - Fold 10 - Accuracy finale: 17.86%
2025-08-29 22:17:19,366 - 
2025-08-29 22:17:19,366 - Résultats de la validation croisée
2025-08-29 22:17:19,366 - 
2025-08-29 22:17:19,366 - Accuracy moyenne: 20.00% ± 1.75%
2025-08-29 22:17:19,366 - Loss moyenne: 1.7849 ± 0.0016
2025-08-29 22:17:19,366 - Nombre d'epochs moyen: 114
2025-08-29 22:17:19,366 - Accuracy par fold: ['21.43%', '21.43%', '21.43%', '21.43%', '21.43%', '21.43%', '17.86%', '17.86%', '17.86%', '17.86%']

2025-08-29 22:17:19,366 - Entrainement du modèle final pour le jeu d'hyperparamètres 41

2025-08-29 22:17:19,539 - Epoch 1/114 - Loss: 1.8935, Acc: 15.36%
2025-08-29 22:17:36,688 - Epoch 114/114 - Loss: 1.7872, Acc: 20.00%
2025-08-29 22:17:36,692 - 

2025-08-29 22:17:36,692 - Résultats finaux pour le jeu d'hyperparamètres 41

2025-08-29 22:17:36,692 - Accuracy de validation croisée: 20.00% ± 1.75%
2025-08-29 22:17:36,692 - Accuracy sur le test: 20.83%

2025-08-29 22:17:45,269 - JEU D'HYPERPARAMÈTRES 42:
2025-08-29 22:17:45,269 - {'estimator_name': 'CNN + LSTM', 'estimator_params': {'out_channels': 32, 'num_layers': 4, 'hidden_size': 80, 'dropout': 0.1}, 'weight_decay': 5e-06, 'lr': 0.0055, 'scheduler_factor': 0.5, 'batch_size': 28}

2025-08-29 22:17:45,269 - Début de la validation croisée pour le jeu d'hyperparamètres 42

2025-08-29 22:17:45,269 - Variables sélectionnées : mêmes variables que celles retenues au départ (pas de sélection en avant)

2025-08-29 22:17:45,270 - === Fold 1/10 ===
2025-08-29 22:17:45,441 - Epoch 1/500 - Train Loss: 1.8262, Train Acc: 19.84% - Val loss: 1.7957, Val Acc: 21.43%
2025-08-29 22:17:57,315 - Early stopping à l'epoch 87
2025-08-29 22:17:57,318 - Fold 1 - Accuracy finale: 21.43%
2025-08-29 22:17:57,318 - === Fold 2/10 ===
2025-08-29 22:17:57,489 - Epoch 1/500 - Train Loss: 1.8253, Train Acc: 19.84% - Val loss: 1.7950, Val Acc: 21.43%
2025-08-29 22:18:09,370 - Early stopping à l'epoch 86
2025-08-29 22:18:09,374 - Fold 2 - Accuracy finale: 21.43%
2025-08-29 22:18:09,374 - === Fold 3/10 ===
2025-08-29 22:18:09,541 - Epoch 1/500 - Train Loss: 1.8248, Train Acc: 19.84% - Val loss: 1.8153, Val Acc: 21.43%
2025-08-29 22:18:25,538 - Early stopping à l'epoch 116
2025-08-29 22:18:25,541 - Fold 3 - Accuracy finale: 21.43%
2025-08-29 22:18:25,542 - === Fold 4/10 ===
2025-08-29 22:18:25,700 - Epoch 1/500 - Train Loss: 1.8262, Train Acc: 19.84% - Val loss: 1.8151, Val Acc: 21.43%
2025-08-29 22:18:43,204 - Early stopping à l'epoch 126
2025-08-29 22:18:43,207 - Fold 4 - Accuracy finale: 21.43%
2025-08-29 22:18:43,207 - === Fold 5/10 ===
2025-08-29 22:18:43,366 - Epoch 1/500 - Train Loss: 1.8232, Train Acc: 19.84% - Val loss: 1.8126, Val Acc: 21.43%
2025-08-29 22:19:03,134 - Early stopping à l'epoch 143
2025-08-29 22:19:03,137 - Fold 5 - Accuracy finale: 21.43%
2025-08-29 22:19:03,137 - === Fold 6/10 ===
2025-08-29 22:19:03,302 - Epoch 1/500 - Train Loss: 1.8272, Train Acc: 19.84% - Val loss: 1.7961, Val Acc: 21.43%
2025-08-29 22:19:15,417 - Early stopping à l'epoch 88
2025-08-29 22:19:15,420 - Fold 6 - Accuracy finale: 21.43%
2025-08-29 22:19:15,421 - === Fold 7/10 ===
2025-08-29 22:19:15,590 - Epoch 1/500 - Train Loss: 1.8250, Train Acc: 20.24% - Val loss: 1.8136, Val Acc: 17.86%
2025-08-29 22:19:28,536 - Early stopping à l'epoch 93
2025-08-29 22:19:28,539 - Fold 7 - Accuracy finale: 17.86%
2025-08-29 22:19:28,539 - === Fold 8/10 ===
2025-08-29 22:19:28,709 - Epoch 1/500 - Train Loss: 1.8220, Train Acc: 20.24% - Val loss: 1.8134, Val Acc: 17.86%
2025-08-29 22:19:49,422 - Early stopping à l'epoch 148
2025-08-29 22:19:49,425 - Fold 8 - Accuracy finale: 17.86%
2025-08-29 22:19:49,426 - === Fold 9/10 ===
2025-08-29 22:19:49,593 - Epoch 1/500 - Train Loss: 1.8223, Train Acc: 20.24% - Val loss: 1.8299, Val Acc: 17.86%
2025-08-29 22:20:13,776 - Early stopping à l'epoch 174
2025-08-29 22:20:13,779 - Fold 9 - Accuracy finale: 17.86%
2025-08-29 22:20:13,779 - === Fold 10/10 ===
2025-08-29 22:20:13,944 - Epoch 1/500 - Train Loss: 1.8235, Train Acc: 20.24% - Val loss: 1.8315, Val Acc: 17.86%
2025-08-29 22:20:31,939 - Early stopping à l'epoch 129
2025-08-29 22:20:31,942 - Fold 10 - Accuracy finale: 17.86%
2025-08-29 22:20:31,943 - 
2025-08-29 22:20:31,943 - Résultats de la validation croisée
2025-08-29 22:20:31,943 - 
2025-08-29 22:20:31,943 - Accuracy moyenne: 20.00% ± 1.75%
2025-08-29 22:20:31,943 - Loss moyenne: 1.7850 ± 0.0011
2025-08-29 22:20:31,943 - Nombre d'epochs moyen: 119
2025-08-29 22:20:31,943 - Accuracy par fold: ['21.43%', '21.43%', '21.43%', '21.43%', '21.43%', '21.43%', '17.86%', '17.86%', '17.86%', '17.86%']

2025-08-29 22:20:31,943 - Entrainement du modèle final pour le jeu d'hyperparamètres 42

2025-08-29 22:20:32,120 - Epoch 1/119 - Loss: 1.8237, Acc: 20.00%
2025-08-29 22:20:50,203 - Epoch 119/119 - Loss: 1.7843, Acc: 20.00%
2025-08-29 22:20:50,207 - 

2025-08-29 22:20:50,207 - Résultats finaux pour le jeu d'hyperparamètres 42

2025-08-29 22:20:50,207 - Accuracy de validation croisée: 20.00% ± 1.75%
2025-08-29 22:20:50,207 - Accuracy sur le test: 20.83%

2025-08-29 22:20:59,262 - JEU D'HYPERPARAMÈTRES 43:
2025-08-29 22:20:59,262 - {'estimator_name': 'LSTM', 'estimator_params': {'num_layers': 2, 'hidden_size': 80, 'dropout': 0.125}, 'weight_decay': 1e-06, 'lr': 0.004, 'scheduler_factor': 0.5, 'batch_size': 32}

2025-08-29 22:20:59,262 - Début de la validation croisée pour le jeu d'hyperparamètres 43

2025-08-29 22:20:59,262 - Variables sélectionnées : mêmes variables que celles retenues au départ (pas de sélection en avant)

2025-08-29 22:20:59,263 - === Fold 1/10 ===
2025-08-29 22:20:59,412 - Epoch 1/500 - Train Loss: 1.8435, Train Acc: 15.08% - Val loss: 1.8634, Val Acc: 14.29%
2025-08-29 22:21:13,929 - Early stopping à l'epoch 122
2025-08-29 22:21:13,933 - Fold 1 - Accuracy finale: 21.43%
2025-08-29 22:21:13,933 - === Fold 2/10 ===
2025-08-29 22:21:14,080 - Epoch 1/500 - Train Loss: 1.8406, Train Acc: 15.08% - Val loss: 1.8594, Val Acc: 14.29%
2025-08-29 22:21:33,678 - Early stopping à l'epoch 162
2025-08-29 22:21:33,682 - Fold 2 - Accuracy finale: 21.43%
2025-08-29 22:21:33,682 - === Fold 3/10 ===
2025-08-29 22:21:33,829 - Epoch 1/500 - Train Loss: 1.8473, Train Acc: 15.08% - Val loss: 1.8441, Val Acc: 14.29%
2025-08-29 22:21:50,510 - Early stopping à l'epoch 138
2025-08-29 22:21:50,513 - Fold 3 - Accuracy finale: 21.43%
2025-08-29 22:21:50,513 - === Fold 4/10 ===
2025-08-29 22:21:50,662 - Epoch 1/500 - Train Loss: 1.8470, Train Acc: 15.08% - Val loss: 1.8462, Val Acc: 14.29%
2025-08-29 22:22:06,485 - Early stopping à l'epoch 132
2025-08-29 22:22:06,488 - Fold 4 - Accuracy finale: 21.43%
2025-08-29 22:22:06,488 - === Fold 5/10 ===
2025-08-29 22:22:06,625 - Epoch 1/500 - Train Loss: 1.8461, Train Acc: 15.08% - Val loss: 1.8436, Val Acc: 14.29%
2025-08-29 22:22:24,566 - Early stopping à l'epoch 148
2025-08-29 22:22:24,569 - Fold 5 - Accuracy finale: 21.43%
2025-08-29 22:22:24,569 - === Fold 6/10 ===
2025-08-29 22:22:24,711 - Epoch 1/500 - Train Loss: 1.8443, Train Acc: 15.08% - Val loss: 1.8491, Val Acc: 14.29%
2025-08-29 22:22:38,348 - Early stopping à l'epoch 113
2025-08-29 22:22:38,352 - Fold 6 - Accuracy finale: 21.43%
2025-08-29 22:22:38,352 - === Fold 7/10 ===
2025-08-29 22:22:38,503 - Epoch 1/500 - Train Loss: 1.8470, Train Acc: 15.08% - Val loss: 1.8245, Val Acc: 14.29%
2025-08-29 22:22:50,859 - Early stopping à l'epoch 102
2025-08-29 22:22:50,862 - Fold 7 - Accuracy finale: 17.86%
2025-08-29 22:22:50,862 - === Fold 8/10 ===
2025-08-29 22:22:51,015 - Epoch 1/500 - Train Loss: 1.8433, Train Acc: 15.08% - Val loss: 1.8246, Val Acc: 14.29%
2025-08-29 22:23:06,232 - Early stopping à l'epoch 127
2025-08-29 22:23:06,235 - Fold 8 - Accuracy finale: 17.86%
2025-08-29 22:23:06,235 - === Fold 9/10 ===
2025-08-29 22:23:06,371 - Epoch 1/500 - Train Loss: 1.8480, Train Acc: 14.68% - Val loss: 1.8159, Val Acc: 17.86%
2025-08-29 22:23:17,205 - Early stopping à l'epoch 90
2025-08-29 22:23:17,208 - Fold 9 - Accuracy finale: 17.86%
2025-08-29 22:23:17,208 - === Fold 10/10 ===
2025-08-29 22:23:17,355 - Epoch 1/500 - Train Loss: 1.8471, Train Acc: 14.68% - Val loss: 1.8174, Val Acc: 17.86%
2025-08-29 22:23:28,315 - Early stopping à l'epoch 91
2025-08-29 22:23:28,318 - Fold 10 - Accuracy finale: 17.86%
2025-08-29 22:23:28,319 - 
2025-08-29 22:23:28,319 - Résultats de la validation croisée
2025-08-29 22:23:28,319 - 
2025-08-29 22:23:28,319 - Accuracy moyenne: 20.00% ± 1.75%
2025-08-29 22:23:28,319 - Loss moyenne: 1.7850 ± 0.0008
2025-08-29 22:23:28,319 - Nombre d'epochs moyen: 122
2025-08-29 22:23:28,319 - Accuracy par fold: ['21.43%', '21.43%', '21.43%', '21.43%', '21.43%', '21.43%', '17.86%', '17.86%', '17.86%', '17.86%']

2025-08-29 22:23:28,319 - Entrainement du modèle final pour le jeu d'hyperparamètres 43

2025-08-29 22:23:28,468 - Epoch 1/122 - Loss: 1.8463, Acc: 15.36%
2025-08-29 22:23:44,588 - Epoch 122/122 - Loss: 1.7868, Acc: 20.00%
2025-08-29 22:23:44,590 - 

2025-08-29 22:23:44,590 - Résultats finaux pour le jeu d'hyperparamètres 43

2025-08-29 22:23:44,590 - Accuracy de validation croisée: 20.00% ± 1.75%
2025-08-29 22:23:44,590 - Accuracy sur le test: 20.83%

2025-08-29 22:23:54,064 - JEU D'HYPERPARAMÈTRES 44:
2025-08-29 22:23:54,064 - {'estimator_name': 'LSTM', 'estimator_params': {'num_layers': 2, 'hidden_size': 96, 'dropout': 0.15}, 'weight_decay': 5e-06, 'lr': 0.0035, 'scheduler_factor': 0.4, 'batch_size': 28}

2025-08-29 22:23:54,064 - Début de la validation croisée pour le jeu d'hyperparamètres 44

2025-08-29 22:23:54,064 - Variables sélectionnées : mêmes variables que celles retenues au départ (pas de sélection en avant)

2025-08-29 22:23:54,065 - === Fold 1/10 ===
2025-08-29 22:23:54,253 - Epoch 1/500 - Train Loss: 1.8610, Train Acc: 18.65% - Val loss: 1.8192, Val Acc: 21.43%
2025-08-29 22:24:08,936 - Early stopping à l'epoch 92
2025-08-29 22:24:08,940 - Fold 1 - Accuracy finale: 21.43%
2025-08-29 22:24:08,940 - === Fold 2/10 ===
2025-08-29 22:24:09,130 - Epoch 1/500 - Train Loss: 1.8627, Train Acc: 13.10% - Val loss: 1.8197, Val Acc: 21.43%
2025-08-29 22:24:23,544 - Early stopping à l'epoch 91
2025-08-29 22:24:23,548 - Fold 2 - Accuracy finale: 21.43%
2025-08-29 22:24:23,549 - === Fold 3/10 ===
2025-08-29 22:24:23,741 - Epoch 1/500 - Train Loss: 1.8584, Train Acc: 17.46% - Val loss: 1.8362, Val Acc: 21.43%
2025-08-29 22:24:39,463 - Early stopping à l'epoch 97
2025-08-29 22:24:39,467 - Fold 3 - Accuracy finale: 21.43%
2025-08-29 22:24:39,467 - === Fold 4/10 ===
2025-08-29 22:24:39,659 - Epoch 1/500 - Train Loss: 1.8591, Train Acc: 17.46% - Val loss: 1.8358, Val Acc: 21.43%
2025-08-29 22:24:54,904 - Early stopping à l'epoch 95
2025-08-29 22:24:54,908 - Fold 4 - Accuracy finale: 21.43%
2025-08-29 22:24:54,908 - === Fold 5/10 ===
2025-08-29 22:24:55,103 - Epoch 1/500 - Train Loss: 1.8585, Train Acc: 16.67% - Val loss: 1.8360, Val Acc: 21.43%
2025-08-29 22:25:10,424 - Early stopping à l'epoch 95
2025-08-29 22:25:10,428 - Fold 5 - Accuracy finale: 21.43%
2025-08-29 22:25:10,428 - === Fold 6/10 ===
2025-08-29 22:25:10,616 - Epoch 1/500 - Train Loss: 1.8574, Train Acc: 17.06% - Val loss: 1.8465, Val Acc: 21.43%
2025-08-29 22:25:25,820 - Early stopping à l'epoch 94
2025-08-29 22:25:25,824 - Fold 6 - Accuracy finale: 21.43%
2025-08-29 22:25:25,824 - === Fold 7/10 ===
2025-08-29 22:25:26,005 - Epoch 1/500 - Train Loss: 1.8550, Train Acc: 13.49% - Val loss: 1.8791, Val Acc: 17.86%
2025-08-29 22:25:49,240 - Early stopping à l'epoch 143
2025-08-29 22:25:49,244 - Fold 7 - Accuracy finale: 17.86%
2025-08-29 22:25:49,244 - === Fold 8/10 ===
2025-08-29 22:25:49,437 - Epoch 1/500 - Train Loss: 1.8545, Train Acc: 16.67% - Val loss: 1.8789, Val Acc: 17.86%
2025-08-29 22:26:07,981 - Early stopping à l'epoch 114
2025-08-29 22:26:07,985 - Fold 8 - Accuracy finale: 17.86%
2025-08-29 22:26:07,985 - === Fold 9/10 ===
2025-08-29 22:26:08,312 - Epoch 1/500 - Train Loss: 1.8556, Train Acc: 15.48% - Val loss: 1.8705, Val Acc: 17.86%
2025-08-29 22:26:29,957 - Early stopping à l'epoch 133
2025-08-29 22:26:29,961 - Fold 9 - Accuracy finale: 17.86%
2025-08-29 22:26:29,961 - === Fold 10/10 ===
2025-08-29 22:26:30,162 - Epoch 1/500 - Train Loss: 1.8559, Train Acc: 20.24% - Val loss: 1.8718, Val Acc: 17.86%
2025-08-29 22:27:03,150 - Epoch 201/500 - Train Loss: 1.7804, Train Acc: 20.24% - Val loss: 1.7867, Val Acc: 17.86%
2025-08-29 22:27:20,248 - Early stopping à l'epoch 305
2025-08-29 22:27:20,252 - Fold 10 - Accuracy finale: 17.86%
2025-08-29 22:27:20,253 - 
2025-08-29 22:27:20,254 - Résultats de la validation croisée
2025-08-29 22:27:20,254 - 
2025-08-29 22:27:20,254 - Accuracy moyenne: 20.00% ± 1.75%
2025-08-29 22:27:20,254 - Loss moyenne: 1.7849 ± 0.0012
2025-08-29 22:27:20,254 - Nombre d'epochs moyen: 125
2025-08-29 22:27:20,254 - Accuracy par fold: ['21.43%', '21.43%', '21.43%', '21.43%', '21.43%', '21.43%', '17.86%', '17.86%', '17.86%', '17.86%']

2025-08-29 22:27:20,254 - Entrainement du modèle final pour le jeu d'hyperparamètres 44

2025-08-29 22:27:20,463 - Epoch 1/125 - Loss: 1.8597, Acc: 14.29%
2025-08-29 22:27:42,433 - Epoch 125/125 - Loss: 1.7832, Acc: 20.00%
2025-08-29 22:27:42,437 - 

2025-08-29 22:27:42,437 - Résultats finaux pour le jeu d'hyperparamètres 44

2025-08-29 22:27:42,437 - Accuracy de validation croisée: 20.00% ± 1.75%
2025-08-29 22:27:42,437 - Accuracy sur le test: 20.83%

2025-08-29 22:27:52,123 - JEU D'HYPERPARAMÈTRES 45:
2025-08-29 22:27:52,124 - {'estimator_name': 'LSTM', 'estimator_params': {'num_layers': 4, 'hidden_size': 80, 'dropout': 0.125}, 'weight_decay': 7.5e-07, 'lr': 0.0045, 'scheduler_factor': 0.6, 'batch_size': 32}

2025-08-29 22:27:52,124 - Début de la validation croisée pour le jeu d'hyperparamètres 45

2025-08-29 22:27:52,124 - Variables sélectionnées : mêmes variables que celles retenues au départ (pas de sélection en avant)

2025-08-29 22:27:52,124 - === Fold 1/10 ===
2025-08-29 22:27:52,275 - Epoch 1/500 - Train Loss: 1.8519, Train Acc: 15.08% - Val loss: 1.8454, Val Acc: 14.29%
2025-08-29 22:28:11,643 - Early stopping à l'epoch 159
2025-08-29 22:28:11,647 - Fold 1 - Accuracy finale: 21.43%
2025-08-29 22:28:11,647 - === Fold 2/10 ===
2025-08-29 22:28:11,786 - Epoch 1/500 - Train Loss: 1.8496, Train Acc: 16.67% - Val loss: 1.8394, Val Acc: 14.29%
2025-08-29 22:28:31,414 - Early stopping à l'epoch 161
2025-08-29 22:28:31,418 - Fold 2 - Accuracy finale: 21.43%
2025-08-29 22:28:31,418 - === Fold 3/10 ===
2025-08-29 22:28:31,565 - Epoch 1/500 - Train Loss: 1.8484, Train Acc: 15.48% - Val loss: 1.8283, Val Acc: 14.29%
2025-08-29 22:28:49,064 - Early stopping à l'epoch 143
2025-08-29 22:28:49,067 - Fold 3 - Accuracy finale: 21.43%
2025-08-29 22:28:49,067 - === Fold 4/10 ===
2025-08-29 22:28:49,206 - Epoch 1/500 - Train Loss: 1.8512, Train Acc: 15.48% - Val loss: 1.8345, Val Acc: 14.29%
2025-08-29 22:29:09,106 - Early stopping à l'epoch 164
2025-08-29 22:29:09,110 - Fold 4 - Accuracy finale: 21.43%
2025-08-29 22:29:09,110 - === Fold 5/10 ===
2025-08-29 22:29:09,256 - Epoch 1/500 - Train Loss: 1.8510, Train Acc: 15.87% - Val loss: 1.8305, Val Acc: 14.29%
2025-08-29 22:29:24,031 - Early stopping à l'epoch 121
2025-08-29 22:29:24,035 - Fold 5 - Accuracy finale: 21.43%
2025-08-29 22:29:24,035 - === Fold 6/10 ===
2025-08-29 22:29:24,185 - Epoch 1/500 - Train Loss: 1.8540, Train Acc: 15.08% - Val loss: 1.8267, Val Acc: 17.86%
2025-08-29 22:29:34,660 - Early stopping à l'epoch 86
2025-08-29 22:29:34,664 - Fold 6 - Accuracy finale: 21.43%
2025-08-29 22:29:34,664 - === Fold 7/10 ===
2025-08-29 22:29:34,817 - Epoch 1/500 - Train Loss: 1.8500, Train Acc: 15.48% - Val loss: 1.8256, Val Acc: 17.86%
2025-08-29 22:29:47,214 - Early stopping à l'epoch 101
2025-08-29 22:29:47,218 - Fold 7 - Accuracy finale: 17.86%
2025-08-29 22:29:47,218 - === Fold 8/10 ===
2025-08-29 22:29:47,372 - Epoch 1/500 - Train Loss: 1.8503, Train Acc: 14.68% - Val loss: 1.8237, Val Acc: 17.86%
2025-08-29 22:29:58,161 - Early stopping à l'epoch 89
2025-08-29 22:29:58,165 - Fold 8 - Accuracy finale: 17.86%
2025-08-29 22:29:58,165 - === Fold 9/10 ===
2025-08-29 22:29:58,315 - Epoch 1/500 - Train Loss: 1.8502, Train Acc: 15.48% - Val loss: 1.8453, Val Acc: 14.29%
2025-08-29 22:30:10,043 - Early stopping à l'epoch 96
2025-08-29 22:30:10,046 - Fold 9 - Accuracy finale: 17.86%
2025-08-29 22:30:10,046 - === Fold 10/10 ===
2025-08-29 22:30:10,194 - Epoch 1/500 - Train Loss: 1.8483, Train Acc: 14.68% - Val loss: 1.8484, Val Acc: 14.29%
2025-08-29 22:30:24,778 - Early stopping à l'epoch 119
2025-08-29 22:30:24,782 - Fold 10 - Accuracy finale: 17.86%
2025-08-29 22:30:24,783 - 
2025-08-29 22:30:24,783 - Résultats de la validation croisée
2025-08-29 22:30:24,783 - 
2025-08-29 22:30:24,783 - Accuracy moyenne: 20.00% ± 1.75%
2025-08-29 22:30:24,783 - Loss moyenne: 1.7849 ± 0.0011
2025-08-29 22:30:24,783 - Nombre d'epochs moyen: 123
2025-08-29 22:30:24,783 - Accuracy par fold: ['21.43%', '21.43%', '21.43%', '21.43%', '21.43%', '21.43%', '17.86%', '17.86%', '17.86%', '17.86%']

2025-08-29 22:30:24,783 - Entrainement du modèle final pour le jeu d'hyperparamètres 45

2025-08-29 22:30:24,939 - Epoch 1/123 - Loss: 1.8488, Acc: 15.36%
2025-08-29 22:30:41,507 - Epoch 123/123 - Loss: 1.7837, Acc: 17.86%
2025-08-29 22:30:41,509 - 

2025-08-29 22:30:41,509 - Résultats finaux pour le jeu d'hyperparamètres 45

2025-08-29 22:30:41,509 - Accuracy de validation croisée: 20.00% ± 1.75%
2025-08-29 22:30:41,509 - Accuracy sur le test: 20.83%

2025-08-29 22:30:51,627 - JEU D'HYPERPARAMÈTRES 46:
2025-08-29 22:30:51,627 - {'estimator_name': 'LSTM', 'estimator_params': {'num_layers': 4, 'hidden_size': 96, 'dropout': 0.075}, 'weight_decay': 1e-06, 'lr': 0.0045, 'scheduler_factor': 0.4, 'batch_size': 36}

2025-08-29 22:30:51,627 - Début de la validation croisée pour le jeu d'hyperparamètres 46

2025-08-29 22:30:51,627 - Variables sélectionnées : mêmes variables que celles retenues au départ (pas de sélection en avant)

2025-08-29 22:30:51,628 - === Fold 1/10 ===
2025-08-29 22:30:51,780 - Epoch 1/500 - Train Loss: 1.8067, Train Acc: 19.44% - Val loss: 1.8099, Val Acc: 17.86%
2025-08-29 22:31:04,243 - Early stopping à l'epoch 99
2025-08-29 22:31:04,247 - Fold 1 - Accuracy finale: 21.43%
2025-08-29 22:31:04,247 - === Fold 2/10 ===
2025-08-29 22:31:04,395 - Epoch 1/500 - Train Loss: 1.8087, Train Acc: 19.44% - Val loss: 1.8072, Val Acc: 17.86%
2025-08-29 22:31:17,879 - Early stopping à l'epoch 108
2025-08-29 22:31:17,883 - Fold 2 - Accuracy finale: 21.43%
2025-08-29 22:31:17,883 - === Fold 3/10 ===
2025-08-29 22:31:18,030 - Epoch 1/500 - Train Loss: 1.8055, Train Acc: 19.44% - Val loss: 1.8131, Val Acc: 17.86%
2025-08-29 22:31:33,955 - Early stopping à l'epoch 124
2025-08-29 22:31:33,960 - Fold 3 - Accuracy finale: 21.43%
2025-08-29 22:31:33,960 - === Fold 4/10 ===
2025-08-29 22:31:34,121 - Epoch 1/500 - Train Loss: 1.8085, Train Acc: 19.44% - Val loss: 1.8142, Val Acc: 17.86%
2025-08-29 22:31:51,150 - Early stopping à l'epoch 133
2025-08-29 22:31:51,154 - Fold 4 - Accuracy finale: 21.43%
2025-08-29 22:31:51,154 - === Fold 5/10 ===
2025-08-29 22:31:51,314 - Epoch 1/500 - Train Loss: 1.8034, Train Acc: 19.44% - Val loss: 1.8154, Val Acc: 17.86%
2025-08-29 22:32:07,981 - Early stopping à l'epoch 128
2025-08-29 22:32:07,984 - Fold 5 - Accuracy finale: 21.43%
2025-08-29 22:32:07,985 - === Fold 6/10 ===
2025-08-29 22:32:08,140 - Epoch 1/500 - Train Loss: 1.8060, Train Acc: 19.44% - Val loss: 1.7938, Val Acc: 17.86%
2025-08-29 22:32:19,263 - Early stopping à l'epoch 88
2025-08-29 22:32:19,267 - Fold 6 - Accuracy finale: 21.43%
2025-08-29 22:32:19,267 - === Fold 7/10 ===
2025-08-29 22:32:19,426 - Epoch 1/500 - Train Loss: 1.8039, Train Acc: 19.05% - Val loss: 1.7866, Val Acc: 21.43%
2025-08-29 22:32:30,239 - Early stopping à l'epoch 85
2025-08-29 22:32:30,243 - Fold 7 - Accuracy finale: 17.86%
2025-08-29 22:32:30,243 - === Fold 8/10 ===
2025-08-29 22:32:30,403 - Epoch 1/500 - Train Loss: 1.8145, Train Acc: 19.05% - Val loss: 1.7878, Val Acc: 21.43%
2025-08-29 22:32:43,708 - Early stopping à l'epoch 103
2025-08-29 22:32:43,712 - Fold 8 - Accuracy finale: 17.86%
2025-08-29 22:32:43,712 - === Fold 9/10 ===
2025-08-29 22:32:43,871 - Epoch 1/500 - Train Loss: 1.8091, Train Acc: 19.05% - Val loss: 1.7894, Val Acc: 21.43%
2025-08-29 22:32:56,006 - Early stopping à l'epoch 95
2025-08-29 22:32:56,010 - Fold 9 - Accuracy finale: 17.86%
2025-08-29 22:32:56,010 - === Fold 10/10 ===
2025-08-29 22:32:56,161 - Epoch 1/500 - Train Loss: 1.8047, Train Acc: 19.05% - Val loss: 1.7901, Val Acc: 21.43%
2025-08-29 22:33:07,891 - Early stopping à l'epoch 92
2025-08-29 22:33:07,895 - Fold 10 - Accuracy finale: 17.86%
2025-08-29 22:33:07,896 - 
2025-08-29 22:33:07,896 - Résultats de la validation croisée
2025-08-29 22:33:07,896 - 
2025-08-29 22:33:07,896 - Accuracy moyenne: 20.00% ± 1.75%
2025-08-29 22:33:07,896 - Loss moyenne: 1.7849 ± 0.0010
2025-08-29 22:33:07,896 - Nombre d'epochs moyen: 105
2025-08-29 22:33:07,896 - Accuracy par fold: ['21.43%', '21.43%', '21.43%', '21.43%', '21.43%', '21.43%', '17.86%', '17.86%', '17.86%', '17.86%']

2025-08-29 22:33:07,896 - Entrainement du modèle final pour le jeu d'hyperparamètres 46

2025-08-29 22:33:08,068 - Epoch 1/105 - Loss: 1.8045, Acc: 19.29%
2025-08-29 22:33:23,085 - Epoch 105/105 - Loss: 1.7840, Acc: 20.00%
2025-08-29 22:33:23,088 - 

2025-08-29 22:33:23,088 - Résultats finaux pour le jeu d'hyperparamètres 46

2025-08-29 22:33:23,088 - Accuracy de validation croisée: 20.00% ± 1.75%
2025-08-29 22:33:23,088 - Accuracy sur le test: 20.83%

2025-08-29 22:33:33,922 - JEU D'HYPERPARAMÈTRES 47:
2025-08-29 22:33:33,922 - {'estimator_name': 'CNN + LSTM', 'estimator_params': {'out_channels': 8, 'num_layers': 4, 'hidden_size': 96, 'dropout': 0.05}, 'weight_decay': 5e-07, 'lr': 0.005, 'scheduler_factor': 0.5, 'batch_size': 32}

2025-08-29 22:33:33,922 - Début de la validation croisée pour le jeu d'hyperparamètres 47

2025-08-29 22:33:33,922 - Variables sélectionnées : mêmes variables que celles retenues au départ (pas de sélection en avant)

2025-08-29 22:33:33,923 - === Fold 1/10 ===
2025-08-29 22:33:34,096 - Epoch 1/500 - Train Loss: 1.8278, Train Acc: 15.48% - Val loss: 1.8146, Val Acc: 14.29%
2025-08-29 22:33:46,832 - Early stopping à l'epoch 87
2025-08-29 22:33:46,836 - Fold 1 - Accuracy finale: 21.43%
2025-08-29 22:33:46,836 - === Fold 2/10 ===
2025-08-29 22:33:47,012 - Epoch 1/500 - Train Loss: 1.8300, Train Acc: 15.48% - Val loss: 1.8162, Val Acc: 14.29%
2025-08-29 22:34:03,724 - Early stopping à l'epoch 113
2025-08-29 22:34:03,727 - Fold 2 - Accuracy finale: 21.43%
2025-08-29 22:34:03,727 - === Fold 3/10 ===
2025-08-29 22:34:03,897 - Epoch 1/500 - Train Loss: 1.8320, Train Acc: 15.08% - Val loss: 1.8057, Val Acc: 17.86%
2025-08-29 22:34:16,516 - Early stopping à l'epoch 86
2025-08-29 22:34:16,520 - Fold 3 - Accuracy finale: 21.43%
2025-08-29 22:34:16,520 - === Fold 4/10 ===
2025-08-29 22:34:16,693 - Epoch 1/500 - Train Loss: 1.8308, Train Acc: 15.08% - Val loss: 1.8044, Val Acc: 17.86%
2025-08-29 22:34:29,458 - Early stopping à l'epoch 85
2025-08-29 22:34:29,462 - Fold 4 - Accuracy finale: 21.43%
2025-08-29 22:34:29,462 - === Fold 5/10 ===
2025-08-29 22:34:29,636 - Epoch 1/500 - Train Loss: 1.8301, Train Acc: 15.08% - Val loss: 1.8049, Val Acc: 17.86%
2025-08-29 22:34:42,158 - Early stopping à l'epoch 85
2025-08-29 22:34:42,161 - Fold 5 - Accuracy finale: 21.43%
2025-08-29 22:34:42,161 - === Fold 6/10 ===
2025-08-29 22:34:42,334 - Epoch 1/500 - Train Loss: 1.8289, Train Acc: 15.48% - Val loss: 1.8146, Val Acc: 14.29%
2025-08-29 22:35:03,265 - Early stopping à l'epoch 141
2025-08-29 22:35:03,269 - Fold 6 - Accuracy finale: 21.43%
2025-08-29 22:35:03,269 - === Fold 7/10 ===
2025-08-29 22:35:03,442 - Epoch 1/500 - Train Loss: 1.8250, Train Acc: 15.48% - Val loss: 1.8248, Val Acc: 14.29%
2025-08-29 22:35:19,730 - Early stopping à l'epoch 110
2025-08-29 22:35:19,733 - Fold 7 - Accuracy finale: 17.86%
2025-08-29 22:35:19,733 - === Fold 8/10 ===
2025-08-29 22:35:19,908 - Epoch 1/500 - Train Loss: 1.8277, Train Acc: 15.48% - Val loss: 1.8277, Val Acc: 14.29%
2025-08-29 22:35:37,842 - Early stopping à l'epoch 121
2025-08-29 22:35:37,846 - Fold 8 - Accuracy finale: 17.86%
2025-08-29 22:35:37,846 - === Fold 9/10 ===
2025-08-29 22:35:38,032 - Epoch 1/500 - Train Loss: 1.8271, Train Acc: 15.48% - Val loss: 1.8358, Val Acc: 14.29%
2025-08-29 22:35:53,525 - Early stopping à l'epoch 104
2025-08-29 22:35:53,529 - Fold 9 - Accuracy finale: 17.86%
2025-08-29 22:35:53,529 - === Fold 10/10 ===
2025-08-29 22:35:53,700 - Epoch 1/500 - Train Loss: 1.8263, Train Acc: 15.48% - Val loss: 1.8355, Val Acc: 14.29%
2025-08-29 22:36:11,721 - Early stopping à l'epoch 122
2025-08-29 22:36:11,725 - Fold 10 - Accuracy finale: 17.86%
2025-08-29 22:36:11,726 - 
2025-08-29 22:36:11,726 - Résultats de la validation croisée
2025-08-29 22:36:11,726 - 
2025-08-29 22:36:11,726 - Accuracy moyenne: 20.00% ± 1.75%
2025-08-29 22:36:11,726 - Loss moyenne: 1.7850 ± 0.0011
2025-08-29 22:36:11,726 - Nombre d'epochs moyen: 105
2025-08-29 22:36:11,726 - Accuracy par fold: ['21.43%', '21.43%', '21.43%', '21.43%', '21.43%', '21.43%', '17.86%', '17.86%', '17.86%', '17.86%']

2025-08-29 22:36:11,726 - Entrainement du modèle final pour le jeu d'hyperparamètres 47

2025-08-29 22:36:11,918 - Epoch 1/105 - Loss: 1.8307, Acc: 15.36%
2025-08-29 22:36:29,004 - Epoch 105/105 - Loss: 1.7842, Acc: 19.29%
2025-08-29 22:36:29,007 - 

2025-08-29 22:36:29,007 - Résultats finaux pour le jeu d'hyperparamètres 47

2025-08-29 22:36:29,007 - Accuracy de validation croisée: 20.00% ± 1.75%
2025-08-29 22:36:29,007 - Accuracy sur le test: 20.83%

2025-08-29 22:36:40,258 - JEU D'HYPERPARAMÈTRES 48:
2025-08-29 22:36:40,258 - {'estimator_name': 'LSTM', 'estimator_params': {'num_layers': 3, 'hidden_size': 96, 'dropout': 0.15}, 'weight_decay': 5e-06, 'lr': 0.005, 'scheduler_factor': 0.4, 'batch_size': 28}

2025-08-29 22:36:40,258 - Début de la validation croisée pour le jeu d'hyperparamètres 48

2025-08-29 22:36:40,258 - Variables sélectionnées : mêmes variables que celles retenues au départ (pas de sélection en avant)

2025-08-29 22:36:40,259 - === Fold 1/10 ===
2025-08-29 22:36:40,456 - Epoch 1/500 - Train Loss: 1.8634, Train Acc: 19.44% - Val loss: 1.8736, Val Acc: 17.86%
2025-08-29 22:37:06,110 - Early stopping à l'epoch 159
2025-08-29 22:37:06,114 - Fold 1 - Accuracy finale: 17.86%
2025-08-29 22:37:06,114 - === Fold 2/10 ===
2025-08-29 22:37:06,309 - Epoch 1/500 - Train Loss: 1.8680, Train Acc: 19.44% - Val loss: 1.8738, Val Acc: 17.86%
2025-08-29 22:37:21,237 - Early stopping à l'epoch 92
2025-08-29 22:37:21,241 - Fold 2 - Accuracy finale: 17.86%
2025-08-29 22:37:21,241 - === Fold 3/10 ===
2025-08-29 22:37:21,415 - Epoch 1/500 - Train Loss: 1.8692, Train Acc: 19.44% - Val loss: 1.8626, Val Acc: 17.86%
2025-08-29 22:37:39,859 - Early stopping à l'epoch 114
2025-08-29 22:37:39,863 - Fold 3 - Accuracy finale: 21.43%
2025-08-29 22:37:39,863 - === Fold 4/10 ===
2025-08-29 22:37:40,057 - Epoch 1/500 - Train Loss: 1.8683, Train Acc: 19.44% - Val loss: 1.8607, Val Acc: 17.86%
2025-08-29 22:37:55,892 - Early stopping à l'epoch 97
2025-08-29 22:37:55,896 - Fold 4 - Accuracy finale: 17.86%
2025-08-29 22:37:55,896 - === Fold 5/10 ===
2025-08-29 22:37:56,090 - Epoch 1/500 - Train Loss: 1.8676, Train Acc: 19.44% - Val loss: 1.8631, Val Acc: 17.86%
2025-08-29 22:38:15,273 - Early stopping à l'epoch 119
2025-08-29 22:38:15,277 - Fold 5 - Accuracy finale: 21.43%
2025-08-29 22:38:15,277 - === Fold 6/10 ===
2025-08-29 22:38:15,477 - Epoch 1/500 - Train Loss: 1.8645, Train Acc: 19.44% - Val loss: 1.8644, Val Acc: 17.86%
2025-08-29 22:38:32,481 - Early stopping à l'epoch 104
2025-08-29 22:38:32,484 - Fold 6 - Accuracy finale: 21.43%
2025-08-29 22:38:32,484 - === Fold 7/10 ===
2025-08-29 22:38:32,677 - Epoch 1/500 - Train Loss: 1.8744, Train Acc: 19.05% - Val loss: 1.8310, Val Acc: 21.43%
2025-08-29 22:38:49,655 - Early stopping à l'epoch 105
2025-08-29 22:38:49,659 - Fold 7 - Accuracy finale: 17.86%
2025-08-29 22:38:49,659 - === Fold 8/10 ===
2025-08-29 22:38:49,841 - Epoch 1/500 - Train Loss: 1.8725, Train Acc: 19.05% - Val loss: 1.8298, Val Acc: 21.43%
2025-08-29 22:39:06,539 - Early stopping à l'epoch 102
2025-08-29 22:39:06,542 - Fold 8 - Accuracy finale: 17.86%
2025-08-29 22:39:06,543 - === Fold 9/10 ===
2025-08-29 22:39:06,727 - Epoch 1/500 - Train Loss: 1.8690, Train Acc: 19.05% - Val loss: 1.8512, Val Acc: 21.43%
2025-08-29 22:39:22,964 - Early stopping à l'epoch 100
2025-08-29 22:39:22,968 - Fold 9 - Accuracy finale: 17.86%
2025-08-29 22:39:22,968 - === Fold 10/10 ===
2025-08-29 22:39:23,153 - Epoch 1/500 - Train Loss: 1.8675, Train Acc: 19.05% - Val loss: 1.8496, Val Acc: 21.43%
2025-08-29 22:39:37,873 - Early stopping à l'epoch 91
2025-08-29 22:39:37,877 - Fold 10 - Accuracy finale: 17.86%
2025-08-29 22:39:37,878 - 
2025-08-29 22:39:37,878 - Résultats de la validation croisée
2025-08-29 22:39:37,878 - 
2025-08-29 22:39:37,878 - Accuracy moyenne: 18.93% ± 1.64%
2025-08-29 22:39:37,878 - Loss moyenne: 1.7851 ± 0.0010
2025-08-29 22:39:37,878 - Nombre d'epochs moyen: 108
2025-08-29 22:39:37,878 - Accuracy par fold: ['17.86%', '17.86%', '21.43%', '17.86%', '21.43%', '21.43%', '17.86%', '17.86%', '17.86%', '17.86%']

2025-08-29 22:39:37,878 - Entrainement du modèle final pour le jeu d'hyperparamètres 48

2025-08-29 22:39:38,081 - Epoch 1/108 - Loss: 1.8652, Acc: 19.29%
2025-08-29 22:39:57,089 - Epoch 108/108 - Loss: 1.7829, Acc: 19.64%
2025-08-29 22:39:57,092 - 

2025-08-29 22:39:57,092 - Résultats finaux pour le jeu d'hyperparamètres 48

2025-08-29 22:39:57,092 - Accuracy de validation croisée: 18.93% ± 1.64%
2025-08-29 22:39:57,092 - Accuracy sur le test: 20.83%

2025-08-29 22:40:08,646 - JEU D'HYPERPARAMÈTRES 49:
2025-08-29 22:40:08,646 - {'estimator_name': 'LSTM', 'estimator_params': {'num_layers': 2, 'hidden_size': 96, 'dropout': 0.175}, 'weight_decay': 2.5e-06, 'lr': 0.0045, 'scheduler_factor': 0.6, 'batch_size': 28}

2025-08-29 22:40:08,647 - Début de la validation croisée pour le jeu d'hyperparamètres 49

2025-08-29 22:40:08,647 - Variables sélectionnées : mêmes variables que celles retenues au départ (pas de sélection en avant)

2025-08-29 22:40:08,647 - === Fold 1/10 ===
2025-08-29 22:40:08,845 - Epoch 1/500 - Train Loss: 1.8599, Train Acc: 17.86% - Val loss: 1.8166, Val Acc: 21.43%
2025-08-29 22:40:22,768 - Early stopping à l'epoch 89
2025-08-29 22:40:22,772 - Fold 1 - Accuracy finale: 21.43%
2025-08-29 22:40:22,772 - === Fold 2/10 ===
2025-08-29 22:40:22,966 - Epoch 1/500 - Train Loss: 1.8608, Train Acc: 14.29% - Val loss: 1.8172, Val Acc: 21.43%
2025-08-29 22:40:36,912 - Early stopping à l'epoch 89
2025-08-29 22:40:36,917 - Fold 2 - Accuracy finale: 21.43%
2025-08-29 22:40:36,917 - === Fold 3/10 ===
2025-08-29 22:40:37,107 - Epoch 1/500 - Train Loss: 1.8564, Train Acc: 17.86% - Val loss: 1.8333, Val Acc: 21.43%
2025-08-29 22:40:51,556 - Early stopping à l'epoch 93
2025-08-29 22:40:51,560 - Fold 3 - Accuracy finale: 21.43%
2025-08-29 22:40:51,560 - === Fold 4/10 ===
2025-08-29 22:40:51,738 - Epoch 1/500 - Train Loss: 1.8579, Train Acc: 17.46% - Val loss: 1.8327, Val Acc: 21.43%
2025-08-29 22:41:06,278 - Early stopping à l'epoch 92
2025-08-29 22:41:06,282 - Fold 4 - Accuracy finale: 21.43%
2025-08-29 22:41:06,283 - === Fold 5/10 ===
2025-08-29 22:41:06,463 - Epoch 1/500 - Train Loss: 1.8565, Train Acc: 17.86% - Val loss: 1.8330, Val Acc: 21.43%
2025-08-29 22:41:20,869 - Early stopping à l'epoch 92
2025-08-29 22:41:20,873 - Fold 5 - Accuracy finale: 21.43%
2025-08-29 22:41:20,873 - === Fold 6/10 ===
2025-08-29 22:41:21,076 - Epoch 1/500 - Train Loss: 1.8561, Train Acc: 18.25% - Val loss: 1.8434, Val Acc: 21.43%
2025-08-29 22:41:35,701 - Early stopping à l'epoch 93
2025-08-29 22:41:35,705 - Fold 6 - Accuracy finale: 21.43%
2025-08-29 22:41:35,705 - === Fold 7/10 ===
2025-08-29 22:41:35,875 - Epoch 1/500 - Train Loss: 1.8548, Train Acc: 13.49% - Val loss: 1.8759, Val Acc: 17.86%
2025-08-29 22:42:07,382 - Epoch 201/500 - Train Loss: 1.7845, Train Acc: 20.24% - Val loss: 1.7858, Val Acc: 17.86%
2025-08-29 22:42:18,518 - Early stopping à l'epoch 271
2025-08-29 22:42:18,522 - Fold 7 - Accuracy finale: 17.86%
2025-08-29 22:42:18,522 - === Fold 8/10 ===
2025-08-29 22:42:18,703 - Epoch 1/500 - Train Loss: 1.8535, Train Acc: 16.27% - Val loss: 1.8749, Val Acc: 17.86%
2025-08-29 22:42:48,751 - Early stopping à l'epoch 191
2025-08-29 22:42:48,755 - Fold 8 - Accuracy finale: 17.86%
2025-08-29 22:42:48,755 - === Fold 9/10 ===
2025-08-29 22:42:48,932 - Epoch 1/500 - Train Loss: 1.8543, Train Acc: 16.27% - Val loss: 1.8664, Val Acc: 17.86%
2025-08-29 22:43:09,564 - Early stopping à l'epoch 133
2025-08-29 22:43:09,569 - Fold 9 - Accuracy finale: 17.86%
2025-08-29 22:43:09,569 - === Fold 10/10 ===
2025-08-29 22:43:09,762 - Epoch 1/500 - Train Loss: 1.8558, Train Acc: 17.86% - Val loss: 1.8679, Val Acc: 17.86%
2025-08-29 22:43:26,515 - Early stopping à l'epoch 107
2025-08-29 22:43:26,520 - Fold 10 - Accuracy finale: 17.86%
2025-08-29 22:43:26,521 - 
2025-08-29 22:43:26,522 - Résultats de la validation croisée
2025-08-29 22:43:26,522 - 
2025-08-29 22:43:26,522 - Accuracy moyenne: 20.00% ± 1.75%
2025-08-29 22:43:26,522 - Loss moyenne: 1.7849 ± 0.0012
2025-08-29 22:43:26,522 - Nombre d'epochs moyen: 125
2025-08-29 22:43:26,522 - Accuracy par fold: ['21.43%', '21.43%', '21.43%', '21.43%', '21.43%', '21.43%', '17.86%', '17.86%', '17.86%', '17.86%']

2025-08-29 22:43:26,522 - Entrainement du modèle final pour le jeu d'hyperparamètres 49

2025-08-29 22:43:26,735 - Epoch 1/125 - Loss: 1.8576, Acc: 14.29%
2025-08-29 22:43:48,000 - Epoch 125/125 - Loss: 1.7835, Acc: 20.00%
2025-08-29 22:43:48,003 - 

2025-08-29 22:43:48,003 - Résultats finaux pour le jeu d'hyperparamètres 49

2025-08-29 22:43:48,003 - Accuracy de validation croisée: 20.00% ± 1.75%
2025-08-29 22:43:48,003 - Accuracy sur le test: 20.83%

2025-08-29 22:43:59,548 - JEU D'HYPERPARAMÈTRES 50:
2025-08-29 22:43:59,548 - {'estimator_name': 'Transformer', 'estimator_params': {'d_model': 48, 'nhead': 2, 'num_layers': 3, 'dropout': 0.025}, 'weight_decay': 1e-06, 'lr': 0.004, 'scheduler_factor': 0.5, 'batch_size': 36}

2025-08-29 22:43:59,548 - Début de la validation croisée pour le jeu d'hyperparamètres 50

2025-08-29 22:43:59,548 - Variables sélectionnées : mêmes variables que celles retenues au départ (pas de sélection en avant)

2025-08-29 22:43:59,549 - === Fold 1/10 ===
2025-08-29 22:43:59,583 - Epoch 1/500 - Train Loss: 1.6253, Train Acc: 28.57% - Val loss: 1.2059, Val Acc: 35.71%
2025-08-29 22:44:04,722 - Early stopping à l'epoch 192
2025-08-29 22:44:04,724 - Fold 1 - Accuracy finale: 78.57%
2025-08-29 22:44:04,724 - === Fold 2/10 ===
2025-08-29 22:44:04,761 - Epoch 1/500 - Train Loss: 1.6293, Train Acc: 29.76% - Val loss: 1.2674, Val Acc: 42.86%
2025-08-29 22:44:10,251 - Epoch 201/500 - Train Loss: 0.4663, Train Acc: 76.98% - Val loss: 0.7590, Val Acc: 64.29%
2025-08-29 22:44:11,261 - Early stopping à l'epoch 237
2025-08-29 22:44:11,262 - Fold 2 - Accuracy finale: 82.14%
2025-08-29 22:44:11,262 - === Fold 3/10 ===
2025-08-29 22:44:11,293 - Epoch 1/500 - Train Loss: 1.4830, Train Acc: 36.51% - Val loss: 1.1826, Val Acc: 35.71%
2025-08-29 22:44:15,049 - Early stopping à l'epoch 152
2025-08-29 22:44:15,051 - Fold 3 - Accuracy finale: 39.29%
2025-08-29 22:44:15,051 - === Fold 4/10 ===
2025-08-29 22:44:15,082 - Epoch 1/500 - Train Loss: 1.5002, Train Acc: 31.75% - Val loss: 1.1886, Val Acc: 35.71%
2025-08-29 22:44:20,461 - Epoch 201/500 - Train Loss: 1.0959, Train Acc: 33.73% - Val loss: 1.0940, Val Acc: 35.71%
2025-08-29 22:44:20,484 - Early stopping à l'epoch 202
2025-08-29 22:44:20,486 - Fold 4 - Accuracy finale: 35.71%
2025-08-29 22:44:20,487 - === Fold 5/10 ===
2025-08-29 22:44:20,515 - Epoch 1/500 - Train Loss: 1.4871, Train Acc: 32.14% - Val loss: 1.1593, Val Acc: 35.71%
2025-08-29 22:44:24,476 - Early stopping à l'epoch 163
2025-08-29 22:44:24,478 - Fold 5 - Accuracy finale: 32.14%
2025-08-29 22:44:24,478 - === Fold 6/10 ===
2025-08-29 22:44:24,506 - Epoch 1/500 - Train Loss: 1.5457, Train Acc: 29.37% - Val loss: 1.1942, Val Acc: 32.14%
2025-08-29 22:44:28,526 - Early stopping à l'epoch 163
2025-08-29 22:44:28,528 - Fold 6 - Accuracy finale: 35.71%
2025-08-29 22:44:28,528 - === Fold 7/10 ===
2025-08-29 22:44:28,557 - Epoch 1/500 - Train Loss: 1.4178, Train Acc: 34.92% - Val loss: 1.2561, Val Acc: 39.29%
2025-08-29 22:44:33,607 - Epoch 201/500 - Train Loss: 0.2642, Train Acc: 92.86% - Val loss: 0.4186, Val Acc: 92.86%
2025-08-29 22:44:34,481 - Early stopping à l'epoch 233
2025-08-29 22:44:34,483 - Fold 7 - Accuracy finale: 89.29%
2025-08-29 22:44:34,483 - === Fold 8/10 ===
2025-08-29 22:44:34,515 - Epoch 1/500 - Train Loss: 1.5724, Train Acc: 31.35% - Val loss: 1.1453, Val Acc: 35.71%
2025-08-29 22:44:38,965 - Early stopping à l'epoch 183
2025-08-29 22:44:38,967 - Fold 8 - Accuracy finale: 50.00%
2025-08-29 22:44:38,968 - === Fold 9/10 ===
2025-08-29 22:44:39,001 - Epoch 1/500 - Train Loss: 1.3902, Train Acc: 38.10% - Val loss: 1.1647, Val Acc: 50.00%
2025-08-29 22:44:43,498 - Early stopping à l'epoch 185
2025-08-29 22:44:43,499 - Fold 9 - Accuracy finale: 89.29%
2025-08-29 22:44:43,499 - === Fold 10/10 ===
2025-08-29 22:44:43,528 - Epoch 1/500 - Train Loss: 1.5130, Train Acc: 30.95% - Val loss: 1.2386, Val Acc: 32.14%
2025-08-29 22:44:47,586 - Early stopping à l'epoch 167
2025-08-29 22:44:47,587 - Fold 10 - Accuracy finale: 96.43%
2025-08-29 22:44:47,588 - 
2025-08-29 22:44:47,588 - Résultats de la validation croisée
2025-08-29 22:44:47,588 - 
2025-08-29 22:44:47,588 - Accuracy moyenne: 62.86% ± 25.06%
2025-08-29 22:44:47,588 - Loss moyenne: 0.8226 ± 0.3444
2025-08-29 22:44:47,588 - Nombre d'epochs moyen: 187
2025-08-29 22:44:47,588 - Accuracy par fold: ['78.57%', '82.14%', '39.29%', '35.71%', '32.14%', '35.71%', '89.29%', '50.00%', '89.29%', '96.43%']

2025-08-29 22:44:47,588 - Entrainement du modèle final pour le jeu d'hyperparamètres 50

2025-08-29 22:44:47,617 - Epoch 1/187 - Loss: 1.6060, Acc: 29.29%
2025-08-29 22:44:52,536 - Epoch 187/187 - Loss: 0.7243, Acc: 65.71%
2025-08-29 22:44:52,539 - 

2025-08-29 22:44:52,539 - Résultats finaux pour le jeu d'hyperparamètres 50

2025-08-29 22:44:52,539 - Accuracy de validation croisée: 62.86% ± 25.06%
2025-08-29 22:44:52,539 - Accuracy sur le test: 62.50%

2025-08-29 22:45:04,252 - JEU D'HYPERPARAMÈTRES 51:
2025-08-29 22:45:04,252 - {'estimator_name': 'Transformer', 'estimator_params': {'d_model': 36, 'nhead': 12, 'num_layers': 3, 'dropout': 0.175}, 'weight_decay': 1e-06, 'lr': 0.0035, 'scheduler_factor': 0.5, 'batch_size': 36}

2025-08-29 22:45:04,252 - Début de la validation croisée pour le jeu d'hyperparamètres 51

2025-08-29 22:45:04,252 - Variables sélectionnées : mêmes variables que celles retenues au départ (pas de sélection en avant)

2025-08-29 22:45:04,253 - === Fold 1/10 ===
2025-08-29 22:45:04,287 - Epoch 1/500 - Train Loss: 1.5885, Train Acc: 32.94% - Val loss: 1.2148, Val Acc: 35.71%
2025-08-29 22:45:10,032 - Epoch 201/500 - Train Loss: 0.0011, Train Acc: 100.00% - Val loss: 0.2602, Val Acc: 96.43%
2025-08-29 22:45:10,396 - Early stopping à l'epoch 214
2025-08-29 22:45:10,397 - Fold 1 - Accuracy finale: 96.43%
2025-08-29 22:45:10,397 - === Fold 2/10 ===
2025-08-29 22:45:10,427 - Epoch 1/500 - Train Loss: 1.5153, Train Acc: 25.40% - Val loss: 1.2820, Val Acc: 28.57%
2025-08-29 22:45:13,454 - Early stopping à l'epoch 111
2025-08-29 22:45:13,456 - Fold 2 - Accuracy finale: 89.29%
2025-08-29 22:45:13,456 - === Fold 3/10 ===
2025-08-29 22:45:13,486 - Epoch 1/500 - Train Loss: 1.6027, Train Acc: 32.14% - Val loss: 1.1656, Val Acc: 50.00%
2025-08-29 22:45:16,989 - Early stopping à l'epoch 125
2025-08-29 22:45:16,991 - Fold 3 - Accuracy finale: 89.29%
2025-08-29 22:45:16,991 - === Fold 4/10 ===
2025-08-29 22:45:17,029 - Epoch 1/500 - Train Loss: 1.4192, Train Acc: 33.33% - Val loss: 1.0266, Val Acc: 53.57%
2025-08-29 22:45:19,697 - Early stopping à l'epoch 100
2025-08-29 22:45:19,699 - Fold 4 - Accuracy finale: 96.43%
2025-08-29 22:45:19,699 - === Fold 5/10 ===
2025-08-29 22:45:19,730 - Epoch 1/500 - Train Loss: 1.5688, Train Acc: 30.95% - Val loss: 1.2672, Val Acc: 39.29%
2025-08-29 22:45:25,136 - Epoch 201/500 - Train Loss: 0.0027, Train Acc: 100.00% - Val loss: 0.1074, Val Acc: 92.86%
2025-08-29 22:45:25,314 - Early stopping à l'epoch 207
2025-08-29 22:45:25,316 - Fold 5 - Accuracy finale: 92.86%
2025-08-29 22:45:25,316 - === Fold 6/10 ===
2025-08-29 22:45:25,347 - Epoch 1/500 - Train Loss: 1.5566, Train Acc: 29.37% - Val loss: 1.2139, Val Acc: 39.29%
2025-08-29 22:45:28,853 - Early stopping à l'epoch 124
2025-08-29 22:45:28,855 - Fold 6 - Accuracy finale: 82.14%
2025-08-29 22:45:28,855 - === Fold 7/10 ===
2025-08-29 22:45:28,887 - Epoch 1/500 - Train Loss: 1.5418, Train Acc: 30.95% - Val loss: 1.1320, Val Acc: 39.29%
2025-08-29 22:45:32,734 - Early stopping à l'epoch 131
2025-08-29 22:45:32,736 - Fold 7 - Accuracy finale: 96.43%
2025-08-29 22:45:32,736 - === Fold 8/10 ===
2025-08-29 22:45:32,766 - Epoch 1/500 - Train Loss: 1.4457, Train Acc: 32.54% - Val loss: 1.1451, Val Acc: 42.86%
2025-08-29 22:45:35,653 - Early stopping à l'epoch 107
2025-08-29 22:45:35,655 - Fold 8 - Accuracy finale: 85.71%
2025-08-29 22:45:35,655 - === Fold 9/10 ===
2025-08-29 22:45:35,685 - Epoch 1/500 - Train Loss: 1.5679, Train Acc: 28.57% - Val loss: 1.2663, Val Acc: 32.14%
2025-08-29 22:45:38,459 - Early stopping à l'epoch 105
2025-08-29 22:45:38,460 - Fold 9 - Accuracy finale: 96.43%
2025-08-29 22:45:38,460 - === Fold 10/10 ===
2025-08-29 22:45:38,491 - Epoch 1/500 - Train Loss: 1.4536, Train Acc: 31.75% - Val loss: 1.1766, Val Acc: 50.00%
2025-08-29 22:45:42,082 - Early stopping à l'epoch 128
2025-08-29 22:45:42,084 - Fold 10 - Accuracy finale: 96.43%
2025-08-29 22:45:42,084 - 
2025-08-29 22:45:42,084 - Résultats de la validation croisée
2025-08-29 22:45:42,084 - 
2025-08-29 22:45:42,084 - Accuracy moyenne: 92.14% ± 5.00%
2025-08-29 22:45:42,084 - Loss moyenne: 0.4812 ± 0.3223
2025-08-29 22:45:42,084 - Nombre d'epochs moyen: 135
2025-08-29 22:45:42,084 - Accuracy par fold: ['96.43%', '89.29%', '89.29%', '96.43%', '92.86%', '82.14%', '96.43%', '85.71%', '96.43%', '96.43%']

2025-08-29 22:45:42,084 - Entrainement du modèle final pour le jeu d'hyperparamètres 51

2025-08-29 22:45:42,123 - Epoch 1/135 - Loss: 1.6373, Acc: 25.00%
2025-08-29 22:45:46,536 - Epoch 135/135 - Loss: 0.0087, Acc: 99.64%
2025-08-29 22:45:46,539 - 

2025-08-29 22:45:46,539 - Résultats finaux pour le jeu d'hyperparamètres 51

2025-08-29 22:45:46,539 - Accuracy de validation croisée: 92.14% ± 5.00%
2025-08-29 22:45:46,539 - Accuracy sur le test: 90.83%

2025-08-29 22:45:57,910 - JEU D'HYPERPARAMÈTRES 52:
2025-08-29 22:45:57,910 - {'estimator_name': 'CNN + LSTM', 'estimator_params': {'out_channels': 32, 'num_layers': 2, 'hidden_size': 96, 'dropout': 0.05}, 'weight_decay': 7.5e-07, 'lr': 0.0035, 'scheduler_factor': 0.4, 'batch_size': 36}

2025-08-29 22:45:57,910 - Début de la validation croisée pour le jeu d'hyperparamètres 52

2025-08-29 22:45:57,910 - Variables sélectionnées : mêmes variables que celles retenues au départ (pas de sélection en avant)

2025-08-29 22:45:57,911 - === Fold 1/10 ===
2025-08-29 22:45:58,056 - Epoch 1/500 - Train Loss: 1.9782, Train Acc: 15.48% - Val loss: 1.9554, Val Acc: 14.29%
2025-08-29 22:46:14,048 - Early stopping à l'epoch 132
2025-08-29 22:46:14,051 - Fold 1 - Accuracy finale: 21.43%
2025-08-29 22:46:14,051 - === Fold 2/10 ===
2025-08-29 22:46:14,201 - Epoch 1/500 - Train Loss: 1.9827, Train Acc: 15.48% - Val loss: 1.9551, Val Acc: 14.29%
2025-08-29 22:46:27,926 - Early stopping à l'epoch 113
2025-08-29 22:46:27,930 - Fold 2 - Accuracy finale: 21.43%
2025-08-29 22:46:27,930 - === Fold 3/10 ===
2025-08-29 22:46:28,071 - Epoch 1/500 - Train Loss: 1.9819, Train Acc: 15.08% - Val loss: 1.9398, Val Acc: 17.86%
2025-08-29 22:46:46,075 - Early stopping à l'epoch 147
2025-08-29 22:46:46,079 - Fold 3 - Accuracy finale: 21.43%
2025-08-29 22:46:46,079 - === Fold 4/10 ===
2025-08-29 22:46:46,225 - Epoch 1/500 - Train Loss: 1.9842, Train Acc: 15.08% - Val loss: 1.9396, Val Acc: 17.86%
2025-08-29 22:47:03,534 - Early stopping à l'epoch 139
2025-08-29 22:47:03,538 - Fold 4 - Accuracy finale: 21.43%
2025-08-29 22:47:03,538 - === Fold 5/10 ===
2025-08-29 22:47:03,706 - Epoch 1/500 - Train Loss: 1.9840, Train Acc: 15.08% - Val loss: 1.9421, Val Acc: 17.86%
2025-08-29 22:47:20,475 - Early stopping à l'epoch 136
2025-08-29 22:47:20,479 - Fold 5 - Accuracy finale: 21.43%
2025-08-29 22:47:20,479 - === Fold 6/10 ===
2025-08-29 22:47:20,647 - Epoch 1/500 - Train Loss: 1.9794, Train Acc: 15.48% - Val loss: 1.9710, Val Acc: 14.29%
2025-08-29 22:47:36,775 - Early stopping à l'epoch 129
2025-08-29 22:47:36,779 - Fold 6 - Accuracy finale: 21.43%
2025-08-29 22:47:36,779 - === Fold 7/10 ===
2025-08-29 22:47:36,931 - Epoch 1/500 - Train Loss: 1.9780, Train Acc: 15.48% - Val loss: 1.9735, Val Acc: 14.29%
2025-08-29 22:47:51,018 - Early stopping à l'epoch 114
2025-08-29 22:47:51,022 - Fold 7 - Accuracy finale: 17.86%
2025-08-29 22:47:51,022 - === Fold 8/10 ===
2025-08-29 22:47:51,169 - Epoch 1/500 - Train Loss: 1.9783, Train Acc: 15.48% - Val loss: 1.9753, Val Acc: 14.29%
2025-08-29 22:48:04,720 - Early stopping à l'epoch 109
2025-08-29 22:48:04,725 - Fold 8 - Accuracy finale: 17.86%
2025-08-29 22:48:04,725 - === Fold 9/10 ===
2025-08-29 22:48:04,893 - Epoch 1/500 - Train Loss: 1.9756, Train Acc: 15.48% - Val loss: 1.9931, Val Acc: 14.29%
2025-08-29 22:48:20,316 - Early stopping à l'epoch 124
2025-08-29 22:48:20,319 - Fold 9 - Accuracy finale: 17.86%
2025-08-29 22:48:20,319 - === Fold 10/10 ===
2025-08-29 22:48:20,465 - Epoch 1/500 - Train Loss: 1.9749, Train Acc: 15.48% - Val loss: 1.9931, Val Acc: 14.29%
2025-08-29 22:48:36,834 - Early stopping à l'epoch 131
2025-08-29 22:48:36,838 - Fold 10 - Accuracy finale: 17.86%
2025-08-29 22:48:36,839 - 
2025-08-29 22:48:36,840 - Résultats de la validation croisée
2025-08-29 22:48:36,840 - 
2025-08-29 22:48:36,840 - Accuracy moyenne: 20.00% ± 1.75%
2025-08-29 22:48:36,840 - Loss moyenne: 1.7850 ± 0.0012
2025-08-29 22:48:36,840 - Nombre d'epochs moyen: 127
2025-08-29 22:48:36,840 - Accuracy par fold: ['21.43%', '21.43%', '21.43%', '21.43%', '21.43%', '21.43%', '17.86%', '17.86%', '17.86%', '17.86%']

2025-08-29 22:48:36,840 - Entrainement du modèle final pour le jeu d'hyperparamètres 52

2025-08-29 22:48:37,022 - Epoch 1/127 - Loss: 1.9802, Acc: 15.36%
2025-08-29 22:48:54,548 - Epoch 127/127 - Loss: 1.7845, Acc: 18.93%
2025-08-29 22:48:54,551 - 

2025-08-29 22:48:54,551 - Résultats finaux pour le jeu d'hyperparamètres 52

2025-08-29 22:48:54,551 - Accuracy de validation croisée: 20.00% ± 1.75%
2025-08-29 22:48:54,551 - Accuracy sur le test: 20.83%

2025-08-29 22:49:06,255 - JEU D'HYPERPARAMÈTRES 53:
2025-08-29 22:49:06,255 - {'estimator_name': 'CNN + LSTM', 'estimator_params': {'out_channels': 8, 'num_layers': 2, 'hidden_size': 96, 'dropout': 0.075}, 'weight_decay': 2.5e-06, 'lr': 0.0045, 'scheduler_factor': 0.5, 'batch_size': 32}

2025-08-29 22:49:06,255 - Début de la validation croisée pour le jeu d'hyperparamètres 53

2025-08-29 22:49:06,255 - Variables sélectionnées : mêmes variables que celles retenues au départ (pas de sélection en avant)

2025-08-29 22:49:06,255 - === Fold 1/10 ===
2025-08-29 22:49:06,425 - Epoch 1/500 - Train Loss: 1.8086, Train Acc: 19.44% - Val loss: 1.8191, Val Acc: 17.86%
2025-08-29 22:49:25,937 - Early stopping à l'epoch 140
2025-08-29 22:49:25,940 - Fold 1 - Accuracy finale: 21.43%
2025-08-29 22:49:25,940 - === Fold 2/10 ===
2025-08-29 22:49:26,125 - Epoch 1/500 - Train Loss: 1.8142, Train Acc: 19.44% - Val loss: 1.8240, Val Acc: 17.86%
2025-08-29 22:49:42,012 - Early stopping à l'epoch 114
2025-08-29 22:49:42,016 - Fold 2 - Accuracy finale: 21.43%
2025-08-29 22:49:42,016 - === Fold 3/10 ===
2025-08-29 22:49:42,201 - Epoch 1/500 - Train Loss: 1.8125, Train Acc: 19.44% - Val loss: 1.8090, Val Acc: 17.86%
2025-08-29 22:49:59,636 - Early stopping à l'epoch 124
2025-08-29 22:49:59,639 - Fold 3 - Accuracy finale: 21.43%
2025-08-29 22:49:59,639 - === Fold 4/10 ===
2025-08-29 22:49:59,800 - Epoch 1/500 - Train Loss: 1.8197, Train Acc: 19.44% - Val loss: 1.8064, Val Acc: 17.86%
2025-08-29 22:50:20,963 - Early stopping à l'epoch 149
2025-08-29 22:50:20,967 - Fold 4 - Accuracy finale: 21.43%
2025-08-29 22:50:20,967 - === Fold 5/10 ===
2025-08-29 22:50:21,133 - Epoch 1/500 - Train Loss: 1.8154, Train Acc: 19.44% - Val loss: 1.8049, Val Acc: 17.86%
2025-08-29 22:50:40,006 - Early stopping à l'epoch 135
2025-08-29 22:50:40,010 - Fold 5 - Accuracy finale: 21.43%
2025-08-29 22:50:40,010 - === Fold 6/10 ===
2025-08-29 22:50:40,170 - Epoch 1/500 - Train Loss: 1.8160, Train Acc: 19.44% - Val loss: 1.8087, Val Acc: 17.86%
2025-08-29 22:50:53,703 - Early stopping à l'epoch 96
2025-08-29 22:50:53,707 - Fold 6 - Accuracy finale: 21.43%
2025-08-29 22:50:53,707 - === Fold 7/10 ===
2025-08-29 22:50:53,876 - Epoch 1/500 - Train Loss: 1.8229, Train Acc: 19.05% - Val loss: 1.7922, Val Acc: 21.43%
2025-08-29 22:51:05,564 - Early stopping à l'epoch 84
2025-08-29 22:51:05,568 - Fold 7 - Accuracy finale: 17.86%
2025-08-29 22:51:05,568 - === Fold 8/10 ===
2025-08-29 22:51:05,752 - Epoch 1/500 - Train Loss: 1.8182, Train Acc: 19.05% - Val loss: 1.7935, Val Acc: 21.43%
2025-08-29 22:51:17,465 - Early stopping à l'epoch 84
2025-08-29 22:51:17,469 - Fold 8 - Accuracy finale: 17.86%
2025-08-29 22:51:17,469 - === Fold 9/10 ===
2025-08-29 22:51:17,657 - Epoch 1/500 - Train Loss: 1.8205, Train Acc: 19.05% - Val loss: 1.7923, Val Acc: 21.43%
2025-08-29 22:51:35,225 - Early stopping à l'epoch 123
2025-08-29 22:51:35,229 - Fold 9 - Accuracy finale: 17.86%
2025-08-29 22:51:35,229 - === Fold 10/10 ===
2025-08-29 22:51:35,389 - Epoch 1/500 - Train Loss: 1.8164, Train Acc: 19.05% - Val loss: 1.7918, Val Acc: 21.43%
2025-08-29 22:51:51,228 - Early stopping à l'epoch 112
2025-08-29 22:51:51,232 - Fold 10 - Accuracy finale: 17.86%
2025-08-29 22:51:51,233 - 
2025-08-29 22:51:51,233 - Résultats de la validation croisée
2025-08-29 22:51:51,233 - 
2025-08-29 22:51:51,233 - Accuracy moyenne: 20.00% ± 1.75%
2025-08-29 22:51:51,233 - Loss moyenne: 1.7850 ± 0.0012
2025-08-29 22:51:51,233 - Nombre d'epochs moyen: 116
2025-08-29 22:51:51,233 - Accuracy par fold: ['21.43%', '21.43%', '21.43%', '21.43%', '21.43%', '21.43%', '17.86%', '17.86%', '17.86%', '17.86%']

2025-08-29 22:51:51,233 - Entrainement du modèle final pour le jeu d'hyperparamètres 53

2025-08-29 22:51:51,406 - Epoch 1/116 - Loss: 1.8167, Acc: 19.29%
2025-08-29 22:52:09,575 - Epoch 116/116 - Loss: 1.7848, Acc: 21.07%
2025-08-29 22:52:09,577 - 

2025-08-29 22:52:09,577 - Résultats finaux pour le jeu d'hyperparamètres 53

2025-08-29 22:52:09,577 - Accuracy de validation croisée: 20.00% ± 1.75%
2025-08-29 22:52:09,577 - Accuracy sur le test: 20.83%

2025-08-29 22:52:21,260 - JEU D'HYPERPARAMÈTRES 54:
2025-08-29 22:52:21,260 - {'estimator_name': 'Transformer', 'estimator_params': {'d_model': 60, 'nhead': 3, 'num_layers': 2, 'dropout': 0.175}, 'weight_decay': 5e-07, 'lr': 0.0055, 'scheduler_factor': 0.4, 'batch_size': 36}

2025-08-29 22:52:21,260 - Début de la validation croisée pour le jeu d'hyperparamètres 54

2025-08-29 22:52:21,260 - Variables sélectionnées : mêmes variables que celles retenues au départ (pas de sélection en avant)

2025-08-29 22:52:21,261 - === Fold 1/10 ===
2025-08-29 22:52:21,285 - Epoch 1/500 - Train Loss: 1.4421, Train Acc: 43.65% - Val loss: 1.1976, Val Acc: 46.43%
2025-08-29 22:52:23,635 - Early stopping à l'epoch 131
2025-08-29 22:52:23,636 - Fold 1 - Accuracy finale: 85.71%
2025-08-29 22:52:23,636 - === Fold 2/10 ===
2025-08-29 22:52:23,659 - Epoch 1/500 - Train Loss: 1.4383, Train Acc: 36.51% - Val loss: 1.0200, Val Acc: 42.86%
2025-08-29 22:52:26,218 - Early stopping à l'epoch 141
2025-08-29 22:52:26,219 - Fold 2 - Accuracy finale: 89.29%
2025-08-29 22:52:26,219 - === Fold 3/10 ===
2025-08-29 22:52:26,244 - Epoch 1/500 - Train Loss: 1.5695, Train Acc: 28.97% - Val loss: 1.1639, Val Acc: 35.71%
2025-08-29 22:52:28,023 - Early stopping à l'epoch 96
2025-08-29 22:52:28,025 - Fold 3 - Accuracy finale: 92.86%
2025-08-29 22:52:28,025 - === Fold 4/10 ===
2025-08-29 22:52:28,050 - Epoch 1/500 - Train Loss: 1.3861, Train Acc: 38.89% - Val loss: 0.9343, Val Acc: 67.86%
2025-08-29 22:52:31,519 - Early stopping à l'epoch 191
2025-08-29 22:52:31,521 - Fold 4 - Accuracy finale: 96.43%
2025-08-29 22:52:31,521 - === Fold 5/10 ===
2025-08-29 22:52:31,543 - Epoch 1/500 - Train Loss: 1.5483, Train Acc: 27.78% - Val loss: 1.1297, Val Acc: 50.00%
2025-08-29 22:52:34,489 - Early stopping à l'epoch 155
2025-08-29 22:52:34,491 - Fold 5 - Accuracy finale: 85.71%
2025-08-29 22:52:34,491 - === Fold 6/10 ===
2025-08-29 22:52:34,514 - Epoch 1/500 - Train Loss: 1.4534, Train Acc: 32.54% - Val loss: 1.0942, Val Acc: 35.71%
2025-08-29 22:52:37,517 - Early stopping à l'epoch 161
2025-08-29 22:52:37,518 - Fold 6 - Accuracy finale: 89.29%
2025-08-29 22:52:37,518 - === Fold 7/10 ===
2025-08-29 22:52:37,541 - Epoch 1/500 - Train Loss: 1.3439, Train Acc: 39.68% - Val loss: 1.1431, Val Acc: 53.57%
2025-08-29 22:52:39,909 - Early stopping à l'epoch 125
2025-08-29 22:52:39,910 - Fold 7 - Accuracy finale: 89.29%
2025-08-29 22:52:39,910 - === Fold 8/10 ===
2025-08-29 22:52:39,941 - Epoch 1/500 - Train Loss: 1.3776, Train Acc: 39.29% - Val loss: 0.9975, Val Acc: 42.86%
2025-08-29 22:52:41,876 - Early stopping à l'epoch 103
2025-08-29 22:52:41,877 - Fold 8 - Accuracy finale: 82.14%
2025-08-29 22:52:41,877 - === Fold 9/10 ===
2025-08-29 22:52:41,903 - Epoch 1/500 - Train Loss: 1.6085, Train Acc: 32.14% - Val loss: 1.1419, Val Acc: 39.29%
2025-08-29 22:52:45,757 - Early stopping à l'epoch 200
2025-08-29 22:52:45,758 - Fold 9 - Accuracy finale: 96.43%
2025-08-29 22:52:45,758 - === Fold 10/10 ===
2025-08-29 22:52:45,780 - Epoch 1/500 - Train Loss: 1.4478, Train Acc: 31.35% - Val loss: 1.0702, Val Acc: 42.86%
2025-08-29 22:52:48,239 - Early stopping à l'epoch 128
2025-08-29 22:52:48,241 - Fold 10 - Accuracy finale: 89.29%
2025-08-29 22:52:48,241 - 
2025-08-29 22:52:48,241 - Résultats de la validation croisée
2025-08-29 22:52:48,241 - 
2025-08-29 22:52:48,241 - Accuracy moyenne: 89.64% ± 4.36%
2025-08-29 22:52:48,241 - Loss moyenne: 0.5242 ± 0.3018
2025-08-29 22:52:48,241 - Nombre d'epochs moyen: 143
2025-08-29 22:52:48,241 - Accuracy par fold: ['85.71%', '89.29%', '92.86%', '96.43%', '85.71%', '89.29%', '89.29%', '82.14%', '96.43%', '89.29%']

2025-08-29 22:52:48,241 - Entrainement du modèle final pour le jeu d'hyperparamètres 54

2025-08-29 22:52:48,266 - Epoch 1/143 - Loss: 1.4761, Acc: 30.36%
2025-08-29 22:52:51,179 - Epoch 143/143 - Loss: 0.1834, Acc: 95.00%
2025-08-29 22:52:51,181 - 

2025-08-29 22:52:51,181 - Résultats finaux pour le jeu d'hyperparamètres 54

2025-08-29 22:52:51,181 - Accuracy de validation croisée: 89.64% ± 4.36%
2025-08-29 22:52:51,181 - Accuracy sur le test: 83.33%

2025-08-29 22:53:03,332 - JEU D'HYPERPARAMÈTRES 55:
2025-08-29 22:53:03,332 - {'estimator_name': 'CNN + LSTM', 'estimator_params': {'out_channels': 8, 'num_layers': 2, 'hidden_size': 80, 'dropout': 0.175}, 'weight_decay': 5e-07, 'lr': 0.0035, 'scheduler_factor': 0.6, 'batch_size': 28}

2025-08-29 22:53:03,332 - Début de la validation croisée pour le jeu d'hyperparamètres 55

2025-08-29 22:53:03,332 - Variables sélectionnées : mêmes variables que celles retenues au départ (pas de sélection en avant)

2025-08-29 22:53:03,333 - === Fold 1/10 ===
2025-08-29 22:53:03,488 - Epoch 1/500 - Train Loss: 1.9047, Train Acc: 15.48% - Val loss: 1.8714, Val Acc: 14.29%
2025-08-29 22:53:19,631 - Early stopping à l'epoch 122
2025-08-29 22:53:19,634 - Fold 1 - Accuracy finale: 21.43%
2025-08-29 22:53:19,634 - === Fold 2/10 ===
2025-08-29 22:53:19,789 - Epoch 1/500 - Train Loss: 1.9035, Train Acc: 15.48% - Val loss: 1.8655, Val Acc: 14.29%
2025-08-29 22:53:33,231 - Early stopping à l'epoch 101
2025-08-29 22:53:33,234 - Fold 2 - Accuracy finale: 21.43%
2025-08-29 22:53:33,234 - === Fold 3/10 ===
2025-08-29 22:53:33,406 - Epoch 1/500 - Train Loss: 1.9008, Train Acc: 15.08% - Val loss: 1.8615, Val Acc: 17.86%
2025-08-29 22:53:46,431 - Early stopping à l'epoch 99
2025-08-29 22:53:46,434 - Fold 3 - Accuracy finale: 21.43%
2025-08-29 22:53:46,434 - === Fold 4/10 ===
2025-08-29 22:53:46,591 - Epoch 1/500 - Train Loss: 1.8952, Train Acc: 15.08% - Val loss: 1.8618, Val Acc: 17.86%
2025-08-29 22:53:59,370 - Early stopping à l'epoch 97
2025-08-29 22:53:59,373 - Fold 4 - Accuracy finale: 21.43%
2025-08-29 22:53:59,373 - === Fold 5/10 ===
2025-08-29 22:53:59,540 - Epoch 1/500 - Train Loss: 1.9025, Train Acc: 15.08% - Val loss: 1.8626, Val Acc: 17.86%
2025-08-29 22:54:12,282 - Early stopping à l'epoch 97
2025-08-29 22:54:12,285 - Fold 5 - Accuracy finale: 21.43%
2025-08-29 22:54:12,285 - === Fold 6/10 ===
2025-08-29 22:54:12,461 - Epoch 1/500 - Train Loss: 1.8984, Train Acc: 15.48% - Val loss: 1.8835, Val Acc: 14.29%
2025-08-29 22:54:28,201 - Early stopping à l'epoch 119
2025-08-29 22:54:28,204 - Fold 6 - Accuracy finale: 21.43%
2025-08-29 22:54:28,204 - === Fold 7/10 ===
2025-08-29 22:54:28,369 - Epoch 1/500 - Train Loss: 1.8986, Train Acc: 15.48% - Val loss: 1.9138, Val Acc: 14.29%
2025-08-29 22:54:51,937 - Early stopping à l'epoch 178
2025-08-29 22:54:51,940 - Fold 7 - Accuracy finale: 17.86%
2025-08-29 22:54:51,940 - === Fold 8/10 ===
2025-08-29 22:54:52,097 - Epoch 1/500 - Train Loss: 1.8947, Train Acc: 15.48% - Val loss: 1.9146, Val Acc: 14.29%
2025-08-29 22:55:14,266 - Early stopping à l'epoch 166
2025-08-29 22:55:14,269 - Fold 8 - Accuracy finale: 17.86%
2025-08-29 22:55:14,269 - === Fold 9/10 ===
2025-08-29 22:55:14,424 - Epoch 1/500 - Train Loss: 1.8961, Train Acc: 15.48% - Val loss: 1.9080, Val Acc: 14.29%
2025-08-29 22:55:27,520 - Early stopping à l'epoch 98
2025-08-29 22:55:27,524 - Fold 9 - Accuracy finale: 17.86%
2025-08-29 22:55:27,524 - === Fold 10/10 ===
2025-08-29 22:55:27,696 - Epoch 1/500 - Train Loss: 1.8991, Train Acc: 15.48% - Val loss: 1.9123, Val Acc: 14.29%
2025-08-29 22:55:44,434 - Early stopping à l'epoch 126
2025-08-29 22:55:44,437 - Fold 10 - Accuracy finale: 17.86%
2025-08-29 22:55:44,437 - 
2025-08-29 22:55:44,437 - Résultats de la validation croisée
2025-08-29 22:55:44,437 - 
2025-08-29 22:55:44,437 - Accuracy moyenne: 20.00% ± 1.75%
2025-08-29 22:55:44,437 - Loss moyenne: 1.7849 ± 0.0016
2025-08-29 22:55:44,437 - Nombre d'epochs moyen: 120
2025-08-29 22:55:44,438 - Accuracy par fold: ['21.43%', '21.43%', '21.43%', '21.43%', '21.43%', '21.43%', '17.86%', '17.86%', '17.86%', '17.86%']

2025-08-29 22:55:44,438 - Entrainement du modèle final pour le jeu d'hyperparamètres 55

2025-08-29 22:55:44,594 - Epoch 1/120 - Loss: 1.8958, Acc: 15.36%
2025-08-29 22:56:02,244 - Epoch 120/120 - Loss: 1.7861, Acc: 23.21%
2025-08-29 22:56:02,246 - 

2025-08-29 22:56:02,246 - Résultats finaux pour le jeu d'hyperparamètres 55

2025-08-29 22:56:02,246 - Accuracy de validation croisée: 20.00% ± 1.75%
2025-08-29 22:56:02,246 - Accuracy sur le test: 20.83%

2025-08-29 22:56:13,748 - JEU D'HYPERPARAMÈTRES 56:
2025-08-29 22:56:13,748 - {'estimator_name': 'Transformer', 'estimator_params': {'d_model': 48, 'nhead': 3, 'num_layers': 4, 'dropout': 0.1}, 'weight_decay': 1e-06, 'lr': 0.005, 'scheduler_factor': 0.4, 'batch_size': 36}

2025-08-29 22:56:13,748 - Début de la validation croisée pour le jeu d'hyperparamètres 56

2025-08-29 22:56:13,748 - Variables sélectionnées : mêmes variables que celles retenues au départ (pas de sélection en avant)

2025-08-29 22:56:13,748 - === Fold 1/10 ===
2025-08-29 22:56:13,788 - Epoch 1/500 - Train Loss: 1.7905, Train Acc: 25.00% - Val loss: 1.2345, Val Acc: 32.14%
2025-08-29 22:56:17,242 - Early stopping à l'epoch 111
2025-08-29 22:56:17,243 - Fold 1 - Accuracy finale: 35.71%
2025-08-29 22:56:17,243 - === Fold 2/10 ===
2025-08-29 22:56:17,278 - Epoch 1/500 - Train Loss: 1.7687, Train Acc: 27.38% - Val loss: 1.3532, Val Acc: 39.29%
2025-08-29 22:56:20,391 - Early stopping à l'epoch 102
2025-08-29 22:56:20,393 - Fold 2 - Accuracy finale: 35.71%
2025-08-29 22:56:20,393 - === Fold 3/10 ===
2025-08-29 22:56:20,431 - Epoch 1/500 - Train Loss: 1.5140, Train Acc: 27.78% - Val loss: 1.1588, Val Acc: 35.71%
2025-08-29 22:56:23,895 - Early stopping à l'epoch 108
2025-08-29 22:56:23,897 - Fold 3 - Accuracy finale: 21.43%
2025-08-29 22:56:23,898 - === Fold 4/10 ===
2025-08-29 22:56:23,943 - Epoch 1/500 - Train Loss: 1.5006, Train Acc: 32.14% - Val loss: 1.1535, Val Acc: 32.14%
2025-08-29 22:56:26,409 - Early stopping à l'epoch 82
2025-08-29 22:56:26,411 - Fold 4 - Accuracy finale: 21.43%
2025-08-29 22:56:26,411 - === Fold 5/10 ===
2025-08-29 22:56:26,445 - Epoch 1/500 - Train Loss: 1.5116, Train Acc: 29.37% - Val loss: 1.1865, Val Acc: 32.14%
2025-08-29 22:56:31,204 - Early stopping à l'epoch 158
2025-08-29 22:56:31,206 - Fold 5 - Accuracy finale: 35.71%
2025-08-29 22:56:31,206 - === Fold 6/10 ===
2025-08-29 22:56:31,241 - Epoch 1/500 - Train Loss: 1.6146, Train Acc: 30.16% - Val loss: 1.1533, Val Acc: 32.14%
2025-08-29 22:56:36,699 - Early stopping à l'epoch 169
2025-08-29 22:56:36,700 - Fold 6 - Accuracy finale: 42.86%
2025-08-29 22:56:36,703 - === Fold 7/10 ===
2025-08-29 22:56:36,740 - Epoch 1/500 - Train Loss: 1.5552, Train Acc: 27.78% - Val loss: 1.2967, Val Acc: 35.71%
2025-08-29 22:56:39,534 - Early stopping à l'epoch 83
2025-08-29 22:56:39,536 - Fold 7 - Accuracy finale: 32.14%
2025-08-29 22:56:39,536 - === Fold 8/10 ===
2025-08-29 22:56:39,574 - Epoch 1/500 - Train Loss: 1.5272, Train Acc: 29.76% - Val loss: 1.1419, Val Acc: 35.71%
2025-08-29 22:56:43,360 - Early stopping à l'epoch 124
2025-08-29 22:56:43,362 - Fold 8 - Accuracy finale: 32.14%
2025-08-29 22:56:43,362 - === Fold 9/10 ===
2025-08-29 22:56:43,396 - Epoch 1/500 - Train Loss: 1.4731, Train Acc: 29.37% - Val loss: 1.2485, Val Acc: 32.14%
2025-08-29 22:56:47,926 - Early stopping à l'epoch 153
2025-08-29 22:56:47,927 - Fold 9 - Accuracy finale: 32.14%
2025-08-29 22:56:47,928 - === Fold 10/10 ===
2025-08-29 22:56:47,968 - Epoch 1/500 - Train Loss: 1.4107, Train Acc: 36.11% - Val loss: 1.2598, Val Acc: 32.14%
2025-08-29 22:56:51,907 - Early stopping à l'epoch 118
2025-08-29 22:56:51,908 - Fold 10 - Accuracy finale: 32.14%
2025-08-29 22:56:51,909 - 
2025-08-29 22:56:51,909 - Résultats de la validation croisée
2025-08-29 22:56:51,909 - 
2025-08-29 22:56:51,909 - Accuracy moyenne: 32.14% ± 6.19%
2025-08-29 22:56:51,909 - Loss moyenne: 1.3027 ± 0.2476
2025-08-29 22:56:51,909 - Nombre d'epochs moyen: 120
2025-08-29 22:56:51,909 - Accuracy par fold: ['35.71%', '35.71%', '21.43%', '21.43%', '35.71%', '42.86%', '32.14%', '32.14%', '32.14%', '32.14%']

2025-08-29 22:56:51,909 - Entrainement du modèle final pour le jeu d'hyperparamètres 56

2025-08-29 22:56:51,945 - Epoch 1/120 - Loss: 1.6498, Acc: 27.14%
2025-08-29 22:56:55,852 - Epoch 120/120 - Loss: 1.1036, Acc: 31.79%
2025-08-29 22:56:55,854 - 

2025-08-29 22:56:55,854 - Résultats finaux pour le jeu d'hyperparamètres 56

2025-08-29 22:56:55,854 - Accuracy de validation croisée: 32.14% ± 6.19%
2025-08-29 22:56:55,854 - Accuracy sur le test: 35.83%

2025-08-29 22:57:07,638 - JEU D'HYPERPARAMÈTRES 57:
2025-08-29 22:57:07,639 - {'estimator_name': 'CNN + LSTM', 'estimator_params': {'out_channels': 8, 'num_layers': 4, 'hidden_size': 64, 'dropout': 0.125}, 'weight_decay': 2.5e-06, 'lr': 0.0055, 'scheduler_factor': 0.6, 'batch_size': 36}

2025-08-29 22:57:07,639 - Début de la validation croisée pour le jeu d'hyperparamètres 57

2025-08-29 22:57:07,639 - Variables sélectionnées : mêmes variables que celles retenues au départ (pas de sélection en avant)

2025-08-29 22:57:07,639 - === Fold 1/10 ===
2025-08-29 22:57:07,741 - Epoch 1/500 - Train Loss: 1.8447, Train Acc: 16.67% - Val loss: 1.8576, Val Acc: 14.29%
2025-08-29 22:57:16,030 - Early stopping à l'epoch 99
2025-08-29 22:57:16,032 - Fold 1 - Accuracy finale: 21.43%
2025-08-29 22:57:16,032 - === Fold 2/10 ===
2025-08-29 22:57:16,146 - Epoch 1/500 - Train Loss: 1.8443, Train Acc: 17.86% - Val loss: 1.8596, Val Acc: 14.29%
2025-08-29 22:57:31,257 - Early stopping à l'epoch 179
2025-08-29 22:57:31,260 - Fold 2 - Accuracy finale: 21.43%
2025-08-29 22:57:31,260 - === Fold 3/10 ===
2025-08-29 22:57:31,377 - Epoch 1/500 - Train Loss: 1.8448, Train Acc: 15.08% - Val loss: 1.8368, Val Acc: 14.29%
2025-08-29 22:57:42,262 - Early stopping à l'epoch 129
2025-08-29 22:57:42,265 - Fold 3 - Accuracy finale: 21.43%
2025-08-29 22:57:42,265 - === Fold 4/10 ===
2025-08-29 22:57:42,391 - Epoch 1/500 - Train Loss: 1.8462, Train Acc: 14.68% - Val loss: 1.8370, Val Acc: 17.86%
2025-08-29 22:57:54,782 - Early stopping à l'epoch 143
2025-08-29 22:57:54,784 - Fold 4 - Accuracy finale: 21.43%
2025-08-29 22:57:54,784 - === Fold 5/10 ===
2025-08-29 22:57:54,884 - Epoch 1/500 - Train Loss: 1.8477, Train Acc: 14.29% - Val loss: 1.8371, Val Acc: 14.29%
2025-08-29 22:58:10,681 - Early stopping à l'epoch 184
2025-08-29 22:58:10,684 - Fold 5 - Accuracy finale: 21.43%
2025-08-29 22:58:10,684 - === Fold 6/10 ===
2025-08-29 22:58:10,786 - Epoch 1/500 - Train Loss: 1.8481, Train Acc: 14.29% - Val loss: 1.8369, Val Acc: 14.29%
2025-08-29 22:58:18,969 - Early stopping à l'epoch 96
2025-08-29 22:58:18,971 - Fold 6 - Accuracy finale: 21.43%
2025-08-29 22:58:18,971 - === Fold 7/10 ===
2025-08-29 22:58:19,081 - Epoch 1/500 - Train Loss: 1.8553, Train Acc: 13.89% - Val loss: 1.8232, Val Acc: 14.29%
2025-08-29 22:58:27,391 - Early stopping à l'epoch 95
2025-08-29 22:58:27,394 - Fold 7 - Accuracy finale: 17.86%
2025-08-29 22:58:27,394 - === Fold 8/10 ===
2025-08-29 22:58:27,511 - Epoch 1/500 - Train Loss: 1.8493, Train Acc: 15.87% - Val loss: 1.8205, Val Acc: 14.29%
2025-08-29 22:58:35,446 - Early stopping à l'epoch 93
2025-08-29 22:58:35,449 - Fold 8 - Accuracy finale: 17.86%
2025-08-29 22:58:35,449 - === Fold 9/10 ===
2025-08-29 22:58:35,566 - Epoch 1/500 - Train Loss: 1.8517, Train Acc: 13.10% - Val loss: 1.8203, Val Acc: 14.29%
2025-08-29 22:58:45,195 - Early stopping à l'epoch 113
2025-08-29 22:58:45,198 - Fold 9 - Accuracy finale: 17.86%
2025-08-29 22:58:45,198 - === Fold 10/10 ===
2025-08-29 22:58:45,298 - Epoch 1/500 - Train Loss: 1.8491, Train Acc: 13.49% - Val loss: 1.8211, Val Acc: 14.29%
2025-08-29 22:58:54,089 - Early stopping à l'epoch 103
2025-08-29 22:58:54,092 - Fold 10 - Accuracy finale: 17.86%
2025-08-29 22:58:54,092 - 
2025-08-29 22:58:54,092 - Résultats de la validation croisée
2025-08-29 22:58:54,092 - 
2025-08-29 22:58:54,092 - Accuracy moyenne: 20.00% ± 1.75%
2025-08-29 22:58:54,093 - Loss moyenne: 1.7850 ± 0.0008
2025-08-29 22:58:54,093 - Nombre d'epochs moyen: 123
2025-08-29 22:58:54,093 - Accuracy par fold: ['21.43%', '21.43%', '21.43%', '21.43%', '21.43%', '21.43%', '17.86%', '17.86%', '17.86%', '17.86%']

2025-08-29 22:58:54,093 - Entrainement du modèle final pour le jeu d'hyperparamètres 57

2025-08-29 22:58:54,201 - Epoch 1/123 - Loss: 1.8447, Acc: 16.43%
2025-08-29 22:59:05,942 - Epoch 123/123 - Loss: 1.7835, Acc: 20.71%
2025-08-29 22:59:05,944 - 

2025-08-29 22:59:05,944 - Résultats finaux pour le jeu d'hyperparamètres 57

2025-08-29 22:59:05,944 - Accuracy de validation croisée: 20.00% ± 1.75%
2025-08-29 22:59:05,944 - Accuracy sur le test: 20.83%

2025-08-29 22:59:17,855 - JEU D'HYPERPARAMÈTRES 58:
2025-08-29 22:59:17,855 - {'estimator_name': 'CNN + LSTM', 'estimator_params': {'out_channels': 16, 'num_layers': 2, 'hidden_size': 64, 'dropout': 0.125}, 'weight_decay': 5e-06, 'lr': 0.0055, 'scheduler_factor': 0.4, 'batch_size': 28}

2025-08-29 22:59:17,855 - Début de la validation croisée pour le jeu d'hyperparamètres 58

2025-08-29 22:59:17,855 - Variables sélectionnées : mêmes variables que celles retenues au départ (pas de sélection en avant)

2025-08-29 22:59:17,856 - === Fold 1/10 ===
2025-08-29 22:59:17,976 - Epoch 1/500 - Train Loss: 1.8516, Train Acc: 15.08% - Val loss: 1.8428, Val Acc: 14.29%
2025-08-29 22:59:31,256 - Early stopping à l'epoch 124
2025-08-29 22:59:31,258 - Fold 1 - Accuracy finale: 21.43%
2025-08-29 22:59:31,258 - === Fold 2/10 ===
2025-08-29 22:59:31,379 - Epoch 1/500 - Train Loss: 1.8484, Train Acc: 15.48% - Val loss: 1.8410, Val Acc: 14.29%
2025-08-29 22:59:50,174 - Early stopping à l'epoch 174
2025-08-29 22:59:50,177 - Fold 2 - Accuracy finale: 21.43%
2025-08-29 22:59:50,177 - === Fold 3/10 ===
2025-08-29 22:59:50,299 - Epoch 1/500 - Train Loss: 1.8490, Train Acc: 16.27% - Val loss: 1.8523, Val Acc: 14.29%
2025-08-29 23:00:05,474 - Early stopping à l'epoch 141
2025-08-29 23:00:05,477 - Fold 3 - Accuracy finale: 21.43%
2025-08-29 23:00:05,477 - === Fold 4/10 ===
2025-08-29 23:00:05,601 - Epoch 1/500 - Train Loss: 1.8532, Train Acc: 15.08% - Val loss: 1.8473, Val Acc: 14.29%
2025-08-29 23:00:18,001 - Early stopping à l'epoch 114
2025-08-29 23:00:18,004 - Fold 4 - Accuracy finale: 21.43%
2025-08-29 23:00:18,004 - === Fold 5/10 ===
2025-08-29 23:00:18,143 - Epoch 1/500 - Train Loss: 1.8487, Train Acc: 14.68% - Val loss: 1.8491, Val Acc: 14.29%
2025-08-29 23:00:30,957 - Early stopping à l'epoch 118
2025-08-29 23:00:30,960 - Fold 5 - Accuracy finale: 21.43%
2025-08-29 23:00:30,960 - === Fold 6/10 ===
2025-08-29 23:00:31,105 - Epoch 1/500 - Train Loss: 1.8487, Train Acc: 14.68% - Val loss: 1.8464, Val Acc: 14.29%
2025-08-29 23:00:45,051 - Early stopping à l'epoch 128
2025-08-29 23:00:45,054 - Fold 6 - Accuracy finale: 21.43%
2025-08-29 23:00:45,054 - === Fold 7/10 ===
2025-08-29 23:00:45,201 - Epoch 1/500 - Train Loss: 1.8500, Train Acc: 15.08% - Val loss: 1.8241, Val Acc: 14.29%
2025-08-29 23:00:55,638 - Early stopping à l'epoch 97
2025-08-29 23:00:55,641 - Fold 7 - Accuracy finale: 17.86%
2025-08-29 23:00:55,641 - === Fold 8/10 ===
2025-08-29 23:00:55,761 - Epoch 1/500 - Train Loss: 1.8564, Train Acc: 15.08% - Val loss: 1.8202, Val Acc: 14.29%
2025-08-29 23:01:05,845 - Early stopping à l'epoch 94
2025-08-29 23:01:05,848 - Fold 8 - Accuracy finale: 17.86%
2025-08-29 23:01:05,848 - === Fold 9/10 ===
2025-08-29 23:01:05,968 - Epoch 1/500 - Train Loss: 1.8598, Train Acc: 17.06% - Val loss: 1.8106, Val Acc: 17.86%
2025-08-29 23:01:15,658 - Early stopping à l'epoch 90
2025-08-29 23:01:15,661 - Fold 9 - Accuracy finale: 17.86%
2025-08-29 23:01:15,661 - === Fold 10/10 ===
2025-08-29 23:01:15,781 - Epoch 1/500 - Train Loss: 1.8525, Train Acc: 15.87% - Val loss: 1.8100, Val Acc: 17.86%
2025-08-29 23:01:25,458 - Early stopping à l'epoch 90
2025-08-29 23:01:25,460 - Fold 10 - Accuracy finale: 17.86%
2025-08-29 23:01:25,461 - 
2025-08-29 23:01:25,461 - Résultats de la validation croisée
2025-08-29 23:01:25,461 - 
2025-08-29 23:01:25,461 - Accuracy moyenne: 20.00% ± 1.75%
2025-08-29 23:01:25,461 - Loss moyenne: 1.7850 ± 0.0010
2025-08-29 23:01:25,461 - Nombre d'epochs moyen: 117
2025-08-29 23:01:25,461 - Accuracy par fold: ['21.43%', '21.43%', '21.43%', '21.43%', '21.43%', '21.43%', '17.86%', '17.86%', '17.86%', '17.86%']

2025-08-29 23:01:25,461 - Entrainement du modèle final pour le jeu d'hyperparamètres 58

2025-08-29 23:01:25,594 - Epoch 1/117 - Loss: 1.8476, Acc: 15.00%
2025-08-29 23:01:39,253 - Epoch 117/117 - Loss: 1.7845, Acc: 20.00%
2025-08-29 23:01:39,255 - 

2025-08-29 23:01:39,255 - Résultats finaux pour le jeu d'hyperparamètres 58

2025-08-29 23:01:39,255 - Accuracy de validation croisée: 20.00% ± 1.75%
2025-08-29 23:01:39,255 - Accuracy sur le test: 20.83%

2025-08-29 23:01:51,415 - JEU D'HYPERPARAMÈTRES 59:
2025-08-29 23:01:51,415 - {'estimator_name': 'Transformer', 'estimator_params': {'d_model': 36, 'nhead': 4, 'num_layers': 3, 'dropout': 0.125}, 'weight_decay': 2.5e-06, 'lr': 0.005, 'scheduler_factor': 0.6, 'batch_size': 36}

2025-08-29 23:01:51,415 - Début de la validation croisée pour le jeu d'hyperparamètres 59

2025-08-29 23:01:51,415 - Variables sélectionnées : mêmes variables que celles retenues au départ (pas de sélection en avant)

2025-08-29 23:01:51,416 - === Fold 1/10 ===
2025-08-29 23:01:51,452 - Epoch 1/500 - Train Loss: 1.6891, Train Acc: 29.37% - Val loss: 1.2377, Val Acc: 35.71%
2025-08-29 23:01:56,897 - Epoch 201/500 - Train Loss: 0.0021, Train Acc: 100.00% - Val loss: 0.2931, Val Acc: 92.86%
2025-08-29 23:01:58,730 - Early stopping à l'epoch 265
2025-08-29 23:01:58,732 - Fold 1 - Accuracy finale: 96.43%
2025-08-29 23:01:58,732 - === Fold 2/10 ===
2025-08-29 23:01:58,765 - Epoch 1/500 - Train Loss: 1.6209, Train Acc: 27.38% - Val loss: 1.3378, Val Acc: 28.57%
2025-08-29 23:02:04,110 - Epoch 201/500 - Train Loss: 0.0414, Train Acc: 98.02% - Val loss: 0.3001, Val Acc: 92.86%
2025-08-29 23:02:05,636 - Early stopping à l'epoch 257
2025-08-29 23:02:05,637 - Fold 2 - Accuracy finale: 92.86%
2025-08-29 23:02:05,637 - === Fold 3/10 ===
2025-08-29 23:02:05,667 - Epoch 1/500 - Train Loss: 1.6782, Train Acc: 29.76% - Val loss: 1.1990, Val Acc: 50.00%
2025-08-29 23:02:09,629 - Early stopping à l'epoch 147
2025-08-29 23:02:09,630 - Fold 3 - Accuracy finale: 85.71%
2025-08-29 23:02:09,630 - === Fold 4/10 ===
2025-08-29 23:02:09,664 - Epoch 1/500 - Train Loss: 1.4610, Train Acc: 30.95% - Val loss: 1.1395, Val Acc: 39.29%
2025-08-29 23:02:15,002 - Epoch 201/500 - Train Loss: 0.0552, Train Acc: 98.41% - Val loss: 0.5266, Val Acc: 85.71%
2025-08-29 23:02:15,737 - Early stopping à l'epoch 228
2025-08-29 23:02:15,739 - Fold 4 - Accuracy finale: 82.14%
2025-08-29 23:02:15,739 - === Fold 5/10 ===
2025-08-29 23:02:15,768 - Epoch 1/500 - Train Loss: 1.6188, Train Acc: 29.37% - Val loss: 1.2387, Val Acc: 39.29%
2025-08-29 23:02:19,247 - Early stopping à l'epoch 130
2025-08-29 23:02:19,249 - Fold 5 - Accuracy finale: 60.71%
2025-08-29 23:02:19,249 - === Fold 6/10 ===
2025-08-29 23:02:19,286 - Epoch 1/500 - Train Loss: 1.5776, Train Acc: 24.21% - Val loss: 1.2062, Val Acc: 35.71%
2025-08-29 23:02:23,601 - Early stopping à l'epoch 151
2025-08-29 23:02:23,603 - Fold 6 - Accuracy finale: 89.29%
2025-08-29 23:02:23,603 - === Fold 7/10 ===
2025-08-29 23:02:23,638 - Epoch 1/500 - Train Loss: 1.5784, Train Acc: 30.56% - Val loss: 1.1317, Val Acc: 42.86%
2025-08-29 23:02:28,134 - Early stopping à l'epoch 165
2025-08-29 23:02:28,136 - Fold 7 - Accuracy finale: 89.29%
2025-08-29 23:02:28,136 - === Fold 8/10 ===
2025-08-29 23:02:28,165 - Epoch 1/500 - Train Loss: 1.5346, Train Acc: 28.57% - Val loss: 1.2327, Val Acc: 35.71%
2025-08-29 23:02:33,253 - Early stopping à l'epoch 190
2025-08-29 23:02:33,255 - Fold 8 - Accuracy finale: 85.71%
2025-08-29 23:02:33,255 - === Fold 9/10 ===
2025-08-29 23:02:33,284 - Epoch 1/500 - Train Loss: 1.6290, Train Acc: 27.78% - Val loss: 1.2882, Val Acc: 32.14%
2025-08-29 23:02:37,977 - Early stopping à l'epoch 175
2025-08-29 23:02:37,978 - Fold 9 - Accuracy finale: 35.71%
2025-08-29 23:02:37,978 - === Fold 10/10 ===
2025-08-29 23:02:38,009 - Epoch 1/500 - Train Loss: 1.5091, Train Acc: 28.57% - Val loss: 1.2084, Val Acc: 39.29%
2025-08-29 23:02:42,644 - Early stopping à l'epoch 157
2025-08-29 23:02:42,646 - Fold 10 - Accuracy finale: 82.14%
2025-08-29 23:02:42,646 - 
2025-08-29 23:02:42,646 - Résultats de la validation croisée
2025-08-29 23:02:42,646 - 
2025-08-29 23:02:42,647 - Accuracy moyenne: 80.00% ± 17.36%
2025-08-29 23:02:42,647 - Loss moyenne: 0.6311 ± 0.2965
2025-08-29 23:02:42,647 - Nombre d'epochs moyen: 186
2025-08-29 23:02:42,647 - Accuracy par fold: ['96.43%', '92.86%', '85.71%', '82.14%', '60.71%', '89.29%', '89.29%', '85.71%', '35.71%', '82.14%']

2025-08-29 23:02:42,647 - Entrainement du modèle final pour le jeu d'hyperparamètres 59

2025-08-29 23:02:42,687 - Epoch 1/186 - Loss: 1.7512, Acc: 25.00%
2025-08-29 23:02:48,658 - Epoch 186/186 - Loss: 1.1012, Acc: 37.50%
2025-08-29 23:02:48,660 - 

2025-08-29 23:02:48,660 - Résultats finaux pour le jeu d'hyperparamètres 59

2025-08-29 23:02:48,660 - Accuracy de validation croisée: 80.00% ± 17.36%
2025-08-29 23:02:48,660 - Accuracy sur le test: 38.33%

2025-08-29 23:03:00,733 - JEU D'HYPERPARAMÈTRES 60:
2025-08-29 23:03:00,733 - {'estimator_name': 'Transformer', 'estimator_params': {'d_model': 48, 'nhead': 2, 'num_layers': 3, 'dropout': 0.05}, 'weight_decay': 2.5e-06, 'lr': 0.0055, 'scheduler_factor': 0.5, 'batch_size': 36}

2025-08-29 23:03:00,733 - Début de la validation croisée pour le jeu d'hyperparamètres 60

2025-08-29 23:03:00,733 - Variables sélectionnées : mêmes variables que celles retenues au départ (pas de sélection en avant)

2025-08-29 23:03:00,734 - === Fold 1/10 ===
2025-08-29 23:03:00,771 - Epoch 1/500 - Train Loss: 1.7099, Train Acc: 31.75% - Val loss: 1.2163, Val Acc: 32.14%
2025-08-29 23:03:05,716 - Epoch 201/500 - Train Loss: 1.0962, Train Acc: 31.35% - Val loss: 1.0948, Val Acc: 35.71%
2025-08-29 23:03:06,096 - Early stopping à l'epoch 216
2025-08-29 23:03:06,098 - Fold 1 - Accuracy finale: 32.14%
2025-08-29 23:03:06,098 - === Fold 2/10 ===
2025-08-29 23:03:06,125 - Epoch 1/500 - Train Loss: 1.7163, Train Acc: 28.97% - Val loss: 1.2855, Val Acc: 39.29%
2025-08-29 23:03:08,627 - Early stopping à l'epoch 105
2025-08-29 23:03:08,629 - Fold 2 - Accuracy finale: 39.29%
2025-08-29 23:03:08,629 - === Fold 3/10 ===
2025-08-29 23:03:08,663 - Epoch 1/500 - Train Loss: 1.5807, Train Acc: 35.32% - Val loss: 1.1785, Val Acc: 39.29%
2025-08-29 23:03:10,844 - Early stopping à l'epoch 87
2025-08-29 23:03:10,846 - Fold 3 - Accuracy finale: 39.29%
2025-08-29 23:03:10,846 - === Fold 4/10 ===
2025-08-29 23:03:10,877 - Epoch 1/500 - Train Loss: 1.4897, Train Acc: 30.16% - Val loss: 1.1617, Val Acc: 35.71%
2025-08-29 23:03:14,746 - Early stopping à l'epoch 158
2025-08-29 23:03:14,748 - Fold 4 - Accuracy finale: 32.14%
2025-08-29 23:03:14,748 - === Fold 5/10 ===
2025-08-29 23:03:14,782 - Epoch 1/500 - Train Loss: 1.4245, Train Acc: 36.11% - Val loss: 1.1949, Val Acc: 35.71%
2025-08-29 23:03:17,033 - Early stopping à l'epoch 93
2025-08-29 23:03:17,035 - Fold 5 - Accuracy finale: 35.71%
2025-08-29 23:03:17,035 - === Fold 6/10 ===
2025-08-29 23:03:17,067 - Epoch 1/500 - Train Loss: 1.5636, Train Acc: 33.73% - Val loss: 1.2039, Val Acc: 32.14%
2025-08-29 23:03:20,060 - Early stopping à l'epoch 123
2025-08-29 23:03:20,062 - Fold 6 - Accuracy finale: 35.71%
2025-08-29 23:03:20,062 - === Fold 7/10 ===
2025-08-29 23:03:20,093 - Epoch 1/500 - Train Loss: 1.4825, Train Acc: 30.16% - Val loss: 1.3059, Val Acc: 35.71%
2025-08-29 23:03:25,168 - Epoch 201/500 - Train Loss: 1.0969, Train Acc: 33.33% - Val loss: 1.0951, Val Acc: 32.14%
2025-08-29 23:03:25,196 - Early stopping à l'epoch 202
2025-08-29 23:03:25,198 - Fold 7 - Accuracy finale: 32.14%
2025-08-29 23:03:25,198 - === Fold 8/10 ===
2025-08-29 23:03:25,229 - Epoch 1/500 - Train Loss: 1.5603, Train Acc: 30.95% - Val loss: 1.1483, Val Acc: 35.71%
2025-08-29 23:03:28,356 - Early stopping à l'epoch 125
2025-08-29 23:03:28,358 - Fold 8 - Accuracy finale: 35.71%
2025-08-29 23:03:28,358 - === Fold 9/10 ===
2025-08-29 23:03:28,390 - Epoch 1/500 - Train Loss: 1.4332, Train Acc: 36.90% - Val loss: 1.2364, Val Acc: 53.57%
2025-08-29 23:03:30,809 - Early stopping à l'epoch 99
2025-08-29 23:03:30,811 - Fold 9 - Accuracy finale: 39.29%
2025-08-29 23:03:30,811 - === Fold 10/10 ===
2025-08-29 23:03:30,848 - Epoch 1/500 - Train Loss: 1.5025, Train Acc: 33.73% - Val loss: 1.2467, Val Acc: 39.29%
2025-08-29 23:03:33,061 - Early stopping à l'epoch 90
2025-08-29 23:03:33,063 - Fold 10 - Accuracy finale: 32.14%
2025-08-29 23:03:33,063 - 
2025-08-29 23:03:33,063 - Résultats de la validation croisée
2025-08-29 23:03:33,063 - 
2025-08-29 23:03:33,063 - Accuracy moyenne: 35.36% ± 2.97%
2025-08-29 23:03:33,063 - Loss moyenne: 1.1164 ± 0.0397
2025-08-29 23:03:33,063 - Nombre d'epochs moyen: 129
2025-08-29 23:03:33,063 - Accuracy par fold: ['32.14%', '39.29%', '39.29%', '32.14%', '35.71%', '35.71%', '32.14%', '35.71%', '39.29%', '32.14%']

2025-08-29 23:03:33,063 - Entrainement du modèle final pour le jeu d'hyperparamètres 60

2025-08-29 23:03:33,093 - Epoch 1/129 - Loss: 1.6395, Acc: 29.29%
2025-08-29 23:03:36,407 - Epoch 129/129 - Loss: 1.1496, Acc: 35.00%
2025-08-29 23:03:36,409 - 

2025-08-29 23:03:36,409 - Résultats finaux pour le jeu d'hyperparamètres 60

2025-08-29 23:03:36,409 - Accuracy de validation croisée: 35.36% ± 2.97%
2025-08-29 23:03:36,409 - Accuracy sur le test: 34.17%

2025-08-29 23:03:48,325 - JEU D'HYPERPARAMÈTRES 61:
2025-08-29 23:03:48,325 - {'estimator_name': 'Transformer', 'estimator_params': {'d_model': 48, 'nhead': 3, 'num_layers': 2, 'dropout': 0.125}, 'weight_decay': 5e-06, 'lr': 0.004, 'scheduler_factor': 0.6, 'batch_size': 32}

2025-08-29 23:03:48,325 - Début de la validation croisée pour le jeu d'hyperparamètres 61

2025-08-29 23:03:48,325 - Variables sélectionnées : mêmes variables que celles retenues au départ (pas de sélection en avant)

2025-08-29 23:03:48,326 - === Fold 1/10 ===
2025-08-29 23:03:48,350 - Epoch 1/500 - Train Loss: 1.5593, Train Acc: 30.56% - Val loss: 1.1909, Val Acc: 28.57%
2025-08-29 23:03:51,320 - Early stopping à l'epoch 147
2025-08-29 23:03:51,321 - Fold 1 - Accuracy finale: 92.86%
2025-08-29 23:03:51,321 - === Fold 2/10 ===
2025-08-29 23:03:51,344 - Epoch 1/500 - Train Loss: 1.4702, Train Acc: 37.30% - Val loss: 1.1893, Val Acc: 50.00%
2025-08-29 23:03:53,936 - Early stopping à l'epoch 129
2025-08-29 23:03:53,937 - Fold 2 - Accuracy finale: 89.29%
2025-08-29 23:03:53,937 - === Fold 3/10 ===
2025-08-29 23:03:53,964 - Epoch 1/500 - Train Loss: 1.3169, Train Acc: 34.92% - Val loss: 1.1313, Val Acc: 39.29%
2025-08-29 23:03:56,786 - Early stopping à l'epoch 140
2025-08-29 23:03:56,787 - Fold 3 - Accuracy finale: 92.86%
2025-08-29 23:03:56,787 - === Fold 4/10 ===
2025-08-29 23:03:56,816 - Epoch 1/500 - Train Loss: 1.3969, Train Acc: 40.87% - Val loss: 1.1088, Val Acc: 35.71%
2025-08-29 23:04:00,953 - Epoch 201/500 - Train Loss: 0.0005, Train Acc: 100.00% - Val loss: 0.0203, Val Acc: 100.00%
2025-08-29 23:04:01,641 - Early stopping à l'epoch 235
2025-08-29 23:04:01,643 - Fold 4 - Accuracy finale: 100.00%
2025-08-29 23:04:01,643 - === Fold 5/10 ===
2025-08-29 23:04:01,666 - Epoch 1/500 - Train Loss: 1.3676, Train Acc: 34.92% - Val loss: 1.1366, Val Acc: 35.71%
2025-08-29 23:04:04,057 - Early stopping à l'epoch 119
2025-08-29 23:04:04,058 - Fold 5 - Accuracy finale: 82.14%
2025-08-29 23:04:04,058 - === Fold 6/10 ===
2025-08-29 23:04:04,083 - Epoch 1/500 - Train Loss: 1.4429, Train Acc: 34.13% - Val loss: 1.1144, Val Acc: 32.14%
2025-08-29 23:04:06,931 - Early stopping à l'epoch 141
2025-08-29 23:04:06,932 - Fold 6 - Accuracy finale: 89.29%
2025-08-29 23:04:06,932 - === Fold 7/10 ===
2025-08-29 23:04:06,963 - Epoch 1/500 - Train Loss: 1.3750, Train Acc: 35.32% - Val loss: 1.1967, Val Acc: 35.71%
2025-08-29 23:04:09,832 - Early stopping à l'epoch 139
2025-08-29 23:04:09,833 - Fold 7 - Accuracy finale: 92.86%
2025-08-29 23:04:09,833 - === Fold 8/10 ===
2025-08-29 23:04:09,862 - Epoch 1/500 - Train Loss: 1.3596, Train Acc: 35.32% - Val loss: 1.1168, Val Acc: 32.14%
2025-08-29 23:04:12,417 - Early stopping à l'epoch 124
2025-08-29 23:04:12,418 - Fold 8 - Accuracy finale: 82.14%
2025-08-29 23:04:12,418 - === Fold 9/10 ===
2025-08-29 23:04:12,443 - Epoch 1/500 - Train Loss: 1.3373, Train Acc: 45.24% - Val loss: 1.0559, Val Acc: 42.86%
2025-08-29 23:04:14,969 - Early stopping à l'epoch 124
2025-08-29 23:04:14,970 - Fold 9 - Accuracy finale: 92.86%
2025-08-29 23:04:14,970 - === Fold 10/10 ===
2025-08-29 23:04:14,999 - Epoch 1/500 - Train Loss: 1.3742, Train Acc: 36.11% - Val loss: 1.1576, Val Acc: 39.29%
2025-08-29 23:04:17,427 - Early stopping à l'epoch 118
2025-08-29 23:04:17,429 - Fold 10 - Accuracy finale: 89.29%
2025-08-29 23:04:17,429 - 
2025-08-29 23:04:17,429 - Résultats de la validation croisée
2025-08-29 23:04:17,429 - 
2025-08-29 23:04:17,429 - Accuracy moyenne: 90.36% ± 5.06%
2025-08-29 23:04:17,429 - Loss moyenne: 0.5948 ± 0.3019
2025-08-29 23:04:17,429 - Nombre d'epochs moyen: 141
2025-08-29 23:04:17,429 - Accuracy par fold: ['92.86%', '89.29%', '92.86%', '100.00%', '82.14%', '89.29%', '92.86%', '82.14%', '92.86%', '89.29%']

2025-08-29 23:04:17,429 - Entrainement du modèle final pour le jeu d'hyperparamètres 61

2025-08-29 23:04:17,456 - Epoch 1/141 - Loss: 1.4665, Acc: 32.50%
2025-08-29 23:04:20,526 - Epoch 141/141 - Loss: 0.0231, Acc: 99.29%
2025-08-29 23:04:20,527 - 

2025-08-29 23:04:20,527 - Résultats finaux pour le jeu d'hyperparamètres 61

2025-08-29 23:04:20,527 - Accuracy de validation croisée: 90.36% ± 5.06%
2025-08-29 23:04:20,527 - Accuracy sur le test: 87.50%

2025-08-29 23:04:32,550 - JEU D'HYPERPARAMÈTRES 62:
2025-08-29 23:04:32,550 - {'estimator_name': 'LSTM', 'estimator_params': {'num_layers': 4, 'hidden_size': 80, 'dropout': 0.025}, 'weight_decay': 5e-07, 'lr': 0.005, 'scheduler_factor': 0.4, 'batch_size': 36}

2025-08-29 23:04:32,550 - Début de la validation croisée pour le jeu d'hyperparamètres 62

2025-08-29 23:04:32,550 - Variables sélectionnées : mêmes variables que celles retenues au départ (pas de sélection en avant)

2025-08-29 23:04:32,550 - === Fold 1/10 ===
2025-08-29 23:04:32,674 - Epoch 1/500 - Train Loss: 1.8509, Train Acc: 15.48% - Val loss: 1.8444, Val Acc: 14.29%
2025-08-29 23:04:42,211 - Early stopping à l'epoch 94
2025-08-29 23:04:42,214 - Fold 1 - Accuracy finale: 21.43%
2025-08-29 23:04:42,214 - === Fold 2/10 ===
2025-08-29 23:04:42,342 - Epoch 1/500 - Train Loss: 1.8491, Train Acc: 15.48% - Val loss: 1.8404, Val Acc: 14.29%
2025-08-29 23:04:55,514 - Early stopping à l'epoch 129
2025-08-29 23:04:55,517 - Fold 2 - Accuracy finale: 21.43%
2025-08-29 23:04:55,517 - === Fold 3/10 ===
2025-08-29 23:04:55,640 - Epoch 1/500 - Train Loss: 1.8510, Train Acc: 15.08% - Val loss: 1.8277, Val Acc: 14.29%
2025-08-29 23:05:06,131 - Early stopping à l'epoch 102
2025-08-29 23:05:06,135 - Fold 3 - Accuracy finale: 21.43%
2025-08-29 23:05:06,135 - === Fold 4/10 ===
2025-08-29 23:05:06,273 - Epoch 1/500 - Train Loss: 1.8490, Train Acc: 15.48% - Val loss: 1.8315, Val Acc: 14.29%
2025-08-29 23:05:18,868 - Early stopping à l'epoch 122
2025-08-29 23:05:18,872 - Fold 4 - Accuracy finale: 21.43%
2025-08-29 23:05:18,872 - === Fold 5/10 ===
2025-08-29 23:05:18,994 - Epoch 1/500 - Train Loss: 1.8472, Train Acc: 15.48% - Val loss: 1.8281, Val Acc: 14.29%
2025-08-29 23:05:28,624 - Early stopping à l'epoch 94
2025-08-29 23:05:28,627 - Fold 5 - Accuracy finale: 21.43%
2025-08-29 23:05:28,627 - === Fold 6/10 ===
2025-08-29 23:05:28,748 - Epoch 1/500 - Train Loss: 1.8512, Train Acc: 15.08% - Val loss: 1.8255, Val Acc: 17.86%
2025-08-29 23:05:37,531 - Early stopping à l'epoch 86
2025-08-29 23:05:37,534 - Fold 6 - Accuracy finale: 21.43%
2025-08-29 23:05:37,534 - === Fold 7/10 ===
2025-08-29 23:05:37,660 - Epoch 1/500 - Train Loss: 1.8487, Train Acc: 15.08% - Val loss: 1.8236, Val Acc: 17.86%
2025-08-29 23:05:48,000 - Early stopping à l'epoch 100
2025-08-29 23:05:48,003 - Fold 7 - Accuracy finale: 17.86%
2025-08-29 23:05:48,003 - === Fold 8/10 ===
2025-08-29 23:05:48,124 - Epoch 1/500 - Train Loss: 1.8481, Train Acc: 15.08% - Val loss: 1.8224, Val Acc: 17.86%
2025-08-29 23:05:59,841 - Early stopping à l'epoch 114
2025-08-29 23:05:59,844 - Fold 8 - Accuracy finale: 17.86%
2025-08-29 23:05:59,844 - === Fold 9/10 ===
2025-08-29 23:05:59,967 - Epoch 1/500 - Train Loss: 1.8484, Train Acc: 15.48% - Val loss: 1.8440, Val Acc: 14.29%
2025-08-29 23:06:09,974 - Early stopping à l'epoch 99
2025-08-29 23:06:09,977 - Fold 9 - Accuracy finale: 17.86%
2025-08-29 23:06:09,977 - === Fold 10/10 ===
2025-08-29 23:06:10,098 - Epoch 1/500 - Train Loss: 1.8485, Train Acc: 15.48% - Val loss: 1.8467, Val Acc: 14.29%
2025-08-29 23:06:23,645 - Early stopping à l'epoch 133
2025-08-29 23:06:23,648 - Fold 10 - Accuracy finale: 17.86%
2025-08-29 23:06:23,649 - 
2025-08-29 23:06:23,650 - Résultats de la validation croisée
2025-08-29 23:06:23,650 - 
2025-08-29 23:06:23,650 - Accuracy moyenne: 20.00% ± 1.75%
2025-08-29 23:06:23,650 - Loss moyenne: 1.7850 ± 0.0010
2025-08-29 23:06:23,650 - Nombre d'epochs moyen: 107
2025-08-29 23:06:23,650 - Accuracy par fold: ['21.43%', '21.43%', '21.43%', '21.43%', '21.43%', '21.43%', '17.86%', '17.86%', '17.86%', '17.86%']

2025-08-29 23:06:23,650 - Entrainement du modèle final pour le jeu d'hyperparamètres 62

2025-08-29 23:06:23,790 - Epoch 1/107 - Loss: 1.8493, Acc: 15.36%
2025-08-29 23:06:36,044 - Epoch 107/107 - Loss: 1.7818, Acc: 20.71%
2025-08-29 23:06:36,047 - 

2025-08-29 23:06:36,047 - Résultats finaux pour le jeu d'hyperparamètres 62

2025-08-29 23:06:36,047 - Accuracy de validation croisée: 20.00% ± 1.75%
2025-08-29 23:06:36,047 - Accuracy sur le test: 20.83%

2025-08-29 23:06:48,819 - JEU D'HYPERPARAMÈTRES 63:
2025-08-29 23:06:48,819 - {'estimator_name': 'Transformer', 'estimator_params': {'d_model': 60, 'nhead': 12, 'num_layers': 4, 'dropout': 0.125}, 'weight_decay': 2.5e-06, 'lr': 0.0055, 'scheduler_factor': 0.5, 'batch_size': 28}

2025-08-29 23:06:48,819 - Début de la validation croisée pour le jeu d'hyperparamètres 63

2025-08-29 23:06:48,819 - Variables sélectionnées : mêmes variables que celles retenues au départ (pas de sélection en avant)

2025-08-29 23:06:48,819 - === Fold 1/10 ===
2025-08-29 23:06:48,872 - Epoch 1/500 - Train Loss: 1.5683, Train Acc: 27.38% - Val loss: 1.1864, Val Acc: 32.14%
2025-08-29 23:06:55,899 - Early stopping à l'epoch 151
2025-08-29 23:06:55,901 - Fold 1 - Accuracy finale: 35.71%
2025-08-29 23:06:55,901 - === Fold 2/10 ===
2025-08-29 23:06:55,954 - Epoch 1/500 - Train Loss: 1.6195, Train Acc: 26.59% - Val loss: 1.2471, Val Acc: 32.14%
2025-08-29 23:06:59,924 - Early stopping à l'epoch 83
2025-08-29 23:06:59,926 - Fold 2 - Accuracy finale: 35.71%
2025-08-29 23:06:59,926 - === Fold 3/10 ===
2025-08-29 23:06:59,979 - Epoch 1/500 - Train Loss: 1.8211, Train Acc: 25.79% - Val loss: 1.2303, Val Acc: 28.57%
2025-08-29 23:07:05,218 - Early stopping à l'epoch 118
2025-08-29 23:07:05,220 - Fold 3 - Accuracy finale: 21.43%
2025-08-29 23:07:05,220 - === Fold 4/10 ===
2025-08-29 23:07:05,267 - Epoch 1/500 - Train Loss: 1.4919, Train Acc: 27.38% - Val loss: 1.1731, Val Acc: 32.14%
2025-08-29 23:07:12,234 - Early stopping à l'epoch 161
2025-08-29 23:07:12,236 - Fold 4 - Accuracy finale: 35.71%
2025-08-29 23:07:12,236 - === Fold 5/10 ===
2025-08-29 23:07:12,289 - Epoch 1/500 - Train Loss: 1.7315, Train Acc: 25.79% - Val loss: 1.1603, Val Acc: 39.29%
2025-08-29 23:07:20,505 - Early stopping à l'epoch 181
2025-08-29 23:07:20,507 - Fold 5 - Accuracy finale: 39.29%
2025-08-29 23:07:20,507 - === Fold 6/10 ===
2025-08-29 23:07:20,554 - Epoch 1/500 - Train Loss: 1.7846, Train Acc: 25.40% - Val loss: 2.4925, Val Acc: 14.29%
2025-08-29 23:07:29,275 - Epoch 201/500 - Train Loss: 1.0973, Train Acc: 32.94% - Val loss: 1.0952, Val Acc: 35.71%
2025-08-29 23:07:34,134 - Early stopping à l'epoch 314
2025-08-29 23:07:34,136 - Fold 6 - Accuracy finale: 35.71%
2025-08-29 23:07:34,136 - === Fold 7/10 ===
2025-08-29 23:07:34,188 - Epoch 1/500 - Train Loss: 1.7581, Train Acc: 26.59% - Val loss: 1.2918, Val Acc: 35.71%
2025-08-29 23:07:37,689 - Early stopping à l'epoch 83
2025-08-29 23:07:37,691 - Fold 7 - Accuracy finale: 17.86%
2025-08-29 23:07:37,691 - === Fold 8/10 ===
2025-08-29 23:07:37,739 - Epoch 1/500 - Train Loss: 1.6376, Train Acc: 28.97% - Val loss: 1.1649, Val Acc: 32.14%
2025-08-29 23:07:46,249 - Early stopping à l'epoch 198
2025-08-29 23:07:46,251 - Fold 8 - Accuracy finale: 32.14%
2025-08-29 23:07:46,251 - === Fold 9/10 ===
2025-08-29 23:07:46,299 - Epoch 1/500 - Train Loss: 1.8569, Train Acc: 26.19% - Val loss: 1.2348, Val Acc: 32.14%
2025-08-29 23:07:51,311 - Early stopping à l'epoch 118
2025-08-29 23:07:51,313 - Fold 9 - Accuracy finale: 32.14%
2025-08-29 23:07:51,313 - === Fold 10/10 ===
2025-08-29 23:07:51,360 - Epoch 1/500 - Train Loss: 1.5403, Train Acc: 26.19% - Val loss: 1.1616, Val Acc: 35.71%
2025-08-29 23:07:57,177 - Early stopping à l'epoch 126
2025-08-29 23:07:57,179 - Fold 10 - Accuracy finale: 32.14%
2025-08-29 23:07:57,179 - 
2025-08-29 23:07:57,179 - Résultats de la validation croisée
2025-08-29 23:07:57,179 - 
2025-08-29 23:07:57,179 - Accuracy moyenne: 31.79% ± 6.48%
2025-08-29 23:07:57,180 - Loss moyenne: 1.2736 ± 0.2661
2025-08-29 23:07:57,180 - Nombre d'epochs moyen: 153
2025-08-29 23:07:57,180 - Accuracy par fold: ['35.71%', '35.71%', '21.43%', '35.71%', '39.29%', '35.71%', '17.86%', '32.14%', '32.14%', '32.14%']

2025-08-29 23:07:57,180 - Entrainement du modèle final pour le jeu d'hyperparamètres 63

2025-08-29 23:07:57,236 - Epoch 1/153 - Loss: 1.6586, Acc: 28.21%
2025-08-29 23:08:04,696 - Epoch 153/153 - Loss: 1.1281, Acc: 34.29%
2025-08-29 23:08:04,699 - 

2025-08-29 23:08:04,699 - Résultats finaux pour le jeu d'hyperparamètres 63

2025-08-29 23:08:04,699 - Accuracy de validation croisée: 31.79% ± 6.48%
2025-08-29 23:08:04,699 - Accuracy sur le test: 35.83%

2025-08-29 23:08:17,054 - JEU D'HYPERPARAMÈTRES 64:
2025-08-29 23:08:17,054 - {'estimator_name': 'LSTM', 'estimator_params': {'num_layers': 2, 'hidden_size': 96, 'dropout': 0.175}, 'weight_decay': 7.5e-07, 'lr': 0.005, 'scheduler_factor': 0.5, 'batch_size': 32}

2025-08-29 23:08:17,054 - Début de la validation croisée pour le jeu d'hyperparamètres 64

2025-08-29 23:08:17,054 - Variables sélectionnées : mêmes variables que celles retenues au départ (pas de sélection en avant)

2025-08-29 23:08:17,055 - === Fold 1/10 ===
2025-08-29 23:08:17,229 - Epoch 1/500 - Train Loss: 1.8636, Train Acc: 14.68% - Val loss: 1.8164, Val Acc: 21.43%
2025-08-29 23:08:29,290 - Early stopping à l'epoch 89
2025-08-29 23:08:29,293 - Fold 1 - Accuracy finale: 21.43%
2025-08-29 23:08:29,294 - === Fold 2/10 ===
2025-08-29 23:08:29,455 - Epoch 1/500 - Train Loss: 1.8615, Train Acc: 16.27% - Val loss: 1.8173, Val Acc: 21.43%
2025-08-29 23:08:41,939 - Early stopping à l'epoch 90
2025-08-29 23:08:41,943 - Fold 2 - Accuracy finale: 21.43%
2025-08-29 23:08:41,943 - === Fold 3/10 ===
2025-08-29 23:08:42,118 - Epoch 1/500 - Train Loss: 1.8570, Train Acc: 17.46% - Val loss: 1.8333, Val Acc: 21.43%
2025-08-29 23:08:54,739 - Early stopping à l'epoch 92
2025-08-29 23:08:54,743 - Fold 3 - Accuracy finale: 21.43%
2025-08-29 23:08:54,743 - === Fold 4/10 ===
2025-08-29 23:08:54,899 - Epoch 1/500 - Train Loss: 1.8563, Train Acc: 14.68% - Val loss: 1.8325, Val Acc: 21.43%
2025-08-29 23:09:07,444 - Early stopping à l'epoch 91
2025-08-29 23:09:07,448 - Fold 4 - Accuracy finale: 21.43%
2025-08-29 23:09:07,448 - === Fold 5/10 ===
2025-08-29 23:09:07,615 - Epoch 1/500 - Train Loss: 1.8581, Train Acc: 15.08% - Val loss: 1.8317, Val Acc: 21.43%
2025-08-29 23:09:20,471 - Early stopping à l'epoch 92
2025-08-29 23:09:20,475 - Fold 5 - Accuracy finale: 21.43%
2025-08-29 23:09:20,475 - === Fold 6/10 ===
2025-08-29 23:09:20,642 - Epoch 1/500 - Train Loss: 1.8592, Train Acc: 15.08% - Val loss: 1.8445, Val Acc: 21.43%
2025-08-29 23:09:33,621 - Early stopping à l'epoch 94
2025-08-29 23:09:33,624 - Fold 6 - Accuracy finale: 21.43%
2025-08-29 23:09:33,625 - === Fold 7/10 ===
2025-08-29 23:09:33,785 - Epoch 1/500 - Train Loss: 1.8513, Train Acc: 16.67% - Val loss: 1.8744, Val Acc: 17.86%
2025-08-29 23:09:50,370 - Early stopping à l'epoch 119
2025-08-29 23:09:50,374 - Fold 7 - Accuracy finale: 17.86%
2025-08-29 23:09:50,374 - === Fold 8/10 ===
2025-08-29 23:09:50,556 - Epoch 1/500 - Train Loss: 1.8538, Train Acc: 15.48% - Val loss: 1.8724, Val Acc: 17.86%
2025-08-29 23:10:11,428 - Early stopping à l'epoch 150
2025-08-29 23:10:11,433 - Fold 8 - Accuracy finale: 17.86%
2025-08-29 23:10:11,433 - === Fold 9/10 ===
2025-08-29 23:10:11,616 - Epoch 1/500 - Train Loss: 1.8531, Train Acc: 15.08% - Val loss: 1.8681, Val Acc: 17.86%
2025-08-29 23:10:29,468 - Early stopping à l'epoch 127
2025-08-29 23:10:29,472 - Fold 9 - Accuracy finale: 17.86%
2025-08-29 23:10:29,472 - === Fold 10/10 ===
2025-08-29 23:10:29,648 - Epoch 1/500 - Train Loss: 1.8543, Train Acc: 14.68% - Val loss: 1.8673, Val Acc: 17.86%
2025-08-29 23:10:46,524 - Early stopping à l'epoch 122
2025-08-29 23:10:46,528 - Fold 10 - Accuracy finale: 17.86%
2025-08-29 23:10:46,529 - 
2025-08-29 23:10:46,529 - Résultats de la validation croisée
2025-08-29 23:10:46,529 - 
2025-08-29 23:10:46,529 - Accuracy moyenne: 20.00% ± 1.75%
2025-08-29 23:10:46,529 - Loss moyenne: 1.7850 ± 0.0012
2025-08-29 23:10:46,529 - Nombre d'epochs moyen: 106
2025-08-29 23:10:46,529 - Accuracy par fold: ['21.43%', '21.43%', '21.43%', '21.43%', '21.43%', '21.43%', '17.86%', '17.86%', '17.86%', '17.86%']

2025-08-29 23:10:46,530 - Entrainement du modèle final pour le jeu d'hyperparamètres 64

2025-08-29 23:10:46,723 - Epoch 1/106 - Loss: 1.8558, Acc: 13.93%
2025-08-29 23:11:03,011 - Epoch 106/106 - Loss: 1.7835, Acc: 20.00%
2025-08-29 23:11:03,014 - 

2025-08-29 23:11:03,015 - Résultats finaux pour le jeu d'hyperparamètres 64

2025-08-29 23:11:03,015 - Accuracy de validation croisée: 20.00% ± 1.75%
2025-08-29 23:11:03,015 - Accuracy sur le test: 20.83%

2025-08-29 23:11:15,843 - JEU D'HYPERPARAMÈTRES 65:
2025-08-29 23:11:15,844 - {'estimator_name': 'LSTM', 'estimator_params': {'num_layers': 3, 'hidden_size': 64, 'dropout': 0.075}, 'weight_decay': 5e-06, 'lr': 0.0035, 'scheduler_factor': 0.4, 'batch_size': 32}

2025-08-29 23:11:15,844 - Début de la validation croisée pour le jeu d'hyperparamètres 65

2025-08-29 23:11:15,844 - Variables sélectionnées : mêmes variables que celles retenues au départ (pas de sélection en avant)

2025-08-29 23:11:15,844 - === Fold 1/10 ===
2025-08-29 23:11:15,969 - Epoch 1/500 - Train Loss: 1.9092, Train Acc: 15.08% - Val loss: 1.8790, Val Acc: 14.29%
2025-08-29 23:11:29,252 - Early stopping à l'epoch 139
2025-08-29 23:11:29,255 - Fold 1 - Accuracy finale: 21.43%
2025-08-29 23:11:29,255 - === Fold 2/10 ===
2025-08-29 23:11:29,365 - Epoch 1/500 - Train Loss: 1.9061, Train Acc: 15.08% - Val loss: 1.8779, Val Acc: 14.29%
2025-08-29 23:11:40,238 - Early stopping à l'epoch 114
2025-08-29 23:11:40,241 - Fold 2 - Accuracy finale: 21.43%
2025-08-29 23:11:40,241 - === Fold 3/10 ===
2025-08-29 23:11:40,356 - Epoch 1/500 - Train Loss: 1.9079, Train Acc: 15.08% - Val loss: 1.9151, Val Acc: 14.29%
2025-08-29 23:11:52,336 - Early stopping à l'epoch 125
2025-08-29 23:11:52,339 - Fold 3 - Accuracy finale: 21.43%
2025-08-29 23:11:52,339 - === Fold 4/10 ===
2025-08-29 23:11:52,449 - Epoch 1/500 - Train Loss: 1.9069, Train Acc: 15.08% - Val loss: 1.9153, Val Acc: 14.29%
2025-08-29 23:12:07,086 - Early stopping à l'epoch 154
2025-08-29 23:12:07,089 - Fold 4 - Accuracy finale: 21.43%
2025-08-29 23:12:07,089 - === Fold 5/10 ===
2025-08-29 23:12:07,213 - Epoch 1/500 - Train Loss: 1.9034, Train Acc: 15.08% - Val loss: 1.9150, Val Acc: 14.29%
2025-08-29 23:12:19,843 - Early stopping à l'epoch 133
2025-08-29 23:12:19,845 - Fold 5 - Accuracy finale: 21.43%
2025-08-29 23:12:19,845 - === Fold 6/10 ===
2025-08-29 23:12:19,959 - Epoch 1/500 - Train Loss: 1.9099, Train Acc: 15.08% - Val loss: 1.8947, Val Acc: 14.29%
2025-08-29 23:12:30,627 - Early stopping à l'epoch 111
2025-08-29 23:12:30,630 - Fold 6 - Accuracy finale: 21.43%
2025-08-29 23:12:30,630 - === Fold 7/10 ===
2025-08-29 23:12:30,742 - Epoch 1/500 - Train Loss: 1.9089, Train Acc: 15.08% - Val loss: 1.8858, Val Acc: 14.29%
2025-08-29 23:12:40,086 - Early stopping à l'epoch 98
2025-08-29 23:12:40,089 - Fold 7 - Accuracy finale: 17.86%
2025-08-29 23:12:40,089 - === Fold 8/10 ===
2025-08-29 23:12:40,217 - Epoch 1/500 - Train Loss: 1.9106, Train Acc: 15.08% - Val loss: 1.8839, Val Acc: 14.29%
2025-08-29 23:12:49,300 - Early stopping à l'epoch 96
2025-08-29 23:12:49,303 - Fold 8 - Accuracy finale: 17.86%
2025-08-29 23:12:49,303 - === Fold 9/10 ===
2025-08-29 23:12:49,425 - Epoch 1/500 - Train Loss: 1.9141, Train Acc: 14.68% - Val loss: 1.8604, Val Acc: 17.86%
2025-08-29 23:12:58,310 - Early stopping à l'epoch 94
2025-08-29 23:12:58,313 - Fold 9 - Accuracy finale: 17.86%
2025-08-29 23:12:58,313 - === Fold 10/10 ===
2025-08-29 23:12:58,437 - Epoch 1/500 - Train Loss: 1.9120, Train Acc: 14.68% - Val loss: 1.8612, Val Acc: 17.86%
2025-08-29 23:13:07,620 - Early stopping à l'epoch 95
2025-08-29 23:13:07,623 - Fold 10 - Accuracy finale: 17.86%
2025-08-29 23:13:07,623 - 
2025-08-29 23:13:07,624 - Résultats de la validation croisée
2025-08-29 23:13:07,624 - 
2025-08-29 23:13:07,624 - Accuracy moyenne: 20.00% ± 1.75%
2025-08-29 23:13:07,624 - Loss moyenne: 1.7850 ± 0.0007
2025-08-29 23:13:07,624 - Nombre d'epochs moyen: 115
2025-08-29 23:13:07,624 - Accuracy par fold: ['21.43%', '21.43%', '21.43%', '21.43%', '21.43%', '21.43%', '17.86%', '17.86%', '17.86%', '17.86%']

2025-08-29 23:13:07,624 - Entrainement du modèle final pour le jeu d'hyperparamètres 65

2025-08-29 23:13:07,749 - Epoch 1/115 - Loss: 1.9068, Acc: 15.00%
2025-08-29 23:13:19,627 - Epoch 115/115 - Loss: 1.7875, Acc: 18.93%
2025-08-29 23:13:19,630 - 

2025-08-29 23:13:19,630 - Résultats finaux pour le jeu d'hyperparamètres 65

2025-08-29 23:13:19,630 - Accuracy de validation croisée: 20.00% ± 1.75%
2025-08-29 23:13:19,630 - Accuracy sur le test: 20.83%

2025-08-29 23:13:32,707 - JEU D'HYPERPARAMÈTRES 66:
2025-08-29 23:13:32,708 - {'estimator_name': 'Transformer', 'estimator_params': {'d_model': 36, 'nhead': 3, 'num_layers': 2, 'dropout': 0.175}, 'weight_decay': 5e-06, 'lr': 0.0055, 'scheduler_factor': 0.4, 'batch_size': 28}

2025-08-29 23:13:32,708 - Début de la validation croisée pour le jeu d'hyperparamètres 66

2025-08-29 23:13:32,708 - Variables sélectionnées : mêmes variables que celles retenues au départ (pas de sélection en avant)

2025-08-29 23:13:32,708 - === Fold 1/10 ===
2025-08-29 23:13:32,735 - Epoch 1/500 - Train Loss: 1.3969, Train Acc: 41.67% - Val loss: 0.9974, Val Acc: 42.86%
2025-08-29 23:13:36,114 - Early stopping à l'epoch 149
2025-08-29 23:13:36,115 - Fold 1 - Accuracy finale: 92.86%
2025-08-29 23:13:36,115 - === Fold 2/10 ===
2025-08-29 23:13:36,140 - Epoch 1/500 - Train Loss: 1.4095, Train Acc: 29.76% - Val loss: 1.1225, Val Acc: 46.43%
2025-08-29 23:13:39,035 - Early stopping à l'epoch 128
2025-08-29 23:13:39,037 - Fold 2 - Accuracy finale: 85.71%
2025-08-29 23:13:39,037 - === Fold 3/10 ===
2025-08-29 23:13:39,062 - Epoch 1/500 - Train Loss: 1.3335, Train Acc: 41.27% - Val loss: 1.2564, Val Acc: 32.14%
2025-08-29 23:13:41,815 - Early stopping à l'epoch 120
2025-08-29 23:13:41,816 - Fold 3 - Accuracy finale: 92.86%
2025-08-29 23:13:41,816 - === Fold 4/10 ===
2025-08-29 23:13:41,842 - Epoch 1/500 - Train Loss: 1.4452, Train Acc: 31.35% - Val loss: 1.1597, Val Acc: 39.29%
2025-08-29 23:13:46,644 - Epoch 201/500 - Train Loss: 0.0012, Train Acc: 100.00% - Val loss: 0.0166, Val Acc: 100.00%
2025-08-29 23:13:50,569 - Early stopping à l'epoch 364
2025-08-29 23:13:50,571 - Fold 4 - Accuracy finale: 100.00%
2025-08-29 23:13:50,571 - === Fold 5/10 ===
2025-08-29 23:13:50,602 - Epoch 1/500 - Train Loss: 1.4320, Train Acc: 34.92% - Val loss: 1.2253, Val Acc: 50.00%
2025-08-29 23:13:53,472 - Early stopping à l'epoch 127
2025-08-29 23:13:53,473 - Fold 5 - Accuracy finale: 85.71%
2025-08-29 23:13:53,473 - === Fold 6/10 ===
2025-08-29 23:13:53,502 - Epoch 1/500 - Train Loss: 1.3767, Train Acc: 36.11% - Val loss: 1.1244, Val Acc: 42.86%
2025-08-29 23:13:56,679 - Early stopping à l'epoch 139
2025-08-29 23:13:56,680 - Fold 6 - Accuracy finale: 89.29%
2025-08-29 23:13:56,680 - === Fold 7/10 ===
2025-08-29 23:13:56,708 - Epoch 1/500 - Train Loss: 1.4100, Train Acc: 36.51% - Val loss: 1.1278, Val Acc: 39.29%
2025-08-29 23:13:59,099 - Early stopping à l'epoch 101
2025-08-29 23:13:59,101 - Fold 7 - Accuracy finale: 92.86%
2025-08-29 23:13:59,101 - === Fold 8/10 ===
2025-08-29 23:13:59,132 - Epoch 1/500 - Train Loss: 1.3066, Train Acc: 36.90% - Val loss: 0.9578, Val Acc: 42.86%
2025-08-29 23:14:02,200 - Early stopping à l'epoch 127
2025-08-29 23:14:02,201 - Fold 8 - Accuracy finale: 85.71%
2025-08-29 23:14:02,201 - === Fold 9/10 ===
2025-08-29 23:14:02,227 - Epoch 1/500 - Train Loss: 1.5752, Train Acc: 31.35% - Val loss: 1.2072, Val Acc: 32.14%
2025-08-29 23:14:07,065 - Epoch 201/500 - Train Loss: 0.0018, Train Acc: 100.00% - Val loss: 0.0443, Val Acc: 96.43%
2025-08-29 23:14:07,654 - Early stopping à l'epoch 225
2025-08-29 23:14:07,656 - Fold 9 - Accuracy finale: 96.43%
2025-08-29 23:14:07,656 - === Fold 10/10 ===
2025-08-29 23:14:07,689 - Epoch 1/500 - Train Loss: 1.4088, Train Acc: 33.73% - Val loss: 1.0743, Val Acc: 46.43%
2025-08-29 23:14:11,474 - Early stopping à l'epoch 162
2025-08-29 23:14:11,476 - Fold 10 - Accuracy finale: 96.43%
2025-08-29 23:14:11,476 - 
2025-08-29 23:14:11,476 - Résultats de la validation croisée
2025-08-29 23:14:11,476 - 
2025-08-29 23:14:11,476 - Accuracy moyenne: 91.79% ± 4.80%
2025-08-29 23:14:11,476 - Loss moyenne: 0.4458 ± 0.2310
2025-08-29 23:14:11,476 - Nombre d'epochs moyen: 164
2025-08-29 23:14:11,476 - Accuracy par fold: ['92.86%', '85.71%', '92.86%', '100.00%', '85.71%', '89.29%', '92.86%', '85.71%', '96.43%', '96.43%']

2025-08-29 23:14:11,476 - Entrainement du modèle final pour le jeu d'hyperparamètres 66

2025-08-29 23:14:11,509 - Epoch 1/164 - Loss: 1.5620, Acc: 28.21%
2025-08-29 23:14:15,478 - Epoch 164/164 - Loss: 0.1792, Acc: 93.21%
2025-08-29 23:14:15,480 - 

2025-08-29 23:14:15,480 - Résultats finaux pour le jeu d'hyperparamètres 66

2025-08-29 23:14:15,480 - Accuracy de validation croisée: 91.79% ± 4.80%
2025-08-29 23:14:15,480 - Accuracy sur le test: 88.33%

2025-08-29 23:14:28,759 - JEU D'HYPERPARAMÈTRES 67:
2025-08-29 23:14:28,759 - {'estimator_name': 'LSTM', 'estimator_params': {'num_layers': 4, 'hidden_size': 80, 'dropout': 0.175}, 'weight_decay': 5e-06, 'lr': 0.0055, 'scheduler_factor': 0.6, 'batch_size': 36}

2025-08-29 23:14:28,759 - Début de la validation croisée pour le jeu d'hyperparamètres 67

2025-08-29 23:14:28,759 - Variables sélectionnées : mêmes variables que celles retenues au départ (pas de sélection en avant)

2025-08-29 23:14:28,760 - === Fold 1/10 ===
2025-08-29 23:14:28,889 - Epoch 1/500 - Train Loss: 1.8522, Train Acc: 15.48% - Val loss: 1.8420, Val Acc: 14.29%
2025-08-29 23:14:38,752 - Early stopping à l'epoch 97
2025-08-29 23:14:38,755 - Fold 1 - Accuracy finale: 21.43%
2025-08-29 23:14:38,755 - === Fold 2/10 ===
2025-08-29 23:14:38,885 - Epoch 1/500 - Train Loss: 1.8476, Train Acc: 16.67% - Val loss: 1.8392, Val Acc: 14.29%
2025-08-29 23:14:54,096 - Early stopping à l'epoch 150
2025-08-29 23:14:54,100 - Fold 2 - Accuracy finale: 21.43%
2025-08-29 23:14:54,100 - === Fold 3/10 ===
2025-08-29 23:14:54,222 - Epoch 1/500 - Train Loss: 1.8497, Train Acc: 14.29% - Val loss: 1.8273, Val Acc: 14.29%
2025-08-29 23:15:07,385 - Early stopping à l'epoch 128
2025-08-29 23:15:07,389 - Fold 3 - Accuracy finale: 21.43%
2025-08-29 23:15:07,389 - === Fold 4/10 ===
2025-08-29 23:15:07,509 - Epoch 1/500 - Train Loss: 1.8510, Train Acc: 15.08% - Val loss: 1.8302, Val Acc: 14.29%
2025-08-29 23:15:20,525 - Early stopping à l'epoch 125
2025-08-29 23:15:20,528 - Fold 4 - Accuracy finale: 21.43%
2025-08-29 23:15:20,528 - === Fold 5/10 ===
2025-08-29 23:15:20,652 - Epoch 1/500 - Train Loss: 1.8479, Train Acc: 15.08% - Val loss: 1.8266, Val Acc: 14.29%
2025-08-29 23:15:33,126 - Early stopping à l'epoch 121
2025-08-29 23:15:33,129 - Fold 5 - Accuracy finale: 21.43%
2025-08-29 23:15:33,130 - === Fold 6/10 ===
2025-08-29 23:15:33,253 - Epoch 1/500 - Train Loss: 1.8546, Train Acc: 15.48% - Val loss: 1.8267, Val Acc: 17.86%
2025-08-29 23:15:42,062 - Early stopping à l'epoch 86
2025-08-29 23:15:42,065 - Fold 6 - Accuracy finale: 21.43%
2025-08-29 23:15:42,066 - === Fold 7/10 ===
2025-08-29 23:15:42,198 - Epoch 1/500 - Train Loss: 1.8478, Train Acc: 13.89% - Val loss: 1.8217, Val Acc: 17.86%
2025-08-29 23:15:53,587 - Early stopping à l'epoch 111
2025-08-29 23:15:53,591 - Fold 7 - Accuracy finale: 17.86%
2025-08-29 23:15:53,591 - === Fold 8/10 ===
2025-08-29 23:15:53,724 - Epoch 1/500 - Train Loss: 1.8490, Train Acc: 15.48% - Val loss: 1.8211, Val Acc: 17.86%
2025-08-29 23:16:02,824 - Early stopping à l'epoch 89
2025-08-29 23:16:02,828 - Fold 8 - Accuracy finale: 17.86%
2025-08-29 23:16:02,828 - === Fold 9/10 ===
2025-08-29 23:16:02,958 - Epoch 1/500 - Train Loss: 1.8421, Train Acc: 16.67% - Val loss: 1.8412, Val Acc: 14.29%
2025-08-29 23:16:14,122 - Early stopping à l'epoch 109
2025-08-29 23:16:14,126 - Fold 9 - Accuracy finale: 17.86%
2025-08-29 23:16:14,126 - === Fold 10/10 ===
2025-08-29 23:16:14,265 - Epoch 1/500 - Train Loss: 1.8486, Train Acc: 15.48% - Val loss: 1.8458, Val Acc: 14.29%
2025-08-29 23:16:28,000 - Early stopping à l'epoch 133
2025-08-29 23:16:28,004 - Fold 10 - Accuracy finale: 17.86%
2025-08-29 23:16:28,004 - 
2025-08-29 23:16:28,005 - Résultats de la validation croisée
2025-08-29 23:16:28,005 - 
2025-08-29 23:16:28,005 - Accuracy moyenne: 20.00% ± 1.75%
2025-08-29 23:16:28,005 - Loss moyenne: 1.7849 ± 0.0011
2025-08-29 23:16:28,005 - Nombre d'epochs moyen: 114
2025-08-29 23:16:28,005 - Accuracy par fold: ['21.43%', '21.43%', '21.43%', '21.43%', '21.43%', '21.43%', '17.86%', '17.86%', '17.86%', '17.86%']

2025-08-29 23:16:28,005 - Entrainement du modèle final pour le jeu d'hyperparamètres 67

2025-08-29 23:16:28,150 - Epoch 1/114 - Loss: 1.8514, Acc: 15.00%
2025-08-29 23:16:41,204 - Epoch 114/114 - Loss: 1.7839, Acc: 22.14%
2025-08-29 23:16:41,206 - 

2025-08-29 23:16:41,207 - Résultats finaux pour le jeu d'hyperparamètres 67

2025-08-29 23:16:41,207 - Accuracy de validation croisée: 20.00% ± 1.75%
2025-08-29 23:16:41,207 - Accuracy sur le test: 20.83%

2025-08-29 23:16:54,496 - JEU D'HYPERPARAMÈTRES 68:
2025-08-29 23:16:54,496 - {'estimator_name': 'LSTM', 'estimator_params': {'num_layers': 4, 'hidden_size': 64, 'dropout': 0.125}, 'weight_decay': 2.5e-06, 'lr': 0.0055, 'scheduler_factor': 0.5, 'batch_size': 28}

2025-08-29 23:16:54,496 - Début de la validation croisée pour le jeu d'hyperparamètres 68

2025-08-29 23:16:54,496 - Variables sélectionnées : mêmes variables que celles retenues au départ (pas de sélection en avant)

2025-08-29 23:16:54,496 - === Fold 1/10 ===
2025-08-29 23:16:54,623 - Epoch 1/500 - Train Loss: 1.8163, Train Acc: 20.24% - Val loss: 1.8002, Val Acc: 17.86%
2025-08-29 23:17:07,160 - Early stopping à l'epoch 116
2025-08-29 23:17:07,163 - Fold 1 - Accuracy finale: 21.43%
2025-08-29 23:17:07,163 - === Fold 2/10 ===
2025-08-29 23:17:07,299 - Epoch 1/500 - Train Loss: 1.8109, Train Acc: 17.06% - Val loss: 1.7965, Val Acc: 17.86%
2025-08-29 23:17:22,169 - Early stopping à l'epoch 140
2025-08-29 23:17:22,172 - Fold 2 - Accuracy finale: 21.43%
2025-08-29 23:17:22,172 - === Fold 3/10 ===
2025-08-29 23:17:22,299 - Epoch 1/500 - Train Loss: 1.8126, Train Acc: 18.65% - Val loss: 1.7937, Val Acc: 17.86%
2025-08-29 23:17:31,482 - Early stopping à l'epoch 87
2025-08-29 23:17:31,485 - Fold 3 - Accuracy finale: 21.43%
2025-08-29 23:17:31,485 - === Fold 4/10 ===
2025-08-29 23:17:31,625 - Epoch 1/500 - Train Loss: 1.8041, Train Acc: 19.84% - Val loss: 1.7937, Val Acc: 17.86%
2025-08-29 23:17:40,814 - Early stopping à l'epoch 87
2025-08-29 23:17:40,817 - Fold 4 - Accuracy finale: 21.43%
2025-08-29 23:17:40,817 - === Fold 5/10 ===
2025-08-29 23:17:40,938 - Epoch 1/500 - Train Loss: 1.8103, Train Acc: 20.24% - Val loss: 1.7926, Val Acc: 17.86%
2025-08-29 23:17:49,870 - Early stopping à l'epoch 85
2025-08-29 23:17:49,872 - Fold 5 - Accuracy finale: 21.43%
2025-08-29 23:17:49,873 - === Fold 6/10 ===
2025-08-29 23:17:49,993 - Epoch 1/500 - Train Loss: 1.8070, Train Acc: 19.44% - Val loss: 1.8098, Val Acc: 17.86%
2025-08-29 23:18:00,414 - Early stopping à l'epoch 99
2025-08-29 23:18:00,416 - Fold 6 - Accuracy finale: 21.43%
2025-08-29 23:18:00,417 - === Fold 7/10 ===
2025-08-29 23:18:00,555 - Epoch 1/500 - Train Loss: 1.8088, Train Acc: 16.67% - Val loss: 1.8030, Val Acc: 21.43%
2025-08-29 23:18:12,525 - Early stopping à l'epoch 113
2025-08-29 23:18:12,528 - Fold 7 - Accuracy finale: 17.86%
2025-08-29 23:18:12,528 - === Fold 8/10 ===
2025-08-29 23:18:12,669 - Epoch 1/500 - Train Loss: 1.8011, Train Acc: 16.27% - Val loss: 1.8029, Val Acc: 21.43%
2025-08-29 23:18:25,979 - Early stopping à l'epoch 125
2025-08-29 23:18:25,982 - Fold 8 - Accuracy finale: 17.86%
2025-08-29 23:18:25,982 - === Fold 9/10 ===
2025-08-29 23:18:26,106 - Epoch 1/500 - Train Loss: 1.8049, Train Acc: 18.25% - Val loss: 1.8045, Val Acc: 21.43%
2025-08-29 23:18:38,568 - Early stopping à l'epoch 118
2025-08-29 23:18:38,570 - Fold 9 - Accuracy finale: 17.86%
2025-08-29 23:18:38,571 - === Fold 10/10 ===
2025-08-29 23:18:38,708 - Epoch 1/500 - Train Loss: 1.8160, Train Acc: 17.46% - Val loss: 1.8086, Val Acc: 21.43%
2025-08-29 23:18:48,309 - Early stopping à l'epoch 91
2025-08-29 23:18:48,311 - Fold 10 - Accuracy finale: 17.86%
2025-08-29 23:18:48,312 - 
2025-08-29 23:18:48,312 - Résultats de la validation croisée
2025-08-29 23:18:48,312 - 
2025-08-29 23:18:48,312 - Accuracy moyenne: 20.00% ± 1.75%
2025-08-29 23:18:48,312 - Loss moyenne: 1.7850 ± 0.0012
2025-08-29 23:18:48,312 - Nombre d'epochs moyen: 106
2025-08-29 23:18:48,312 - Accuracy par fold: ['21.43%', '21.43%', '21.43%', '21.43%', '21.43%', '21.43%', '17.86%', '17.86%', '17.86%', '17.86%']

2025-08-29 23:18:48,312 - Entrainement du modèle final pour le jeu d'hyperparamètres 68

2025-08-29 23:18:48,439 - Epoch 1/106 - Loss: 1.8085, Acc: 18.93%
2025-08-29 23:19:00,613 - Epoch 106/106 - Loss: 1.7854, Acc: 21.43%
2025-08-29 23:19:00,615 - 

2025-08-29 23:19:00,615 - Résultats finaux pour le jeu d'hyperparamètres 68

2025-08-29 23:19:00,615 - Accuracy de validation croisée: 20.00% ± 1.75%
2025-08-29 23:19:00,615 - Accuracy sur le test: 20.83%

2025-08-29 23:19:14,799 - JEU D'HYPERPARAMÈTRES 69:
2025-08-29 23:19:14,799 - {'estimator_name': 'LSTM', 'estimator_params': {'num_layers': 2, 'hidden_size': 80, 'dropout': 0.175}, 'weight_decay': 1e-06, 'lr': 0.005, 'scheduler_factor': 0.6, 'batch_size': 36}

2025-08-29 23:19:14,799 - Début de la validation croisée pour le jeu d'hyperparamètres 69

2025-08-29 23:19:14,799 - Variables sélectionnées : mêmes variables que celles retenues au départ (pas de sélection en avant)

2025-08-29 23:19:14,799 - === Fold 1/10 ===
2025-08-29 23:19:14,938 - Epoch 1/500 - Train Loss: 1.8396, Train Acc: 13.89% - Val loss: 1.8619, Val Acc: 14.29%
2025-08-29 23:19:35,436 - Early stopping à l'epoch 199
2025-08-29 23:19:35,439 - Fold 1 - Accuracy finale: 21.43%
2025-08-29 23:19:35,439 - === Fold 2/10 ===
2025-08-29 23:19:35,562 - Epoch 1/500 - Train Loss: 1.8466, Train Acc: 14.68% - Val loss: 1.8604, Val Acc: 14.29%
2025-08-29 23:19:48,496 - Early stopping à l'epoch 127
2025-08-29 23:19:48,499 - Fold 2 - Accuracy finale: 21.43%
2025-08-29 23:19:48,499 - === Fold 3/10 ===
2025-08-29 23:19:48,622 - Epoch 1/500 - Train Loss: 1.8530, Train Acc: 15.08% - Val loss: 1.8450, Val Acc: 14.29%
2025-08-29 23:20:00,052 - Early stopping à l'epoch 111
2025-08-29 23:20:00,056 - Fold 3 - Accuracy finale: 21.43%
2025-08-29 23:20:00,056 - === Fold 4/10 ===
2025-08-29 23:20:00,192 - Epoch 1/500 - Train Loss: 1.8437, Train Acc: 15.08% - Val loss: 1.8444, Val Acc: 14.29%
2025-08-29 23:20:16,349 - Early stopping à l'epoch 158
2025-08-29 23:20:16,352 - Fold 4 - Accuracy finale: 21.43%
2025-08-29 23:20:16,352 - === Fold 5/10 ===
2025-08-29 23:20:16,476 - Epoch 1/500 - Train Loss: 1.8462, Train Acc: 15.08% - Val loss: 1.8409, Val Acc: 14.29%
2025-08-29 23:20:31,852 - Early stopping à l'epoch 150
2025-08-29 23:20:31,855 - Fold 5 - Accuracy finale: 21.43%
2025-08-29 23:20:31,855 - === Fold 6/10 ===
2025-08-29 23:20:31,978 - Epoch 1/500 - Train Loss: 1.8445, Train Acc: 15.08% - Val loss: 1.8480, Val Acc: 14.29%
2025-08-29 23:20:47,120 - Early stopping à l'epoch 147
2025-08-29 23:20:47,123 - Fold 6 - Accuracy finale: 21.43%
2025-08-29 23:20:47,123 - === Fold 7/10 ===
2025-08-29 23:20:47,243 - Epoch 1/500 - Train Loss: 1.8457, Train Acc: 15.08% - Val loss: 1.8233, Val Acc: 14.29%
2025-08-29 23:20:57,726 - Early stopping à l'epoch 102
2025-08-29 23:20:57,730 - Fold 7 - Accuracy finale: 17.86%
2025-08-29 23:20:57,730 - === Fold 8/10 ===
2025-08-29 23:20:57,864 - Epoch 1/500 - Train Loss: 1.8394, Train Acc: 15.08% - Val loss: 1.8224, Val Acc: 14.29%
2025-08-29 23:21:09,839 - Early stopping à l'epoch 116
2025-08-29 23:21:09,843 - Fold 8 - Accuracy finale: 17.86%
2025-08-29 23:21:09,843 - === Fold 9/10 ===
2025-08-29 23:21:09,972 - Epoch 1/500 - Train Loss: 1.8482, Train Acc: 14.68% - Val loss: 1.8151, Val Acc: 17.86%
2025-08-29 23:21:19,180 - Early stopping à l'epoch 89
2025-08-29 23:21:19,183 - Fold 9 - Accuracy finale: 17.86%
2025-08-29 23:21:19,183 - === Fold 10/10 ===
2025-08-29 23:21:19,307 - Epoch 1/500 - Train Loss: 1.8553, Train Acc: 14.68% - Val loss: 1.8170, Val Acc: 17.86%
2025-08-29 23:21:28,601 - Early stopping à l'epoch 90
2025-08-29 23:21:28,604 - Fold 10 - Accuracy finale: 17.86%
2025-08-29 23:21:28,605 - 
2025-08-29 23:21:28,605 - Résultats de la validation croisée
2025-08-29 23:21:28,605 - 
2025-08-29 23:21:28,605 - Accuracy moyenne: 20.00% ± 1.75%
2025-08-29 23:21:28,605 - Loss moyenne: 1.7850 ± 0.0007
2025-08-29 23:21:28,605 - Nombre d'epochs moyen: 128
2025-08-29 23:21:28,605 - Accuracy par fold: ['21.43%', '21.43%', '21.43%', '21.43%', '21.43%', '21.43%', '17.86%', '17.86%', '17.86%', '17.86%']

2025-08-29 23:21:28,605 - Entrainement du modèle final pour le jeu d'hyperparamètres 69

2025-08-29 23:21:28,746 - Epoch 1/128 - Loss: 1.8430, Acc: 16.07%
2025-08-29 23:21:43,403 - Epoch 128/128 - Loss: 1.7843, Acc: 21.07%
2025-08-29 23:21:43,405 - 

2025-08-29 23:21:43,405 - Résultats finaux pour le jeu d'hyperparamètres 69

2025-08-29 23:21:43,406 - Accuracy de validation croisée: 20.00% ± 1.75%
2025-08-29 23:21:43,406 - Accuracy sur le test: 20.83%

2025-08-29 23:21:57,735 - JEU D'HYPERPARAMÈTRES 70:
2025-08-29 23:21:57,736 - {'estimator_name': 'LSTM', 'estimator_params': {'num_layers': 3, 'hidden_size': 96, 'dropout': 0.025}, 'weight_decay': 5e-07, 'lr': 0.0055, 'scheduler_factor': 0.6, 'batch_size': 28}

2025-08-29 23:21:57,736 - Début de la validation croisée pour le jeu d'hyperparamètres 70

2025-08-29 23:21:57,736 - Variables sélectionnées : mêmes variables que celles retenues au départ (pas de sélection en avant)

2025-08-29 23:21:57,736 - === Fold 1/10 ===
2025-08-29 23:21:57,915 - Epoch 1/500 - Train Loss: 1.8635, Train Acc: 19.44% - Val loss: 1.8709, Val Acc: 17.86%
2025-08-29 23:22:12,586 - Early stopping à l'epoch 95
2025-08-29 23:22:12,590 - Fold 1 - Accuracy finale: 17.86%
2025-08-29 23:22:12,590 - === Fold 2/10 ===
2025-08-29 23:22:12,793 - Epoch 1/500 - Train Loss: 1.8655, Train Acc: 19.44% - Val loss: 1.8718, Val Acc: 17.86%
2025-08-29 23:22:27,085 - Early stopping à l'epoch 92
2025-08-29 23:22:27,089 - Fold 2 - Accuracy finale: 21.43%
2025-08-29 23:22:27,089 - === Fold 3/10 ===
2025-08-29 23:22:27,268 - Epoch 1/500 - Train Loss: 1.8672, Train Acc: 19.44% - Val loss: 1.8602, Val Acc: 17.86%
2025-08-29 23:22:45,027 - Early stopping à l'epoch 114
2025-08-29 23:22:45,031 - Fold 3 - Accuracy finale: 21.43%
2025-08-29 23:22:45,031 - === Fold 4/10 ===
2025-08-29 23:22:45,221 - Epoch 1/500 - Train Loss: 1.8654, Train Acc: 19.44% - Val loss: 1.8586, Val Acc: 17.86%
2025-08-29 23:23:02,773 - Early stopping à l'epoch 113
2025-08-29 23:23:02,777 - Fold 4 - Accuracy finale: 21.43%
2025-08-29 23:23:02,777 - === Fold 5/10 ===
2025-08-29 23:23:02,959 - Epoch 1/500 - Train Loss: 1.8699, Train Acc: 19.44% - Val loss: 1.8609, Val Acc: 17.86%
2025-08-29 23:23:19,691 - Early stopping à l'epoch 106
2025-08-29 23:23:19,696 - Fold 5 - Accuracy finale: 21.43%
2025-08-29 23:23:19,696 - === Fold 6/10 ===
2025-08-29 23:23:19,893 - Epoch 1/500 - Train Loss: 1.8650, Train Acc: 19.44% - Val loss: 1.8625, Val Acc: 17.86%
2025-08-29 23:23:38,477 - Early stopping à l'epoch 120
2025-08-29 23:23:38,481 - Fold 6 - Accuracy finale: 21.43%
2025-08-29 23:23:38,481 - === Fold 7/10 ===
2025-08-29 23:23:38,658 - Epoch 1/500 - Train Loss: 1.8701, Train Acc: 19.05% - Val loss: 1.8286, Val Acc: 21.43%
2025-08-29 23:23:57,524 - Early stopping à l'epoch 121
2025-08-29 23:23:57,528 - Fold 7 - Accuracy finale: 17.86%
2025-08-29 23:23:57,528 - === Fold 8/10 ===
2025-08-29 23:23:57,714 - Epoch 1/500 - Train Loss: 1.8677, Train Acc: 19.05% - Val loss: 1.8272, Val Acc: 21.43%
2025-08-29 23:24:13,507 - Early stopping à l'epoch 102
2025-08-29 23:24:13,512 - Fold 8 - Accuracy finale: 17.86%
2025-08-29 23:24:13,512 - === Fold 9/10 ===
2025-08-29 23:24:13,719 - Epoch 1/500 - Train Loss: 1.8693, Train Acc: 19.05% - Val loss: 1.8481, Val Acc: 21.43%
2025-08-29 23:24:27,628 - Early stopping à l'epoch 88
2025-08-29 23:24:27,632 - Fold 9 - Accuracy finale: 17.86%
2025-08-29 23:24:27,632 - === Fold 10/10 ===
2025-08-29 23:24:27,837 - Epoch 1/500 - Train Loss: 1.8656, Train Acc: 19.05% - Val loss: 1.8464, Val Acc: 21.43%
2025-08-29 23:24:41,987 - Early stopping à l'epoch 91
2025-08-29 23:24:41,991 - Fold 10 - Accuracy finale: 17.86%
2025-08-29 23:24:41,992 - 
2025-08-29 23:24:41,992 - Résultats de la validation croisée
2025-08-29 23:24:41,992 - 
2025-08-29 23:24:41,992 - Accuracy moyenne: 19.64% ± 1.79%
2025-08-29 23:24:41,992 - Loss moyenne: 1.7851 ± 0.0011
2025-08-29 23:24:41,992 - Nombre d'epochs moyen: 104
2025-08-29 23:24:41,992 - Accuracy par fold: ['17.86%', '21.43%', '21.43%', '21.43%', '21.43%', '21.43%', '17.86%', '17.86%', '17.86%', '17.86%']

2025-08-29 23:24:41,992 - Entrainement du modèle final pour le jeu d'hyperparamètres 70

2025-08-29 23:24:42,183 - Epoch 1/104 - Loss: 1.8655, Acc: 19.29%
2025-08-29 23:24:59,723 - Epoch 104/104 - Loss: 1.7852, Acc: 20.00%
2025-08-29 23:24:59,726 - 

2025-08-29 23:24:59,726 - Résultats finaux pour le jeu d'hyperparamètres 70

2025-08-29 23:24:59,726 - Accuracy de validation croisée: 19.64% ± 1.79%
2025-08-29 23:24:59,726 - Accuracy sur le test: 20.83%

2025-08-29 23:25:14,299 - JEU D'HYPERPARAMÈTRES 71:
2025-08-29 23:25:14,299 - {'estimator_name': 'CNN + LSTM', 'estimator_params': {'out_channels': 16, 'num_layers': 3, 'hidden_size': 80, 'dropout': 0}, 'weight_decay': 5e-06, 'lr': 0.005, 'scheduler_factor': 0.5, 'batch_size': 36}

2025-08-29 23:25:14,299 - Début de la validation croisée pour le jeu d'hyperparamètres 71

2025-08-29 23:25:14,299 - Variables sélectionnées : mêmes variables que celles retenues au départ (pas de sélection en avant)

2025-08-29 23:25:14,300 - === Fold 1/10 ===
2025-08-29 23:25:14,422 - Epoch 1/500 - Train Loss: 1.8107, Train Acc: 19.05% - Val loss: 1.8037, Val Acc: 21.43%
2025-08-29 23:25:23,451 - Early stopping à l'epoch 96
2025-08-29 23:25:23,454 - Fold 1 - Accuracy finale: 21.43%
2025-08-29 23:25:23,454 - === Fold 2/10 ===
2025-08-29 23:25:23,573 - Epoch 1/500 - Train Loss: 1.8101, Train Acc: 17.46% - Val loss: 1.8039, Val Acc: 21.43%
2025-08-29 23:25:31,683 - Early stopping à l'epoch 87
2025-08-29 23:25:31,686 - Fold 2 - Accuracy finale: 21.43%
2025-08-29 23:25:31,686 - === Fold 3/10 ===
2025-08-29 23:25:31,803 - Epoch 1/500 - Train Loss: 1.8121, Train Acc: 16.27% - Val loss: 1.7958, Val Acc: 21.43%
2025-08-29 23:25:40,188 - Early stopping à l'epoch 87
2025-08-29 23:25:40,191 - Fold 3 - Accuracy finale: 21.43%
2025-08-29 23:25:40,191 - === Fold 4/10 ===
2025-08-29 23:25:40,315 - Epoch 1/500 - Train Loss: 1.8124, Train Acc: 16.67% - Val loss: 1.7957, Val Acc: 21.43%
2025-08-29 23:25:48,677 - Early stopping à l'epoch 86
2025-08-29 23:25:48,680 - Fold 4 - Accuracy finale: 21.43%
2025-08-29 23:25:48,680 - === Fold 5/10 ===
2025-08-29 23:25:48,798 - Epoch 1/500 - Train Loss: 1.8114, Train Acc: 15.48% - Val loss: 1.7964, Val Acc: 21.43%
2025-08-29 23:25:58,913 - Early stopping à l'epoch 102
2025-08-29 23:25:58,916 - Fold 5 - Accuracy finale: 21.43%
2025-08-29 23:25:58,916 - === Fold 6/10 ===
2025-08-29 23:25:59,039 - Epoch 1/500 - Train Loss: 1.8122, Train Acc: 14.68% - Val loss: 1.7990, Val Acc: 21.43%
2025-08-29 23:26:08,136 - Early stopping à l'epoch 90
2025-08-29 23:26:08,139 - Fold 6 - Accuracy finale: 21.43%
2025-08-29 23:26:08,139 - === Fold 7/10 ===
2025-08-29 23:26:08,257 - Epoch 1/500 - Train Loss: 1.8090, Train Acc: 14.29% - Val loss: 1.8135, Val Acc: 17.86%
2025-08-29 23:26:19,484 - Early stopping à l'epoch 112
2025-08-29 23:26:19,487 - Fold 7 - Accuracy finale: 17.86%
2025-08-29 23:26:19,487 - === Fold 8/10 ===
2025-08-29 23:26:19,622 - Epoch 1/500 - Train Loss: 1.8091, Train Acc: 17.06% - Val loss: 1.8135, Val Acc: 17.86%
2025-08-29 23:26:29,866 - Early stopping à l'epoch 102
2025-08-29 23:26:29,870 - Fold 8 - Accuracy finale: 17.86%
2025-08-29 23:26:29,870 - === Fold 9/10 ===
2025-08-29 23:26:29,990 - Epoch 1/500 - Train Loss: 1.8084, Train Acc: 19.84% - Val loss: 1.8125, Val Acc: 17.86%
2025-08-29 23:26:39,233 - Early stopping à l'epoch 92
2025-08-29 23:26:39,236 - Fold 9 - Accuracy finale: 17.86%
2025-08-29 23:26:39,236 - === Fold 10/10 ===
2025-08-29 23:26:39,358 - Epoch 1/500 - Train Loss: 1.8093, Train Acc: 17.86% - Val loss: 1.8143, Val Acc: 17.86%
2025-08-29 23:26:48,602 - Early stopping à l'epoch 90
2025-08-29 23:26:48,606 - Fold 10 - Accuracy finale: 17.86%
2025-08-29 23:26:48,606 - 
2025-08-29 23:26:48,607 - Résultats de la validation croisée
2025-08-29 23:26:48,607 - 
2025-08-29 23:26:48,607 - Accuracy moyenne: 20.00% ± 1.75%
2025-08-29 23:26:48,607 - Loss moyenne: 1.7850 ± 0.0010
2025-08-29 23:26:48,607 - Nombre d'epochs moyen: 94
2025-08-29 23:26:48,607 - Accuracy par fold: ['21.43%', '21.43%', '21.43%', '21.43%', '21.43%', '21.43%', '17.86%', '17.86%', '17.86%', '17.86%']

2025-08-29 23:26:48,607 - Entrainement du modèle final pour le jeu d'hyperparamètres 71

2025-08-29 23:26:48,748 - Epoch 1/94 - Loss: 1.8106, Acc: 15.36%
2025-08-29 23:26:59,373 - Epoch 94/94 - Loss: 1.7844, Acc: 20.00%
2025-08-29 23:26:59,375 - 

2025-08-29 23:26:59,375 - Résultats finaux pour le jeu d'hyperparamètres 71

2025-08-29 23:26:59,375 - Accuracy de validation croisée: 20.00% ± 1.75%
2025-08-29 23:26:59,375 - Accuracy sur le test: 20.83%

2025-08-29 23:27:14,343 - JEU D'HYPERPARAMÈTRES 72:
2025-08-29 23:27:14,343 - {'estimator_name': 'CNN + LSTM', 'estimator_params': {'out_channels': 32, 'num_layers': 2, 'hidden_size': 80, 'dropout': 0.05}, 'weight_decay': 5e-07, 'lr': 0.0045, 'scheduler_factor': 0.5, 'batch_size': 32}

2025-08-29 23:27:14,343 - Début de la validation croisée pour le jeu d'hyperparamètres 72

2025-08-29 23:27:14,343 - Variables sélectionnées : mêmes variables que celles retenues au départ (pas de sélection en avant)

2025-08-29 23:27:14,343 - === Fold 1/10 ===
2025-08-29 23:27:14,484 - Epoch 1/500 - Train Loss: 1.8176, Train Acc: 19.44% - Val loss: 1.8245, Val Acc: 17.86%
2025-08-29 23:27:26,188 - Early stopping à l'epoch 100
2025-08-29 23:27:26,191 - Fold 1 - Accuracy finale: 21.43%
2025-08-29 23:27:26,191 - === Fold 2/10 ===
2025-08-29 23:27:26,330 - Epoch 1/500 - Train Loss: 1.8160, Train Acc: 19.44% - Val loss: 1.8254, Val Acc: 17.86%
2025-08-29 23:27:39,976 - Early stopping à l'epoch 115
2025-08-29 23:27:39,980 - Fold 2 - Accuracy finale: 21.43%
2025-08-29 23:27:39,980 - === Fold 3/10 ===
2025-08-29 23:27:40,141 - Epoch 1/500 - Train Loss: 1.8208, Train Acc: 19.44% - Val loss: 1.8106, Val Acc: 17.86%
2025-08-29 23:27:51,759 - Early stopping à l'epoch 98
2025-08-29 23:27:51,762 - Fold 3 - Accuracy finale: 21.43%
2025-08-29 23:27:51,762 - === Fold 4/10 ===
2025-08-29 23:27:51,901 - Epoch 1/500 - Train Loss: 1.8187, Train Acc: 19.44% - Val loss: 1.8101, Val Acc: 17.86%
2025-08-29 23:28:04,374 - Early stopping à l'epoch 106
2025-08-29 23:28:04,378 - Fold 4 - Accuracy finale: 21.43%
2025-08-29 23:28:04,378 - === Fold 5/10 ===
2025-08-29 23:28:04,518 - Epoch 1/500 - Train Loss: 1.8209, Train Acc: 19.44% - Val loss: 1.8115, Val Acc: 17.86%
2025-08-29 23:28:21,401 - Early stopping à l'epoch 143
2025-08-29 23:28:21,404 - Fold 5 - Accuracy finale: 21.43%
2025-08-29 23:28:21,404 - === Fold 6/10 ===
2025-08-29 23:28:21,545 - Epoch 1/500 - Train Loss: 1.8193, Train Acc: 19.44% - Val loss: 1.8273, Val Acc: 17.86%
2025-08-29 23:28:33,186 - Early stopping à l'epoch 99
2025-08-29 23:28:33,189 - Fold 6 - Accuracy finale: 21.43%
2025-08-29 23:28:33,190 - === Fold 7/10 ===
2025-08-29 23:28:33,350 - Epoch 1/500 - Train Loss: 1.8192, Train Acc: 19.05% - Val loss: 1.8155, Val Acc: 21.43%
2025-08-29 23:28:50,165 - Early stopping à l'epoch 143
2025-08-29 23:28:50,168 - Fold 7 - Accuracy finale: 17.86%
2025-08-29 23:28:50,168 - === Fold 8/10 ===
2025-08-29 23:28:50,323 - Epoch 1/500 - Train Loss: 1.8182, Train Acc: 19.05% - Val loss: 1.8161, Val Acc: 21.43%
2025-08-29 23:29:04,414 - Early stopping à l'epoch 120
2025-08-29 23:29:04,418 - Fold 8 - Accuracy finale: 17.86%
2025-08-29 23:29:04,418 - === Fold 9/10 ===
2025-08-29 23:29:04,570 - Epoch 1/500 - Train Loss: 1.8219, Train Acc: 19.05% - Val loss: 1.7939, Val Acc: 21.43%
2025-08-29 23:29:14,496 - Early stopping à l'epoch 85
2025-08-29 23:29:14,500 - Fold 9 - Accuracy finale: 17.86%
2025-08-29 23:29:14,500 - === Fold 10/10 ===
2025-08-29 23:29:14,649 - Epoch 1/500 - Train Loss: 1.8207, Train Acc: 19.05% - Val loss: 1.7948, Val Acc: 21.43%
2025-08-29 23:29:24,581 - Early stopping à l'epoch 85
2025-08-29 23:29:24,584 - Fold 10 - Accuracy finale: 17.86%
2025-08-29 23:29:24,585 - 
2025-08-29 23:29:24,586 - Résultats de la validation croisée
2025-08-29 23:29:24,586 - 
2025-08-29 23:29:24,586 - Accuracy moyenne: 20.00% ± 1.75%
2025-08-29 23:29:24,586 - Loss moyenne: 1.7850 ± 0.0010
2025-08-29 23:29:24,586 - Nombre d'epochs moyen: 109
2025-08-29 23:29:24,586 - Accuracy par fold: ['21.43%', '21.43%', '21.43%', '21.43%', '21.43%', '21.43%', '17.86%', '17.86%', '17.86%', '17.86%']

2025-08-29 23:29:24,586 - Entrainement du modèle final pour le jeu d'hyperparamètres 72

2025-08-29 23:29:24,740 - Epoch 1/109 - Loss: 1.8210, Acc: 19.29%
2025-08-29 23:29:38,805 - Epoch 109/109 - Loss: 1.7870, Acc: 20.00%
2025-08-29 23:29:38,807 - 

2025-08-29 23:29:38,807 - Résultats finaux pour le jeu d'hyperparamètres 72

2025-08-29 23:29:38,807 - Accuracy de validation croisée: 20.00% ± 1.75%
2025-08-29 23:29:38,807 - Accuracy sur le test: 20.83%

2025-08-29 23:29:54,204 - JEU D'HYPERPARAMÈTRES 73:
2025-08-29 23:29:54,204 - {'estimator_name': 'CNN + LSTM', 'estimator_params': {'out_channels': 8, 'num_layers': 4, 'hidden_size': 80, 'dropout': 0.1}, 'weight_decay': 5e-06, 'lr': 0.0045, 'scheduler_factor': 0.6, 'batch_size': 32}

2025-08-29 23:29:54,204 - Début de la validation croisée pour le jeu d'hyperparamètres 73

2025-08-29 23:29:54,204 - Variables sélectionnées : mêmes variables que celles retenues au départ (pas de sélection en avant)

2025-08-29 23:29:54,205 - === Fold 1/10 ===
2025-08-29 23:29:54,342 - Epoch 1/500 - Train Loss: 1.8616, Train Acc: 15.48% - Val loss: 1.8470, Val Acc: 14.29%
2025-08-29 23:30:07,521 - Early stopping à l'epoch 110
2025-08-29 23:30:07,524 - Fold 1 - Accuracy finale: 21.43%
2025-08-29 23:30:07,524 - === Fold 2/10 ===
2025-08-29 23:30:07,685 - Epoch 1/500 - Train Loss: 1.8621, Train Acc: 14.68% - Val loss: 1.8463, Val Acc: 14.29%
2025-08-29 23:30:21,964 - Early stopping à l'epoch 119
2025-08-29 23:30:21,968 - Fold 2 - Accuracy finale: 21.43%
2025-08-29 23:30:21,968 - === Fold 3/10 ===
2025-08-29 23:30:22,115 - Epoch 1/500 - Train Loss: 1.8661, Train Acc: 14.68% - Val loss: 1.8664, Val Acc: 14.29%
2025-08-29 23:30:40,401 - Early stopping à l'epoch 153
2025-08-29 23:30:40,404 - Fold 3 - Accuracy finale: 21.43%
2025-08-29 23:30:40,404 - === Fold 4/10 ===
2025-08-29 23:30:40,544 - Epoch 1/500 - Train Loss: 1.8633, Train Acc: 15.48% - Val loss: 1.8613, Val Acc: 14.29%
2025-08-29 23:30:54,302 - Early stopping à l'epoch 115
2025-08-29 23:30:54,305 - Fold 4 - Accuracy finale: 21.43%
2025-08-29 23:30:54,305 - === Fold 5/10 ===
2025-08-29 23:30:54,441 - Epoch 1/500 - Train Loss: 1.8670, Train Acc: 15.08% - Val loss: 1.8647, Val Acc: 14.29%
2025-08-29 23:31:18,901 - Epoch 201/500 - Train Loss: 1.7825, Train Acc: 19.05% - Val loss: 1.7846, Val Acc: 21.43%
2025-08-29 23:31:19,732 - Early stopping à l'epoch 208
2025-08-29 23:31:19,735 - Fold 5 - Accuracy finale: 21.43%
2025-08-29 23:31:19,735 - === Fold 6/10 ===
2025-08-29 23:31:19,881 - Epoch 1/500 - Train Loss: 1.8657, Train Acc: 15.08% - Val loss: 1.8379, Val Acc: 17.86%
2025-08-29 23:31:30,680 - Early stopping à l'epoch 90
2025-08-29 23:31:30,683 - Fold 6 - Accuracy finale: 21.43%
2025-08-29 23:31:30,683 - === Fold 7/10 ===
2025-08-29 23:31:30,819 - Epoch 1/500 - Train Loss: 1.8713, Train Acc: 14.68% - Val loss: 1.8292, Val Acc: 17.86%
2025-08-29 23:31:41,374 - Early stopping à l'epoch 88
2025-08-29 23:31:41,377 - Fold 7 - Accuracy finale: 17.86%
2025-08-29 23:31:41,377 - === Fold 8/10 ===
2025-08-29 23:31:41,517 - Epoch 1/500 - Train Loss: 1.8639, Train Acc: 15.87% - Val loss: 1.8293, Val Acc: 17.86%
2025-08-29 23:31:52,292 - Early stopping à l'epoch 90
2025-08-29 23:31:52,295 - Fold 8 - Accuracy finale: 17.86%
2025-08-29 23:31:52,295 - === Fold 9/10 ===
2025-08-29 23:31:52,438 - Epoch 1/500 - Train Loss: 1.8655, Train Acc: 16.67% - Val loss: 1.8638, Val Acc: 14.29%
2025-08-29 23:32:13,468 - Early stopping à l'epoch 175
2025-08-29 23:32:13,471 - Fold 9 - Accuracy finale: 17.86%
2025-08-29 23:32:13,471 - === Fold 10/10 ===
2025-08-29 23:32:13,614 - Epoch 1/500 - Train Loss: 1.8550, Train Acc: 15.87% - Val loss: 1.8605, Val Acc: 14.29%
2025-08-29 23:32:29,534 - Early stopping à l'epoch 134
2025-08-29 23:32:29,537 - Fold 10 - Accuracy finale: 17.86%
2025-08-29 23:32:29,538 - 
2025-08-29 23:32:29,538 - Résultats de la validation croisée
2025-08-29 23:32:29,538 - 
2025-08-29 23:32:29,538 - Accuracy moyenne: 20.00% ± 1.75%
2025-08-29 23:32:29,538 - Loss moyenne: 1.7849 ± 0.0008
2025-08-29 23:32:29,538 - Nombre d'epochs moyen: 128
2025-08-29 23:32:29,538 - Accuracy par fold: ['21.43%', '21.43%', '21.43%', '21.43%', '21.43%', '21.43%', '17.86%', '17.86%', '17.86%', '17.86%']

2025-08-29 23:32:29,538 - Entrainement du modèle final pour le jeu d'hyperparamètres 73

2025-08-29 23:32:29,692 - Epoch 1/128 - Loss: 1.8592, Acc: 16.43%
2025-08-29 23:32:46,794 - Epoch 128/128 - Loss: 1.7870, Acc: 20.71%
2025-08-29 23:32:46,797 - 

2025-08-29 23:32:46,797 - Résultats finaux pour le jeu d'hyperparamètres 73

2025-08-29 23:32:46,797 - Accuracy de validation croisée: 20.00% ± 1.75%
2025-08-29 23:32:46,797 - Accuracy sur le test: 19.17%

2025-08-29 23:33:02,305 - JEU D'HYPERPARAMÈTRES 74:
2025-08-29 23:33:02,306 - {'estimator_name': 'LSTM', 'estimator_params': {'num_layers': 2, 'hidden_size': 64, 'dropout': 0.1}, 'weight_decay': 5e-06, 'lr': 0.0055, 'scheduler_factor': 0.4, 'batch_size': 32}

2025-08-29 23:33:02,306 - Début de la validation croisée pour le jeu d'hyperparamètres 74

2025-08-29 23:33:02,306 - Variables sélectionnées : mêmes variables que celles retenues au départ (pas de sélection en avant)

2025-08-29 23:33:02,306 - === Fold 1/10 ===
2025-08-29 23:33:02,445 - Epoch 1/500 - Train Loss: 1.8721, Train Acc: 15.08% - Val loss: 1.8683, Val Acc: 14.29%
2025-08-29 23:33:15,344 - Early stopping à l'epoch 135
2025-08-29 23:33:15,347 - Fold 1 - Accuracy finale: 21.43%
2025-08-29 23:33:15,347 - === Fold 2/10 ===
2025-08-29 23:33:15,475 - Epoch 1/500 - Train Loss: 1.8711, Train Acc: 15.08% - Val loss: 1.8669, Val Acc: 14.29%
2025-08-29 23:33:28,256 - Early stopping à l'epoch 135
2025-08-29 23:33:28,259 - Fold 2 - Accuracy finale: 21.43%
2025-08-29 23:33:28,259 - === Fold 3/10 ===
2025-08-29 23:33:28,373 - Epoch 1/500 - Train Loss: 1.8719, Train Acc: 15.08% - Val loss: 1.8502, Val Acc: 14.29%
2025-08-29 23:33:41,389 - Early stopping à l'epoch 137
2025-08-29 23:33:41,392 - Fold 3 - Accuracy finale: 21.43%
2025-08-29 23:33:41,392 - === Fold 4/10 ===
2025-08-29 23:33:41,514 - Epoch 1/500 - Train Loss: 1.8744, Train Acc: 15.08% - Val loss: 1.8506, Val Acc: 14.29%
2025-08-29 23:33:56,653 - Early stopping à l'epoch 159
2025-08-29 23:33:56,656 - Fold 4 - Accuracy finale: 21.43%
2025-08-29 23:33:56,656 - === Fold 5/10 ===
2025-08-29 23:33:56,785 - Epoch 1/500 - Train Loss: 1.8735, Train Acc: 15.08% - Val loss: 1.8539, Val Acc: 14.29%
2025-08-29 23:34:11,997 - Early stopping à l'epoch 160
2025-08-29 23:34:12,000 - Fold 5 - Accuracy finale: 21.43%
2025-08-29 23:34:12,001 - === Fold 6/10 ===
2025-08-29 23:34:12,110 - Epoch 1/500 - Train Loss: 1.8666, Train Acc: 15.08% - Val loss: 1.8765, Val Acc: 14.29%
2025-08-29 23:34:22,530 - Early stopping à l'epoch 111
2025-08-29 23:34:22,533 - Fold 6 - Accuracy finale: 21.43%
2025-08-29 23:34:22,533 - === Fold 7/10 ===
2025-08-29 23:34:22,647 - Epoch 1/500 - Train Loss: 1.8725, Train Acc: 15.08% - Val loss: 1.8684, Val Acc: 14.29%
2025-08-29 23:34:37,974 - Early stopping à l'epoch 163
2025-08-29 23:34:37,977 - Fold 7 - Accuracy finale: 17.86%
2025-08-29 23:34:37,977 - === Fold 8/10 ===
2025-08-29 23:34:38,091 - Epoch 1/500 - Train Loss: 1.8690, Train Acc: 15.08% - Val loss: 1.8692, Val Acc: 14.29%
2025-08-29 23:34:49,541 - Early stopping à l'epoch 122
2025-08-29 23:34:49,543 - Fold 8 - Accuracy finale: 17.86%
2025-08-29 23:34:49,543 - === Fold 9/10 ===
2025-08-29 23:34:49,649 - Epoch 1/500 - Train Loss: 1.8683, Train Acc: 14.68% - Val loss: 1.8318, Val Acc: 17.86%
2025-08-29 23:34:58,115 - Early stopping à l'epoch 90
2025-08-29 23:34:58,118 - Fold 9 - Accuracy finale: 17.86%
2025-08-29 23:34:58,118 - === Fold 10/10 ===
2025-08-29 23:34:58,229 - Epoch 1/500 - Train Loss: 1.8760, Train Acc: 14.68% - Val loss: 1.8391, Val Acc: 17.86%
2025-08-29 23:35:06,892 - Early stopping à l'epoch 91
2025-08-29 23:35:06,895 - Fold 10 - Accuracy finale: 17.86%
2025-08-29 23:35:06,896 - 
2025-08-29 23:35:06,896 - Résultats de la validation croisée
2025-08-29 23:35:06,896 - 
2025-08-29 23:35:06,896 - Accuracy moyenne: 20.00% ± 1.75%
2025-08-29 23:35:06,896 - Loss moyenne: 1.7850 ± 0.0011
2025-08-29 23:35:06,896 - Nombre d'epochs moyen: 130
2025-08-29 23:35:06,896 - Accuracy par fold: ['21.43%', '21.43%', '21.43%', '21.43%', '21.43%', '21.43%', '17.86%', '17.86%', '17.86%', '17.86%']

2025-08-29 23:35:06,896 - Entrainement du modèle final pour le jeu d'hyperparamètres 74

2025-08-29 23:35:07,033 - Epoch 1/130 - Loss: 1.8706, Acc: 15.00%
2025-08-29 23:35:20,595 - Epoch 130/130 - Loss: 1.7853, Acc: 20.00%
2025-08-29 23:35:20,597 - 

2025-08-29 23:35:20,597 - Résultats finaux pour le jeu d'hyperparamètres 74

2025-08-29 23:35:20,597 - Accuracy de validation croisée: 20.00% ± 1.75%
2025-08-29 23:35:20,597 - Accuracy sur le test: 20.83%

2025-08-29 23:35:36,420 - JEU D'HYPERPARAMÈTRES 75:
2025-08-29 23:35:36,420 - {'estimator_name': 'LSTM', 'estimator_params': {'num_layers': 3, 'hidden_size': 80, 'dropout': 0.1}, 'weight_decay': 7.5e-07, 'lr': 0.004, 'scheduler_factor': 0.6, 'batch_size': 32}

2025-08-29 23:35:36,420 - Début de la validation croisée pour le jeu d'hyperparamètres 75

2025-08-29 23:35:36,420 - Variables sélectionnées : mêmes variables que celles retenues au départ (pas de sélection en avant)

2025-08-29 23:35:36,421 - === Fold 1/10 ===
2025-08-29 23:35:36,558 - Epoch 1/500 - Train Loss: 1.8058, Train Acc: 20.24% - Val loss: 1.7970, Val Acc: 21.43%
2025-08-29 23:35:47,105 - Early stopping à l'epoch 92
2025-08-29 23:35:47,109 - Fold 1 - Accuracy finale: 21.43%
2025-08-29 23:35:47,109 - === Fold 2/10 ===
2025-08-29 23:35:47,265 - Epoch 1/500 - Train Loss: 1.8094, Train Acc: 17.46% - Val loss: 1.7978, Val Acc: 21.43%
2025-08-29 23:35:58,227 - Early stopping à l'epoch 95
2025-08-29 23:35:58,230 - Fold 2 - Accuracy finale: 21.43%
2025-08-29 23:35:58,230 - === Fold 3/10 ===
2025-08-29 23:35:58,381 - Epoch 1/500 - Train Loss: 1.8095, Train Acc: 17.86% - Val loss: 1.7850, Val Acc: 21.43%
2025-08-29 23:36:08,099 - Early stopping à l'epoch 85
2025-08-29 23:36:08,102 - Fold 3 - Accuracy finale: 21.43%
2025-08-29 23:36:08,102 - === Fold 4/10 ===
2025-08-29 23:36:08,258 - Epoch 1/500 - Train Loss: 1.8097, Train Acc: 19.84% - Val loss: 1.7870, Val Acc: 21.43%
2025-08-29 23:36:17,958 - Early stopping à l'epoch 84
2025-08-29 23:36:17,962 - Fold 4 - Accuracy finale: 21.43%
2025-08-29 23:36:17,962 - === Fold 5/10 ===
2025-08-29 23:36:18,102 - Epoch 1/500 - Train Loss: 1.8106, Train Acc: 17.86% - Val loss: 1.7864, Val Acc: 21.43%
2025-08-29 23:36:27,996 - Early stopping à l'epoch 84
2025-08-29 23:36:28,000 - Fold 5 - Accuracy finale: 21.43%
2025-08-29 23:36:28,000 - === Fold 6/10 ===
2025-08-29 23:36:28,135 - Epoch 1/500 - Train Loss: 1.8077, Train Acc: 16.27% - Val loss: 1.8068, Val Acc: 21.43%
2025-08-29 23:36:40,203 - Early stopping à l'epoch 103
2025-08-29 23:36:40,206 - Fold 6 - Accuracy finale: 21.43%
2025-08-29 23:36:40,206 - === Fold 7/10 ===
2025-08-29 23:36:40,359 - Epoch 1/500 - Train Loss: 1.8052, Train Acc: 19.44% - Val loss: 1.8190, Val Acc: 17.86%
2025-08-29 23:36:58,880 - Early stopping à l'epoch 157
2025-08-29 23:36:58,883 - Fold 7 - Accuracy finale: 17.86%
2025-08-29 23:36:58,883 - === Fold 8/10 ===
2025-08-29 23:36:59,020 - Epoch 1/500 - Train Loss: 1.8053, Train Acc: 21.03% - Val loss: 1.8162, Val Acc: 17.86%
2025-08-29 23:37:12,298 - Early stopping à l'epoch 114
2025-08-29 23:37:12,301 - Fold 8 - Accuracy finale: 17.86%
2025-08-29 23:37:12,302 - === Fold 9/10 ===
2025-08-29 23:37:12,451 - Epoch 1/500 - Train Loss: 1.8093, Train Acc: 18.65% - Val loss: 1.8090, Val Acc: 17.86%
2025-08-29 23:37:36,362 - Epoch 201/500 - Train Loss: 1.7850, Train Acc: 20.24% - Val loss: 1.7868, Val Acc: 17.86%
2025-08-29 23:37:36,362 - Early stopping à l'epoch 201
2025-08-29 23:37:36,365 - Fold 9 - Accuracy finale: 17.86%
2025-08-29 23:37:36,365 - === Fold 10/10 ===
2025-08-29 23:37:36,508 - Epoch 1/500 - Train Loss: 1.8053, Train Acc: 17.86% - Val loss: 1.8146, Val Acc: 17.86%
2025-08-29 23:37:56,715 - Early stopping à l'epoch 172
2025-08-29 23:37:56,718 - Fold 10 - Accuracy finale: 17.86%
2025-08-29 23:37:56,719 - 
2025-08-29 23:37:56,720 - Résultats de la validation croisée
2025-08-29 23:37:56,720 - 
2025-08-29 23:37:56,720 - Accuracy moyenne: 20.00% ± 1.75%
2025-08-29 23:37:56,720 - Loss moyenne: 1.7849 ± 0.0013
2025-08-29 23:37:56,720 - Nombre d'epochs moyen: 118
2025-08-29 23:37:56,720 - Accuracy par fold: ['21.43%', '21.43%', '21.43%', '21.43%', '21.43%', '21.43%', '17.86%', '17.86%', '17.86%', '17.86%']

2025-08-29 23:37:56,720 - Entrainement du modèle final pour le jeu d'hyperparamètres 75

2025-08-29 23:37:56,882 - Epoch 1/118 - Loss: 1.8068, Acc: 18.21%
2025-08-29 23:38:12,063 - Epoch 118/118 - Loss: 1.7861, Acc: 20.00%
2025-08-29 23:38:12,066 - 

2025-08-29 23:38:12,074 - Résultats finaux pour le jeu d'hyperparamètres 75

2025-08-29 23:38:12,074 - Accuracy de validation croisée: 20.00% ± 1.75%
2025-08-29 23:38:12,074 - Accuracy sur le test: 20.83%

2025-08-29 23:38:27,807 - JEU D'HYPERPARAMÈTRES 76:
2025-08-29 23:38:27,807 - {'estimator_name': 'CNN + LSTM', 'estimator_params': {'out_channels': 8, 'num_layers': 4, 'hidden_size': 80, 'dropout': 0.1}, 'weight_decay': 2.5e-06, 'lr': 0.005, 'scheduler_factor': 0.5, 'batch_size': 28}

2025-08-29 23:38:27,807 - Début de la validation croisée pour le jeu d'hyperparamètres 76

2025-08-29 23:38:27,807 - Variables sélectionnées : mêmes variables que celles retenues au départ (pas de sélection en avant)

2025-08-29 23:38:27,807 - === Fold 1/10 ===
2025-08-29 23:38:27,976 - Epoch 1/500 - Train Loss: 1.8603, Train Acc: 15.48% - Val loss: 1.8438, Val Acc: 14.29%
2025-08-29 23:38:44,325 - Early stopping à l'epoch 123
2025-08-29 23:38:44,328 - Fold 1 - Accuracy finale: 17.86%
2025-08-29 23:38:44,328 - === Fold 2/10 ===
2025-08-29 23:38:44,487 - Epoch 1/500 - Train Loss: 1.8661, Train Acc: 15.08% - Val loss: 1.8421, Val Acc: 14.29%
2025-08-29 23:39:06,376 - Early stopping à l'epoch 163
2025-08-29 23:39:06,379 - Fold 2 - Accuracy finale: 21.43%
2025-08-29 23:39:06,379 - === Fold 3/10 ===
2025-08-29 23:39:06,530 - Epoch 1/500 - Train Loss: 1.8581, Train Acc: 15.08% - Val loss: 1.8581, Val Acc: 14.29%
2025-08-29 23:39:19,718 - Early stopping à l'epoch 99
2025-08-29 23:39:19,721 - Fold 3 - Accuracy finale: 21.43%
2025-08-29 23:39:19,721 - === Fold 4/10 ===
2025-08-29 23:39:19,874 - Epoch 1/500 - Train Loss: 1.8524, Train Acc: 15.48% - Val loss: 1.8566, Val Acc: 14.29%
2025-08-29 23:39:32,520 - Early stopping à l'epoch 94
2025-08-29 23:39:32,523 - Fold 4 - Accuracy finale: 17.86%
2025-08-29 23:39:32,523 - === Fold 5/10 ===
2025-08-29 23:39:32,674 - Epoch 1/500 - Train Loss: 1.8630, Train Acc: 15.08% - Val loss: 1.8617, Val Acc: 14.29%
2025-08-29 23:39:46,017 - Early stopping à l'epoch 100
2025-08-29 23:39:46,020 - Fold 5 - Accuracy finale: 17.86%
2025-08-29 23:39:46,020 - === Fold 6/10 ===
2025-08-29 23:39:46,195 - Epoch 1/500 - Train Loss: 1.8636, Train Acc: 15.48% - Val loss: 1.8341, Val Acc: 17.86%
2025-08-29 23:39:58,453 - Early stopping à l'epoch 91
2025-08-29 23:39:58,456 - Fold 6 - Accuracy finale: 21.43%
2025-08-29 23:39:58,456 - === Fold 7/10 ===
2025-08-29 23:39:58,614 - Epoch 1/500 - Train Loss: 1.8633, Train Acc: 15.48% - Val loss: 1.8262, Val Acc: 17.86%
2025-08-29 23:40:10,192 - Early stopping à l'epoch 87
2025-08-29 23:40:10,196 - Fold 7 - Accuracy finale: 17.86%
2025-08-29 23:40:10,196 - === Fold 8/10 ===
2025-08-29 23:40:10,370 - Epoch 1/500 - Train Loss: 1.8637, Train Acc: 15.08% - Val loss: 1.8264, Val Acc: 17.86%
2025-08-29 23:40:22,295 - Early stopping à l'epoch 90
2025-08-29 23:40:22,298 - Fold 8 - Accuracy finale: 17.86%
2025-08-29 23:40:22,298 - === Fold 9/10 ===
2025-08-29 23:40:22,470 - Epoch 1/500 - Train Loss: 1.8669, Train Acc: 15.48% - Val loss: 1.8610, Val Acc: 14.29%
2025-08-29 23:40:35,904 - Early stopping à l'epoch 100
2025-08-29 23:40:35,907 - Fold 9 - Accuracy finale: 17.86%
2025-08-29 23:40:35,907 - === Fold 10/10 ===
2025-08-29 23:40:36,055 - Epoch 1/500 - Train Loss: 1.8586, Train Acc: 15.48% - Val loss: 1.8570, Val Acc: 14.29%
2025-08-29 23:40:49,645 - Early stopping à l'epoch 102
2025-08-29 23:40:49,648 - Fold 10 - Accuracy finale: 17.86%
2025-08-29 23:40:49,649 - 
2025-08-29 23:40:49,649 - Résultats de la validation croisée
2025-08-29 23:40:49,649 - 
2025-08-29 23:40:49,649 - Accuracy moyenne: 18.93% ± 1.64%
2025-08-29 23:40:49,649 - Loss moyenne: 1.7851 ± 0.0008
2025-08-29 23:40:49,649 - Nombre d'epochs moyen: 104
2025-08-29 23:40:49,649 - Accuracy par fold: ['17.86%', '21.43%', '21.43%', '17.86%', '17.86%', '21.43%', '17.86%', '17.86%', '17.86%', '17.86%']

2025-08-29 23:40:49,649 - Entrainement du modèle final pour le jeu d'hyperparamètres 76

2025-08-29 23:40:49,816 - Epoch 1/104 - Loss: 1.8602, Acc: 16.07%
2025-08-29 23:41:04,835 - Epoch 104/104 - Loss: 1.7836, Acc: 20.36%
2025-08-29 23:41:04,837 - 

2025-08-29 23:41:04,838 - Résultats finaux pour le jeu d'hyperparamètres 76

2025-08-29 23:41:04,838 - Accuracy de validation croisée: 18.93% ± 1.64%
2025-08-29 23:41:04,838 - Accuracy sur le test: 20.83%

2025-08-29 23:41:21,122 - JEU D'HYPERPARAMÈTRES 77:
2025-08-29 23:41:21,123 - {'estimator_name': 'LSTM', 'estimator_params': {'num_layers': 4, 'hidden_size': 96, 'dropout': 0}, 'weight_decay': 2.5e-06, 'lr': 0.0035, 'scheduler_factor': 0.5, 'batch_size': 28}

2025-08-29 23:41:21,123 - Début de la validation croisée pour le jeu d'hyperparamètres 77

2025-08-29 23:41:21,123 - Variables sélectionnées : mêmes variables que celles retenues au départ (pas de sélection en avant)

2025-08-29 23:41:21,123 - === Fold 1/10 ===
2025-08-29 23:41:21,450 - Epoch 1/500 - Train Loss: 1.8048, Train Acc: 19.44% - Val loss: 1.8074, Val Acc: 17.86%
2025-08-29 23:41:38,683 - Early stopping à l'epoch 115
2025-08-29 23:41:38,687 - Fold 1 - Accuracy finale: 21.43%
2025-08-29 23:41:38,688 - === Fold 2/10 ===
2025-08-29 23:41:38,882 - Epoch 1/500 - Train Loss: 1.8078, Train Acc: 19.44% - Val loss: 1.8087, Val Acc: 17.86%
2025-08-29 23:41:56,746 - Early stopping à l'epoch 116
2025-08-29 23:41:56,751 - Fold 2 - Accuracy finale: 21.43%
2025-08-29 23:41:56,751 - === Fold 3/10 ===
2025-08-29 23:41:56,944 - Epoch 1/500 - Train Loss: 1.8047, Train Acc: 19.44% - Val loss: 1.8140, Val Acc: 17.86%
2025-08-29 23:42:15,883 - Early stopping à l'epoch 124
2025-08-29 23:42:15,888 - Fold 3 - Accuracy finale: 21.43%
2025-08-29 23:42:15,888 - === Fold 4/10 ===
2025-08-29 23:42:16,076 - Epoch 1/500 - Train Loss: 1.8077, Train Acc: 19.44% - Val loss: 1.8179, Val Acc: 17.86%
2025-08-29 23:42:36,506 - Early stopping à l'epoch 134
2025-08-29 23:42:36,510 - Fold 4 - Accuracy finale: 21.43%
2025-08-29 23:42:36,510 - === Fold 5/10 ===
2025-08-29 23:42:36,680 - Epoch 1/500 - Train Loss: 1.8053, Train Acc: 19.44% - Val loss: 1.8165, Val Acc: 17.86%
2025-08-29 23:42:56,126 - Early stopping à l'epoch 128
2025-08-29 23:42:56,130 - Fold 5 - Accuracy finale: 21.43%
2025-08-29 23:42:56,130 - === Fold 6/10 ===
2025-08-29 23:42:56,312 - Epoch 1/500 - Train Loss: 1.8069, Train Acc: 19.44% - Val loss: 1.7942, Val Acc: 17.86%
2025-08-29 23:43:09,602 - Early stopping à l'epoch 88
2025-08-29 23:43:09,605 - Fold 6 - Accuracy finale: 21.43%
2025-08-29 23:43:09,605 - === Fold 7/10 ===
2025-08-29 23:43:09,775 - Epoch 1/500 - Train Loss: 1.8061, Train Acc: 19.05% - Val loss: 1.7866, Val Acc: 21.43%
2025-08-29 23:43:22,697 - Early stopping à l'epoch 85
2025-08-29 23:43:22,700 - Fold 7 - Accuracy finale: 17.86%
2025-08-29 23:43:22,701 - === Fold 8/10 ===
2025-08-29 23:43:22,872 - Epoch 1/500 - Train Loss: 1.8098, Train Acc: 19.05% - Val loss: 1.7871, Val Acc: 21.43%
2025-08-29 23:43:35,849 - Early stopping à l'epoch 86
2025-08-29 23:43:35,853 - Fold 8 - Accuracy finale: 17.86%
2025-08-29 23:43:35,853 - === Fold 9/10 ===
2025-08-29 23:43:36,026 - Epoch 1/500 - Train Loss: 1.8089, Train Acc: 19.05% - Val loss: 1.7904, Val Acc: 21.43%
2025-08-29 23:43:49,926 - Early stopping à l'epoch 91
2025-08-29 23:43:49,929 - Fold 9 - Accuracy finale: 17.86%
2025-08-29 23:43:49,930 - === Fold 10/10 ===
2025-08-29 23:43:50,105 - Epoch 1/500 - Train Loss: 1.8061, Train Acc: 19.05% - Val loss: 1.7907, Val Acc: 21.43%
2025-08-29 23:44:04,528 - Early stopping à l'epoch 95
2025-08-29 23:44:04,532 - Fold 10 - Accuracy finale: 17.86%
2025-08-29 23:44:04,533 - 
2025-08-29 23:44:04,533 - Résultats de la validation croisée
2025-08-29 23:44:04,533 - 
2025-08-29 23:44:04,533 - Accuracy moyenne: 20.00% ± 1.75%
2025-08-29 23:44:04,533 - Loss moyenne: 1.7850 ± 0.0010
2025-08-29 23:44:04,534 - Nombre d'epochs moyen: 106
2025-08-29 23:44:04,534 - Accuracy par fold: ['21.43%', '21.43%', '21.43%', '21.43%', '21.43%', '21.43%', '17.86%', '17.86%', '17.86%', '17.86%']

2025-08-29 23:44:04,534 - Entrainement du modèle final pour le jeu d'hyperparamètres 77

2025-08-29 23:44:04,721 - Epoch 1/106 - Loss: 1.8055, Acc: 19.29%
2025-08-29 23:44:22,442 - Epoch 106/106 - Loss: 1.7842, Acc: 20.00%
2025-08-29 23:44:22,445 - 

2025-08-29 23:44:22,445 - Résultats finaux pour le jeu d'hyperparamètres 77

2025-08-29 23:44:22,445 - Accuracy de validation croisée: 20.00% ± 1.75%
2025-08-29 23:44:22,445 - Accuracy sur le test: 20.83%

2025-08-29 23:44:39,338 - JEU D'HYPERPARAMÈTRES 78:
2025-08-29 23:44:39,339 - {'estimator_name': 'CNN + LSTM', 'estimator_params': {'out_channels': 8, 'num_layers': 3, 'hidden_size': 80, 'dropout': 0}, 'weight_decay': 2.5e-06, 'lr': 0.004, 'scheduler_factor': 0.4, 'batch_size': 32}

2025-08-29 23:44:39,339 - Début de la validation croisée pour le jeu d'hyperparamètres 78

2025-08-29 23:44:39,339 - Variables sélectionnées : mêmes variables que celles retenues au départ (pas de sélection en avant)

2025-08-29 23:44:39,339 - === Fold 1/10 ===
2025-08-29 23:44:39,491 - Epoch 1/500 - Train Loss: 1.8011, Train Acc: 15.48% - Val loss: 1.7973, Val Acc: 14.29%
2025-08-29 23:44:50,816 - Early stopping à l'epoch 99
2025-08-29 23:44:50,819 - Fold 1 - Accuracy finale: 21.43%
2025-08-29 23:44:50,819 - === Fold 2/10 ===
2025-08-29 23:44:50,952 - Epoch 1/500 - Train Loss: 1.7985, Train Acc: 15.48% - Val loss: 1.7942, Val Acc: 14.29%
2025-08-29 23:45:02,816 - Early stopping à l'epoch 102
2025-08-29 23:45:02,819 - Fold 2 - Accuracy finale: 21.43%
2025-08-29 23:45:02,819 - === Fold 3/10 ===
2025-08-29 23:45:02,957 - Epoch 1/500 - Train Loss: 1.7982, Train Acc: 17.06% - Val loss: 1.7979, Val Acc: 21.43%
2025-08-29 23:45:18,168 - Early stopping à l'epoch 131
2025-08-29 23:45:18,171 - Fold 3 - Accuracy finale: 21.43%
2025-08-29 23:45:18,171 - === Fold 4/10 ===
2025-08-29 23:45:18,307 - Epoch 1/500 - Train Loss: 1.7984, Train Acc: 15.87% - Val loss: 1.7972, Val Acc: 21.43%
2025-08-29 23:45:33,178 - Early stopping à l'epoch 129
2025-08-29 23:45:33,181 - Fold 4 - Accuracy finale: 21.43%
2025-08-29 23:45:33,181 - === Fold 5/10 ===
2025-08-29 23:45:33,316 - Epoch 1/500 - Train Loss: 1.7971, Train Acc: 19.05% - Val loss: 1.7972, Val Acc: 21.43%
2025-08-29 23:45:46,943 - Early stopping à l'epoch 118
2025-08-29 23:45:46,946 - Fold 5 - Accuracy finale: 21.43%
2025-08-29 23:45:46,946 - === Fold 6/10 ===
2025-08-29 23:45:47,088 - Epoch 1/500 - Train Loss: 1.7995, Train Acc: 18.25% - Val loss: 1.7816, Val Acc: 21.43%
2025-08-29 23:45:56,828 - Early stopping à l'epoch 84
2025-08-29 23:45:56,831 - Fold 6 - Accuracy finale: 21.43%
2025-08-29 23:45:56,831 - === Fold 7/10 ===
2025-08-29 23:45:56,981 - Epoch 1/500 - Train Loss: 1.7993, Train Acc: 18.65% - Val loss: 1.7877, Val Acc: 17.86%
2025-08-29 23:46:07,323 - Early stopping à l'epoch 90
2025-08-29 23:46:07,326 - Fold 7 - Accuracy finale: 17.86%
2025-08-29 23:46:07,326 - === Fold 8/10 ===
2025-08-29 23:46:07,458 - Epoch 1/500 - Train Loss: 1.7982, Train Acc: 17.06% - Val loss: 1.7876, Val Acc: 17.86%
2025-08-29 23:46:17,551 - Early stopping à l'epoch 88
2025-08-29 23:46:17,554 - Fold 8 - Accuracy finale: 17.86%
2025-08-29 23:46:17,554 - === Fold 9/10 ===
2025-08-29 23:46:17,687 - Epoch 1/500 - Train Loss: 1.7977, Train Acc: 14.68% - Val loss: 1.8026, Val Acc: 17.86%
2025-08-29 23:46:34,590 - Early stopping à l'epoch 146
2025-08-29 23:46:34,593 - Fold 9 - Accuracy finale: 17.86%
2025-08-29 23:46:34,593 - === Fold 10/10 ===
2025-08-29 23:46:34,724 - Epoch 1/500 - Train Loss: 1.7992, Train Acc: 15.48% - Val loss: 1.8015, Val Acc: 14.29%
2025-08-29 23:46:48,159 - Early stopping à l'epoch 117
2025-08-29 23:46:48,162 - Fold 10 - Accuracy finale: 17.86%
2025-08-29 23:46:48,163 - 
2025-08-29 23:46:48,163 - Résultats de la validation croisée
2025-08-29 23:46:48,163 - 
2025-08-29 23:46:48,163 - Accuracy moyenne: 20.00% ± 1.75%
2025-08-29 23:46:48,163 - Loss moyenne: 1.7850 ± 0.0010
2025-08-29 23:46:48,163 - Nombre d'epochs moyen: 110
2025-08-29 23:46:48,163 - Accuracy par fold: ['21.43%', '21.43%', '21.43%', '21.43%', '21.43%', '21.43%', '17.86%', '17.86%', '17.86%', '17.86%']

2025-08-29 23:46:48,163 - Entrainement du modèle final pour le jeu d'hyperparamètres 78

2025-08-29 23:46:48,312 - Epoch 1/110 - Loss: 1.7986, Acc: 14.64%
2025-08-29 23:47:02,154 - Epoch 110/110 - Loss: 1.7843, Acc: 20.00%
2025-08-29 23:47:02,157 - 

2025-08-29 23:47:02,157 - Résultats finaux pour le jeu d'hyperparamètres 78

2025-08-29 23:47:02,157 - Accuracy de validation croisée: 20.00% ± 1.75%
2025-08-29 23:47:02,157 - Accuracy sur le test: 20.83%

2025-08-29 23:47:19,453 - JEU D'HYPERPARAMÈTRES 79:
2025-08-29 23:47:19,454 - {'estimator_name': 'CNN + LSTM', 'estimator_params': {'out_channels': 8, 'num_layers': 3, 'hidden_size': 64, 'dropout': 0}, 'weight_decay': 2.5e-06, 'lr': 0.0035, 'scheduler_factor': 0.6, 'batch_size': 36}

2025-08-29 23:47:19,454 - Début de la validation croisée pour le jeu d'hyperparamètres 79

2025-08-29 23:47:19,454 - Variables sélectionnées : mêmes variables que celles retenues au départ (pas de sélection en avant)

2025-08-29 23:47:19,454 - === Fold 1/10 ===
2025-08-29 23:47:19,553 - Epoch 1/500 - Train Loss: 1.8494, Train Acc: 19.44% - Val loss: 1.8577, Val Acc: 17.86%
2025-08-29 23:47:27,204 - Early stopping à l'epoch 93
2025-08-29 23:47:27,207 - Fold 1 - Accuracy finale: 21.43%
2025-08-29 23:47:27,207 - === Fold 2/10 ===
2025-08-29 23:47:27,323 - Epoch 1/500 - Train Loss: 1.8495, Train Acc: 19.44% - Val loss: 1.8569, Val Acc: 17.86%
2025-08-29 23:47:35,032 - Early stopping à l'epoch 91
2025-08-29 23:47:35,034 - Fold 2 - Accuracy finale: 21.43%
2025-08-29 23:47:35,035 - === Fold 3/10 ===
2025-08-29 23:47:35,148 - Epoch 1/500 - Train Loss: 1.8473, Train Acc: 19.44% - Val loss: 1.8676, Val Acc: 17.86%
2025-08-29 23:47:46,588 - Early stopping à l'epoch 135
2025-08-29 23:47:46,590 - Fold 3 - Accuracy finale: 21.43%
2025-08-29 23:47:46,590 - === Fold 4/10 ===
2025-08-29 23:47:46,686 - Epoch 1/500 - Train Loss: 1.8486, Train Acc: 19.44% - Val loss: 1.8670, Val Acc: 17.86%
2025-08-29 23:47:59,569 - Early stopping à l'epoch 154
2025-08-29 23:47:59,571 - Fold 4 - Accuracy finale: 21.43%
2025-08-29 23:47:59,571 - === Fold 5/10 ===
2025-08-29 23:47:59,668 - Epoch 1/500 - Train Loss: 1.8475, Train Acc: 19.44% - Val loss: 1.8657, Val Acc: 17.86%
2025-08-29 23:48:10,339 - Early stopping à l'epoch 126
2025-08-29 23:48:10,342 - Fold 5 - Accuracy finale: 21.43%
2025-08-29 23:48:10,342 - === Fold 6/10 ===
2025-08-29 23:48:10,454 - Epoch 1/500 - Train Loss: 1.8501, Train Acc: 19.44% - Val loss: 1.8438, Val Acc: 17.86%
2025-08-29 23:48:21,681 - Early stopping à l'epoch 136
2025-08-29 23:48:21,683 - Fold 6 - Accuracy finale: 21.43%
2025-08-29 23:48:21,683 - === Fold 7/10 ===
2025-08-29 23:48:21,787 - Epoch 1/500 - Train Loss: 1.8532, Train Acc: 19.05% - Val loss: 1.8204, Val Acc: 21.43%
2025-08-29 23:48:31,021 - Early stopping à l'epoch 113
2025-08-29 23:48:31,023 - Fold 7 - Accuracy finale: 17.86%
2025-08-29 23:48:31,023 - === Fold 8/10 ===
2025-08-29 23:48:31,118 - Epoch 1/500 - Train Loss: 1.8544, Train Acc: 19.05% - Val loss: 1.8194, Val Acc: 21.43%
2025-08-29 23:48:39,080 - Early stopping à l'epoch 95
2025-08-29 23:48:39,082 - Fold 8 - Accuracy finale: 17.86%
2025-08-29 23:48:39,082 - === Fold 9/10 ===
2025-08-29 23:48:39,179 - Epoch 1/500 - Train Loss: 1.8546, Train Acc: 19.05% - Val loss: 1.8121, Val Acc: 21.43%
2025-08-29 23:48:46,475 - Early stopping à l'epoch 88
2025-08-29 23:48:46,478 - Fold 9 - Accuracy finale: 17.86%
2025-08-29 23:48:46,478 - === Fold 10/10 ===
2025-08-29 23:48:46,591 - Epoch 1/500 - Train Loss: 1.8538, Train Acc: 19.05% - Val loss: 1.8146, Val Acc: 21.43%
2025-08-29 23:48:53,921 - Early stopping à l'epoch 87
2025-08-29 23:48:53,923 - Fold 10 - Accuracy finale: 17.86%
2025-08-29 23:48:53,924 - 
2025-08-29 23:48:53,924 - Résultats de la validation croisée
2025-08-29 23:48:53,924 - 
2025-08-29 23:48:53,924 - Accuracy moyenne: 20.00% ± 1.75%
2025-08-29 23:48:53,924 - Loss moyenne: 1.7850 ± 0.0010
2025-08-29 23:48:53,924 - Nombre d'epochs moyen: 111
2025-08-29 23:48:53,924 - Accuracy par fold: ['21.43%', '21.43%', '21.43%', '21.43%', '21.43%', '21.43%', '17.86%', '17.86%', '17.86%', '17.86%']

2025-08-29 23:48:53,924 - Entrainement du modèle final pour le jeu d'hyperparamètres 79

2025-08-29 23:48:54,033 - Epoch 1/111 - Loss: 1.8525, Acc: 19.29%
2025-08-29 23:49:04,171 - Epoch 111/111 - Loss: 1.7843, Acc: 20.00%
2025-08-29 23:49:04,173 - 

2025-08-29 23:49:04,173 - Résultats finaux pour le jeu d'hyperparamètres 79

2025-08-29 23:49:04,173 - Accuracy de validation croisée: 20.00% ± 1.75%
2025-08-29 23:49:04,173 - Accuracy sur le test: 20.83%

2025-08-29 23:49:21,442 - JEU D'HYPERPARAMÈTRES 80:
2025-08-29 23:49:21,442 - {'estimator_name': 'LSTM', 'estimator_params': {'num_layers': 4, 'hidden_size': 64, 'dropout': 0.1}, 'weight_decay': 2.5e-06, 'lr': 0.005, 'scheduler_factor': 0.4, 'batch_size': 36}

2025-08-29 23:49:21,442 - Début de la validation croisée pour le jeu d'hyperparamètres 80

2025-08-29 23:49:21,442 - Variables sélectionnées : mêmes variables que celles retenues au départ (pas de sélection en avant)

2025-08-29 23:49:21,443 - === Fold 1/10 ===
2025-08-29 23:49:21,543 - Epoch 1/500 - Train Loss: 1.8097, Train Acc: 19.44% - Val loss: 1.8004, Val Acc: 17.86%
2025-08-29 23:49:32,402 - Early stopping à l'epoch 131
2025-08-29 23:49:32,405 - Fold 1 - Accuracy finale: 21.43%
2025-08-29 23:49:32,405 - === Fold 2/10 ===
2025-08-29 23:49:32,504 - Epoch 1/500 - Train Loss: 1.8060, Train Acc: 18.65% - Val loss: 1.8012, Val Acc: 17.86%
2025-08-29 23:49:41,706 - Early stopping à l'epoch 111
2025-08-29 23:49:41,709 - Fold 2 - Accuracy finale: 21.43%
2025-08-29 23:49:41,709 - === Fold 3/10 ===
2025-08-29 23:49:41,824 - Epoch 1/500 - Train Loss: 1.8162, Train Acc: 19.05% - Val loss: 1.7949, Val Acc: 17.86%
2025-08-29 23:49:48,979 - Early stopping à l'epoch 86
2025-08-29 23:49:48,982 - Fold 3 - Accuracy finale: 21.43%
2025-08-29 23:49:48,982 - === Fold 4/10 ===
2025-08-29 23:49:49,085 - Epoch 1/500 - Train Loss: 1.8058, Train Acc: 21.03% - Val loss: 1.7945, Val Acc: 17.86%
2025-08-29 23:49:56,299 - Early stopping à l'epoch 87
2025-08-29 23:49:56,301 - Fold 4 - Accuracy finale: 21.43%
2025-08-29 23:49:56,301 - === Fold 5/10 ===
2025-08-29 23:49:56,398 - Epoch 1/500 - Train Loss: 1.8109, Train Acc: 21.43% - Val loss: 1.7944, Val Acc: 17.86%
2025-08-29 23:50:03,675 - Early stopping à l'epoch 88
2025-08-29 23:50:03,678 - Fold 5 - Accuracy finale: 21.43%
2025-08-29 23:50:03,678 - === Fold 6/10 ===
2025-08-29 23:50:03,785 - Epoch 1/500 - Train Loss: 1.8134, Train Acc: 19.44% - Val loss: 1.8115, Val Acc: 17.86%
2025-08-29 23:50:13,195 - Early stopping à l'epoch 113
2025-08-29 23:50:13,198 - Fold 6 - Accuracy finale: 21.43%
2025-08-29 23:50:13,198 - === Fold 7/10 ===
2025-08-29 23:50:13,297 - Epoch 1/500 - Train Loss: 1.8055, Train Acc: 18.65% - Val loss: 1.8044, Val Acc: 21.43%
2025-08-29 23:50:23,122 - Early stopping à l'epoch 118
2025-08-29 23:50:23,125 - Fold 7 - Accuracy finale: 17.86%
2025-08-29 23:50:23,125 - === Fold 8/10 ===
2025-08-29 23:50:23,226 - Epoch 1/500 - Train Loss: 1.7911, Train Acc: 19.84% - Val loss: 1.8037, Val Acc: 21.43%
2025-08-29 23:50:31,611 - Early stopping à l'epoch 101
2025-08-29 23:50:31,614 - Fold 8 - Accuracy finale: 17.86%
2025-08-29 23:50:31,614 - === Fold 9/10 ===
2025-08-29 23:50:31,709 - Epoch 1/500 - Train Loss: 1.8079, Train Acc: 19.05% - Val loss: 1.8061, Val Acc: 21.43%
2025-08-29 23:50:40,369 - Early stopping à l'epoch 104
2025-08-29 23:50:40,372 - Fold 9 - Accuracy finale: 17.86%
2025-08-29 23:50:40,372 - === Fold 10/10 ===
2025-08-29 23:50:40,469 - Epoch 1/500 - Train Loss: 1.8106, Train Acc: 18.25% - Val loss: 1.8089, Val Acc: 21.43%
2025-08-29 23:50:48,092 - Early stopping à l'epoch 92
2025-08-29 23:50:48,096 - Fold 10 - Accuracy finale: 17.86%
2025-08-29 23:50:48,096 - 
2025-08-29 23:50:48,097 - Résultats de la validation croisée
2025-08-29 23:50:48,097 - 
2025-08-29 23:50:48,097 - Accuracy moyenne: 20.00% ± 1.75%
2025-08-29 23:50:48,097 - Loss moyenne: 1.7849 ± 0.0014
2025-08-29 23:50:48,097 - Nombre d'epochs moyen: 103
2025-08-29 23:50:48,097 - Accuracy par fold: ['21.43%', '21.43%', '21.43%', '21.43%', '21.43%', '21.43%', '17.86%', '17.86%', '17.86%', '17.86%']

2025-08-29 23:50:48,097 - Entrainement du modèle final pour le jeu d'hyperparamètres 80

2025-08-29 23:50:48,220 - Epoch 1/103 - Loss: 1.8044, Acc: 19.29%
2025-08-29 23:50:57,747 - Epoch 103/103 - Loss: 1.7859, Acc: 20.00%
2025-08-29 23:50:57,749 - 

2025-08-29 23:50:57,749 - Résultats finaux pour le jeu d'hyperparamètres 80

2025-08-29 23:50:57,749 - Accuracy de validation croisée: 20.00% ± 1.75%
2025-08-29 23:50:57,749 - Accuracy sur le test: 20.83%

2025-08-29 23:51:15,524 - JEU D'HYPERPARAMÈTRES 81:
2025-08-29 23:51:15,525 - {'estimator_name': 'CNN + LSTM', 'estimator_params': {'out_channels': 32, 'num_layers': 3, 'hidden_size': 96, 'dropout': 0}, 'weight_decay': 2.5e-06, 'lr': 0.004, 'scheduler_factor': 0.5, 'batch_size': 32}

2025-08-29 23:51:15,525 - Début de la validation croisée pour le jeu d'hyperparamètres 81

2025-08-29 23:51:15,525 - Variables sélectionnées : mêmes variables que celles retenues au départ (pas de sélection en avant)

2025-08-29 23:51:15,525 - === Fold 1/10 ===
2025-08-29 23:51:15,685 - Epoch 1/500 - Train Loss: 1.8166, Train Acc: 14.68% - Val loss: 1.7953, Val Acc: 17.86%
2025-08-29 23:51:27,689 - Early stopping à l'epoch 88
2025-08-29 23:51:27,693 - Fold 1 - Accuracy finale: 21.43%
2025-08-29 23:51:27,693 - === Fold 2/10 ===
2025-08-29 23:51:27,858 - Epoch 1/500 - Train Loss: 1.8179, Train Acc: 14.68% - Val loss: 1.7962, Val Acc: 17.86%
2025-08-29 23:51:39,725 - Early stopping à l'epoch 87
2025-08-29 23:51:39,728 - Fold 2 - Accuracy finale: 21.43%
2025-08-29 23:51:39,728 - === Fold 3/10 ===
2025-08-29 23:51:39,887 - Epoch 1/500 - Train Loss: 1.8156, Train Acc: 15.08% - Val loss: 1.8077, Val Acc: 14.29%
2025-08-29 23:51:55,153 - Early stopping à l'epoch 112
2025-08-29 23:51:55,156 - Fold 3 - Accuracy finale: 21.43%
2025-08-29 23:51:55,156 - === Fold 4/10 ===
2025-08-29 23:51:55,337 - Epoch 1/500 - Train Loss: 1.8135, Train Acc: 15.08% - Val loss: 1.8093, Val Acc: 14.29%
2025-08-29 23:52:09,079 - Early stopping à l'epoch 101
2025-08-29 23:52:09,082 - Fold 4 - Accuracy finale: 21.43%
2025-08-29 23:52:09,082 - === Fold 5/10 ===
2025-08-29 23:52:09,420 - Epoch 1/500 - Train Loss: 1.8143, Train Acc: 15.08% - Val loss: 1.8064, Val Acc: 14.29%
2025-08-29 23:52:22,479 - Early stopping à l'epoch 95
2025-08-29 23:52:22,483 - Fold 5 - Accuracy finale: 21.43%
2025-08-29 23:52:22,483 - === Fold 6/10 ===
2025-08-29 23:52:22,668 - Epoch 1/500 - Train Loss: 1.8152, Train Acc: 15.08% - Val loss: 1.8147, Val Acc: 14.29%
2025-08-29 23:52:36,130 - Early stopping à l'epoch 98
2025-08-29 23:52:36,134 - Fold 6 - Accuracy finale: 21.43%
2025-08-29 23:52:36,134 - === Fold 7/10 ===
2025-08-29 23:52:36,291 - Epoch 1/500 - Train Loss: 1.8142, Train Acc: 15.08% - Val loss: 1.8113, Val Acc: 14.29%
2025-08-29 23:52:50,835 - Early stopping à l'epoch 104
2025-08-29 23:52:50,838 - Fold 7 - Accuracy finale: 17.86%
2025-08-29 23:52:50,839 - === Fold 8/10 ===
2025-08-29 23:52:51,003 - Epoch 1/500 - Train Loss: 1.8127, Train Acc: 15.08% - Val loss: 1.8098, Val Acc: 14.29%
2025-08-29 23:53:07,993 - Early stopping à l'epoch 123
2025-08-29 23:53:07,997 - Fold 8 - Accuracy finale: 17.86%
2025-08-29 23:53:07,997 - === Fold 9/10 ===
2025-08-29 23:53:08,162 - Epoch 1/500 - Train Loss: 1.8109, Train Acc: 15.08% - Val loss: 1.8185, Val Acc: 14.29%
2025-08-29 23:53:28,780 - Early stopping à l'epoch 149
2025-08-29 23:53:28,784 - Fold 9 - Accuracy finale: 17.86%
2025-08-29 23:53:28,784 - === Fold 10/10 ===
2025-08-29 23:53:28,966 - Epoch 1/500 - Train Loss: 1.8116, Train Acc: 15.08% - Val loss: 1.8173, Val Acc: 14.29%
2025-08-29 23:53:49,472 - Early stopping à l'epoch 148
2025-08-29 23:53:49,476 - Fold 10 - Accuracy finale: 17.86%
2025-08-29 23:53:49,476 - 
2025-08-29 23:53:49,477 - Résultats de la validation croisée
2025-08-29 23:53:49,477 - 
2025-08-29 23:53:49,477 - Accuracy moyenne: 20.00% ± 1.75%
2025-08-29 23:53:49,477 - Loss moyenne: 1.7850 ± 0.0010
2025-08-29 23:53:49,477 - Nombre d'epochs moyen: 110
2025-08-29 23:53:49,477 - Accuracy par fold: ['21.43%', '21.43%', '21.43%', '21.43%', '21.43%', '21.43%', '17.86%', '17.86%', '17.86%', '17.86%']

2025-08-29 23:53:49,477 - Entrainement du modèle final pour le jeu d'hyperparamètres 81

2025-08-29 23:53:49,645 - Epoch 1/110 - Loss: 1.8150, Acc: 15.00%
2025-08-29 23:54:06,499 - Epoch 110/110 - Loss: 1.7842, Acc: 20.00%
2025-08-29 23:54:06,501 - 

2025-08-29 23:54:06,501 - Résultats finaux pour le jeu d'hyperparamètres 81

2025-08-29 23:54:06,501 - Accuracy de validation croisée: 20.00% ± 1.75%
2025-08-29 23:54:06,501 - Accuracy sur le test: 20.83%

2025-08-29 23:54:25,644 - JEU D'HYPERPARAMÈTRES 82:
2025-08-29 23:54:25,645 - {'estimator_name': 'CNN + LSTM', 'estimator_params': {'out_channels': 32, 'num_layers': 3, 'hidden_size': 64, 'dropout': 0.1}, 'weight_decay': 1e-06, 'lr': 0.004, 'scheduler_factor': 0.6, 'batch_size': 36}

2025-08-29 23:54:25,645 - Début de la validation croisée pour le jeu d'hyperparamètres 82

2025-08-29 23:54:25,645 - Variables sélectionnées : mêmes variables que celles retenues au départ (pas de sélection en avant)

2025-08-29 23:54:25,646 - === Fold 1/10 ===
2025-08-29 23:54:25,750 - Epoch 1/500 - Train Loss: 1.8279, Train Acc: 15.87% - Val loss: 1.8084, Val Acc: 14.29%
2025-08-29 23:54:36,899 - Early stopping à l'epoch 130
2025-08-29 23:54:36,902 - Fold 1 - Accuracy finale: 21.43%
2025-08-29 23:54:36,902 - === Fold 2/10 ===
2025-08-29 23:54:37,014 - Epoch 1/500 - Train Loss: 1.8267, Train Acc: 15.08% - Val loss: 1.8090, Val Acc: 14.29%
2025-08-29 23:54:45,230 - Early stopping à l'epoch 97
2025-08-29 23:54:45,233 - Fold 2 - Accuracy finale: 21.43%
2025-08-29 23:54:45,233 - === Fold 3/10 ===
2025-08-29 23:54:45,338 - Epoch 1/500 - Train Loss: 1.8266, Train Acc: 15.48% - Val loss: 1.8157, Val Acc: 14.29%
2025-08-29 23:54:56,449 - Early stopping à l'epoch 131
2025-08-29 23:54:56,452 - Fold 3 - Accuracy finale: 21.43%
2025-08-29 23:54:56,452 - === Fold 4/10 ===
2025-08-29 23:54:56,553 - Epoch 1/500 - Train Loss: 1.8255, Train Acc: 15.08% - Val loss: 1.8184, Val Acc: 14.29%
2025-08-29 23:55:11,848 - Early stopping à l'epoch 180
2025-08-29 23:55:11,850 - Fold 4 - Accuracy finale: 21.43%
2025-08-29 23:55:11,851 - === Fold 5/10 ===
2025-08-29 23:55:11,955 - Epoch 1/500 - Train Loss: 1.8250, Train Acc: 15.08% - Val loss: 1.8132, Val Acc: 14.29%
2025-08-29 23:55:24,144 - Early stopping à l'epoch 140
2025-08-29 23:55:24,147 - Fold 5 - Accuracy finale: 21.43%
2025-08-29 23:55:24,147 - === Fold 6/10 ===
2025-08-29 23:55:24,265 - Epoch 1/500 - Train Loss: 1.8254, Train Acc: 15.87% - Val loss: 1.8047, Val Acc: 17.86%
2025-08-29 23:55:32,398 - Early stopping à l'epoch 95
2025-08-29 23:55:32,401 - Fold 6 - Accuracy finale: 21.43%
2025-08-29 23:55:32,401 - === Fold 7/10 ===
2025-08-29 23:55:32,513 - Epoch 1/500 - Train Loss: 1.8266, Train Acc: 15.48% - Val loss: 1.8148, Val Acc: 17.86%
2025-08-29 23:55:40,775 - Early stopping à l'epoch 97
2025-08-29 23:55:40,777 - Fold 7 - Accuracy finale: 17.86%
2025-08-29 23:55:40,777 - === Fold 8/10 ===
2025-08-29 23:55:40,878 - Epoch 1/500 - Train Loss: 1.8222, Train Acc: 16.67% - Val loss: 1.8165, Val Acc: 17.86%
2025-08-29 23:55:49,307 - Early stopping à l'epoch 99
2025-08-29 23:55:49,310 - Fold 8 - Accuracy finale: 17.86%
2025-08-29 23:55:49,310 - === Fold 9/10 ===
2025-08-29 23:55:49,432 - Epoch 1/500 - Train Loss: 1.8221, Train Acc: 14.29% - Val loss: 1.8458, Val Acc: 14.29%
2025-08-29 23:56:05,630 - Early stopping à l'epoch 186
2025-08-29 23:56:05,632 - Fold 9 - Accuracy finale: 17.86%
2025-08-29 23:56:05,632 - === Fold 10/10 ===
2025-08-29 23:56:05,737 - Epoch 1/500 - Train Loss: 1.8226, Train Acc: 16.27% - Val loss: 1.8453, Val Acc: 14.29%
2025-08-29 23:56:18,723 - Early stopping à l'epoch 150
2025-08-29 23:56:18,726 - Fold 10 - Accuracy finale: 17.86%
2025-08-29 23:56:18,727 - 
2025-08-29 23:56:18,727 - Résultats de la validation croisée
2025-08-29 23:56:18,727 - 
2025-08-29 23:56:18,727 - Accuracy moyenne: 20.00% ± 1.75%
2025-08-29 23:56:18,727 - Loss moyenne: 1.7850 ± 0.0012
2025-08-29 23:56:18,727 - Nombre d'epochs moyen: 130
2025-08-29 23:56:18,727 - Accuracy par fold: ['21.43%', '21.43%', '21.43%', '21.43%', '21.43%', '21.43%', '17.86%', '17.86%', '17.86%', '17.86%']

2025-08-29 23:56:18,727 - Entrainement du modèle final pour le jeu d'hyperparamètres 82

2025-08-29 23:56:18,841 - Epoch 1/130 - Loss: 1.8254, Acc: 14.64%
2025-08-29 23:56:31,366 - Epoch 130/130 - Loss: 1.7838, Acc: 20.00%
2025-08-29 23:56:31,368 - 

2025-08-29 23:56:31,368 - Résultats finaux pour le jeu d'hyperparamètres 82

2025-08-29 23:56:31,368 - Accuracy de validation croisée: 20.00% ± 1.75%
2025-08-29 23:56:31,368 - Accuracy sur le test: 20.83%

2025-08-29 23:56:49,539 - JEU D'HYPERPARAMÈTRES 83:
2025-08-29 23:56:49,540 - {'estimator_name': 'Transformer', 'estimator_params': {'d_model': 60, 'nhead': 3, 'num_layers': 2, 'dropout': 0}, 'weight_decay': 7.5e-07, 'lr': 0.0055, 'scheduler_factor': 0.4, 'batch_size': 28}

2025-08-29 23:56:49,540 - Début de la validation croisée pour le jeu d'hyperparamètres 83

2025-08-29 23:56:49,540 - Variables sélectionnées : mêmes variables que celles retenues au départ (pas de sélection en avant)

2025-08-29 23:56:49,541 - === Fold 1/10 ===
2025-08-29 23:56:49,572 - Epoch 1/500 - Train Loss: 1.4115, Train Acc: 36.90% - Val loss: 0.9662, Val Acc: 57.14%
2025-08-29 23:56:51,839 - Early stopping à l'epoch 99
2025-08-29 23:56:51,840 - Fold 1 - Accuracy finale: 78.57%
2025-08-29 23:56:51,840 - === Fold 2/10 ===
2025-08-29 23:56:51,866 - Epoch 1/500 - Train Loss: 1.3299, Train Acc: 38.49% - Val loss: 0.9970, Val Acc: 42.86%
2025-08-29 23:56:54,251 - Early stopping à l'epoch 111
2025-08-29 23:56:54,252 - Fold 2 - Accuracy finale: 82.14%
2025-08-29 23:56:54,252 - === Fold 3/10 ===
2025-08-29 23:56:54,277 - Epoch 1/500 - Train Loss: 1.3706, Train Acc: 36.11% - Val loss: 1.0856, Val Acc: 46.43%
2025-08-29 23:56:56,591 - Early stopping à l'epoch 107
2025-08-29 23:56:56,592 - Fold 3 - Accuracy finale: 75.00%
2025-08-29 23:56:56,592 - === Fold 4/10 ===
2025-08-29 23:56:56,625 - Epoch 1/500 - Train Loss: 1.4804, Train Acc: 30.95% - Val loss: 1.1530, Val Acc: 35.71%
2025-08-29 23:56:59,787 - Early stopping à l'epoch 145
2025-08-29 23:56:59,789 - Fold 4 - Accuracy finale: 82.14%
2025-08-29 23:56:59,789 - === Fold 5/10 ===
2025-08-29 23:56:59,819 - Epoch 1/500 - Train Loss: 1.4805, Train Acc: 27.78% - Val loss: 1.1141, Val Acc: 39.29%
2025-08-29 23:57:02,539 - Early stopping à l'epoch 127
2025-08-29 23:57:02,540 - Fold 5 - Accuracy finale: 78.57%
2025-08-29 23:57:02,540 - === Fold 6/10 ===
2025-08-29 23:57:02,568 - Epoch 1/500 - Train Loss: 1.3834, Train Acc: 32.54% - Val loss: 1.0277, Val Acc: 60.71%
2025-08-29 23:57:06,540 - Early stopping à l'epoch 179
2025-08-29 23:57:06,542 - Fold 6 - Accuracy finale: 85.71%
2025-08-29 23:57:06,542 - === Fold 7/10 ===
2025-08-29 23:57:06,567 - Epoch 1/500 - Train Loss: 1.4045, Train Acc: 30.16% - Val loss: 0.8704, Val Acc: 50.00%
2025-08-29 23:57:09,403 - Early stopping à l'epoch 127
2025-08-29 23:57:09,405 - Fold 7 - Accuracy finale: 92.86%
2025-08-29 23:57:09,405 - === Fold 8/10 ===
2025-08-29 23:57:09,430 - Epoch 1/500 - Train Loss: 1.3695, Train Acc: 38.89% - Val loss: 0.9021, Val Acc: 60.71%
2025-08-29 23:57:12,114 - Early stopping à l'epoch 123
2025-08-29 23:57:12,115 - Fold 8 - Accuracy finale: 89.29%
2025-08-29 23:57:12,115 - === Fold 9/10 ===
2025-08-29 23:57:12,140 - Epoch 1/500 - Train Loss: 1.5160, Train Acc: 27.38% - Val loss: 1.1310, Val Acc: 50.00%
2025-08-29 23:57:15,257 - Early stopping à l'epoch 143
2025-08-29 23:57:15,258 - Fold 9 - Accuracy finale: 85.71%
2025-08-29 23:57:15,258 - === Fold 10/10 ===
2025-08-29 23:57:15,287 - Epoch 1/500 - Train Loss: 1.4650, Train Acc: 37.70% - Val loss: 0.9525, Val Acc: 53.57%
2025-08-29 23:57:18,522 - Early stopping à l'epoch 149
2025-08-29 23:57:18,523 - Fold 10 - Accuracy finale: 75.00%
2025-08-29 23:57:18,523 - 
2025-08-29 23:57:18,523 - Résultats de la validation croisée
2025-08-29 23:57:18,523 - 
2025-08-29 23:57:18,523 - Accuracy moyenne: 82.50% ± 5.64%
2025-08-29 23:57:18,523 - Loss moyenne: 0.7306 ± 0.2447
2025-08-29 23:57:18,523 - Nombre d'epochs moyen: 131
2025-08-29 23:57:18,523 - Accuracy par fold: ['78.57%', '82.14%', '75.00%', '82.14%', '78.57%', '85.71%', '92.86%', '89.29%', '85.71%', '75.00%']

2025-08-29 23:57:18,523 - Entrainement du modèle final pour le jeu d'hyperparamètres 83

2025-08-29 23:57:18,550 - Epoch 1/131 - Loss: 1.4764, Acc: 28.57%
2025-08-29 23:57:21,568 - Epoch 131/131 - Loss: 0.3061, Acc: 88.93%
2025-08-29 23:57:21,570 - 

2025-08-29 23:57:21,570 - Résultats finaux pour le jeu d'hyperparamètres 83

2025-08-29 23:57:21,570 - Accuracy de validation croisée: 82.50% ± 5.64%
2025-08-29 23:57:21,570 - Accuracy sur le test: 82.50%

2025-08-29 23:57:39,989 - JEU D'HYPERPARAMÈTRES 84:
2025-08-29 23:57:39,991 - {'estimator_name': 'Transformer', 'estimator_params': {'d_model': 36, 'nhead': 3, 'num_layers': 3, 'dropout': 0.15}, 'weight_decay': 2.5e-06, 'lr': 0.0035, 'scheduler_factor': 0.4, 'batch_size': 36}

2025-08-29 23:57:39,991 - Début de la validation croisée pour le jeu d'hyperparamètres 84

2025-08-29 23:57:39,991 - Variables sélectionnées : mêmes variables que celles retenues au départ (pas de sélection en avant)

2025-08-29 23:57:39,991 - === Fold 1/10 ===
2025-08-29 23:57:40,026 - Epoch 1/500 - Train Loss: 1.5606, Train Acc: 35.32% - Val loss: 1.1998, Val Acc: 39.29%
2025-08-29 23:57:43,279 - Early stopping à l'epoch 117
2025-08-29 23:57:43,280 - Fold 1 - Accuracy finale: 92.86%
2025-08-29 23:57:43,280 - === Fold 2/10 ===
2025-08-29 23:57:43,311 - Epoch 1/500 - Train Loss: 1.5209, Train Acc: 27.38% - Val loss: 1.3161, Val Acc: 28.57%
2025-08-29 23:57:47,303 - Early stopping à l'epoch 164
2025-08-29 23:57:47,304 - Fold 2 - Accuracy finale: 89.29%
2025-08-29 23:57:47,304 - === Fold 3/10 ===
2025-08-29 23:57:47,332 - Epoch 1/500 - Train Loss: 1.5993, Train Acc: 30.16% - Val loss: 1.1556, Val Acc: 46.43%
2025-08-29 23:57:51,971 - Early stopping à l'epoch 186
2025-08-29 23:57:51,973 - Fold 3 - Accuracy finale: 89.29%
2025-08-29 23:57:51,973 - === Fold 4/10 ===
2025-08-29 23:57:52,009 - Epoch 1/500 - Train Loss: 1.4119, Train Acc: 32.54% - Val loss: 1.0264, Val Acc: 53.57%
2025-08-29 23:57:56,112 - Early stopping à l'epoch 165
2025-08-29 23:57:56,113 - Fold 4 - Accuracy finale: 96.43%
2025-08-29 23:57:56,113 - === Fold 5/10 ===
2025-08-29 23:57:56,141 - Epoch 1/500 - Train Loss: 1.5623, Train Acc: 31.35% - Val loss: 1.2731, Val Acc: 39.29%
2025-08-29 23:58:00,232 - Early stopping à l'epoch 171
2025-08-29 23:58:00,233 - Fold 5 - Accuracy finale: 92.86%
2025-08-29 23:58:00,234 - === Fold 6/10 ===
2025-08-29 23:58:00,261 - Epoch 1/500 - Train Loss: 1.5581, Train Acc: 29.76% - Val loss: 1.2142, Val Acc: 35.71%
2025-08-29 23:58:02,851 - Early stopping à l'epoch 104
2025-08-29 23:58:02,852 - Fold 6 - Accuracy finale: 85.71%
2025-08-29 23:58:02,852 - === Fold 7/10 ===
2025-08-29 23:58:02,886 - Epoch 1/500 - Train Loss: 1.5436, Train Acc: 32.54% - Val loss: 1.1369, Val Acc: 50.00%
2025-08-29 23:58:07,470 - Early stopping à l'epoch 169
2025-08-29 23:58:07,472 - Fold 7 - Accuracy finale: 96.43%
2025-08-29 23:58:07,472 - === Fold 8/10 ===
2025-08-29 23:58:07,499 - Epoch 1/500 - Train Loss: 1.4120, Train Acc: 34.13% - Val loss: 1.1362, Val Acc: 46.43%
2025-08-29 23:58:10,478 - Early stopping à l'epoch 124
2025-08-29 23:58:10,479 - Fold 8 - Accuracy finale: 75.00%
2025-08-29 23:58:10,479 - === Fold 9/10 ===
2025-08-29 23:58:10,506 - Epoch 1/500 - Train Loss: 1.5721, Train Acc: 28.97% - Val loss: 1.2894, Val Acc: 32.14%
2025-08-29 23:58:14,887 - Early stopping à l'epoch 182
2025-08-29 23:58:14,889 - Fold 9 - Accuracy finale: 96.43%
2025-08-29 23:58:14,889 - === Fold 10/10 ===
2025-08-29 23:58:14,919 - Epoch 1/500 - Train Loss: 1.4512, Train Acc: 30.16% - Val loss: 1.1746, Val Acc: 50.00%
2025-08-29 23:58:18,301 - Early stopping à l'epoch 139
2025-08-29 23:58:18,303 - Fold 10 - Accuracy finale: 89.29%
2025-08-29 23:58:18,303 - 
2025-08-29 23:58:18,303 - Résultats de la validation croisée
2025-08-29 23:58:18,303 - 
2025-08-29 23:58:18,303 - Accuracy moyenne: 90.36% ± 6.20%
2025-08-29 23:58:18,303 - Loss moyenne: 0.4584 ± 0.2923
2025-08-29 23:58:18,303 - Nombre d'epochs moyen: 152
2025-08-29 23:58:18,303 - Accuracy par fold: ['92.86%', '89.29%', '89.29%', '96.43%', '92.86%', '85.71%', '96.43%', '75.00%', '96.43%', '89.29%']

2025-08-29 23:58:18,303 - Entrainement du modèle final pour le jeu d'hyperparamètres 84

2025-08-29 23:58:18,333 - Epoch 1/152 - Loss: 1.6430, Acc: 26.07%
2025-08-29 23:58:22,302 - Epoch 152/152 - Loss: 0.0542, Acc: 97.86%
2025-08-29 23:58:22,304 - 

2025-08-29 23:58:22,304 - Résultats finaux pour le jeu d'hyperparamètres 84

2025-08-29 23:58:22,304 - Accuracy de validation croisée: 90.36% ± 6.20%
2025-08-29 23:58:22,304 - Accuracy sur le test: 90.83%

2025-08-29 23:58:40,710 - JEU D'HYPERPARAMÈTRES 85:
2025-08-29 23:58:40,711 - {'estimator_name': 'CNN + LSTM', 'estimator_params': {'out_channels': 32, 'num_layers': 4, 'hidden_size': 64, 'dropout': 0.175}, 'weight_decay': 7.5e-07, 'lr': 0.0055, 'scheduler_factor': 0.6, 'batch_size': 36}

2025-08-29 23:58:40,711 - Début de la validation croisée pour le jeu d'hyperparamètres 85

2025-08-29 23:58:40,711 - Variables sélectionnées : mêmes variables que celles retenues au départ (pas de sélection en avant)

2025-08-29 23:58:40,711 - === Fold 1/10 ===
2025-08-29 23:58:40,813 - Epoch 1/500 - Train Loss: 1.8693, Train Acc: 16.27% - Val loss: 1.8791, Val Acc: 14.29%
2025-08-29 23:58:52,225 - Early stopping à l'epoch 134
2025-08-29 23:58:52,228 - Fold 1 - Accuracy finale: 21.43%
2025-08-29 23:58:52,229 - === Fold 2/10 ===
2025-08-29 23:58:52,345 - Epoch 1/500 - Train Loss: 1.8740, Train Acc: 13.49% - Val loss: 1.8824, Val Acc: 14.29%
2025-08-29 23:59:00,404 - Early stopping à l'epoch 95
2025-08-29 23:59:00,407 - Fold 2 - Accuracy finale: 21.43%
2025-08-29 23:59:00,407 - === Fold 3/10 ===
2025-08-29 23:59:00,512 - Epoch 1/500 - Train Loss: 1.8787, Train Acc: 15.08% - Val loss: 1.8756, Val Acc: 14.29%
2025-08-29 23:59:10,804 - Early stopping à l'epoch 118
2025-08-29 23:59:10,806 - Fold 3 - Accuracy finale: 21.43%
2025-08-29 23:59:10,806 - === Fold 4/10 ===
2025-08-29 23:59:10,907 - Epoch 1/500 - Train Loss: 1.8724, Train Acc: 16.27% - Val loss: 1.8722, Val Acc: 14.29%
2025-08-29 23:59:21,178 - Early stopping à l'epoch 121
2025-08-29 23:59:21,181 - Fold 4 - Accuracy finale: 21.43%
2025-08-29 23:59:21,181 - === Fold 5/10 ===
2025-08-29 23:59:21,300 - Epoch 1/500 - Train Loss: 1.8733, Train Acc: 15.87% - Val loss: 1.8743, Val Acc: 14.29%
2025-08-29 23:59:32,036 - Early stopping à l'epoch 123
2025-08-29 23:59:32,038 - Fold 5 - Accuracy finale: 21.43%
2025-08-29 23:59:32,038 - === Fold 6/10 ===
2025-08-29 23:59:32,139 - Epoch 1/500 - Train Loss: 1.8793, Train Acc: 14.68% - Val loss: 1.8484, Val Acc: 17.86%
2025-08-29 23:59:39,696 - Early stopping à l'epoch 88
2025-08-29 23:59:39,698 - Fold 6 - Accuracy finale: 21.43%
2025-08-29 23:59:39,699 - === Fold 7/10 ===
2025-08-29 23:59:39,802 - Epoch 1/500 - Train Loss: 1.8809, Train Acc: 14.29% - Val loss: 1.8400, Val Acc: 14.29%
2025-08-29 23:59:48,891 - Early stopping à l'epoch 106
2025-08-29 23:59:48,893 - Fold 7 - Accuracy finale: 17.86%
2025-08-29 23:59:48,893 - === Fold 8/10 ===
2025-08-29 23:59:48,995 - Epoch 1/500 - Train Loss: 1.8726, Train Acc: 15.48% - Val loss: 1.8354, Val Acc: 14.29%
2025-08-29 23:59:58,115 - Early stopping à l'epoch 106
2025-08-29 23:59:58,117 - Fold 8 - Accuracy finale: 17.86%
2025-08-29 23:59:58,117 - === Fold 9/10 ===
2025-08-29 23:59:58,222 - Epoch 1/500 - Train Loss: 1.8767, Train Acc: 14.68% - Val loss: 1.8366, Val Acc: 17.86%
2025-08-30 00:00:07,700 - Early stopping à l'epoch 108
2025-08-30 00:00:07,703 - Fold 9 - Accuracy finale: 17.86%
2025-08-30 00:00:07,703 - === Fold 10/10 ===
2025-08-30 00:00:07,809 - Epoch 1/500 - Train Loss: 1.8790, Train Acc: 14.29% - Val loss: 1.8380, Val Acc: 14.29%
2025-08-30 00:00:15,852 - Early stopping à l'epoch 93
2025-08-30 00:00:15,855 - Fold 10 - Accuracy finale: 17.86%
2025-08-30 00:00:15,855 - 
2025-08-30 00:00:15,856 - Résultats de la validation croisée
2025-08-30 00:00:15,856 - 
2025-08-30 00:00:15,856 - Accuracy moyenne: 20.00% ± 1.75%
2025-08-30 00:00:15,856 - Loss moyenne: 1.7851 ± 0.0006
2025-08-30 00:00:15,856 - Nombre d'epochs moyen: 109
2025-08-30 00:00:15,856 - Accuracy par fold: ['21.43%', '21.43%', '21.43%', '21.43%', '21.43%', '21.43%', '17.86%', '17.86%', '17.86%', '17.86%']

2025-08-30 00:00:15,856 - Entrainement du modèle final pour le jeu d'hyperparamètres 85

2025-08-30 00:00:15,968 - Epoch 1/109 - Loss: 1.8749, Acc: 13.93%
2025-08-30 00:00:26,369 - Epoch 109/109 - Loss: 1.7859, Acc: 19.64%
2025-08-30 00:00:26,371 - 

2025-08-30 00:00:26,371 - Résultats finaux pour le jeu d'hyperparamètres 85

2025-08-30 00:00:26,371 - Accuracy de validation croisée: 20.00% ± 1.75%
2025-08-30 00:00:26,372 - Accuracy sur le test: 20.83%

2025-08-30 00:00:45,746 - JEU D'HYPERPARAMÈTRES 86:
2025-08-30 00:00:45,748 - {'estimator_name': 'LSTM', 'estimator_params': {'num_layers': 3, 'hidden_size': 96, 'dropout': 0.15}, 'weight_decay': 2.5e-06, 'lr': 0.005, 'scheduler_factor': 0.4, 'batch_size': 32}

2025-08-30 00:00:45,748 - Début de la validation croisée pour le jeu d'hyperparamètres 86

2025-08-30 00:00:45,748 - Variables sélectionnées : mêmes variables que celles retenues au départ (pas de sélection en avant)

2025-08-30 00:00:45,748 - === Fold 1/10 ===
2025-08-30 00:00:45,916 - Epoch 1/500 - Train Loss: 1.8649, Train Acc: 19.44% - Val loss: 1.8739, Val Acc: 17.86%
2025-08-30 00:01:02,597 - Early stopping à l'epoch 121
2025-08-30 00:01:02,601 - Fold 1 - Accuracy finale: 21.43%
2025-08-30 00:01:02,601 - === Fold 2/10 ===
2025-08-30 00:01:02,783 - Epoch 1/500 - Train Loss: 1.8723, Train Acc: 19.44% - Val loss: 1.8792, Val Acc: 17.86%
2025-08-30 00:01:15,527 - Early stopping à l'epoch 92
2025-08-30 00:01:15,530 - Fold 2 - Accuracy finale: 21.43%
2025-08-30 00:01:15,530 - === Fold 3/10 ===
2025-08-30 00:01:15,704 - Epoch 1/500 - Train Loss: 1.8674, Train Acc: 19.44% - Val loss: 1.8646, Val Acc: 17.86%
2025-08-30 00:01:37,024 - Early stopping à l'epoch 153
2025-08-30 00:01:37,028 - Fold 3 - Accuracy finale: 21.43%
2025-08-30 00:01:37,028 - === Fold 4/10 ===
2025-08-30 00:01:37,199 - Epoch 1/500 - Train Loss: 1.8704, Train Acc: 19.44% - Val loss: 1.8609, Val Acc: 17.86%
2025-08-30 00:01:56,150 - Early stopping à l'epoch 134
2025-08-30 00:01:56,154 - Fold 4 - Accuracy finale: 21.43%
2025-08-30 00:01:56,155 - === Fold 5/10 ===
2025-08-30 00:01:56,320 - Epoch 1/500 - Train Loss: 1.8673, Train Acc: 19.44% - Val loss: 1.8619, Val Acc: 17.86%
2025-08-30 00:02:12,516 - Early stopping à l'epoch 116
2025-08-30 00:02:12,520 - Fold 5 - Accuracy finale: 21.43%
2025-08-30 00:02:12,520 - === Fold 6/10 ===
2025-08-30 00:02:12,683 - Epoch 1/500 - Train Loss: 1.8651, Train Acc: 19.44% - Val loss: 1.8659, Val Acc: 17.86%
2025-08-30 00:02:37,326 - Early stopping à l'epoch 174
2025-08-30 00:02:37,330 - Fold 6 - Accuracy finale: 21.43%
2025-08-30 00:02:37,331 - === Fold 7/10 ===
2025-08-30 00:02:37,501 - Epoch 1/500 - Train Loss: 1.8686, Train Acc: 19.05% - Val loss: 1.8311, Val Acc: 21.43%
2025-08-30 00:02:52,654 - Early stopping à l'epoch 107
2025-08-30 00:02:52,658 - Fold 7 - Accuracy finale: 17.86%
2025-08-30 00:02:52,658 - === Fold 8/10 ===
2025-08-30 00:02:52,819 - Epoch 1/500 - Train Loss: 1.8693, Train Acc: 19.05% - Val loss: 1.8316, Val Acc: 21.43%
2025-08-30 00:03:07,709 - Early stopping à l'epoch 106
2025-08-30 00:03:07,713 - Fold 8 - Accuracy finale: 17.86%
2025-08-30 00:03:07,713 - === Fold 9/10 ===
2025-08-30 00:03:07,878 - Epoch 1/500 - Train Loss: 1.8707, Train Acc: 19.05% - Val loss: 1.8515, Val Acc: 21.43%
2025-08-30 00:03:20,689 - Early stopping à l'epoch 91
2025-08-30 00:03:20,693 - Fold 9 - Accuracy finale: 17.86%
2025-08-30 00:03:20,693 - === Fold 10/10 ===
2025-08-30 00:03:20,858 - Epoch 1/500 - Train Loss: 1.8690, Train Acc: 19.05% - Val loss: 1.8511, Val Acc: 21.43%
2025-08-30 00:03:33,656 - Early stopping à l'epoch 91
2025-08-30 00:03:33,660 - Fold 10 - Accuracy finale: 17.86%
2025-08-30 00:03:33,661 - 
2025-08-30 00:03:33,661 - Résultats de la validation croisée
2025-08-30 00:03:33,661 - 
2025-08-30 00:03:33,661 - Accuracy moyenne: 20.00% ± 1.75%
2025-08-30 00:03:33,661 - Loss moyenne: 1.7849 ± 0.0011
2025-08-30 00:03:33,661 - Nombre d'epochs moyen: 118
2025-08-30 00:03:33,661 - Accuracy par fold: ['21.43%', '21.43%', '21.43%', '21.43%', '21.43%', '21.43%', '17.86%', '17.86%', '17.86%', '17.86%']

2025-08-30 00:03:33,661 - Entrainement du modèle final pour le jeu d'hyperparamètres 86

2025-08-30 00:03:33,839 - Epoch 1/118 - Loss: 1.8668, Acc: 19.29%
2025-08-30 00:03:52,034 - Epoch 118/118 - Loss: 1.7840, Acc: 20.36%
2025-08-30 00:03:52,037 - 

2025-08-30 00:03:52,037 - Résultats finaux pour le jeu d'hyperparamètres 86

2025-08-30 00:03:52,037 - Accuracy de validation croisée: 20.00% ± 1.75%
2025-08-30 00:03:52,037 - Accuracy sur le test: 20.83%

2025-08-30 00:04:14,760 - JEU D'HYPERPARAMÈTRES 87:
2025-08-30 00:04:14,762 - {'estimator_name': 'CNN + LSTM', 'estimator_params': {'out_channels': 32, 'num_layers': 3, 'hidden_size': 96, 'dropout': 0.125}, 'weight_decay': 5e-07, 'lr': 0.0045, 'scheduler_factor': 0.5, 'batch_size': 28}

2025-08-30 00:04:14,762 - Début de la validation croisée pour le jeu d'hyperparamètres 87

2025-08-30 00:04:14,762 - Variables sélectionnées : mêmes variables que celles retenues au départ (pas de sélection en avant)

2025-08-30 00:04:14,762 - === Fold 1/10 ===
2025-08-30 00:04:14,950 - Epoch 1/500 - Train Loss: 1.8214, Train Acc: 14.68% - Val loss: 1.7962, Val Acc: 17.86%
2025-08-30 00:04:28,907 - Early stopping à l'epoch 88
2025-08-30 00:04:28,910 - Fold 1 - Accuracy finale: 21.43%
2025-08-30 00:04:28,911 - === Fold 2/10 ===
2025-08-30 00:04:29,096 - Epoch 1/500 - Train Loss: 1.8221, Train Acc: 14.68% - Val loss: 1.7933, Val Acc: 17.86%
2025-08-30 00:04:42,823 - Early stopping à l'epoch 87
2025-08-30 00:04:42,827 - Fold 2 - Accuracy finale: 21.43%
2025-08-30 00:04:42,827 - === Fold 3/10 ===
2025-08-30 00:04:43,016 - Epoch 1/500 - Train Loss: 1.8198, Train Acc: 15.08% - Val loss: 1.8071, Val Acc: 14.29%
2025-08-30 00:05:00,564 - Early stopping à l'epoch 112
2025-08-30 00:05:00,567 - Fold 3 - Accuracy finale: 21.43%
2025-08-30 00:05:00,567 - === Fold 4/10 ===
2025-08-30 00:05:00,766 - Epoch 1/500 - Train Loss: 1.8174, Train Acc: 15.08% - Val loss: 1.8100, Val Acc: 14.29%
2025-08-30 00:05:19,229 - Early stopping à l'epoch 117
2025-08-30 00:05:19,233 - Fold 4 - Accuracy finale: 21.43%
2025-08-30 00:05:19,233 - === Fold 5/10 ===
2025-08-30 00:05:19,419 - Epoch 1/500 - Train Loss: 1.8166, Train Acc: 15.08% - Val loss: 1.8054, Val Acc: 14.29%
2025-08-30 00:05:34,545 - Early stopping à l'epoch 95
2025-08-30 00:05:34,548 - Fold 5 - Accuracy finale: 21.43%
2025-08-30 00:05:34,548 - === Fold 6/10 ===
2025-08-30 00:05:34,726 - Epoch 1/500 - Train Loss: 1.8166, Train Acc: 15.08% - Val loss: 1.8155, Val Acc: 14.29%
2025-08-30 00:05:51,657 - Early stopping à l'epoch 106
2025-08-30 00:05:51,660 - Fold 6 - Accuracy finale: 21.43%
2025-08-30 00:05:51,660 - === Fold 7/10 ===
2025-08-30 00:05:51,840 - Epoch 1/500 - Train Loss: 1.8123, Train Acc: 15.08% - Val loss: 1.8116, Val Acc: 14.29%
2025-08-30 00:06:13,317 - Early stopping à l'epoch 136
2025-08-30 00:06:13,320 - Fold 7 - Accuracy finale: 17.86%
2025-08-30 00:06:13,320 - === Fold 8/10 ===
2025-08-30 00:06:13,504 - Epoch 1/500 - Train Loss: 1.8097, Train Acc: 15.08% - Val loss: 1.8081, Val Acc: 14.29%
2025-08-30 00:06:33,087 - Early stopping à l'epoch 123
2025-08-30 00:06:33,091 - Fold 8 - Accuracy finale: 17.86%
2025-08-30 00:06:33,091 - === Fold 9/10 ===
2025-08-30 00:06:33,302 - Epoch 1/500 - Train Loss: 1.8094, Train Acc: 15.08% - Val loss: 1.8163, Val Acc: 14.29%
2025-08-30 00:06:53,101 - Early stopping à l'epoch 124
2025-08-30 00:06:53,105 - Fold 9 - Accuracy finale: 17.86%
2025-08-30 00:06:53,105 - === Fold 10/10 ===
2025-08-30 00:06:53,314 - Epoch 1/500 - Train Loss: 1.8129, Train Acc: 15.08% - Val loss: 1.8169, Val Acc: 14.29%
2025-08-30 00:07:14,003 - Early stopping à l'epoch 130
2025-08-30 00:07:14,007 - Fold 10 - Accuracy finale: 17.86%
2025-08-30 00:07:14,008 - 
2025-08-30 00:07:14,008 - Résultats de la validation croisée
2025-08-30 00:07:14,008 - 
2025-08-30 00:07:14,008 - Accuracy moyenne: 20.00% ± 1.75%
2025-08-30 00:07:14,008 - Loss moyenne: 1.7850 ± 0.0009
2025-08-30 00:07:14,008 - Nombre d'epochs moyen: 111
2025-08-30 00:07:14,008 - Accuracy par fold: ['21.43%', '21.43%', '21.43%', '21.43%', '21.43%', '21.43%', '17.86%', '17.86%', '17.86%', '17.86%']

2025-08-30 00:07:14,008 - Entrainement du modèle final pour le jeu d'hyperparamètres 87

2025-08-30 00:07:14,198 - Epoch 1/111 - Loss: 1.8156, Acc: 15.00%
2025-08-30 00:07:33,204 - Epoch 111/111 - Loss: 1.7868, Acc: 17.86%
2025-08-30 00:07:33,207 - 

2025-08-30 00:07:33,207 - Résultats finaux pour le jeu d'hyperparamètres 87

2025-08-30 00:07:33,207 - Accuracy de validation croisée: 20.00% ± 1.75%
2025-08-30 00:07:33,207 - Accuracy sur le test: 20.83%

2025-08-30 00:07:52,784 - JEU D'HYPERPARAMÈTRES 88:
2025-08-30 00:07:52,786 - {'estimator_name': 'CNN + LSTM', 'estimator_params': {'out_channels': 8, 'num_layers': 3, 'hidden_size': 80, 'dropout': 0.1}, 'weight_decay': 7.5e-07, 'lr': 0.0035, 'scheduler_factor': 0.6, 'batch_size': 36}

2025-08-30 00:07:52,786 - Début de la validation croisée pour le jeu d'hyperparamètres 88

2025-08-30 00:07:52,786 - Variables sélectionnées : mêmes variables que celles retenues au départ (pas de sélection en avant)

2025-08-30 00:07:52,787 - === Fold 1/10 ===
2025-08-30 00:07:52,918 - Epoch 1/500 - Train Loss: 1.8010, Train Acc: 15.48% - Val loss: 1.7978, Val Acc: 14.29%
2025-08-30 00:08:04,034 - Early stopping à l'epoch 105
2025-08-30 00:08:04,037 - Fold 1 - Accuracy finale: 21.43%
2025-08-30 00:08:04,037 - === Fold 2/10 ===
2025-08-30 00:08:04,163 - Epoch 1/500 - Train Loss: 1.7985, Train Acc: 16.27% - Val loss: 1.7940, Val Acc: 21.43%
2025-08-30 00:08:15,538 - Early stopping à l'epoch 108
2025-08-30 00:08:15,542 - Fold 2 - Accuracy finale: 21.43%
2025-08-30 00:08:15,542 - === Fold 3/10 ===
2025-08-30 00:08:15,687 - Epoch 1/500 - Train Loss: 1.7981, Train Acc: 15.48% - Val loss: 1.7987, Val Acc: 21.43%
2025-08-30 00:08:34,053 - Early stopping à l'epoch 173
2025-08-30 00:08:34,056 - Fold 3 - Accuracy finale: 21.43%
2025-08-30 00:08:34,056 - === Fold 4/10 ===
2025-08-30 00:08:34,180 - Epoch 1/500 - Train Loss: 1.7994, Train Acc: 18.25% - Val loss: 1.7977, Val Acc: 21.43%
2025-08-30 00:08:47,424 - Early stopping à l'epoch 127
2025-08-30 00:08:47,427 - Fold 4 - Accuracy finale: 21.43%
2025-08-30 00:08:47,427 - === Fold 5/10 ===
2025-08-30 00:08:47,549 - Epoch 1/500 - Train Loss: 1.7994, Train Acc: 18.65% - Val loss: 1.7984, Val Acc: 21.43%
2025-08-30 00:09:03,778 - Early stopping à l'epoch 154
2025-08-30 00:09:03,782 - Fold 5 - Accuracy finale: 21.43%
2025-08-30 00:09:03,782 - === Fold 6/10 ===
2025-08-30 00:09:03,923 - Epoch 1/500 - Train Loss: 1.7994, Train Acc: 19.05% - Val loss: 1.7822, Val Acc: 21.43%
2025-08-30 00:09:12,622 - Early stopping à l'epoch 84
2025-08-30 00:09:12,625 - Fold 6 - Accuracy finale: 21.43%
2025-08-30 00:09:12,625 - === Fold 7/10 ===
2025-08-30 00:09:12,751 - Epoch 1/500 - Train Loss: 1.7993, Train Acc: 15.87% - Val loss: 1.7883, Val Acc: 17.86%
2025-08-30 00:09:22,216 - Early stopping à l'epoch 91
2025-08-30 00:09:22,219 - Fold 7 - Accuracy finale: 17.86%
2025-08-30 00:09:22,219 - === Fold 8/10 ===
2025-08-30 00:09:22,346 - Epoch 1/500 - Train Loss: 1.7984, Train Acc: 17.46% - Val loss: 1.7885, Val Acc: 17.86%
2025-08-30 00:09:31,955 - Early stopping à l'epoch 92
2025-08-30 00:09:31,958 - Fold 8 - Accuracy finale: 17.86%
2025-08-30 00:09:31,958 - === Fold 9/10 ===
2025-08-30 00:09:32,101 - Epoch 1/500 - Train Loss: 1.7983, Train Acc: 15.48% - Val loss: 1.8034, Val Acc: 17.86%
2025-08-30 00:09:44,318 - Early stopping à l'epoch 116
2025-08-30 00:09:44,322 - Fold 9 - Accuracy finale: 17.86%
2025-08-30 00:09:44,322 - === Fold 10/10 ===
2025-08-30 00:09:44,452 - Epoch 1/500 - Train Loss: 1.7982, Train Acc: 14.29% - Val loss: 1.8023, Val Acc: 14.29%
2025-08-30 00:10:02,131 - Early stopping à l'epoch 169
2025-08-30 00:10:02,135 - Fold 10 - Accuracy finale: 17.86%
2025-08-30 00:10:02,136 - 
2025-08-30 00:10:02,136 - Résultats de la validation croisée
2025-08-30 00:10:02,136 - 
2025-08-30 00:10:02,137 - Accuracy moyenne: 20.00% ± 1.75%
2025-08-30 00:10:02,137 - Loss moyenne: 1.7850 ± 0.0010
2025-08-30 00:10:02,137 - Nombre d'epochs moyen: 121
2025-08-30 00:10:02,137 - Accuracy par fold: ['21.43%', '21.43%', '21.43%', '21.43%', '21.43%', '21.43%', '17.86%', '17.86%', '17.86%', '17.86%']

2025-08-30 00:10:02,137 - Entrainement du modèle final pour le jeu d'hyperparamètres 88

2025-08-30 00:10:02,282 - Epoch 1/121 - Loss: 1.8007, Acc: 14.64%
2025-08-30 00:10:16,419 - Epoch 121/121 - Loss: 1.7840, Acc: 20.00%
2025-08-30 00:10:16,421 - 

2025-08-30 00:10:16,421 - Résultats finaux pour le jeu d'hyperparamètres 88

2025-08-30 00:10:16,422 - Accuracy de validation croisée: 20.00% ± 1.75%
2025-08-30 00:10:16,422 - Accuracy sur le test: 20.83%

2025-08-30 00:10:36,463 - JEU D'HYPERPARAMÈTRES 89:
2025-08-30 00:10:36,465 - {'estimator_name': 'CNN + LSTM', 'estimator_params': {'out_channels': 32, 'num_layers': 2, 'hidden_size': 64, 'dropout': 0.1}, 'weight_decay': 1e-06, 'lr': 0.0035, 'scheduler_factor': 0.5, 'batch_size': 32}

2025-08-30 00:10:36,465 - Début de la validation croisée pour le jeu d'hyperparamètres 89

2025-08-30 00:10:36,465 - Variables sélectionnées : mêmes variables que celles retenues au départ (pas de sélection en avant)

2025-08-30 00:10:36,466 - === Fold 1/10 ===
2025-08-30 00:10:36,585 - Epoch 1/500 - Train Loss: 1.9438, Train Acc: 15.48% - Val loss: 1.9430, Val Acc: 14.29%
2025-08-30 00:10:52,100 - Early stopping à l'epoch 160
2025-08-30 00:10:52,102 - Fold 1 - Accuracy finale: 21.43%
2025-08-30 00:10:52,102 - === Fold 2/10 ===
2025-08-30 00:10:52,225 - Epoch 1/500 - Train Loss: 1.9402, Train Acc: 15.48% - Val loss: 1.9428, Val Acc: 14.29%
2025-08-30 00:11:08,168 - Early stopping à l'epoch 163
2025-08-30 00:11:08,171 - Fold 2 - Accuracy finale: 21.43%
2025-08-30 00:11:08,171 - === Fold 3/10 ===
2025-08-30 00:11:08,294 - Epoch 1/500 - Train Loss: 1.9460, Train Acc: 15.08% - Val loss: 1.9169, Val Acc: 17.86%
2025-08-30 00:11:18,684 - Early stopping à l'epoch 106
2025-08-30 00:11:18,687 - Fold 3 - Accuracy finale: 17.86%
2025-08-30 00:11:18,687 - === Fold 4/10 ===
2025-08-30 00:11:18,807 - Epoch 1/500 - Train Loss: 1.9496, Train Acc: 15.08% - Val loss: 1.9152, Val Acc: 17.86%
2025-08-30 00:11:28,978 - Early stopping à l'epoch 105
2025-08-30 00:11:28,981 - Fold 4 - Accuracy finale: 21.43%
2025-08-30 00:11:28,981 - === Fold 5/10 ===
2025-08-30 00:11:29,092 - Epoch 1/500 - Train Loss: 1.9452, Train Acc: 15.08% - Val loss: 1.9150, Val Acc: 17.86%
2025-08-30 00:11:39,240 - Early stopping à l'epoch 105
2025-08-30 00:11:39,243 - Fold 5 - Accuracy finale: 17.86%
2025-08-30 00:11:39,243 - === Fold 6/10 ===
2025-08-30 00:11:39,356 - Epoch 1/500 - Train Loss: 1.9481, Train Acc: 15.48% - Val loss: 1.9301, Val Acc: 14.29%
2025-08-30 00:11:55,327 - Early stopping à l'epoch 163
2025-08-30 00:11:55,330 - Fold 6 - Accuracy finale: 21.43%
2025-08-30 00:11:55,330 - === Fold 7/10 ===
2025-08-30 00:11:55,448 - Epoch 1/500 - Train Loss: 1.9447, Train Acc: 15.48% - Val loss: 1.9269, Val Acc: 14.29%
2025-08-30 00:12:12,623 - Early stopping à l'epoch 174
2025-08-30 00:12:12,626 - Fold 7 - Accuracy finale: 17.86%
2025-08-30 00:12:12,626 - === Fold 8/10 ===
2025-08-30 00:12:12,763 - Epoch 1/500 - Train Loss: 1.9393, Train Acc: 15.48% - Val loss: 1.9281, Val Acc: 14.29%
2025-08-30 00:12:29,893 - Early stopping à l'epoch 176
2025-08-30 00:12:29,895 - Fold 8 - Accuracy finale: 17.86%
2025-08-30 00:12:29,895 - === Fold 9/10 ===
2025-08-30 00:12:30,015 - Epoch 1/500 - Train Loss: 1.9457, Train Acc: 15.48% - Val loss: 1.9295, Val Acc: 14.29%
2025-08-30 00:12:42,728 - Early stopping à l'epoch 128
2025-08-30 00:12:42,731 - Fold 9 - Accuracy finale: 17.86%
2025-08-30 00:12:42,731 - === Fold 10/10 ===
2025-08-30 00:12:42,865 - Epoch 1/500 - Train Loss: 1.9358, Train Acc: 15.48% - Val loss: 1.9298, Val Acc: 14.29%
2025-08-30 00:12:58,265 - Early stopping à l'epoch 159
2025-08-30 00:12:58,268 - Fold 10 - Accuracy finale: 17.86%
2025-08-30 00:12:58,268 - 
2025-08-30 00:12:58,268 - Résultats de la validation croisée
2025-08-30 00:12:58,268 - 
2025-08-30 00:12:58,269 - Accuracy moyenne: 19.29% ± 1.75%
2025-08-30 00:12:58,269 - Loss moyenne: 1.7849 ± 0.0011
2025-08-30 00:12:58,269 - Nombre d'epochs moyen: 143
2025-08-30 00:12:58,269 - Accuracy par fold: ['21.43%', '21.43%', '17.86%', '21.43%', '17.86%', '21.43%', '17.86%', '17.86%', '17.86%', '17.86%']

2025-08-30 00:12:58,269 - Entrainement du modèle final pour le jeu d'hyperparamètres 89

2025-08-30 00:12:58,390 - Epoch 1/143 - Loss: 1.9376, Acc: 15.36%
2025-08-30 00:13:13,960 - Epoch 143/143 - Loss: 1.7839, Acc: 20.36%
2025-08-30 00:13:13,963 - 

2025-08-30 00:13:13,963 - Résultats finaux pour le jeu d'hyperparamètres 89

2025-08-30 00:13:13,963 - Accuracy de validation croisée: 19.29% ± 1.75%
2025-08-30 00:13:13,964 - Accuracy sur le test: 20.83%

2025-08-30 00:13:34,367 - JEU D'HYPERPARAMÈTRES 90:
2025-08-30 00:13:34,369 - {'estimator_name': 'LSTM', 'estimator_params': {'num_layers': 3, 'hidden_size': 96, 'dropout': 0.05}, 'weight_decay': 1e-06, 'lr': 0.0055, 'scheduler_factor': 0.6, 'batch_size': 32}

2025-08-30 00:13:34,369 - Début de la validation croisée pour le jeu d'hyperparamètres 90

2025-08-30 00:13:34,369 - Variables sélectionnées : mêmes variables que celles retenues au départ (pas de sélection en avant)

2025-08-30 00:13:34,370 - === Fold 1/10 ===
2025-08-30 00:13:34,531 - Epoch 1/500 - Train Loss: 1.8630, Train Acc: 19.44% - Val loss: 1.8719, Val Acc: 17.86%
2025-08-30 00:13:47,796 - Early stopping à l'epoch 95
2025-08-30 00:13:47,799 - Fold 1 - Accuracy finale: 21.43%
2025-08-30 00:13:47,799 - === Fold 2/10 ===
2025-08-30 00:13:47,968 - Epoch 1/500 - Train Loss: 1.8688, Train Acc: 19.44% - Val loss: 1.8774, Val Acc: 17.86%
2025-08-30 00:14:00,665 - Early stopping à l'epoch 92
2025-08-30 00:14:00,669 - Fold 2 - Accuracy finale: 21.43%
2025-08-30 00:14:00,669 - === Fold 3/10 ===
2025-08-30 00:14:00,836 - Epoch 1/500 - Train Loss: 1.8674, Train Acc: 19.44% - Val loss: 1.8624, Val Acc: 17.86%
2025-08-30 00:14:14,403 - Early stopping à l'epoch 97
2025-08-30 00:14:14,407 - Fold 3 - Accuracy finale: 21.43%
2025-08-30 00:14:14,407 - === Fold 4/10 ===
2025-08-30 00:14:14,577 - Epoch 1/500 - Train Loss: 1.8664, Train Acc: 19.44% - Val loss: 1.8589, Val Acc: 17.86%
2025-08-30 00:14:33,265 - Early stopping à l'epoch 133
2025-08-30 00:14:33,269 - Fold 4 - Accuracy finale: 21.43%
2025-08-30 00:14:33,269 - === Fold 5/10 ===
2025-08-30 00:14:33,451 - Epoch 1/500 - Train Loss: 1.8687, Train Acc: 19.44% - Val loss: 1.8600, Val Acc: 17.86%
2025-08-30 00:14:46,808 - Early stopping à l'epoch 96
2025-08-30 00:14:46,811 - Fold 5 - Accuracy finale: 21.43%
2025-08-30 00:14:46,812 - === Fold 6/10 ===
2025-08-30 00:14:46,974 - Epoch 1/500 - Train Loss: 1.8632, Train Acc: 19.44% - Val loss: 1.8637, Val Acc: 17.86%
2025-08-30 00:15:03,824 - Early stopping à l'epoch 120
2025-08-30 00:15:03,827 - Fold 6 - Accuracy finale: 21.43%
2025-08-30 00:15:03,828 - === Fold 7/10 ===
2025-08-30 00:15:03,990 - Epoch 1/500 - Train Loss: 1.8681, Train Acc: 19.05% - Val loss: 1.8290, Val Acc: 21.43%
2025-08-30 00:15:19,836 - Early stopping à l'epoch 112
2025-08-30 00:15:19,840 - Fold 7 - Accuracy finale: 17.86%
2025-08-30 00:15:19,840 - === Fold 8/10 ===
2025-08-30 00:15:20,004 - Epoch 1/500 - Train Loss: 1.8675, Train Acc: 19.05% - Val loss: 1.8295, Val Acc: 21.43%
2025-08-30 00:15:34,954 - Early stopping à l'epoch 106
2025-08-30 00:15:34,957 - Fold 8 - Accuracy finale: 17.86%
2025-08-30 00:15:34,958 - === Fold 9/10 ===
2025-08-30 00:15:35,125 - Epoch 1/500 - Train Loss: 1.8702, Train Acc: 19.05% - Val loss: 1.8493, Val Acc: 21.43%
2025-08-30 00:15:47,803 - Early stopping à l'epoch 91
2025-08-30 00:15:47,807 - Fold 9 - Accuracy finale: 17.86%
2025-08-30 00:15:47,807 - === Fold 10/10 ===
2025-08-30 00:15:47,978 - Epoch 1/500 - Train Loss: 1.8672, Train Acc: 19.05% - Val loss: 1.8486, Val Acc: 21.43%
2025-08-30 00:16:00,826 - Early stopping à l'epoch 91
2025-08-30 00:16:00,831 - Fold 10 - Accuracy finale: 17.86%
2025-08-30 00:16:00,832 - 
2025-08-30 00:16:00,832 - Résultats de la validation croisée
2025-08-30 00:16:00,832 - 
2025-08-30 00:16:00,832 - Accuracy moyenne: 20.00% ± 1.75%
2025-08-30 00:16:00,832 - Loss moyenne: 1.7849 ± 0.0010
2025-08-30 00:16:00,832 - Nombre d'epochs moyen: 103
2025-08-30 00:16:00,832 - Accuracy par fold: ['21.43%', '21.43%', '21.43%', '21.43%', '21.43%', '21.43%', '17.86%', '17.86%', '17.86%', '17.86%']

2025-08-30 00:16:00,832 - Entrainement du modèle final pour le jeu d'hyperparamètres 90

2025-08-30 00:16:01,009 - Epoch 1/103 - Loss: 1.8655, Acc: 19.29%
2025-08-30 00:16:16,683 - Epoch 103/103 - Loss: 1.7853, Acc: 19.29%
2025-08-30 00:16:16,687 - 

2025-08-30 00:16:16,687 - Résultats finaux pour le jeu d'hyperparamètres 90

2025-08-30 00:16:16,687 - Accuracy de validation croisée: 20.00% ± 1.75%
2025-08-30 00:16:16,687 - Accuracy sur le test: 20.83%

2025-08-30 00:16:37,114 - JEU D'HYPERPARAMÈTRES 91:
2025-08-30 00:16:37,116 - {'estimator_name': 'CNN + LSTM', 'estimator_params': {'out_channels': 8, 'num_layers': 3, 'hidden_size': 80, 'dropout': 0.15}, 'weight_decay': 5e-06, 'lr': 0.005, 'scheduler_factor': 0.4, 'batch_size': 28}

2025-08-30 00:16:37,116 - Début de la validation croisée pour le jeu d'hyperparamètres 91

2025-08-30 00:16:37,117 - Variables sélectionnées : mêmes variables que celles retenues au départ (pas de sélection en avant)

2025-08-30 00:16:37,117 - === Fold 1/10 ===
2025-08-30 00:16:37,274 - Epoch 1/500 - Train Loss: 1.8035, Train Acc: 15.48% - Val loss: 1.7955, Val Acc: 21.43%
2025-08-30 00:16:51,220 - Early stopping à l'epoch 104
2025-08-30 00:16:51,223 - Fold 1 - Accuracy finale: 21.43%
2025-08-30 00:16:51,223 - === Fold 2/10 ===
2025-08-30 00:16:51,385 - Epoch 1/500 - Train Loss: 1.8003, Train Acc: 17.06% - Val loss: 1.7914, Val Acc: 21.43%
2025-08-30 00:17:03,234 - Early stopping à l'epoch 88
2025-08-30 00:17:03,237 - Fold 2 - Accuracy finale: 21.43%
2025-08-30 00:17:03,237 - === Fold 3/10 ===
2025-08-30 00:17:03,396 - Epoch 1/500 - Train Loss: 1.7980, Train Acc: 17.06% - Val loss: 1.7964, Val Acc: 21.43%
2025-08-30 00:17:20,927 - Early stopping à l'epoch 131
2025-08-30 00:17:20,930 - Fold 3 - Accuracy finale: 21.43%
2025-08-30 00:17:20,930 - === Fold 4/10 ===
2025-08-30 00:17:21,109 - Epoch 1/500 - Train Loss: 1.7986, Train Acc: 15.48% - Val loss: 1.7958, Val Acc: 21.43%
2025-08-30 00:17:38,236 - Early stopping à l'epoch 127
2025-08-30 00:17:38,240 - Fold 4 - Accuracy finale: 21.43%
2025-08-30 00:17:38,240 - === Fold 5/10 ===
2025-08-30 00:17:38,400 - Epoch 1/500 - Train Loss: 1.7943, Train Acc: 17.06% - Val loss: 1.7967, Val Acc: 21.43%
2025-08-30 00:17:54,200 - Early stopping à l'epoch 118
2025-08-30 00:17:54,204 - Fold 5 - Accuracy finale: 21.43%
2025-08-30 00:17:54,204 - === Fold 6/10 ===
2025-08-30 00:17:54,375 - Epoch 1/500 - Train Loss: 1.8006, Train Acc: 17.06% - Val loss: 1.7816, Val Acc: 21.43%
2025-08-30 00:18:05,332 - Early stopping à l'epoch 83
2025-08-30 00:18:05,335 - Fold 6 - Accuracy finale: 21.43%
2025-08-30 00:18:05,336 - === Fold 7/10 ===
2025-08-30 00:18:05,496 - Epoch 1/500 - Train Loss: 1.7975, Train Acc: 19.44% - Val loss: 1.7866, Val Acc: 17.86%
2025-08-30 00:18:17,370 - Early stopping à l'epoch 89
2025-08-30 00:18:17,373 - Fold 7 - Accuracy finale: 17.86%
2025-08-30 00:18:17,374 - === Fold 8/10 ===
2025-08-30 00:18:17,538 - Epoch 1/500 - Train Loss: 1.7990, Train Acc: 16.27% - Val loss: 1.7868, Val Acc: 17.86%
2025-08-30 00:18:28,840 - Early stopping à l'epoch 85
2025-08-30 00:18:28,843 - Fold 8 - Accuracy finale: 17.86%
2025-08-30 00:18:28,843 - === Fold 9/10 ===
2025-08-30 00:18:28,993 - Epoch 1/500 - Train Loss: 1.7999, Train Acc: 16.67% - Val loss: 1.8005, Val Acc: 17.86%
2025-08-30 00:18:48,805 - Early stopping à l'epoch 148
2025-08-30 00:18:48,808 - Fold 9 - Accuracy finale: 17.86%
2025-08-30 00:18:48,808 - === Fold 10/10 ===
2025-08-30 00:18:48,961 - Epoch 1/500 - Train Loss: 1.8005, Train Acc: 15.48% - Val loss: 1.7992, Val Acc: 17.86%
2025-08-30 00:19:04,649 - Early stopping à l'epoch 117
2025-08-30 00:19:04,652 - Fold 10 - Accuracy finale: 17.86%
2025-08-30 00:19:04,653 - 
2025-08-30 00:19:04,653 - Résultats de la validation croisée
2025-08-30 00:19:04,653 - 
2025-08-30 00:19:04,653 - Accuracy moyenne: 20.00% ± 1.75%
2025-08-30 00:19:04,653 - Loss moyenne: 1.7850 ± 0.0010
2025-08-30 00:19:04,653 - Nombre d'epochs moyen: 109
2025-08-30 00:19:04,653 - Accuracy par fold: ['21.43%', '21.43%', '21.43%', '21.43%', '21.43%', '21.43%', '17.86%', '17.86%', '17.86%', '17.86%']

2025-08-30 00:19:04,653 - Entrainement du modèle final pour le jeu d'hyperparamètres 91

2025-08-30 00:19:04,821 - Epoch 1/109 - Loss: 1.7975, Acc: 17.14%
2025-08-30 00:19:20,822 - Epoch 109/109 - Loss: 1.7846, Acc: 20.00%
2025-08-30 00:19:20,825 - 

2025-08-30 00:19:20,825 - Résultats finaux pour le jeu d'hyperparamètres 91

2025-08-30 00:19:20,825 - Accuracy de validation croisée: 20.00% ± 1.75%
2025-08-30 00:19:20,825 - Accuracy sur le test: 20.83%

2025-08-30 00:19:41,406 - JEU D'HYPERPARAMÈTRES 92:
2025-08-30 00:19:41,409 - {'estimator_name': 'LSTM', 'estimator_params': {'num_layers': 4, 'hidden_size': 64, 'dropout': 0.05}, 'weight_decay': 7.5e-07, 'lr': 0.0055, 'scheduler_factor': 0.6, 'batch_size': 36}

2025-08-30 00:19:41,409 - Début de la validation croisée pour le jeu d'hyperparamètres 92

2025-08-30 00:19:41,409 - Variables sélectionnées : mêmes variables que celles retenues au départ (pas de sélection en avant)

2025-08-30 00:19:41,409 - === Fold 1/10 ===
2025-08-30 00:19:41,515 - Epoch 1/500 - Train Loss: 1.8073, Train Acc: 19.84% - Val loss: 1.8010, Val Acc: 17.86%
2025-08-30 00:19:51,732 - Early stopping à l'epoch 122
2025-08-30 00:19:51,735 - Fold 1 - Accuracy finale: 21.43%
2025-08-30 00:19:51,735 - === Fold 2/10 ===
2025-08-30 00:19:51,848 - Epoch 1/500 - Train Loss: 1.8048, Train Acc: 18.65% - Val loss: 1.8006, Val Acc: 17.86%
2025-08-30 00:20:01,209 - Early stopping à l'epoch 112
2025-08-30 00:20:01,211 - Fold 2 - Accuracy finale: 21.43%
2025-08-30 00:20:01,212 - === Fold 3/10 ===
2025-08-30 00:20:01,309 - Epoch 1/500 - Train Loss: 1.8137, Train Acc: 19.44% - Val loss: 1.7941, Val Acc: 17.86%
2025-08-30 00:20:08,833 - Early stopping à l'epoch 90
2025-08-30 00:20:08,836 - Fold 3 - Accuracy finale: 21.43%
2025-08-30 00:20:08,836 - === Fold 4/10 ===
2025-08-30 00:20:08,947 - Epoch 1/500 - Train Loss: 1.8054, Train Acc: 20.24% - Val loss: 1.7938, Val Acc: 17.86%
2025-08-30 00:20:16,176 - Early stopping à l'epoch 86
2025-08-30 00:20:16,178 - Fold 4 - Accuracy finale: 21.43%
2025-08-30 00:20:16,178 - === Fold 5/10 ===
2025-08-30 00:20:16,279 - Epoch 1/500 - Train Loss: 1.8101, Train Acc: 22.22% - Val loss: 1.7932, Val Acc: 17.86%
2025-08-30 00:20:23,513 - Early stopping à l'epoch 86
2025-08-30 00:20:23,516 - Fold 5 - Accuracy finale: 21.43%
2025-08-30 00:20:23,516 - === Fold 6/10 ===
2025-08-30 00:20:23,616 - Epoch 1/500 - Train Loss: 1.8099, Train Acc: 19.84% - Val loss: 1.8104, Val Acc: 17.86%
2025-08-30 00:20:34,288 - Early stopping à l'epoch 127
2025-08-30 00:20:34,291 - Fold 6 - Accuracy finale: 21.43%
2025-08-30 00:20:34,291 - === Fold 7/10 ===
2025-08-30 00:20:34,388 - Epoch 1/500 - Train Loss: 1.8050, Train Acc: 18.25% - Val loss: 1.8043, Val Acc: 21.43%
2025-08-30 00:20:44,652 - Early stopping à l'epoch 123
2025-08-30 00:20:44,654 - Fold 7 - Accuracy finale: 17.86%
2025-08-30 00:20:44,654 - === Fold 8/10 ===
2025-08-30 00:20:44,756 - Epoch 1/500 - Train Loss: 1.7963, Train Acc: 18.65% - Val loss: 1.8029, Val Acc: 21.43%
2025-08-30 00:20:52,564 - Early stopping à l'epoch 94
2025-08-30 00:20:52,566 - Fold 8 - Accuracy finale: 17.86%
2025-08-30 00:20:52,566 - === Fold 9/10 ===
2025-08-30 00:20:52,663 - Epoch 1/500 - Train Loss: 1.8086, Train Acc: 19.44% - Val loss: 1.8058, Val Acc: 21.43%
2025-08-30 00:21:01,383 - Early stopping à l'epoch 104
2025-08-30 00:21:01,386 - Fold 9 - Accuracy finale: 17.86%
2025-08-30 00:21:01,386 - === Fold 10/10 ===
2025-08-30 00:21:01,486 - Epoch 1/500 - Train Loss: 1.8063, Train Acc: 19.84% - Val loss: 1.8069, Val Acc: 21.43%
2025-08-30 00:21:09,344 - Early stopping à l'epoch 92
2025-08-30 00:21:09,346 - Fold 10 - Accuracy finale: 17.86%
2025-08-30 00:21:09,347 - 
2025-08-30 00:21:09,347 - Résultats de la validation croisée
2025-08-30 00:21:09,347 - 
2025-08-30 00:21:09,347 - Accuracy moyenne: 20.00% ± 1.75%
2025-08-30 00:21:09,347 - Loss moyenne: 1.7850 ± 0.0013
2025-08-30 00:21:09,347 - Nombre d'epochs moyen: 103
2025-08-30 00:21:09,347 - Accuracy par fold: ['21.43%', '21.43%', '21.43%', '21.43%', '21.43%', '21.43%', '17.86%', '17.86%', '17.86%', '17.86%']

2025-08-30 00:21:09,347 - Entrainement du modèle final pour le jeu d'hyperparamètres 92

2025-08-30 00:21:09,456 - Epoch 1/103 - Loss: 1.8046, Acc: 21.07%
2025-08-30 00:21:19,080 - Epoch 103/103 - Loss: 1.7841, Acc: 20.00%
2025-08-30 00:21:19,083 - 

2025-08-30 00:21:19,083 - Résultats finaux pour le jeu d'hyperparamètres 92

2025-08-30 00:21:19,083 - Accuracy de validation croisée: 20.00% ± 1.75%
2025-08-30 00:21:19,083 - Accuracy sur le test: 20.83%

2025-08-30 00:21:40,056 - JEU D'HYPERPARAMÈTRES 93:
2025-08-30 00:21:40,058 - {'estimator_name': 'CNN + LSTM', 'estimator_params': {'out_channels': 16, 'num_layers': 3, 'hidden_size': 96, 'dropout': 0.075}, 'weight_decay': 1e-06, 'lr': 0.005, 'scheduler_factor': 0.5, 'batch_size': 28}

2025-08-30 00:21:40,058 - Début de la validation croisée pour le jeu d'hyperparamètres 93

2025-08-30 00:21:40,058 - Variables sélectionnées : mêmes variables que celles retenues au départ (pas de sélection en avant)

2025-08-30 00:21:40,059 - === Fold 1/10 ===
2025-08-30 00:21:40,259 - Epoch 1/500 - Train Loss: 1.8079, Train Acc: 15.48% - Val loss: 1.8038, Val Acc: 14.29%
2025-08-30 00:21:55,704 - Early stopping à l'epoch 99
2025-08-30 00:21:55,707 - Fold 1 - Accuracy finale: 21.43%
2025-08-30 00:21:55,707 - === Fold 2/10 ===
2025-08-30 00:21:55,882 - Epoch 1/500 - Train Loss: 1.8043, Train Acc: 15.48% - Val loss: 1.7993, Val Acc: 14.29%
2025-08-30 00:22:11,428 - Early stopping à l'epoch 99
2025-08-30 00:22:11,432 - Fold 2 - Accuracy finale: 21.43%
2025-08-30 00:22:11,432 - === Fold 3/10 ===
2025-08-30 00:22:11,629 - Epoch 1/500 - Train Loss: 1.8056, Train Acc: 15.08% - Val loss: 1.7857, Val Acc: 17.86%
2025-08-30 00:22:26,870 - Early stopping à l'epoch 95
2025-08-30 00:22:26,874 - Fold 3 - Accuracy finale: 21.43%
2025-08-30 00:22:26,874 - === Fold 4/10 ===
2025-08-30 00:22:27,054 - Epoch 1/500 - Train Loss: 1.8047, Train Acc: 15.08% - Val loss: 1.7872, Val Acc: 17.86%
2025-08-30 00:22:40,534 - Early stopping à l'epoch 85
2025-08-30 00:22:40,538 - Fold 4 - Accuracy finale: 21.43%
2025-08-30 00:22:40,538 - === Fold 5/10 ===
2025-08-30 00:22:40,728 - Epoch 1/500 - Train Loss: 1.8033, Train Acc: 15.08% - Val loss: 1.7861, Val Acc: 17.86%
2025-08-30 00:22:54,068 - Early stopping à l'epoch 85
2025-08-30 00:22:54,072 - Fold 5 - Accuracy finale: 21.43%
2025-08-30 00:22:54,072 - === Fold 6/10 ===
2025-08-30 00:22:54,250 - Epoch 1/500 - Train Loss: 1.8045, Train Acc: 15.48% - Val loss: 1.8018, Val Acc: 14.29%
2025-08-30 00:23:13,124 - Early stopping à l'epoch 118
2025-08-30 00:23:13,127 - Fold 6 - Accuracy finale: 21.43%
2025-08-30 00:23:13,128 - === Fold 7/10 ===
2025-08-30 00:23:13,311 - Epoch 1/500 - Train Loss: 1.8024, Train Acc: 15.48% - Val loss: 1.8074, Val Acc: 14.29%
2025-08-30 00:23:29,607 - Early stopping à l'epoch 103
2025-08-30 00:23:29,611 - Fold 7 - Accuracy finale: 17.86%
2025-08-30 00:23:29,611 - === Fold 8/10 ===
2025-08-30 00:23:29,818 - Epoch 1/500 - Train Loss: 1.8027, Train Acc: 15.48% - Val loss: 1.8062, Val Acc: 14.29%
2025-08-30 00:23:51,049 - Early stopping à l'epoch 133
2025-08-30 00:23:51,052 - Fold 8 - Accuracy finale: 17.86%
2025-08-30 00:23:51,052 - === Fold 9/10 ===
2025-08-30 00:23:51,232 - Epoch 1/500 - Train Loss: 1.8034, Train Acc: 15.48% - Val loss: 1.8049, Val Acc: 14.29%
2025-08-30 00:24:16,267 - Early stopping à l'epoch 157
2025-08-30 00:24:16,271 - Fold 9 - Accuracy finale: 17.86%
2025-08-30 00:24:16,271 - === Fold 10/10 ===
2025-08-30 00:24:16,449 - Epoch 1/500 - Train Loss: 1.8029, Train Acc: 15.48% - Val loss: 1.8079, Val Acc: 14.29%
2025-08-30 00:24:35,233 - Early stopping à l'epoch 116
2025-08-30 00:24:35,237 - Fold 10 - Accuracy finale: 17.86%
2025-08-30 00:24:35,238 - 
2025-08-30 00:24:35,238 - Résultats de la validation croisée
2025-08-30 00:24:35,238 - 
2025-08-30 00:24:35,238 - Accuracy moyenne: 20.00% ± 1.75%
2025-08-30 00:24:35,238 - Loss moyenne: 1.7849 ± 0.0013
2025-08-30 00:24:35,238 - Nombre d'epochs moyen: 109
2025-08-30 00:24:35,238 - Accuracy par fold: ['21.43%', '21.43%', '21.43%', '21.43%', '21.43%', '21.43%', '17.86%', '17.86%', '17.86%', '17.86%']

2025-08-30 00:24:35,238 - Entrainement du modèle final pour le jeu d'hyperparamètres 93

2025-08-30 00:24:35,435 - Epoch 1/109 - Loss: 1.8048, Acc: 15.36%
2025-08-30 00:24:54,400 - Epoch 109/109 - Loss: 1.7833, Acc: 20.00%
2025-08-30 00:24:54,403 - 

2025-08-30 00:24:54,403 - Résultats finaux pour le jeu d'hyperparamètres 93

2025-08-30 00:24:54,403 - Accuracy de validation croisée: 20.00% ± 1.75%
2025-08-30 00:24:54,403 - Accuracy sur le test: 20.83%

2025-08-30 00:25:15,789 - JEU D'HYPERPARAMÈTRES 94:
2025-08-30 00:25:15,792 - {'estimator_name': 'LSTM', 'estimator_params': {'num_layers': 3, 'hidden_size': 64, 'dropout': 0.05}, 'weight_decay': 7.5e-07, 'lr': 0.0045, 'scheduler_factor': 0.4, 'batch_size': 32}

2025-08-30 00:25:15,792 - Début de la validation croisée pour le jeu d'hyperparamètres 94

2025-08-30 00:25:15,792 - Variables sélectionnées : mêmes variables que celles retenues au départ (pas de sélection en avant)

2025-08-30 00:25:15,792 - === Fold 1/10 ===
2025-08-30 00:25:15,908 - Epoch 1/500 - Train Loss: 1.9076, Train Acc: 15.08% - Val loss: 1.8707, Val Acc: 14.29%
2025-08-30 00:25:25,576 - Early stopping à l'epoch 100
2025-08-30 00:25:25,579 - Fold 1 - Accuracy finale: 21.43%
2025-08-30 00:25:25,579 - === Fold 2/10 ===
2025-08-30 00:25:25,694 - Epoch 1/500 - Train Loss: 1.9010, Train Acc: 15.08% - Val loss: 1.8700, Val Acc: 14.29%
2025-08-30 00:25:36,567 - Early stopping à l'epoch 114
2025-08-30 00:25:36,569 - Fold 2 - Accuracy finale: 21.43%
2025-08-30 00:25:36,570 - === Fold 3/10 ===
2025-08-30 00:25:36,684 - Epoch 1/500 - Train Loss: 1.9014, Train Acc: 15.08% - Val loss: 1.9065, Val Acc: 14.29%
2025-08-30 00:25:48,838 - Early stopping à l'epoch 125
2025-08-30 00:25:48,840 - Fold 3 - Accuracy finale: 21.43%
2025-08-30 00:25:48,840 - === Fold 4/10 ===
2025-08-30 00:25:48,954 - Epoch 1/500 - Train Loss: 1.9031, Train Acc: 15.08% - Val loss: 1.9069, Val Acc: 14.29%
2025-08-30 00:26:00,071 - Early stopping à l'epoch 115
2025-08-30 00:26:00,074 - Fold 4 - Accuracy finale: 21.43%
2025-08-30 00:26:00,074 - === Fold 5/10 ===
2025-08-30 00:26:00,196 - Epoch 1/500 - Train Loss: 1.8990, Train Acc: 15.08% - Val loss: 1.9065, Val Acc: 14.29%
2025-08-30 00:26:12,613 - Early stopping à l'epoch 130
2025-08-30 00:26:12,616 - Fold 5 - Accuracy finale: 21.43%
2025-08-30 00:26:12,616 - === Fold 6/10 ===
2025-08-30 00:26:12,731 - Epoch 1/500 - Train Loss: 1.9073, Train Acc: 15.08% - Val loss: 1.8860, Val Acc: 14.29%
2025-08-30 00:26:21,879 - Early stopping à l'epoch 96
2025-08-30 00:26:21,881 - Fold 6 - Accuracy finale: 21.43%
2025-08-30 00:26:21,881 - === Fold 7/10 ===
2025-08-30 00:26:21,995 - Epoch 1/500 - Train Loss: 1.9061, Train Acc: 15.08% - Val loss: 1.8769, Val Acc: 14.29%
2025-08-30 00:26:30,891 - Early stopping à l'epoch 92
2025-08-30 00:26:30,894 - Fold 7 - Accuracy finale: 17.86%
2025-08-30 00:26:30,894 - === Fold 8/10 ===
2025-08-30 00:26:31,001 - Epoch 1/500 - Train Loss: 1.9050, Train Acc: 15.08% - Val loss: 1.8745, Val Acc: 14.29%
2025-08-30 00:26:39,526 - Early stopping à l'epoch 90
2025-08-30 00:26:39,529 - Fold 8 - Accuracy finale: 17.86%
2025-08-30 00:26:39,529 - === Fold 9/10 ===
2025-08-30 00:26:39,654 - Epoch 1/500 - Train Loss: 1.9091, Train Acc: 14.68% - Val loss: 1.8527, Val Acc: 17.86%
2025-08-30 00:26:48,686 - Early stopping à l'epoch 93
2025-08-30 00:26:48,689 - Fold 9 - Accuracy finale: 17.86%
2025-08-30 00:26:48,689 - === Fold 10/10 ===
2025-08-30 00:26:48,804 - Epoch 1/500 - Train Loss: 1.9104, Train Acc: 14.68% - Val loss: 1.8535, Val Acc: 17.86%
2025-08-30 00:26:57,424 - Early stopping à l'epoch 91
2025-08-30 00:26:57,427 - Fold 10 - Accuracy finale: 17.86%
2025-08-30 00:26:57,428 - 
2025-08-30 00:26:57,428 - Résultats de la validation croisée
2025-08-30 00:26:57,428 - 
2025-08-30 00:26:57,429 - Accuracy moyenne: 20.00% ± 1.75%
2025-08-30 00:26:57,429 - Loss moyenne: 1.7850 ± 0.0008
2025-08-30 00:26:57,429 - Nombre d'epochs moyen: 104
2025-08-30 00:26:57,429 - Accuracy par fold: ['21.43%', '21.43%', '21.43%', '21.43%', '21.43%', '21.43%', '17.86%', '17.86%', '17.86%', '17.86%']

2025-08-30 00:26:57,429 - Entrainement du modèle final pour le jeu d'hyperparamètres 94

2025-08-30 00:26:57,567 - Epoch 1/104 - Loss: 1.9028, Acc: 15.00%
2025-08-30 00:27:08,537 - Epoch 104/104 - Loss: 1.7861, Acc: 19.64%
2025-08-30 00:27:08,540 - 

2025-08-30 00:27:08,540 - Résultats finaux pour le jeu d'hyperparamètres 94

2025-08-30 00:27:08,541 - Accuracy de validation croisée: 20.00% ± 1.75%
2025-08-30 00:27:08,541 - Accuracy sur le test: 20.83%

2025-08-30 00:27:30,502 - JEU D'HYPERPARAMÈTRES 95:
2025-08-30 00:27:30,504 - {'estimator_name': 'CNN + LSTM', 'estimator_params': {'out_channels': 8, 'num_layers': 3, 'hidden_size': 80, 'dropout': 0.175}, 'weight_decay': 1e-06, 'lr': 0.0055, 'scheduler_factor': 0.4, 'batch_size': 36}

2025-08-30 00:27:30,504 - Début de la validation croisée pour le jeu d'hyperparamètres 95

2025-08-30 00:27:30,504 - Variables sélectionnées : mêmes variables que celles retenues au départ (pas de sélection en avant)

2025-08-30 00:27:30,505 - === Fold 1/10 ===
2025-08-30 00:27:30,642 - Epoch 1/500 - Train Loss: 1.8007, Train Acc: 18.25% - Val loss: 1.7976, Val Acc: 14.29%
2025-08-30 00:27:40,969 - Early stopping à l'epoch 99
2025-08-30 00:27:40,973 - Fold 1 - Accuracy finale: 21.43%
2025-08-30 00:27:40,973 - === Fold 2/10 ===
2025-08-30 00:27:41,106 - Epoch 1/500 - Train Loss: 1.8004, Train Acc: 15.87% - Val loss: 1.7927, Val Acc: 21.43%
2025-08-30 00:27:50,350 - Early stopping à l'epoch 88
2025-08-30 00:27:50,353 - Fold 2 - Accuracy finale: 21.43%
2025-08-30 00:27:50,353 - === Fold 3/10 ===
2025-08-30 00:27:50,475 - Epoch 1/500 - Train Loss: 1.7986, Train Acc: 17.86% - Val loss: 1.7968, Val Acc: 21.43%
2025-08-30 00:28:04,043 - Early stopping à l'epoch 131
2025-08-30 00:28:04,046 - Fold 3 - Accuracy finale: 21.43%
2025-08-30 00:28:04,046 - === Fold 4/10 ===
2025-08-30 00:28:04,174 - Epoch 1/500 - Train Loss: 1.8021, Train Acc: 16.27% - Val loss: 1.7952, Val Acc: 21.43%
2025-08-30 00:28:17,396 - Early stopping à l'epoch 127
2025-08-30 00:28:17,399 - Fold 4 - Accuracy finale: 21.43%
2025-08-30 00:28:17,399 - === Fold 5/10 ===
2025-08-30 00:28:17,522 - Epoch 1/500 - Train Loss: 1.7992, Train Acc: 19.44% - Val loss: 1.7961, Val Acc: 21.43%
2025-08-30 00:28:33,227 - Early stopping à l'epoch 149
2025-08-30 00:28:33,231 - Fold 5 - Accuracy finale: 21.43%
2025-08-30 00:28:33,231 - === Fold 6/10 ===
2025-08-30 00:28:33,357 - Epoch 1/500 - Train Loss: 1.7991, Train Acc: 18.25% - Val loss: 1.7816, Val Acc: 21.43%
2025-08-30 00:28:41,981 - Early stopping à l'epoch 83
2025-08-30 00:28:41,984 - Fold 6 - Accuracy finale: 21.43%
2025-08-30 00:28:41,984 - === Fold 7/10 ===
2025-08-30 00:28:42,129 - Epoch 1/500 - Train Loss: 1.7995, Train Acc: 17.46% - Val loss: 1.7868, Val Acc: 17.86%
2025-08-30 00:28:50,953 - Early stopping à l'epoch 85
2025-08-30 00:28:50,957 - Fold 7 - Accuracy finale: 17.86%
2025-08-30 00:28:50,957 - === Fold 8/10 ===
2025-08-30 00:28:51,100 - Epoch 1/500 - Train Loss: 1.7984, Train Acc: 16.67% - Val loss: 1.7869, Val Acc: 17.86%
2025-08-30 00:28:59,886 - Early stopping à l'epoch 85
2025-08-30 00:28:59,889 - Fold 8 - Accuracy finale: 17.86%
2025-08-30 00:28:59,890 - === Fold 9/10 ===
2025-08-30 00:29:00,030 - Epoch 1/500 - Train Loss: 1.7964, Train Acc: 15.87% - Val loss: 1.8019, Val Acc: 17.86%
2025-08-30 00:29:11,390 - Early stopping à l'epoch 109
2025-08-30 00:29:11,393 - Fold 9 - Accuracy finale: 17.86%
2025-08-30 00:29:11,394 - === Fold 10/10 ===
2025-08-30 00:29:11,520 - Epoch 1/500 - Train Loss: 1.7981, Train Acc: 16.27% - Val loss: 1.7996, Val Acc: 14.29%
2025-08-30 00:29:22,674 - Early stopping à l'epoch 107
2025-08-30 00:29:22,677 - Fold 10 - Accuracy finale: 17.86%
2025-08-30 00:29:22,678 - 
2025-08-30 00:29:22,678 - Résultats de la validation croisée
2025-08-30 00:29:22,678 - 
2025-08-30 00:29:22,678 - Accuracy moyenne: 20.00% ± 1.75%
2025-08-30 00:29:22,678 - Loss moyenne: 1.7850 ± 0.0011
2025-08-30 00:29:22,678 - Nombre d'epochs moyen: 106
2025-08-30 00:29:22,678 - Accuracy par fold: ['21.43%', '21.43%', '21.43%', '21.43%', '21.43%', '21.43%', '17.86%', '17.86%', '17.86%', '17.86%']

2025-08-30 00:29:22,678 - Entrainement du modèle final pour le jeu d'hyperparamètres 95

2025-08-30 00:29:22,811 - Epoch 1/106 - Loss: 1.8017, Acc: 14.64%
2025-08-30 00:29:35,126 - Epoch 106/106 - Loss: 1.7840, Acc: 20.00%
2025-08-30 00:29:35,129 - 

2025-08-30 00:29:35,129 - Résultats finaux pour le jeu d'hyperparamètres 95

2025-08-30 00:29:35,129 - Accuracy de validation croisée: 20.00% ± 1.75%
2025-08-30 00:29:35,129 - Accuracy sur le test: 20.83%

2025-08-30 00:29:56,946 - JEU D'HYPERPARAMÈTRES 96:
2025-08-30 00:29:56,948 - {'estimator_name': 'CNN + LSTM', 'estimator_params': {'out_channels': 8, 'num_layers': 2, 'hidden_size': 64, 'dropout': 0.15}, 'weight_decay': 1e-06, 'lr': 0.0035, 'scheduler_factor': 0.4, 'batch_size': 32}

2025-08-30 00:29:56,948 - Début de la validation croisée pour le jeu d'hyperparamètres 96

2025-08-30 00:29:56,948 - Variables sélectionnées : mêmes variables que celles retenues au départ (pas de sélection en avant)

2025-08-30 00:29:56,949 - === Fold 1/10 ===
2025-08-30 00:29:57,059 - Epoch 1/500 - Train Loss: 1.9112, Train Acc: 19.84% - Val loss: 1.8707, Val Acc: 21.43%
2025-08-30 00:30:05,763 - Early stopping à l'epoch 90
2025-08-30 00:30:05,766 - Fold 1 - Accuracy finale: 21.43%
2025-08-30 00:30:05,766 - === Fold 2/10 ===
2025-08-30 00:30:05,877 - Epoch 1/500 - Train Loss: 1.9128, Train Acc: 19.84% - Val loss: 1.8709, Val Acc: 21.43%
2025-08-30 00:30:14,582 - Early stopping à l'epoch 90
2025-08-30 00:30:14,584 - Fold 2 - Accuracy finale: 21.43%
2025-08-30 00:30:14,584 - === Fold 3/10 ===
2025-08-30 00:30:14,702 - Epoch 1/500 - Train Loss: 1.9095, Train Acc: 19.84% - Val loss: 1.8857, Val Acc: 21.43%
2025-08-30 00:30:24,355 - Early stopping à l'epoch 100
2025-08-30 00:30:24,358 - Fold 3 - Accuracy finale: 21.43%
2025-08-30 00:30:24,358 - === Fold 4/10 ===
2025-08-30 00:30:24,490 - Epoch 1/500 - Train Loss: 1.9106, Train Acc: 19.84% - Val loss: 1.8870, Val Acc: 21.43%
2025-08-30 00:30:35,527 - Early stopping à l'epoch 114
2025-08-30 00:30:35,530 - Fold 4 - Accuracy finale: 21.43%
2025-08-30 00:30:35,530 - === Fold 5/10 ===
2025-08-30 00:30:35,658 - Epoch 1/500 - Train Loss: 1.9102, Train Acc: 19.84% - Val loss: 1.8856, Val Acc: 21.43%
2025-08-30 00:30:52,131 - Early stopping à l'epoch 170
2025-08-30 00:30:52,133 - Fold 5 - Accuracy finale: 21.43%
2025-08-30 00:30:52,133 - === Fold 6/10 ===
2025-08-30 00:30:52,244 - Epoch 1/500 - Train Loss: 1.9114, Train Acc: 19.84% - Val loss: 1.8689, Val Acc: 21.43%
2025-08-30 00:31:00,906 - Early stopping à l'epoch 89
2025-08-30 00:31:00,908 - Fold 6 - Accuracy finale: 21.43%
2025-08-30 00:31:00,909 - === Fold 7/10 ===
2025-08-30 00:31:01,022 - Epoch 1/500 - Train Loss: 1.9068, Train Acc: 20.24% - Val loss: 1.9080, Val Acc: 17.86%
2025-08-30 00:31:10,249 - Early stopping à l'epoch 95
2025-08-30 00:31:10,252 - Fold 7 - Accuracy finale: 17.86%
2025-08-30 00:31:10,252 - === Fold 8/10 ===
2025-08-30 00:31:10,366 - Epoch 1/500 - Train Loss: 1.9075, Train Acc: 20.24% - Val loss: 1.9090, Val Acc: 17.86%
2025-08-30 00:31:20,892 - Early stopping à l'epoch 107
2025-08-30 00:31:20,895 - Fold 8 - Accuracy finale: 17.86%
2025-08-30 00:31:20,895 - === Fold 9/10 ===
2025-08-30 00:31:21,014 - Epoch 1/500 - Train Loss: 1.9015, Train Acc: 20.24% - Val loss: 1.9502, Val Acc: 17.86%
2025-08-30 00:31:31,450 - Early stopping à l'epoch 107
2025-08-30 00:31:31,453 - Fold 9 - Accuracy finale: 17.86%
2025-08-30 00:31:31,453 - === Fold 10/10 ===
2025-08-30 00:31:31,569 - Epoch 1/500 - Train Loss: 1.9028, Train Acc: 20.24% - Val loss: 1.9504, Val Acc: 17.86%
2025-08-30 00:31:40,652 - Early stopping à l'epoch 94
2025-08-30 00:31:40,655 - Fold 10 - Accuracy finale: 17.86%
2025-08-30 00:31:40,655 - 
2025-08-30 00:31:40,656 - Résultats de la validation croisée
2025-08-30 00:31:40,656 - 
2025-08-30 00:31:40,656 - Accuracy moyenne: 20.00% ± 1.75%
2025-08-30 00:31:40,656 - Loss moyenne: 1.7851 ± 0.0021
2025-08-30 00:31:40,656 - Nombre d'epochs moyen: 105
2025-08-30 00:31:40,656 - Accuracy par fold: ['21.43%', '21.43%', '21.43%', '21.43%', '21.43%', '21.43%', '17.86%', '17.86%', '17.86%', '17.86%']

2025-08-30 00:31:40,656 - Entrainement du modèle final pour le jeu d'hyperparamètres 96

2025-08-30 00:31:40,796 - Epoch 1/105 - Loss: 1.9065, Acc: 20.00%
2025-08-30 00:31:52,046 - Epoch 105/105 - Loss: 1.7891, Acc: 15.71%
2025-08-30 00:31:52,049 - 

2025-08-30 00:31:52,049 - Résultats finaux pour le jeu d'hyperparamètres 96

2025-08-30 00:31:52,049 - Accuracy de validation croisée: 20.00% ± 1.75%
2025-08-30 00:31:52,049 - Accuracy sur le test: 20.83%

2025-08-30 00:32:13,928 - JEU D'HYPERPARAMÈTRES 97:
2025-08-30 00:32:13,931 - {'estimator_name': 'LSTM', 'estimator_params': {'num_layers': 3, 'hidden_size': 80, 'dropout': 0.05}, 'weight_decay': 7.5e-07, 'lr': 0.0045, 'scheduler_factor': 0.4, 'batch_size': 28}

2025-08-30 00:32:13,931 - Début de la validation croisée pour le jeu d'hyperparamètres 97

2025-08-30 00:32:13,931 - Variables sélectionnées : mêmes variables que celles retenues au départ (pas de sélection en avant)

2025-08-30 00:32:13,931 - === Fold 1/10 ===
2025-08-30 00:32:14,099 - Epoch 1/500 - Train Loss: 1.8069, Train Acc: 20.24% - Val loss: 1.7960, Val Acc: 21.43%
2025-08-30 00:32:25,460 - Early stopping à l'epoch 87
2025-08-30 00:32:25,464 - Fold 1 - Accuracy finale: 21.43%
2025-08-30 00:32:25,464 - === Fold 2/10 ===
2025-08-30 00:32:25,615 - Epoch 1/500 - Train Loss: 1.8040, Train Acc: 19.05% - Val loss: 1.7958, Val Acc: 21.43%
2025-08-30 00:32:37,367 - Early stopping à l'epoch 90
2025-08-30 00:32:37,371 - Fold 2 - Accuracy finale: 21.43%
2025-08-30 00:32:37,371 - === Fold 3/10 ===
2025-08-30 00:32:37,520 - Epoch 1/500 - Train Loss: 1.8105, Train Acc: 19.44% - Val loss: 1.7841, Val Acc: 21.43%
2025-08-30 00:32:48,525 - Early stopping à l'epoch 84
2025-08-30 00:32:48,528 - Fold 3 - Accuracy finale: 21.43%
2025-08-30 00:32:48,529 - === Fold 4/10 ===
2025-08-30 00:32:48,679 - Epoch 1/500 - Train Loss: 1.8105, Train Acc: 17.46% - Val loss: 1.7851, Val Acc: 21.43%
2025-08-30 00:32:59,614 - Early stopping à l'epoch 83
2025-08-30 00:32:59,618 - Fold 4 - Accuracy finale: 21.43%
2025-08-30 00:32:59,618 - === Fold 5/10 ===
2025-08-30 00:32:59,771 - Epoch 1/500 - Train Loss: 1.8089, Train Acc: 18.25% - Val loss: 1.7860, Val Acc: 21.43%
2025-08-30 00:33:10,827 - Early stopping à l'epoch 84
2025-08-30 00:33:10,830 - Fold 5 - Accuracy finale: 21.43%
2025-08-30 00:33:10,830 - === Fold 6/10 ===
2025-08-30 00:33:10,978 - Epoch 1/500 - Train Loss: 1.8045, Train Acc: 20.24% - Val loss: 1.8050, Val Acc: 21.43%
2025-08-30 00:33:24,424 - Early stopping à l'epoch 103
2025-08-30 00:33:24,428 - Fold 6 - Accuracy finale: 21.43%
2025-08-30 00:33:24,428 - === Fold 7/10 ===
2025-08-30 00:33:24,582 - Epoch 1/500 - Train Loss: 1.8035, Train Acc: 19.05% - Val loss: 1.8177, Val Acc: 17.86%
2025-08-30 00:33:39,279 - Early stopping à l'epoch 113
2025-08-30 00:33:39,282 - Fold 7 - Accuracy finale: 17.86%
2025-08-30 00:33:39,283 - === Fold 8/10 ===
2025-08-30 00:33:39,458 - Epoch 1/500 - Train Loss: 1.8051, Train Acc: 18.65% - Val loss: 1.8125, Val Acc: 17.86%
2025-08-30 00:33:56,775 - Early stopping à l'epoch 133
2025-08-30 00:33:56,779 - Fold 8 - Accuracy finale: 17.86%
2025-08-30 00:33:56,779 - === Fold 9/10 ===
2025-08-30 00:33:56,935 - Epoch 1/500 - Train Loss: 1.8062, Train Acc: 19.44% - Val loss: 1.8071, Val Acc: 17.86%
2025-08-30 00:34:12,399 - Early stopping à l'epoch 116
2025-08-30 00:34:12,402 - Fold 9 - Accuracy finale: 17.86%
2025-08-30 00:34:12,403 - === Fold 10/10 ===
2025-08-30 00:34:12,573 - Epoch 1/500 - Train Loss: 1.8070, Train Acc: 17.46% - Val loss: 1.8144, Val Acc: 17.86%
2025-08-30 00:34:25,975 - Early stopping à l'epoch 101
2025-08-30 00:34:25,978 - Fold 10 - Accuracy finale: 17.86%
2025-08-30 00:34:25,979 - 
2025-08-30 00:34:25,979 - Résultats de la validation croisée
2025-08-30 00:34:25,979 - 
2025-08-30 00:34:25,979 - Accuracy moyenne: 20.00% ± 1.75%
2025-08-30 00:34:25,979 - Loss moyenne: 1.7850 ± 0.0014
2025-08-30 00:34:25,979 - Nombre d'epochs moyen: 99
2025-08-30 00:34:25,979 - Accuracy par fold: ['21.43%', '21.43%', '21.43%', '21.43%', '21.43%', '21.43%', '17.86%', '17.86%', '17.86%', '17.86%']

2025-08-30 00:34:25,979 - Entrainement du modèle final pour le jeu d'hyperparamètres 97

2025-08-30 00:34:26,140 - Epoch 1/99 - Loss: 1.8057, Acc: 18.21%
2025-08-30 00:34:40,291 - Epoch 99/99 - Loss: 1.7859, Acc: 20.00%
2025-08-30 00:34:40,294 - 

2025-08-30 00:34:40,294 - Résultats finaux pour le jeu d'hyperparamètres 97

2025-08-30 00:34:40,294 - Accuracy de validation croisée: 20.00% ± 1.75%
2025-08-30 00:34:40,294 - Accuracy sur le test: 20.83%

2025-08-30 00:35:02,547 - JEU D'HYPERPARAMÈTRES 98:
2025-08-30 00:35:02,550 - {'estimator_name': 'LSTM', 'estimator_params': {'num_layers': 4, 'hidden_size': 96, 'dropout': 0.175}, 'weight_decay': 5e-07, 'lr': 0.0055, 'scheduler_factor': 0.5, 'batch_size': 32}

2025-08-30 00:35:02,550 - Début de la validation croisée pour le jeu d'hyperparamètres 98

2025-08-30 00:35:02,550 - Variables sélectionnées : mêmes variables que celles retenues au départ (pas de sélection en avant)

2025-08-30 00:35:02,551 - === Fold 1/10 ===
2025-08-30 00:35:02,728 - Epoch 1/500 - Train Loss: 1.8052, Train Acc: 19.44% - Val loss: 1.8083, Val Acc: 17.86%
2025-08-30 00:35:15,811 - Early stopping à l'epoch 95
2025-08-30 00:35:15,815 - Fold 1 - Accuracy finale: 21.43%
2025-08-30 00:35:15,815 - === Fold 2/10 ===
2025-08-30 00:35:15,986 - Epoch 1/500 - Train Loss: 1.8098, Train Acc: 19.84% - Val loss: 1.8060, Val Acc: 17.86%
2025-08-30 00:35:39,467 - Early stopping à l'epoch 164
2025-08-30 00:35:39,471 - Fold 2 - Accuracy finale: 21.43%
2025-08-30 00:35:39,471 - === Fold 3/10 ===
2025-08-30 00:35:39,639 - Epoch 1/500 - Train Loss: 1.8072, Train Acc: 19.44% - Val loss: 1.8104, Val Acc: 17.86%
2025-08-30 00:35:59,597 - Early stopping à l'epoch 142
2025-08-30 00:35:59,601 - Fold 3 - Accuracy finale: 21.43%
2025-08-30 00:35:59,601 - === Fold 4/10 ===
2025-08-30 00:35:59,769 - Epoch 1/500 - Train Loss: 1.8062, Train Acc: 19.44% - Val loss: 1.8135, Val Acc: 17.86%
2025-08-30 00:36:18,198 - Early stopping à l'epoch 129
2025-08-30 00:36:18,202 - Fold 4 - Accuracy finale: 21.43%
2025-08-30 00:36:18,202 - === Fold 5/10 ===
2025-08-30 00:36:18,367 - Epoch 1/500 - Train Loss: 1.8036, Train Acc: 19.84% - Val loss: 1.8098, Val Acc: 17.86%
2025-08-30 00:36:34,880 - Early stopping à l'epoch 119
2025-08-30 00:36:34,884 - Fold 5 - Accuracy finale: 21.43%
2025-08-30 00:36:34,884 - === Fold 6/10 ===
2025-08-30 00:36:35,065 - Epoch 1/500 - Train Loss: 1.8089, Train Acc: 20.24% - Val loss: 1.7906, Val Acc: 17.86%
2025-08-30 00:36:47,296 - Early stopping à l'epoch 88
2025-08-30 00:36:47,300 - Fold 6 - Accuracy finale: 21.43%
2025-08-30 00:36:47,300 - === Fold 7/10 ===
2025-08-30 00:36:47,466 - Epoch 1/500 - Train Loss: 1.8076, Train Acc: 19.05% - Val loss: 1.7861, Val Acc: 21.43%
2025-08-30 00:37:00,818 - Early stopping à l'epoch 95
2025-08-30 00:37:00,821 - Fold 7 - Accuracy finale: 17.86%
2025-08-30 00:37:00,821 - === Fold 8/10 ===
2025-08-30 00:37:01,001 - Epoch 1/500 - Train Loss: 1.8131, Train Acc: 19.05% - Val loss: 1.7866, Val Acc: 21.43%
2025-08-30 00:37:15,571 - Early stopping à l'epoch 104
2025-08-30 00:37:15,574 - Fold 8 - Accuracy finale: 17.86%
2025-08-30 00:37:15,575 - === Fold 9/10 ===
2025-08-30 00:37:15,740 - Epoch 1/500 - Train Loss: 1.8102, Train Acc: 19.44% - Val loss: 1.7890, Val Acc: 21.43%
2025-08-30 00:37:28,973 - Early stopping à l'epoch 95
2025-08-30 00:37:28,977 - Fold 9 - Accuracy finale: 17.86%
2025-08-30 00:37:28,977 - === Fold 10/10 ===
2025-08-30 00:37:29,142 - Epoch 1/500 - Train Loss: 1.7992, Train Acc: 19.44% - Val loss: 1.7880, Val Acc: 21.43%
2025-08-30 00:37:40,982 - Early stopping à l'epoch 83
2025-08-30 00:37:40,986 - Fold 10 - Accuracy finale: 17.86%
2025-08-30 00:37:40,987 - 
2025-08-30 00:37:40,987 - Résultats de la validation croisée
2025-08-30 00:37:40,987 - 
2025-08-30 00:37:40,987 - Accuracy moyenne: 20.00% ± 1.75%
2025-08-30 00:37:40,987 - Loss moyenne: 1.7851 ± 0.0010
2025-08-30 00:37:40,987 - Nombre d'epochs moyen: 111
2025-08-30 00:37:40,987 - Accuracy par fold: ['21.43%', '21.43%', '21.43%', '21.43%', '21.43%', '21.43%', '17.86%', '17.86%', '17.86%', '17.86%']

2025-08-30 00:37:40,987 - Entrainement du modèle final pour le jeu d'hyperparamètres 98

2025-08-30 00:37:41,158 - Epoch 1/111 - Loss: 1.8091, Acc: 19.64%
2025-08-30 00:37:58,415 - Epoch 111/111 - Loss: 1.7844, Acc: 20.00%
2025-08-30 00:37:58,419 - 

2025-08-30 00:37:58,419 - Résultats finaux pour le jeu d'hyperparamètres 98

2025-08-30 00:37:58,419 - Accuracy de validation croisée: 20.00% ± 1.75%
2025-08-30 00:37:58,419 - Accuracy sur le test: 20.83%

2025-08-30 00:38:20,736 - JEU D'HYPERPARAMÈTRES 99:
2025-08-30 00:38:20,739 - {'estimator_name': 'Transformer', 'estimator_params': {'d_model': 60, 'nhead': 2, 'num_layers': 2, 'dropout': 0.15}, 'weight_decay': 1e-06, 'lr': 0.005, 'scheduler_factor': 0.5, 'batch_size': 28}

2025-08-30 00:38:20,740 - Début de la validation croisée pour le jeu d'hyperparamètres 99

2025-08-30 00:38:20,740 - Variables sélectionnées : mêmes variables que celles retenues au départ (pas de sélection en avant)

2025-08-30 00:38:20,740 - === Fold 1/10 ===
2025-08-30 00:38:20,776 - Epoch 1/500 - Train Loss: 1.5270, Train Acc: 36.90% - Val loss: 0.8719, Val Acc: 53.57%
2025-08-30 00:38:24,292 - Early stopping à l'epoch 134
2025-08-30 00:38:24,294 - Fold 1 - Accuracy finale: 85.71%
2025-08-30 00:38:24,294 - === Fold 2/10 ===
2025-08-30 00:38:24,323 - Epoch 1/500 - Train Loss: 1.2986, Train Acc: 37.30% - Val loss: 1.0899, Val Acc: 57.14%
2025-08-30 00:38:28,584 - Early stopping à l'epoch 167
2025-08-30 00:38:28,586 - Fold 2 - Accuracy finale: 92.86%
2025-08-30 00:38:28,586 - === Fold 3/10 ===
2025-08-30 00:38:28,614 - Epoch 1/500 - Train Loss: 1.3359, Train Acc: 39.29% - Val loss: 1.0550, Val Acc: 46.43%
2025-08-30 00:38:34,109 - Early stopping à l'epoch 199
2025-08-30 00:38:34,111 - Fold 3 - Accuracy finale: 82.14%
2025-08-30 00:38:34,111 - === Fold 4/10 ===
2025-08-30 00:38:34,140 - Epoch 1/500 - Train Loss: 1.4523, Train Acc: 28.57% - Val loss: 1.1854, Val Acc: 35.71%
2025-08-30 00:38:39,526 - Early stopping à l'epoch 197
2025-08-30 00:38:39,527 - Fold 4 - Accuracy finale: 85.71%
2025-08-30 00:38:39,527 - === Fold 5/10 ===
2025-08-30 00:38:39,557 - Epoch 1/500 - Train Loss: 1.4577, Train Acc: 29.76% - Val loss: 1.0979, Val Acc: 35.71%
2025-08-30 00:38:43,968 - Early stopping à l'epoch 159
2025-08-30 00:38:43,969 - Fold 5 - Accuracy finale: 82.14%
2025-08-30 00:38:43,970 - === Fold 6/10 ===
2025-08-30 00:38:44,006 - Epoch 1/500 - Train Loss: 1.3622, Train Acc: 32.94% - Val loss: 0.9936, Val Acc: 53.57%
2025-08-30 00:38:48,159 - Early stopping à l'epoch 150
2025-08-30 00:38:48,161 - Fold 6 - Accuracy finale: 89.29%
2025-08-30 00:38:48,161 - === Fold 7/10 ===
2025-08-30 00:38:48,193 - Epoch 1/500 - Train Loss: 1.3863, Train Acc: 28.97% - Val loss: 0.8654, Val Acc: 57.14%
2025-08-30 00:38:51,434 - Early stopping à l'epoch 127
2025-08-30 00:38:51,435 - Fold 7 - Accuracy finale: 96.43%
2025-08-30 00:38:51,435 - === Fold 8/10 ===
2025-08-30 00:38:51,464 - Epoch 1/500 - Train Loss: 1.3484, Train Acc: 42.06% - Val loss: 0.8915, Val Acc: 50.00%
2025-08-30 00:38:53,940 - Early stopping à l'epoch 97
2025-08-30 00:38:53,942 - Fold 8 - Accuracy finale: 85.71%
2025-08-30 00:38:53,942 - === Fold 9/10 ===
2025-08-30 00:38:53,974 - Epoch 1/500 - Train Loss: 1.5041, Train Acc: 27.78% - Val loss: 1.1469, Val Acc: 46.43%
2025-08-30 00:38:57,359 - Early stopping à l'epoch 130
2025-08-30 00:38:57,361 - Fold 9 - Accuracy finale: 96.43%
2025-08-30 00:38:57,361 - === Fold 10/10 ===
2025-08-30 00:38:57,391 - Epoch 1/500 - Train Loss: 1.3480, Train Acc: 38.49% - Val loss: 0.9072, Val Acc: 57.14%
2025-08-30 00:39:02,764 - Epoch 201/500 - Train Loss: 0.0108, Train Acc: 100.00% - Val loss: 0.1546, Val Acc: 92.86%
2025-08-30 00:39:04,225 - Early stopping à l'epoch 258
2025-08-30 00:39:04,226 - Fold 10 - Accuracy finale: 92.86%
2025-08-30 00:39:04,226 - 
2025-08-30 00:39:04,227 - Résultats de la validation croisée
2025-08-30 00:39:04,227 - 
2025-08-30 00:39:04,227 - Accuracy moyenne: 88.93% ± 5.16%
2025-08-30 00:39:04,227 - Loss moyenne: 0.5887 ± 0.4393
2025-08-30 00:39:04,227 - Nombre d'epochs moyen: 161
2025-08-30 00:39:04,227 - Accuracy par fold: ['85.71%', '92.86%', '82.14%', '85.71%', '82.14%', '89.29%', '96.43%', '85.71%', '96.43%', '92.86%']

2025-08-30 00:39:04,227 - Entrainement du modèle final pour le jeu d'hyperparamètres 99

2025-08-30 00:39:04,265 - Epoch 1/161 - Loss: 1.4747, Acc: 29.29%
2025-08-30 00:39:08,832 - Epoch 161/161 - Loss: 0.3913, Acc: 85.00%
2025-08-30 00:39:08,834 - 

2025-08-30 00:39:08,834 - Résultats finaux pour le jeu d'hyperparamètres 99

2025-08-30 00:39:08,834 - Accuracy de validation croisée: 88.93% ± 5.16%
2025-08-30 00:39:08,834 - Accuracy sur le test: 75.83%

2025-08-30 00:39:32,089 - JEU D'HYPERPARAMÈTRES 100:
2025-08-30 00:39:32,092 - {'estimator_name': 'LSTM', 'estimator_params': {'num_layers': 3, 'hidden_size': 96, 'dropout': 0.025}, 'weight_decay': 2.5e-06, 'lr': 0.004, 'scheduler_factor': 0.6, 'batch_size': 28}

2025-08-30 00:39:32,092 - Début de la validation croisée pour le jeu d'hyperparamètres 100

2025-08-30 00:39:32,092 - Variables sélectionnées : mêmes variables que celles retenues au départ (pas de sélection en avant)

2025-08-30 00:39:32,093 - === Fold 1/10 ===
2025-08-30 00:39:32,279 - Epoch 1/500 - Train Loss: 1.8656, Train Acc: 19.44% - Val loss: 1.8778, Val Acc: 17.86%
2025-08-30 00:39:47,757 - Early stopping à l'epoch 95
2025-08-30 00:39:47,761 - Fold 1 - Accuracy finale: 17.86%
2025-08-30 00:39:47,761 - === Fold 2/10 ===
2025-08-30 00:39:47,954 - Epoch 1/500 - Train Loss: 1.8678, Train Acc: 19.44% - Val loss: 1.8785, Val Acc: 17.86%
2025-08-30 00:40:03,233 - Early stopping à l'epoch 92
2025-08-30 00:40:03,238 - Fold 2 - Accuracy finale: 21.43%
2025-08-30 00:40:03,238 - === Fold 3/10 ===
2025-08-30 00:40:03,437 - Epoch 1/500 - Train Loss: 1.8696, Train Acc: 19.44% - Val loss: 1.8658, Val Acc: 17.86%
2025-08-30 00:40:21,172 - Early stopping à l'epoch 114
2025-08-30 00:40:21,175 - Fold 3 - Accuracy finale: 21.43%
2025-08-30 00:40:21,175 - === Fold 4/10 ===
2025-08-30 00:40:21,356 - Epoch 1/500 - Train Loss: 1.8683, Train Acc: 19.44% - Val loss: 1.8645, Val Acc: 17.86%
2025-08-30 00:40:37,981 - Early stopping à l'epoch 113
2025-08-30 00:40:37,985 - Fold 4 - Accuracy finale: 21.43%
2025-08-30 00:40:37,985 - === Fold 5/10 ===
2025-08-30 00:40:38,161 - Epoch 1/500 - Train Loss: 1.8719, Train Acc: 19.44% - Val loss: 1.8663, Val Acc: 17.86%
2025-08-30 00:40:54,031 - Early stopping à l'epoch 106
2025-08-30 00:40:54,034 - Fold 5 - Accuracy finale: 21.43%
2025-08-30 00:40:54,035 - === Fold 6/10 ===
2025-08-30 00:40:54,217 - Epoch 1/500 - Train Loss: 1.8674, Train Acc: 19.44% - Val loss: 1.8688, Val Acc: 17.86%
2025-08-30 00:41:12,478 - Early stopping à l'epoch 120
2025-08-30 00:41:12,482 - Fold 6 - Accuracy finale: 21.43%
2025-08-30 00:41:12,482 - === Fold 7/10 ===
2025-08-30 00:41:12,681 - Epoch 1/500 - Train Loss: 1.8725, Train Acc: 19.05% - Val loss: 1.8334, Val Acc: 21.43%
2025-08-30 00:41:31,660 - Early stopping à l'epoch 121
2025-08-30 00:41:31,664 - Fold 7 - Accuracy finale: 17.86%
2025-08-30 00:41:31,664 - === Fold 8/10 ===
2025-08-30 00:41:31,858 - Epoch 1/500 - Train Loss: 1.8708, Train Acc: 19.05% - Val loss: 1.8323, Val Acc: 21.43%
2025-08-30 00:41:50,530 - Early stopping à l'epoch 119
2025-08-30 00:41:50,534 - Fold 8 - Accuracy finale: 17.86%
2025-08-30 00:41:50,534 - === Fold 9/10 ===
2025-08-30 00:41:50,717 - Epoch 1/500 - Train Loss: 1.8716, Train Acc: 19.05% - Val loss: 1.8537, Val Acc: 21.43%
2025-08-30 00:42:05,035 - Early stopping à l'epoch 92
2025-08-30 00:42:05,039 - Fold 9 - Accuracy finale: 17.86%
2025-08-30 00:42:05,039 - === Fold 10/10 ===
2025-08-30 00:42:05,243 - Epoch 1/500 - Train Loss: 1.8683, Train Acc: 19.05% - Val loss: 1.8524, Val Acc: 21.43%
2025-08-30 00:42:19,631 - Early stopping à l'epoch 91
2025-08-30 00:42:19,635 - Fold 10 - Accuracy finale: 17.86%
2025-08-30 00:42:19,636 - 
2025-08-30 00:42:19,636 - Résultats de la validation croisée
2025-08-30 00:42:19,636 - 
2025-08-30 00:42:19,636 - Accuracy moyenne: 19.64% ± 1.79%
2025-08-30 00:42:19,636 - Loss moyenne: 1.7850 ± 0.0010
2025-08-30 00:42:19,636 - Nombre d'epochs moyen: 106
2025-08-30 00:42:19,636 - Accuracy par fold: ['17.86%', '21.43%', '21.43%', '21.43%', '21.43%', '21.43%', '17.86%', '17.86%', '17.86%', '17.86%']

2025-08-30 00:42:19,636 - Entrainement du modèle final pour le jeu d'hyperparamètres 100

2025-08-30 00:42:19,840 - Epoch 1/106 - Loss: 1.8687, Acc: 19.29%
2025-08-30 00:42:38,183 - Epoch 106/106 - Loss: 1.7841, Acc: 19.64%
2025-08-30 00:42:38,187 - 

2025-08-30 00:42:38,187 - Résultats finaux pour le jeu d'hyperparamètres 100

2025-08-30 00:42:38,187 - Accuracy de validation croisée: 19.64% ± 1.79%
2025-08-30 00:42:38,187 - Accuracy sur le test: 20.83%

