2025-09-03 18:21:58,124 - ANALYSE DES CLASSES

2025-09-03 18:21:58,124 - Les données sont réparties en 6 classes
2025-09-03 18:21:58,124 - Classes: LAYING, SITTING, STANDING, WALKING, WALKING_DOWNSTAIRS, WALKING_UPSTAIRS

2025-09-03 18:21:58,124 - ANALYSE DES VARIABLES

2025-09-03 18:21:58,873 - Nombre initial de variables : 561
2025-09-03 18:21:58,873 - Variables initiales : ['tBodyAcc-mean()-X', 'tBodyAcc-mean()-Y', 'tBodyAcc-mean()-Z', 'tBodyAcc-std()-X', 'tBodyAcc-std()-Y', 'tBodyAcc-std()-Z', 'tBodyAcc-mad()-X', 'tBodyAcc-mad()-Y', 'tBodyAcc-mad()-Z', 'tBodyAcc-max()-X', 'tBodyAcc-max()-Y', 'tBodyAcc-max()-Z', 'tBodyAcc-min()-X', 'tBodyAcc-min()-Y', 'tBodyAcc-min()-Z', 'tBodyAcc-sma()', 'tBodyAcc-energy()-X', 'tBodyAcc-energy()-Y', 'tBodyAcc-energy()-Z', 'tBodyAcc-iqr()-X', 'tBodyAcc-iqr()-Y', 'tBodyAcc-iqr()-Z', 'tBodyAcc-entropy()-X', 'tBodyAcc-entropy()-Y', 'tBodyAcc-entropy()-Z', 'tBodyAcc-arCoeff()-X,1', 'tBodyAcc-arCoeff()-X,2', 'tBodyAcc-arCoeff()-X,3', 'tBodyAcc-arCoeff()-X,4', 'tBodyAcc-arCoeff()-Y,1', 'tBodyAcc-arCoeff()-Y,2', 'tBodyAcc-arCoeff()-Y,3', 'tBodyAcc-arCoeff()-Y,4', 'tBodyAcc-arCoeff()-Z,1', 'tBodyAcc-arCoeff()-Z,2', 'tBodyAcc-arCoeff()-Z,3', 'tBodyAcc-arCoeff()-Z,4', 'tBodyAcc-correlation()-X,Y', 'tBodyAcc-correlation()-X,Z', 'tBodyAcc-correlation()-Y,Z', 'tGravityAcc-mean()-X', 'tGravityAcc-mean()-Y', 'tGravityAcc-mean()-Z', 'tGravityAcc-std()-X', 'tGravityAcc-std()-Y', 'tGravityAcc-std()-Z', 'tGravityAcc-mad()-X', 'tGravityAcc-mad()-Y', 'tGravityAcc-mad()-Z', 'tGravityAcc-max()-X', 'tGravityAcc-max()-Y', 'tGravityAcc-max()-Z', 'tGravityAcc-min()-X', 'tGravityAcc-min()-Y', 'tGravityAcc-min()-Z', 'tGravityAcc-sma()', 'tGravityAcc-energy()-X', 'tGravityAcc-energy()-Y', 'tGravityAcc-energy()-Z', 'tGravityAcc-iqr()-X', 'tGravityAcc-iqr()-Y', 'tGravityAcc-iqr()-Z', 'tGravityAcc-entropy()-X', 'tGravityAcc-entropy()-Y', 'tGravityAcc-entropy()-Z', 'tGravityAcc-arCoeff()-X,1', 'tGravityAcc-arCoeff()-X,2', 'tGravityAcc-arCoeff()-X,3', 'tGravityAcc-arCoeff()-X,4', 'tGravityAcc-arCoeff()-Y,1', 'tGravityAcc-arCoeff()-Y,2', 'tGravityAcc-arCoeff()-Y,3', 'tGravityAcc-arCoeff()-Y,4', 'tGravityAcc-arCoeff()-Z,1', 'tGravityAcc-arCoeff()-Z,2', 'tGravityAcc-arCoeff()-Z,3', 'tGravityAcc-arCoeff()-Z,4', 'tGravityAcc-correlation()-X,Y', 'tGravityAcc-correlation()-X,Z', 'tGravityAcc-correlation()-Y,Z', 'tBodyAccJerk-mean()-X', 'tBodyAccJerk-mean()-Y', 'tBodyAccJerk-mean()-Z', 'tBodyAccJerk-std()-X', 'tBodyAccJerk-std()-Y', 'tBodyAccJerk-std()-Z', 'tBodyAccJerk-mad()-X', 'tBodyAccJerk-mad()-Y', 'tBodyAccJerk-mad()-Z', 'tBodyAccJerk-max()-X', 'tBodyAccJerk-max()-Y', 'tBodyAccJerk-max()-Z', 'tBodyAccJerk-min()-X', 'tBodyAccJerk-min()-Y', 'tBodyAccJerk-min()-Z', 'tBodyAccJerk-sma()', 'tBodyAccJerk-energy()-X', 'tBodyAccJerk-energy()-Y', 'tBodyAccJerk-energy()-Z', 'tBodyAccJerk-iqr()-X', 'tBodyAccJerk-iqr()-Y', 'tBodyAccJerk-iqr()-Z', 'tBodyAccJerk-entropy()-X', 'tBodyAccJerk-entropy()-Y', 'tBodyAccJerk-entropy()-Z', 'tBodyAccJerk-arCoeff()-X,1', 'tBodyAccJerk-arCoeff()-X,2', 'tBodyAccJerk-arCoeff()-X,3', 'tBodyAccJerk-arCoeff()-X,4', 'tBodyAccJerk-arCoeff()-Y,1', 'tBodyAccJerk-arCoeff()-Y,2', 'tBodyAccJerk-arCoeff()-Y,3', 'tBodyAccJerk-arCoeff()-Y,4', 'tBodyAccJerk-arCoeff()-Z,1', 'tBodyAccJerk-arCoeff()-Z,2', 'tBodyAccJerk-arCoeff()-Z,3', 'tBodyAccJerk-arCoeff()-Z,4', 'tBodyAccJerk-correlation()-X,Y', 'tBodyAccJerk-correlation()-X,Z', 'tBodyAccJerk-correlation()-Y,Z', 'tBodyGyro-mean()-X', 'tBodyGyro-mean()-Y', 'tBodyGyro-mean()-Z', 'tBodyGyro-std()-X', 'tBodyGyro-std()-Y', 'tBodyGyro-std()-Z', 'tBodyGyro-mad()-X', 'tBodyGyro-mad()-Y', 'tBodyGyro-mad()-Z', 'tBodyGyro-max()-X', 'tBodyGyro-max()-Y', 'tBodyGyro-max()-Z', 'tBodyGyro-min()-X', 'tBodyGyro-min()-Y', 'tBodyGyro-min()-Z', 'tBodyGyro-sma()', 'tBodyGyro-energy()-X', 'tBodyGyro-energy()-Y', 'tBodyGyro-energy()-Z', 'tBodyGyro-iqr()-X', 'tBodyGyro-iqr()-Y', 'tBodyGyro-iqr()-Z', 'tBodyGyro-entropy()-X', 'tBodyGyro-entropy()-Y', 'tBodyGyro-entropy()-Z', 'tBodyGyro-arCoeff()-X,1', 'tBodyGyro-arCoeff()-X,2', 'tBodyGyro-arCoeff()-X,3', 'tBodyGyro-arCoeff()-X,4', 'tBodyGyro-arCoeff()-Y,1', 'tBodyGyro-arCoeff()-Y,2', 'tBodyGyro-arCoeff()-Y,3', 'tBodyGyro-arCoeff()-Y,4', 'tBodyGyro-arCoeff()-Z,1', 'tBodyGyro-arCoeff()-Z,2', 'tBodyGyro-arCoeff()-Z,3', 'tBodyGyro-arCoeff()-Z,4', 'tBodyGyro-correlation()-X,Y', 'tBodyGyro-correlation()-X,Z', 'tBodyGyro-correlation()-Y,Z', 'tBodyGyroJerk-mean()-X', 'tBodyGyroJerk-mean()-Y', 'tBodyGyroJerk-mean()-Z', 'tBodyGyroJerk-std()-X', 'tBodyGyroJerk-std()-Y', 'tBodyGyroJerk-std()-Z', 'tBodyGyroJerk-mad()-X', 'tBodyGyroJerk-mad()-Y', 'tBodyGyroJerk-mad()-Z', 'tBodyGyroJerk-max()-X', 'tBodyGyroJerk-max()-Y', 'tBodyGyroJerk-max()-Z', 'tBodyGyroJerk-min()-X', 'tBodyGyroJerk-min()-Y', 'tBodyGyroJerk-min()-Z', 'tBodyGyroJerk-sma()', 'tBodyGyroJerk-energy()-X', 'tBodyGyroJerk-energy()-Y', 'tBodyGyroJerk-energy()-Z', 'tBodyGyroJerk-iqr()-X', 'tBodyGyroJerk-iqr()-Y', 'tBodyGyroJerk-iqr()-Z', 'tBodyGyroJerk-entropy()-X', 'tBodyGyroJerk-entropy()-Y', 'tBodyGyroJerk-entropy()-Z', 'tBodyGyroJerk-arCoeff()-X,1', 'tBodyGyroJerk-arCoeff()-X,2', 'tBodyGyroJerk-arCoeff()-X,3', 'tBodyGyroJerk-arCoeff()-X,4', 'tBodyGyroJerk-arCoeff()-Y,1', 'tBodyGyroJerk-arCoeff()-Y,2', 'tBodyGyroJerk-arCoeff()-Y,3', 'tBodyGyroJerk-arCoeff()-Y,4', 'tBodyGyroJerk-arCoeff()-Z,1', 'tBodyGyroJerk-arCoeff()-Z,2', 'tBodyGyroJerk-arCoeff()-Z,3', 'tBodyGyroJerk-arCoeff()-Z,4', 'tBodyGyroJerk-correlation()-X,Y', 'tBodyGyroJerk-correlation()-X,Z', 'tBodyGyroJerk-correlation()-Y,Z', 'tBodyAccMag-mean()', 'tBodyAccMag-std()', 'tBodyAccMag-mad()', 'tBodyAccMag-max()', 'tBodyAccMag-min()', 'tBodyAccMag-sma()', 'tBodyAccMag-energy()', 'tBodyAccMag-iqr()', 'tBodyAccMag-entropy()', 'tBodyAccMag-arCoeff()1', 'tBodyAccMag-arCoeff()2', 'tBodyAccMag-arCoeff()3', 'tBodyAccMag-arCoeff()4', 'tGravityAccMag-mean()', 'tGravityAccMag-std()', 'tGravityAccMag-mad()', 'tGravityAccMag-max()', 'tGravityAccMag-min()', 'tGravityAccMag-sma()', 'tGravityAccMag-energy()', 'tGravityAccMag-iqr()', 'tGravityAccMag-entropy()', 'tGravityAccMag-arCoeff()1', 'tGravityAccMag-arCoeff()2', 'tGravityAccMag-arCoeff()3', 'tGravityAccMag-arCoeff()4', 'tBodyAccJerkMag-mean()', 'tBodyAccJerkMag-std()', 'tBodyAccJerkMag-mad()', 'tBodyAccJerkMag-max()', 'tBodyAccJerkMag-min()', 'tBodyAccJerkMag-sma()', 'tBodyAccJerkMag-energy()', 'tBodyAccJerkMag-iqr()', 'tBodyAccJerkMag-entropy()', 'tBodyAccJerkMag-arCoeff()1', 'tBodyAccJerkMag-arCoeff()2', 'tBodyAccJerkMag-arCoeff()3', 'tBodyAccJerkMag-arCoeff()4', 'tBodyGyroMag-mean()', 'tBodyGyroMag-std()', 'tBodyGyroMag-mad()', 'tBodyGyroMag-max()', 'tBodyGyroMag-min()', 'tBodyGyroMag-sma()', 'tBodyGyroMag-energy()', 'tBodyGyroMag-iqr()', 'tBodyGyroMag-entropy()', 'tBodyGyroMag-arCoeff()1', 'tBodyGyroMag-arCoeff()2', 'tBodyGyroMag-arCoeff()3', 'tBodyGyroMag-arCoeff()4', 'tBodyGyroJerkMag-mean()', 'tBodyGyroJerkMag-std()', 'tBodyGyroJerkMag-mad()', 'tBodyGyroJerkMag-max()', 'tBodyGyroJerkMag-min()', 'tBodyGyroJerkMag-sma()', 'tBodyGyroJerkMag-energy()', 'tBodyGyroJerkMag-iqr()', 'tBodyGyroJerkMag-entropy()', 'tBodyGyroJerkMag-arCoeff()1', 'tBodyGyroJerkMag-arCoeff()2', 'tBodyGyroJerkMag-arCoeff()3', 'tBodyGyroJerkMag-arCoeff()4', 'fBodyAcc-mean()-X', 'fBodyAcc-mean()-Y', 'fBodyAcc-mean()-Z', 'fBodyAcc-std()-X', 'fBodyAcc-std()-Y', 'fBodyAcc-std()-Z', 'fBodyAcc-mad()-X', 'fBodyAcc-mad()-Y', 'fBodyAcc-mad()-Z', 'fBodyAcc-max()-X', 'fBodyAcc-max()-Y', 'fBodyAcc-max()-Z', 'fBodyAcc-min()-X', 'fBodyAcc-min()-Y', 'fBodyAcc-min()-Z', 'fBodyAcc-sma()', 'fBodyAcc-energy()-X', 'fBodyAcc-energy()-Y', 'fBodyAcc-energy()-Z', 'fBodyAcc-iqr()-X', 'fBodyAcc-iqr()-Y', 'fBodyAcc-iqr()-Z', 'fBodyAcc-entropy()-X', 'fBodyAcc-entropy()-Y', 'fBodyAcc-entropy()-Z', 'fBodyAcc-maxInds-X', 'fBodyAcc-maxInds-Y', 'fBodyAcc-maxInds-Z', 'fBodyAcc-meanFreq()-X', 'fBodyAcc-meanFreq()-Y', 'fBodyAcc-meanFreq()-Z', 'fBodyAcc-skewness()-X', 'fBodyAcc-kurtosis()-X', 'fBodyAcc-skewness()-Y', 'fBodyAcc-kurtosis()-Y', 'fBodyAcc-skewness()-Z', 'fBodyAcc-kurtosis()-Z', 'fBodyAcc-bandsEnergy()-1,8', 'fBodyAcc-bandsEnergy()-9,16', 'fBodyAcc-bandsEnergy()-17,24', 'fBodyAcc-bandsEnergy()-25,32', 'fBodyAcc-bandsEnergy()-33,40', 'fBodyAcc-bandsEnergy()-41,48', 'fBodyAcc-bandsEnergy()-49,56', 'fBodyAcc-bandsEnergy()-57,64', 'fBodyAcc-bandsEnergy()-1,16', 'fBodyAcc-bandsEnergy()-17,32', 'fBodyAcc-bandsEnergy()-33,48', 'fBodyAcc-bandsEnergy()-49,64', 'fBodyAcc-bandsEnergy()-1,24', 'fBodyAcc-bandsEnergy()-25,48', 'fBodyAcc-bandsEnergy()-1,8.1', 'fBodyAcc-bandsEnergy()-9,16.1', 'fBodyAcc-bandsEnergy()-17,24.1', 'fBodyAcc-bandsEnergy()-25,32.1', 'fBodyAcc-bandsEnergy()-33,40.1', 'fBodyAcc-bandsEnergy()-41,48.1', 'fBodyAcc-bandsEnergy()-49,56.1', 'fBodyAcc-bandsEnergy()-57,64.1', 'fBodyAcc-bandsEnergy()-1,16.1', 'fBodyAcc-bandsEnergy()-17,32.1', 'fBodyAcc-bandsEnergy()-33,48.1', 'fBodyAcc-bandsEnergy()-49,64.1', 'fBodyAcc-bandsEnergy()-1,24.1', 'fBodyAcc-bandsEnergy()-25,48.1', 'fBodyAcc-bandsEnergy()-1,8.2', 'fBodyAcc-bandsEnergy()-9,16.2', 'fBodyAcc-bandsEnergy()-17,24.2', 'fBodyAcc-bandsEnergy()-25,32.2', 'fBodyAcc-bandsEnergy()-33,40.2', 'fBodyAcc-bandsEnergy()-41,48.2', 'fBodyAcc-bandsEnergy()-49,56.2', 'fBodyAcc-bandsEnergy()-57,64.2', 'fBodyAcc-bandsEnergy()-1,16.2', 'fBodyAcc-bandsEnergy()-17,32.2', 'fBodyAcc-bandsEnergy()-33,48.2', 'fBodyAcc-bandsEnergy()-49,64.2', 'fBodyAcc-bandsEnergy()-1,24.2', 'fBodyAcc-bandsEnergy()-25,48.2', 'fBodyAccJerk-mean()-X', 'fBodyAccJerk-mean()-Y', 'fBodyAccJerk-mean()-Z', 'fBodyAccJerk-std()-X', 'fBodyAccJerk-std()-Y', 'fBodyAccJerk-std()-Z', 'fBodyAccJerk-mad()-X', 'fBodyAccJerk-mad()-Y', 'fBodyAccJerk-mad()-Z', 'fBodyAccJerk-max()-X', 'fBodyAccJerk-max()-Y', 'fBodyAccJerk-max()-Z', 'fBodyAccJerk-min()-X', 'fBodyAccJerk-min()-Y', 'fBodyAccJerk-min()-Z', 'fBodyAccJerk-sma()', 'fBodyAccJerk-energy()-X', 'fBodyAccJerk-energy()-Y', 'fBodyAccJerk-energy()-Z', 'fBodyAccJerk-iqr()-X', 'fBodyAccJerk-iqr()-Y', 'fBodyAccJerk-iqr()-Z', 'fBodyAccJerk-entropy()-X', 'fBodyAccJerk-entropy()-Y', 'fBodyAccJerk-entropy()-Z', 'fBodyAccJerk-maxInds-X', 'fBodyAccJerk-maxInds-Y', 'fBodyAccJerk-maxInds-Z', 'fBodyAccJerk-meanFreq()-X', 'fBodyAccJerk-meanFreq()-Y', 'fBodyAccJerk-meanFreq()-Z', 'fBodyAccJerk-skewness()-X', 'fBodyAccJerk-kurtosis()-X', 'fBodyAccJerk-skewness()-Y', 'fBodyAccJerk-kurtosis()-Y', 'fBodyAccJerk-skewness()-Z', 'fBodyAccJerk-kurtosis()-Z', 'fBodyAccJerk-bandsEnergy()-1,8', 'fBodyAccJerk-bandsEnergy()-9,16', 'fBodyAccJerk-bandsEnergy()-17,24', 'fBodyAccJerk-bandsEnergy()-25,32', 'fBodyAccJerk-bandsEnergy()-33,40', 'fBodyAccJerk-bandsEnergy()-41,48', 'fBodyAccJerk-bandsEnergy()-49,56', 'fBodyAccJerk-bandsEnergy()-57,64', 'fBodyAccJerk-bandsEnergy()-1,16', 'fBodyAccJerk-bandsEnergy()-17,32', 'fBodyAccJerk-bandsEnergy()-33,48', 'fBodyAccJerk-bandsEnergy()-49,64', 'fBodyAccJerk-bandsEnergy()-1,24', 'fBodyAccJerk-bandsEnergy()-25,48', 'fBodyAccJerk-bandsEnergy()-1,8.1', 'fBodyAccJerk-bandsEnergy()-9,16.1', 'fBodyAccJerk-bandsEnergy()-17,24.1', 'fBodyAccJerk-bandsEnergy()-25,32.1', 'fBodyAccJerk-bandsEnergy()-33,40.1', 'fBodyAccJerk-bandsEnergy()-41,48.1', 'fBodyAccJerk-bandsEnergy()-49,56.1', 'fBodyAccJerk-bandsEnergy()-57,64.1', 'fBodyAccJerk-bandsEnergy()-1,16.1', 'fBodyAccJerk-bandsEnergy()-17,32.1', 'fBodyAccJerk-bandsEnergy()-33,48.1', 'fBodyAccJerk-bandsEnergy()-49,64.1', 'fBodyAccJerk-bandsEnergy()-1,24.1', 'fBodyAccJerk-bandsEnergy()-25,48.1', 'fBodyAccJerk-bandsEnergy()-1,8.2', 'fBodyAccJerk-bandsEnergy()-9,16.2', 'fBodyAccJerk-bandsEnergy()-17,24.2', 'fBodyAccJerk-bandsEnergy()-25,32.2', 'fBodyAccJerk-bandsEnergy()-33,40.2', 'fBodyAccJerk-bandsEnergy()-41,48.2', 'fBodyAccJerk-bandsEnergy()-49,56.2', 'fBodyAccJerk-bandsEnergy()-57,64.2', 'fBodyAccJerk-bandsEnergy()-1,16.2', 'fBodyAccJerk-bandsEnergy()-17,32.2', 'fBodyAccJerk-bandsEnergy()-33,48.2', 'fBodyAccJerk-bandsEnergy()-49,64.2', 'fBodyAccJerk-bandsEnergy()-1,24.2', 'fBodyAccJerk-bandsEnergy()-25,48.2', 'fBodyGyro-mean()-X', 'fBodyGyro-mean()-Y', 'fBodyGyro-mean()-Z', 'fBodyGyro-std()-X', 'fBodyGyro-std()-Y', 'fBodyGyro-std()-Z', 'fBodyGyro-mad()-X', 'fBodyGyro-mad()-Y', 'fBodyGyro-mad()-Z', 'fBodyGyro-max()-X', 'fBodyGyro-max()-Y', 'fBodyGyro-max()-Z', 'fBodyGyro-min()-X', 'fBodyGyro-min()-Y', 'fBodyGyro-min()-Z', 'fBodyGyro-sma()', 'fBodyGyro-energy()-X', 'fBodyGyro-energy()-Y', 'fBodyGyro-energy()-Z', 'fBodyGyro-iqr()-X', 'fBodyGyro-iqr()-Y', 'fBodyGyro-iqr()-Z', 'fBodyGyro-entropy()-X', 'fBodyGyro-entropy()-Y', 'fBodyGyro-entropy()-Z', 'fBodyGyro-maxInds-X', 'fBodyGyro-maxInds-Y', 'fBodyGyro-maxInds-Z', 'fBodyGyro-meanFreq()-X', 'fBodyGyro-meanFreq()-Y', 'fBodyGyro-meanFreq()-Z', 'fBodyGyro-skewness()-X', 'fBodyGyro-kurtosis()-X', 'fBodyGyro-skewness()-Y', 'fBodyGyro-kurtosis()-Y', 'fBodyGyro-skewness()-Z', 'fBodyGyro-kurtosis()-Z', 'fBodyGyro-bandsEnergy()-1,8', 'fBodyGyro-bandsEnergy()-9,16', 'fBodyGyro-bandsEnergy()-17,24', 'fBodyGyro-bandsEnergy()-25,32', 'fBodyGyro-bandsEnergy()-33,40', 'fBodyGyro-bandsEnergy()-41,48', 'fBodyGyro-bandsEnergy()-49,56', 'fBodyGyro-bandsEnergy()-57,64', 'fBodyGyro-bandsEnergy()-1,16', 'fBodyGyro-bandsEnergy()-17,32', 'fBodyGyro-bandsEnergy()-33,48', 'fBodyGyro-bandsEnergy()-49,64', 'fBodyGyro-bandsEnergy()-1,24', 'fBodyGyro-bandsEnergy()-25,48', 'fBodyGyro-bandsEnergy()-1,8.1', 'fBodyGyro-bandsEnergy()-9,16.1', 'fBodyGyro-bandsEnergy()-17,24.1', 'fBodyGyro-bandsEnergy()-25,32.1', 'fBodyGyro-bandsEnergy()-33,40.1', 'fBodyGyro-bandsEnergy()-41,48.1', 'fBodyGyro-bandsEnergy()-49,56.1', 'fBodyGyro-bandsEnergy()-57,64.1', 'fBodyGyro-bandsEnergy()-1,16.1', 'fBodyGyro-bandsEnergy()-17,32.1', 'fBodyGyro-bandsEnergy()-33,48.1', 'fBodyGyro-bandsEnergy()-49,64.1', 'fBodyGyro-bandsEnergy()-1,24.1', 'fBodyGyro-bandsEnergy()-25,48.1', 'fBodyGyro-bandsEnergy()-1,8.2', 'fBodyGyro-bandsEnergy()-9,16.2', 'fBodyGyro-bandsEnergy()-17,24.2', 'fBodyGyro-bandsEnergy()-25,32.2', 'fBodyGyro-bandsEnergy()-33,40.2', 'fBodyGyro-bandsEnergy()-41,48.2', 'fBodyGyro-bandsEnergy()-49,56.2', 'fBodyGyro-bandsEnergy()-57,64.2', 'fBodyGyro-bandsEnergy()-1,16.2', 'fBodyGyro-bandsEnergy()-17,32.2', 'fBodyGyro-bandsEnergy()-33,48.2', 'fBodyGyro-bandsEnergy()-49,64.2', 'fBodyGyro-bandsEnergy()-1,24.2', 'fBodyGyro-bandsEnergy()-25,48.2', 'fBodyAccMag-mean()', 'fBodyAccMag-std()', 'fBodyAccMag-mad()', 'fBodyAccMag-max()', 'fBodyAccMag-min()', 'fBodyAccMag-sma()', 'fBodyAccMag-energy()', 'fBodyAccMag-iqr()', 'fBodyAccMag-entropy()', 'fBodyAccMag-maxInds', 'fBodyAccMag-meanFreq()', 'fBodyAccMag-skewness()', 'fBodyAccMag-kurtosis()', 'fBodyBodyAccJerkMag-mean()', 'fBodyBodyAccJerkMag-std()', 'fBodyBodyAccJerkMag-mad()', 'fBodyBodyAccJerkMag-max()', 'fBodyBodyAccJerkMag-min()', 'fBodyBodyAccJerkMag-sma()', 'fBodyBodyAccJerkMag-energy()', 'fBodyBodyAccJerkMag-iqr()', 'fBodyBodyAccJerkMag-entropy()', 'fBodyBodyAccJerkMag-maxInds', 'fBodyBodyAccJerkMag-meanFreq()', 'fBodyBodyAccJerkMag-skewness()', 'fBodyBodyAccJerkMag-kurtosis()', 'fBodyBodyGyroMag-mean()', 'fBodyBodyGyroMag-std()', 'fBodyBodyGyroMag-mad()', 'fBodyBodyGyroMag-max()', 'fBodyBodyGyroMag-min()', 'fBodyBodyGyroMag-sma()', 'fBodyBodyGyroMag-energy()', 'fBodyBodyGyroMag-iqr()', 'fBodyBodyGyroMag-entropy()', 'fBodyBodyGyroMag-maxInds', 'fBodyBodyGyroMag-meanFreq()', 'fBodyBodyGyroMag-skewness()', 'fBodyBodyGyroMag-kurtosis()', 'fBodyBodyGyroJerkMag-mean()', 'fBodyBodyGyroJerkMag-std()', 'fBodyBodyGyroJerkMag-mad()', 'fBodyBodyGyroJerkMag-max()', 'fBodyBodyGyroJerkMag-min()', 'fBodyBodyGyroJerkMag-sma()', 'fBodyBodyGyroJerkMag-energy()', 'fBodyBodyGyroJerkMag-iqr()', 'fBodyBodyGyroJerkMag-entropy()', 'fBodyBodyGyroJerkMag-maxInds', 'fBodyBodyGyroJerkMag-meanFreq()', 'fBodyBodyGyroJerkMag-skewness()', 'fBodyBodyGyroJerkMag-kurtosis()', 'angle(tBodyAccMean,gravity)', 'angle(tBodyAccJerkMean),gravityMean)', 'angle(tBodyGyroMean,gravityMean)', 'angle(tBodyGyroJerkMean,gravityMean)', 'angle(X,gravityMean)', 'angle(Y,gravityMean)', 'angle(Z,gravityMean)']

2025-09-03 18:21:58,936 - Sélection initiale des variables:
2025-09-03 18:21:58,936 - Méthode de filtrage sur les scores issus de tests de Kruskal-Wallis pour les statistiques mean et std.
2025-09-03 18:21:59,293 - Nombre de variables retenues : 26
2025-09-03 18:21:59,293 - Variables retenues : ['fBodyAcc-bandsEnergy()-1,16', 'fBodyAccMag-std()', 'fBodyAcc-bandsEnergy()-49,56', 'tGravityAcc-entropy()-Y', 'fBodyAcc-bandsEnergy()-41,48', 'fBodyAccJerk-bandsEnergy()-1,16', 'fBodyAcc-bandsEnergy()-33,48', 'angle(tBodyGyroMean,gravityMean)', 'fBodyAcc-bandsEnergy()-9,16', 'fBodyAcc-mad()-X', 'fBodyAcc-bandsEnergy()-1,24', 'fBodyAcc-std()-X', 'tBodyAcc-max()-X', 'tBodyGyro-mean()-X', 'fBodyAccJerk-bandsEnergy()-1,8', 'fBodyAcc-mean()-X', 'tBodyAccJerk-mean()-X', 'fBodyAcc-max()-X', 'fBodyAcc-energy()-X', 'fBodyAcc-bandsEnergy()-33,40', 'fBodyAccMag-energy()', 'fBodyAcc-bandsEnergy()-1,8', 'fBodyAccMag-mad()', 'tBodyAcc-mad()-X', 'tBodyAcc-energy()-X', 'tBodyAcc-std()-X']

2025-09-03 18:21:59,293 - ANALYSE DES DONNEES D'ENTRAINEMENT

2025-09-03 18:21:59,628 - Il y a 280 séquences de mesures
2025-09-03 18:21:59,775 - Répartition des classes:
2025-09-03 18:21:59,790 - LAYING : 43 séquences (15.36%)
2025-09-03 18:21:59,790 - SITTING : 43 séquences (15.36%)
2025-09-03 18:21:59,790 - STANDING : 42 séquences (15.00%)
2025-09-03 18:21:59,790 - WALKING : 42 séquences (15.00%)
2025-09-03 18:21:59,790 - WALKING_DOWNSTAIRS : 56 séquences (20.00%)
2025-09-03 18:21:59,790 - WALKING_UPSTAIRS : 54 séquences (19.29%)
2025-09-03 18:21:59,810 - La plus longue séquence comporte 48 éléments

2025-09-03 18:21:59,856 - Les données sont centrées-réduites et un padding de zeros est appliqué afin d'uniformiser la longueur des séquences à celle maximale

2025-09-03 18:21:59,857 - ANALYSE DES DONNEES DE TEST

2025-09-03 18:22:00,303 - Il y a 120 séquences de mesures
2025-09-03 18:22:00,303 - Répartition des classes:
2025-09-03 18:22:00,303 - LAYING : 18 séquences (15.00%)
2025-09-03 18:22:00,303 - SITTING : 18 séquences (15.00%)
2025-09-03 18:22:00,303 - STANDING : 18 séquences (15.00%)
2025-09-03 18:22:00,303 - WALKING : 18 séquences (15.00%)
2025-09-03 18:22:00,303 - WALKING_DOWNSTAIRS : 25 séquences (20.83%)
2025-09-03 18:22:00,303 - WALKING_UPSTAIRS : 23 séquences (19.17%)
2025-09-03 18:22:00,309 - La plus longue séquence comporte 40 éléments

2025-09-03 18:22:00,309 - Les données sont centrées-réduites et un padding de zeros est appliqué afin d'uniformiser la longueur des séquences à celle maximale

2025-09-03 18:22:00,310 - HYPERPARAMETRES FIXES

2025-09-03 18:22:00,310 - Nombre de cycles d'entrainement maximal: 500
2025-09-03 18:22:00,310 - Nombre de cycles d'entrainement maximal sans amélioration avant arret précoce: 80
2025-09-03 18:22:00,310 - Planificateur du taux d'apprentissage: ReduceLROnPlateau
2025-09-03 18:22:00,310 - Nombre d'époques de tolérance du planificateur: 30
2025-09-03 18:22:00,310 - Nombre de folds pour la validation croisée stratifiée: 10
2025-09-03 18:22:00,310 - Optimiseur: Adam avec weight_decay
2025-09-03 18:22:00,310 - Métrique de perte: CrossEntropyLoss
2025-09-03 18:22:00,310 - Graine aléatoire pour la reproductibilité des découpages de la validation croisée entre chaque jeu d'hyperparamètres: 42

2025-09-03 18:22:00,310 - HYPERPARAMETRES TESTES

2025-09-03 18:22:00,310 - {'estimator': {'Transformer': {'d_model': [36], 'nhead': [3], 'num_layers': [2], 'dropout': [0.125]}}, 'weight_decay': [1e-06], 'lr': [0.004], 'scheduler_factor': [0.6], 'batch_size': [36]}

2025-09-03 18:22:00,310 - DÉBUT DE LA RECHERCHE ALEATOIRE D'HYPERPARAMÈTRES AVEC SAUVEGARDE DES RESULTATS

2025-09-03 18:22:00,310 - Nombre de jeux d'hyperparamètres à tester: 1

2025-09-03 18:22:00,310 - JEU D'HYPERPARAMÈTRES 1:
2025-09-03 18:22:00,310 - {'estimator_name': 'Transformer', 'estimator_params': {'d_model': 36, 'nhead': 3, 'num_layers': 2, 'dropout': 0.125}, 'weight_decay': 1e-06, 'lr': 0.004, 'scheduler_factor': 0.6, 'batch_size': 36}

2025-09-03 18:22:00,310 - Début des validations croisées pour le jeu d'hyperparamètres 1

2025-09-03 18:22:00,310 - Sélection de variables en avant
2025-09-03 18:22:00,310 - Score considéré : mean accuracy - std accuracy

2025-09-03 18:22:00,310 - Variables actuellement selectionnées : []

2025-09-03 18:22:00,310 - Variable candidate fBodyAcc-bandsEnergy()-1,16 testée
2025-09-03 18:22:00,310 - 
2025-09-03 18:22:00,346 - === Fold 1/10 ===
2025-09-03 18:22:07,426 - Epoch 1/500 - Train Loss: 1.3703, Train Acc: 40.48% - Val loss: 1.0500, Val Acc: 50.00%
2025-09-03 18:22:09,349 - Early stopping à l'epoch 125
2025-09-03 18:22:09,351 - Fold 1 - Accuracy finale: 82.14%
2025-09-03 18:22:09,351 - === Fold 2/10 ===
2025-09-03 18:22:09,373 - Epoch 1/500 - Train Loss: 1.3928, Train Acc: 34.52% - Val loss: 1.1644, Val Acc: 35.71%
2025-09-03 18:22:10,833 - Early stopping à l'epoch 97
2025-09-03 18:22:10,834 - Fold 2 - Accuracy finale: 67.86%
2025-09-03 18:22:10,834 - === Fold 3/10 ===
2025-09-03 18:22:10,853 - Epoch 1/500 - Train Loss: 1.3769, Train Acc: 33.33% - Val loss: 1.1189, Val Acc: 46.43%
2025-09-03 18:22:13,147 - Early stopping à l'epoch 152
2025-09-03 18:22:13,148 - Fold 3 - Accuracy finale: 64.29%
2025-09-03 18:22:13,148 - === Fold 4/10 ===
2025-09-03 18:22:13,166 - Epoch 1/500 - Train Loss: 1.4367, Train Acc: 34.92% - Val loss: 1.0135, Val Acc: 46.43%
2025-09-03 18:22:14,571 - Early stopping à l'epoch 93
2025-09-03 18:22:14,572 - Fold 4 - Accuracy finale: 57.14%
2025-09-03 18:22:14,573 - === Fold 5/10 ===
2025-09-03 18:22:14,591 - Epoch 1/500 - Train Loss: 1.3431, Train Acc: 40.87% - Val loss: 1.1252, Val Acc: 50.00%
2025-09-03 18:22:16,157 - Early stopping à l'epoch 104
2025-09-03 18:22:16,158 - Fold 5 - Accuracy finale: 46.43%
2025-09-03 18:22:16,158 - === Fold 6/10 ===
2025-09-03 18:22:16,177 - Epoch 1/500 - Train Loss: 1.4905, Train Acc: 35.32% - Val loss: 1.1366, Val Acc: 46.43%
2025-09-03 18:22:18,146 - Early stopping à l'epoch 130
2025-09-03 18:22:18,147 - Fold 6 - Accuracy finale: 57.14%
2025-09-03 18:22:18,147 - === Fold 7/10 ===
2025-09-03 18:22:18,167 - Epoch 1/500 - Train Loss: 1.3779, Train Acc: 39.29% - Val loss: 1.1661, Val Acc: 39.29%
2025-09-03 18:22:20,986 - Early stopping à l'epoch 187
2025-09-03 18:22:20,988 - Fold 7 - Accuracy finale: 64.29%
2025-09-03 18:22:20,988 - === Fold 8/10 ===
2025-09-03 18:22:21,006 - Epoch 1/500 - Train Loss: 1.4815, Train Acc: 34.92% - Val loss: 1.1544, Val Acc: 39.29%
2025-09-03 18:22:23,672 - Early stopping à l'epoch 177
2025-09-03 18:22:23,673 - Fold 8 - Accuracy finale: 57.14%
2025-09-03 18:22:23,674 - === Fold 9/10 ===
2025-09-03 18:22:23,692 - Epoch 1/500 - Train Loss: 1.5014, Train Acc: 33.33% - Val loss: 1.2500, Val Acc: 39.29%
2025-09-03 18:22:25,924 - Early stopping à l'epoch 147
2025-09-03 18:22:25,925 - Fold 9 - Accuracy finale: 60.71%
2025-09-03 18:22:25,925 - === Fold 10/10 ===
2025-09-03 18:22:25,944 - Epoch 1/500 - Train Loss: 1.3996, Train Acc: 37.70% - Val loss: 1.0901, Val Acc: 46.43%
2025-09-03 18:22:28,560 - Early stopping à l'epoch 171
2025-09-03 18:22:28,561 - Fold 10 - Accuracy finale: 60.71%
2025-09-03 18:22:28,561 - 
2025-09-03 18:22:28,561 - Résultats de la validation croisée
2025-09-03 18:22:28,561 - 
2025-09-03 18:22:28,561 - Accuracy moyenne: 61.79% ± 8.76%
2025-09-03 18:22:28,561 - Loss moyenne: 0.8031 ± 0.1460
2025-09-03 18:22:28,561 - Nombre d'epochs moyen: 138
2025-09-03 18:22:28,561 - Accuracy par fold: ['82.14%', '67.86%', '64.29%', '57.14%', '46.43%', '57.14%', '64.29%', '57.14%', '60.71%', '60.71%']

2025-09-03 18:22:28,561 - Variable candidate fBodyAccMag-std() testée
2025-09-03 18:22:28,561 - 
2025-09-03 18:22:28,562 - === Fold 1/10 ===
2025-09-03 18:22:28,580 - Epoch 1/500 - Train Loss: 1.3585, Train Acc: 36.51% - Val loss: 1.1461, Val Acc: 28.57%
2025-09-03 18:22:30,887 - Early stopping à l'epoch 153
2025-09-03 18:22:30,889 - Fold 1 - Accuracy finale: 71.43%
2025-09-03 18:22:30,889 - === Fold 2/10 ===
2025-09-03 18:22:30,908 - Epoch 1/500 - Train Loss: 1.3801, Train Acc: 33.73% - Val loss: 1.1943, Val Acc: 35.71%
2025-09-03 18:22:33,346 - Early stopping à l'epoch 160
2025-09-03 18:22:33,348 - Fold 2 - Accuracy finale: 42.86%
2025-09-03 18:22:33,348 - === Fold 3/10 ===
2025-09-03 18:22:33,366 - Epoch 1/500 - Train Loss: 1.3846, Train Acc: 28.97% - Val loss: 1.1573, Val Acc: 39.29%
2025-09-03 18:22:34,713 - Early stopping à l'epoch 88
2025-09-03 18:22:34,714 - Fold 3 - Accuracy finale: 53.57%
2025-09-03 18:22:34,714 - === Fold 4/10 ===
2025-09-03 18:22:34,733 - Epoch 1/500 - Train Loss: 1.4178, Train Acc: 35.32% - Val loss: 1.0986, Val Acc: 46.43%
2025-09-03 18:22:36,409 - Early stopping à l'epoch 111
2025-09-03 18:22:36,410 - Fold 4 - Accuracy finale: 42.86%
2025-09-03 18:22:36,410 - === Fold 5/10 ===
2025-09-03 18:22:36,428 - Epoch 1/500 - Train Loss: 1.3526, Train Acc: 39.29% - Val loss: 1.1511, Val Acc: 39.29%
2025-09-03 18:22:38,039 - Early stopping à l'epoch 107
2025-09-03 18:22:38,040 - Fold 5 - Accuracy finale: 60.71%
2025-09-03 18:22:38,040 - === Fold 6/10 ===
2025-09-03 18:22:38,059 - Epoch 1/500 - Train Loss: 1.4597, Train Acc: 34.52% - Val loss: 1.1907, Val Acc: 28.57%
2025-09-03 18:22:39,955 - Early stopping à l'epoch 122
2025-09-03 18:22:39,957 - Fold 6 - Accuracy finale: 53.57%
2025-09-03 18:22:39,957 - === Fold 7/10 ===
2025-09-03 18:22:39,976 - Epoch 1/500 - Train Loss: 1.3662, Train Acc: 34.52% - Val loss: 1.1751, Val Acc: 46.43%
2025-09-03 18:22:42,027 - Early stopping à l'epoch 137
2025-09-03 18:22:42,029 - Fold 7 - Accuracy finale: 67.86%
2025-09-03 18:22:42,029 - === Fold 8/10 ===
2025-09-03 18:22:42,047 - Epoch 1/500 - Train Loss: 1.4903, Train Acc: 32.94% - Val loss: 1.2298, Val Acc: 32.14%
2025-09-03 18:22:44,153 - Early stopping à l'epoch 139
2025-09-03 18:22:44,154 - Fold 8 - Accuracy finale: 53.57%
2025-09-03 18:22:44,154 - === Fold 9/10 ===
2025-09-03 18:22:44,173 - Epoch 1/500 - Train Loss: 1.4760, Train Acc: 33.73% - Val loss: 1.2099, Val Acc: 39.29%
2025-09-03 18:22:46,269 - Early stopping à l'epoch 139
2025-09-03 18:22:46,270 - Fold 9 - Accuracy finale: 53.57%
2025-09-03 18:22:46,270 - === Fold 10/10 ===
2025-09-03 18:22:46,291 - Epoch 1/500 - Train Loss: 1.3811, Train Acc: 38.49% - Val loss: 1.1640, Val Acc: 50.00%
2025-09-03 18:22:48,779 - Early stopping à l'epoch 163
2025-09-03 18:22:48,780 - Fold 10 - Accuracy finale: 57.14%
2025-09-03 18:22:48,780 - 
2025-09-03 18:22:48,780 - Résultats de la validation croisée
2025-09-03 18:22:48,780 - 
2025-09-03 18:22:48,780 - Accuracy moyenne: 55.71% ± 8.78%
2025-09-03 18:22:48,780 - Loss moyenne: 0.8634 ± 0.1205
2025-09-03 18:22:48,780 - Nombre d'epochs moyen: 131
2025-09-03 18:22:48,780 - Accuracy par fold: ['71.43%', '42.86%', '53.57%', '42.86%', '60.71%', '53.57%', '67.86%', '53.57%', '53.57%', '57.14%']

2025-09-03 18:22:48,780 - Variable candidate fBodyAcc-bandsEnergy()-49,56 testée
2025-09-03 18:22:48,780 - 
2025-09-03 18:22:48,781 - === Fold 1/10 ===
2025-09-03 18:22:48,800 - Epoch 1/500 - Train Loss: 1.4787, Train Acc: 33.73% - Val loss: 1.1889, Val Acc: 28.57%
2025-09-03 18:22:50,332 - Early stopping à l'epoch 100
2025-09-03 18:22:50,333 - Fold 1 - Accuracy finale: 46.43%
2025-09-03 18:22:50,333 - === Fold 2/10 ===
2025-09-03 18:22:50,352 - Epoch 1/500 - Train Loss: 1.4889, Train Acc: 34.52% - Val loss: 1.2865, Val Acc: 28.57%
2025-09-03 18:22:52,876 - Early stopping à l'epoch 164
2025-09-03 18:22:52,877 - Fold 2 - Accuracy finale: 60.71%
2025-09-03 18:22:52,877 - === Fold 3/10 ===
2025-09-03 18:22:52,896 - Epoch 1/500 - Train Loss: 1.4873, Train Acc: 30.16% - Val loss: 1.2031, Val Acc: 50.00%
2025-09-03 18:22:55,736 - Early stopping à l'epoch 185
2025-09-03 18:22:55,737 - Fold 3 - Accuracy finale: 60.71%
2025-09-03 18:22:55,737 - === Fold 4/10 ===
2025-09-03 18:22:55,757 - Epoch 1/500 - Train Loss: 1.5024, Train Acc: 36.51% - Val loss: 1.1109, Val Acc: 39.29%
2025-09-03 18:22:57,146 - Early stopping à l'epoch 91
2025-09-03 18:22:57,147 - Fold 4 - Accuracy finale: 46.43%
2025-09-03 18:22:57,147 - === Fold 5/10 ===
2025-09-03 18:22:57,166 - Epoch 1/500 - Train Loss: 1.4488, Train Acc: 39.29% - Val loss: 1.1430, Val Acc: 39.29%
2025-09-03 18:22:58,505 - Early stopping à l'epoch 88
2025-09-03 18:22:58,507 - Fold 5 - Accuracy finale: 46.43%
2025-09-03 18:22:58,507 - === Fold 6/10 ===
2025-09-03 18:22:58,525 - Epoch 1/500 - Train Loss: 1.5302, Train Acc: 34.92% - Val loss: 1.2307, Val Acc: 25.00%
2025-09-03 18:23:00,026 - Early stopping à l'epoch 99
2025-09-03 18:23:00,027 - Fold 6 - Accuracy finale: 53.57%
2025-09-03 18:23:00,027 - === Fold 7/10 ===
2025-09-03 18:23:00,045 - Epoch 1/500 - Train Loss: 1.4659, Train Acc: 37.30% - Val loss: 1.2716, Val Acc: 28.57%
2025-09-03 18:23:03,079 - Epoch 201/500 - Train Loss: 0.7603, Train Acc: 62.30% - Val loss: 0.8375, Val Acc: 64.29%
2025-09-03 18:23:03,518 - Early stopping à l'epoch 230
2025-09-03 18:23:03,519 - Fold 7 - Accuracy finale: 57.14%
2025-09-03 18:23:03,519 - === Fold 8/10 ===
2025-09-03 18:23:03,539 - Epoch 1/500 - Train Loss: 1.5843, Train Acc: 29.37% - Val loss: 1.2420, Val Acc: 32.14%
2025-09-03 18:23:05,061 - Early stopping à l'epoch 100
2025-09-03 18:23:05,062 - Fold 8 - Accuracy finale: 39.29%
2025-09-03 18:23:05,062 - === Fold 9/10 ===
2025-09-03 18:23:05,082 - Epoch 1/500 - Train Loss: 1.5914, Train Acc: 32.94% - Val loss: 1.3175, Val Acc: 35.71%
2025-09-03 18:23:08,112 - Early stopping à l'epoch 197
2025-09-03 18:23:08,114 - Fold 9 - Accuracy finale: 57.14%
2025-09-03 18:23:08,114 - === Fold 10/10 ===
2025-09-03 18:23:08,133 - Epoch 1/500 - Train Loss: 1.6116, Train Acc: 30.16% - Val loss: 1.1912, Val Acc: 32.14%
2025-09-03 18:23:10,432 - Early stopping à l'epoch 152
2025-09-03 18:23:10,433 - Fold 10 - Accuracy finale: 50.00%
2025-09-03 18:23:10,433 - 
2025-09-03 18:23:10,433 - Résultats de la validation croisée
2025-09-03 18:23:10,433 - 
2025-09-03 18:23:10,433 - Accuracy moyenne: 51.79% ± 6.82%
2025-09-03 18:23:10,433 - Loss moyenne: 0.9470 ± 0.1284
2025-09-03 18:23:10,433 - Nombre d'epochs moyen: 140
2025-09-03 18:23:10,433 - Accuracy par fold: ['46.43%', '60.71%', '60.71%', '46.43%', '46.43%', '53.57%', '57.14%', '39.29%', '57.14%', '50.00%']

2025-09-03 18:23:10,433 - Variable candidate tGravityAcc-entropy()-Y testée
2025-09-03 18:23:10,433 - 
2025-09-03 18:23:10,434 - === Fold 1/10 ===
2025-09-03 18:23:10,453 - Epoch 1/500 - Train Loss: 1.7579, Train Acc: 23.81% - Val loss: 1.6981, Val Acc: 21.43%
2025-09-03 18:23:12,151 - Early stopping à l'epoch 111
2025-09-03 18:23:12,152 - Fold 1 - Accuracy finale: 32.14%
2025-09-03 18:23:12,152 - === Fold 2/10 ===
2025-09-03 18:23:12,171 - Epoch 1/500 - Train Loss: 1.7155, Train Acc: 25.40% - Val loss: 1.3728, Val Acc: 28.57%
2025-09-03 18:23:15,198 - Epoch 201/500 - Train Loss: 1.1369, Train Acc: 46.43% - Val loss: 1.1743, Val Acc: 35.71%
2025-09-03 18:23:16,471 - Early stopping à l'epoch 284
2025-09-03 18:23:16,473 - Fold 2 - Accuracy finale: 35.71%
2025-09-03 18:23:16,473 - === Fold 3/10 ===
2025-09-03 18:23:16,491 - Epoch 1/500 - Train Loss: 1.8597, Train Acc: 21.83% - Val loss: 1.3747, Val Acc: 32.14%
2025-09-03 18:23:18,111 - Early stopping à l'epoch 107
2025-09-03 18:23:18,112 - Fold 3 - Accuracy finale: 28.57%
2025-09-03 18:23:18,113 - === Fold 4/10 ===
2025-09-03 18:23:18,131 - Epoch 1/500 - Train Loss: 1.7713, Train Acc: 25.40% - Val loss: 1.3563, Val Acc: 28.57%
2025-09-03 18:23:21,200 - Epoch 201/500 - Train Loss: 1.1375, Train Acc: 45.63% - Val loss: 1.7354, Val Acc: 39.29%
2025-09-03 18:23:21,523 - Early stopping à l'epoch 222
2025-09-03 18:23:21,524 - Fold 4 - Accuracy finale: 39.29%
2025-09-03 18:23:21,524 - === Fold 5/10 ===
2025-09-03 18:23:21,543 - Epoch 1/500 - Train Loss: 1.7327, Train Acc: 27.38% - Val loss: 1.3877, Val Acc: 35.71%
2025-09-03 18:23:24,642 - Epoch 201/500 - Train Loss: 1.1039, Train Acc: 48.02% - Val loss: 1.1382, Val Acc: 42.86%
2025-09-03 18:23:25,443 - Early stopping à l'epoch 253
2025-09-03 18:23:25,444 - Fold 5 - Accuracy finale: 42.86%
2025-09-03 18:23:25,444 - === Fold 6/10 ===
2025-09-03 18:23:25,463 - Epoch 1/500 - Train Loss: 1.8058, Train Acc: 24.21% - Val loss: 1.5327, Val Acc: 25.00%
2025-09-03 18:23:26,704 - Early stopping à l'epoch 82
2025-09-03 18:23:26,705 - Fold 6 - Accuracy finale: 32.14%
2025-09-03 18:23:26,705 - === Fold 7/10 ===
2025-09-03 18:23:26,724 - Epoch 1/500 - Train Loss: 1.7832, Train Acc: 22.62% - Val loss: 1.4776, Val Acc: 25.00%
2025-09-03 18:23:29,170 - Early stopping à l'epoch 161
2025-09-03 18:23:29,171 - Fold 7 - Accuracy finale: 35.71%
2025-09-03 18:23:29,171 - === Fold 8/10 ===
2025-09-03 18:23:29,189 - Epoch 1/500 - Train Loss: 1.8926, Train Acc: 25.00% - Val loss: 1.4157, Val Acc: 28.57%
2025-09-03 18:23:31,584 - Early stopping à l'epoch 156
2025-09-03 18:23:31,585 - Fold 8 - Accuracy finale: 32.14%
2025-09-03 18:23:31,585 - === Fold 9/10 ===
2025-09-03 18:23:31,604 - Epoch 1/500 - Train Loss: 1.8900, Train Acc: 21.83% - Val loss: 1.4834, Val Acc: 32.14%
2025-09-03 18:23:34,084 - Early stopping à l'epoch 163
2025-09-03 18:23:34,085 - Fold 9 - Accuracy finale: 32.14%
2025-09-03 18:23:34,085 - === Fold 10/10 ===
2025-09-03 18:23:34,106 - Epoch 1/500 - Train Loss: 1.8963, Train Acc: 21.83% - Val loss: 1.4220, Val Acc: 28.57%
2025-09-03 18:23:37,172 - Epoch 201/500 - Train Loss: 1.1119, Train Acc: 45.63% - Val loss: 1.0638, Val Acc: 50.00%
2025-09-03 18:23:38,040 - Early stopping à l'epoch 258
2025-09-03 18:23:38,041 - Fold 10 - Accuracy finale: 50.00%
2025-09-03 18:23:38,041 - 
2025-09-03 18:23:38,041 - Résultats de la validation croisée
2025-09-03 18:23:38,042 - 
2025-09-03 18:23:38,042 - Accuracy moyenne: 36.07% ± 6.07%
2025-09-03 18:23:38,042 - Loss moyenne: 1.4744 ± 0.2536
2025-09-03 18:23:38,042 - Nombre d'epochs moyen: 179
2025-09-03 18:23:38,042 - Accuracy par fold: ['32.14%', '35.71%', '28.57%', '39.29%', '42.86%', '32.14%', '35.71%', '32.14%', '32.14%', '50.00%']

2025-09-03 18:23:38,042 - Variable candidate fBodyAcc-bandsEnergy()-41,48 testée
2025-09-03 18:23:38,042 - 
2025-09-03 18:23:38,042 - === Fold 1/10 ===
2025-09-03 18:23:38,063 - Epoch 1/500 - Train Loss: 1.4357, Train Acc: 38.49% - Val loss: 1.1830, Val Acc: 32.14%
2025-09-03 18:23:40,467 - Early stopping à l'epoch 158
2025-09-03 18:23:40,468 - Fold 1 - Accuracy finale: 53.57%
2025-09-03 18:23:40,468 - === Fold 2/10 ===
2025-09-03 18:23:40,487 - Epoch 1/500 - Train Loss: 1.4543, Train Acc: 34.52% - Val loss: 1.2525, Val Acc: 32.14%
2025-09-03 18:23:41,947 - Early stopping à l'epoch 96
2025-09-03 18:23:41,948 - Fold 2 - Accuracy finale: 39.29%
2025-09-03 18:23:41,948 - === Fold 3/10 ===
2025-09-03 18:23:41,967 - Epoch 1/500 - Train Loss: 1.4648, Train Acc: 32.54% - Val loss: 1.2128, Val Acc: 42.86%
2025-09-03 18:23:43,482 - Early stopping à l'epoch 100
2025-09-03 18:23:43,483 - Fold 3 - Accuracy finale: 64.29%
2025-09-03 18:23:43,483 - === Fold 4/10 ===
2025-09-03 18:23:43,502 - Epoch 1/500 - Train Loss: 1.4897, Train Acc: 34.13% - Val loss: 1.0901, Val Acc: 42.86%
2025-09-03 18:23:46,535 - Epoch 201/500 - Train Loss: 0.8265, Train Acc: 57.54% - Val loss: 0.7213, Val Acc: 57.14%
2025-09-03 18:23:48,521 - Early stopping à l'epoch 330
2025-09-03 18:23:48,522 - Fold 4 - Accuracy finale: 64.29%
2025-09-03 18:23:48,522 - === Fold 5/10 ===
2025-09-03 18:23:48,541 - Epoch 1/500 - Train Loss: 1.4319, Train Acc: 38.89% - Val loss: 1.1054, Val Acc: 42.86%
2025-09-03 18:23:49,902 - Early stopping à l'epoch 89
2025-09-03 18:23:49,903 - Fold 5 - Accuracy finale: 35.71%
2025-09-03 18:23:49,903 - === Fold 6/10 ===
2025-09-03 18:23:49,923 - Epoch 1/500 - Train Loss: 1.5156, Train Acc: 33.73% - Val loss: 1.2121, Val Acc: 28.57%
2025-09-03 18:23:51,483 - Early stopping à l'epoch 103
2025-09-03 18:23:51,484 - Fold 6 - Accuracy finale: 50.00%
2025-09-03 18:23:51,484 - === Fold 7/10 ===
2025-09-03 18:23:51,503 - Epoch 1/500 - Train Loss: 1.4446, Train Acc: 38.10% - Val loss: 1.2476, Val Acc: 28.57%
2025-09-03 18:23:54,249 - Early stopping à l'epoch 182
2025-09-03 18:23:54,250 - Fold 7 - Accuracy finale: 78.57%
2025-09-03 18:23:54,250 - === Fold 8/10 ===
2025-09-03 18:23:54,269 - Epoch 1/500 - Train Loss: 1.5607, Train Acc: 30.95% - Val loss: 1.2293, Val Acc: 32.14%
2025-09-03 18:23:56,186 - Early stopping à l'epoch 127
2025-09-03 18:23:56,187 - Fold 8 - Accuracy finale: 50.00%
2025-09-03 18:23:56,187 - === Fold 9/10 ===
2025-09-03 18:23:56,206 - Epoch 1/500 - Train Loss: 1.5767, Train Acc: 34.13% - Val loss: 1.2568, Val Acc: 39.29%
2025-09-03 18:23:57,971 - Early stopping à l'epoch 117
2025-09-03 18:23:57,972 - Fold 9 - Accuracy finale: 53.57%
2025-09-03 18:23:57,972 - === Fold 10/10 ===
2025-09-03 18:23:57,992 - Epoch 1/500 - Train Loss: 1.5554, Train Acc: 32.14% - Val loss: 1.1636, Val Acc: 39.29%
2025-09-03 18:24:00,999 - Early stopping à l'epoch 197
2025-09-03 18:24:01,000 - Fold 10 - Accuracy finale: 42.86%
2025-09-03 18:24:01,000 - 
2025-09-03 18:24:01,000 - Résultats de la validation croisée
2025-09-03 18:24:01,000 - 
2025-09-03 18:24:01,000 - Accuracy moyenne: 53.21% ± 12.31%
2025-09-03 18:24:01,000 - Loss moyenne: 1.0127 ± 0.1805
2025-09-03 18:24:01,000 - Nombre d'epochs moyen: 149
2025-09-03 18:24:01,000 - Accuracy par fold: ['53.57%', '39.29%', '64.29%', '64.29%', '35.71%', '50.00%', '78.57%', '50.00%', '53.57%', '42.86%']

2025-09-03 18:24:01,000 - Variable candidate fBodyAccJerk-bandsEnergy()-1,16 testée
2025-09-03 18:24:01,000 - 
2025-09-03 18:24:01,001 - === Fold 1/10 ===
2025-09-03 18:24:01,020 - Epoch 1/500 - Train Loss: 1.3873, Train Acc: 39.68% - Val loss: 1.1278, Val Acc: 28.57%
2025-09-03 18:24:02,443 - Early stopping à l'epoch 94
2025-09-03 18:24:02,445 - Fold 1 - Accuracy finale: 50.00%
2025-09-03 18:24:02,445 - === Fold 2/10 ===
2025-09-03 18:24:02,462 - Epoch 1/500 - Train Loss: 1.3976, Train Acc: 35.32% - Val loss: 1.2031, Val Acc: 28.57%
2025-09-03 18:24:04,020 - Early stopping à l'epoch 103
2025-09-03 18:24:04,021 - Fold 2 - Accuracy finale: 42.86%
2025-09-03 18:24:04,021 - === Fold 3/10 ===
2025-09-03 18:24:04,040 - Epoch 1/500 - Train Loss: 1.4387, Train Acc: 30.56% - Val loss: 1.2254, Val Acc: 42.86%
2025-09-03 18:24:05,709 - Early stopping à l'epoch 110
2025-09-03 18:24:05,711 - Fold 3 - Accuracy finale: 46.43%
2025-09-03 18:24:05,711 - === Fold 4/10 ===
2025-09-03 18:24:05,730 - Epoch 1/500 - Train Loss: 1.4750, Train Acc: 33.73% - Val loss: 1.0883, Val Acc: 39.29%
2025-09-03 18:24:07,808 - Early stopping à l'epoch 136
2025-09-03 18:24:07,809 - Fold 4 - Accuracy finale: 50.00%
2025-09-03 18:24:07,809 - === Fold 5/10 ===
2025-09-03 18:24:07,828 - Epoch 1/500 - Train Loss: 1.3913, Train Acc: 39.68% - Val loss: 1.2250, Val Acc: 35.71%
2025-09-03 18:24:09,068 - Early stopping à l'epoch 81
2025-09-03 18:24:09,069 - Fold 5 - Accuracy finale: 35.71%
2025-09-03 18:24:09,069 - === Fold 6/10 ===
2025-09-03 18:24:09,088 - Epoch 1/500 - Train Loss: 1.4908, Train Acc: 36.11% - Val loss: 1.1903, Val Acc: 32.14%
2025-09-03 18:24:11,277 - Early stopping à l'epoch 143
2025-09-03 18:24:11,278 - Fold 6 - Accuracy finale: 57.14%
2025-09-03 18:24:11,279 - === Fold 7/10 ===
2025-09-03 18:24:11,299 - Epoch 1/500 - Train Loss: 1.4100, Train Acc: 37.30% - Val loss: 1.3050, Val Acc: 25.00%
2025-09-03 18:24:12,847 - Early stopping à l'epoch 101
2025-09-03 18:24:12,848 - Fold 7 - Accuracy finale: 46.43%
2025-09-03 18:24:12,848 - === Fold 8/10 ===
2025-09-03 18:24:12,868 - Epoch 1/500 - Train Loss: 1.5370, Train Acc: 32.54% - Val loss: 1.2297, Val Acc: 32.14%
2025-09-03 18:24:14,174 - Early stopping à l'epoch 86
2025-09-03 18:24:14,176 - Fold 8 - Accuracy finale: 42.86%
2025-09-03 18:24:14,176 - === Fold 9/10 ===
2025-09-03 18:24:14,195 - Epoch 1/500 - Train Loss: 1.5339, Train Acc: 34.52% - Val loss: 1.2773, Val Acc: 39.29%
2025-09-03 18:24:17,254 - Epoch 201/500 - Train Loss: 0.8402, Train Acc: 55.95% - Val loss: 0.8994, Val Acc: 50.00%
2025-09-03 18:24:17,831 - Early stopping à l'epoch 239
2025-09-03 18:24:17,833 - Fold 9 - Accuracy finale: 53.57%
2025-09-03 18:24:17,833 - === Fold 10/10 ===
2025-09-03 18:24:17,852 - Epoch 1/500 - Train Loss: 1.4531, Train Acc: 34.92% - Val loss: 1.1406, Val Acc: 46.43%
2025-09-03 18:24:19,763 - Early stopping à l'epoch 126
2025-09-03 18:24:19,764 - Fold 10 - Accuracy finale: 50.00%
2025-09-03 18:24:19,764 - 
2025-09-03 18:24:19,764 - Résultats de la validation croisée
2025-09-03 18:24:19,764 - 
2025-09-03 18:24:19,764 - Accuracy moyenne: 47.50% ± 5.77%
2025-09-03 18:24:19,764 - Loss moyenne: 1.0130 ± 0.1532
2025-09-03 18:24:19,764 - Nombre d'epochs moyen: 121
2025-09-03 18:24:19,764 - Accuracy par fold: ['50.00%', '42.86%', '46.43%', '50.00%', '35.71%', '57.14%', '46.43%', '42.86%', '53.57%', '50.00%']

2025-09-03 18:24:19,764 - Variable candidate fBodyAcc-bandsEnergy()-33,48 testée
2025-09-03 18:24:19,764 - 
2025-09-03 18:24:19,765 - === Fold 1/10 ===
2025-09-03 18:24:19,784 - Epoch 1/500 - Train Loss: 1.4238, Train Acc: 37.70% - Val loss: 1.1917, Val Acc: 28.57%
2025-09-03 18:24:21,275 - Early stopping à l'epoch 98
2025-09-03 18:24:21,276 - Fold 1 - Accuracy finale: 35.71%
2025-09-03 18:24:21,276 - === Fold 2/10 ===
2025-09-03 18:24:21,295 - Epoch 1/500 - Train Loss: 1.4386, Train Acc: 34.52% - Val loss: 1.2664, Val Acc: 28.57%
2025-09-03 18:24:22,870 - Early stopping à l'epoch 104
2025-09-03 18:24:22,871 - Fold 2 - Accuracy finale: 46.43%
2025-09-03 18:24:22,871 - === Fold 3/10 ===
2025-09-03 18:24:22,890 - Epoch 1/500 - Train Loss: 1.4549, Train Acc: 31.35% - Val loss: 1.2276, Val Acc: 42.86%
2025-09-03 18:24:24,472 - Early stopping à l'epoch 104
2025-09-03 18:24:24,473 - Fold 3 - Accuracy finale: 50.00%
2025-09-03 18:24:24,473 - === Fold 4/10 ===
2025-09-03 18:24:24,492 - Epoch 1/500 - Train Loss: 1.4820, Train Acc: 32.94% - Val loss: 1.1272, Val Acc: 39.29%
2025-09-03 18:24:27,479 - Early stopping à l'epoch 197
2025-09-03 18:24:27,480 - Fold 4 - Accuracy finale: 53.57%
2025-09-03 18:24:27,480 - === Fold 5/10 ===
2025-09-03 18:24:27,499 - Epoch 1/500 - Train Loss: 1.4237, Train Acc: 37.70% - Val loss: 1.0937, Val Acc: 42.86%
2025-09-03 18:24:28,997 - Early stopping à l'epoch 98
2025-09-03 18:24:28,999 - Fold 5 - Accuracy finale: 42.86%
2025-09-03 18:24:28,999 - === Fold 6/10 ===
2025-09-03 18:24:29,019 - Epoch 1/500 - Train Loss: 1.5001, Train Acc: 34.92% - Val loss: 1.2138, Val Acc: 32.14%
2025-09-03 18:24:31,669 - Early stopping à l'epoch 175
2025-09-03 18:24:31,670 - Fold 6 - Accuracy finale: 46.43%
2025-09-03 18:24:31,670 - === Fold 7/10 ===
2025-09-03 18:24:31,689 - Epoch 1/500 - Train Loss: 1.4320, Train Acc: 38.89% - Val loss: 1.2538, Val Acc: 28.57%
2025-09-03 18:24:33,317 - Early stopping à l'epoch 107
2025-09-03 18:24:33,318 - Fold 7 - Accuracy finale: 46.43%
2025-09-03 18:24:33,318 - === Fold 8/10 ===
2025-09-03 18:24:33,338 - Epoch 1/500 - Train Loss: 1.5480, Train Acc: 31.35% - Val loss: 1.2243, Val Acc: 35.71%
2025-09-03 18:24:34,798 - Early stopping à l'epoch 96
2025-09-03 18:24:34,799 - Fold 8 - Accuracy finale: 46.43%
2025-09-03 18:24:34,799 - === Fold 9/10 ===
2025-09-03 18:24:34,818 - Epoch 1/500 - Train Loss: 1.5630, Train Acc: 35.32% - Val loss: 1.2443, Val Acc: 42.86%
2025-09-03 18:24:37,886 - Epoch 201/500 - Train Loss: 0.8794, Train Acc: 57.54% - Val loss: 0.9646, Val Acc: 50.00%
2025-09-03 18:24:38,258 - Early stopping à l'epoch 225
2025-09-03 18:24:38,259 - Fold 9 - Accuracy finale: 50.00%
2025-09-03 18:24:38,259 - === Fold 10/10 ===
2025-09-03 18:24:38,279 - Epoch 1/500 - Train Loss: 1.5231, Train Acc: 32.14% - Val loss: 1.1887, Val Acc: 39.29%
2025-09-03 18:24:41,348 - Epoch 201/500 - Train Loss: 0.8472, Train Acc: 59.13% - Val loss: 1.0525, Val Acc: 42.86%
2025-09-03 18:24:41,715 - Early stopping à l'epoch 225
2025-09-03 18:24:41,716 - Fold 10 - Accuracy finale: 46.43%
2025-09-03 18:24:41,717 - 
2025-09-03 18:24:41,717 - Résultats de la validation croisée
2025-09-03 18:24:41,717 - 
2025-09-03 18:24:41,717 - Accuracy moyenne: 46.43% ± 4.52%
2025-09-03 18:24:41,717 - Loss moyenne: 0.9873 ± 0.1049
2025-09-03 18:24:41,717 - Nombre d'epochs moyen: 142
2025-09-03 18:24:41,717 - Accuracy par fold: ['35.71%', '46.43%', '50.00%', '53.57%', '42.86%', '46.43%', '46.43%', '46.43%', '50.00%', '46.43%']

2025-09-03 18:24:41,717 - Variable candidate angle(tBodyGyroMean,gravityMean) testée
2025-09-03 18:24:41,717 - 
2025-09-03 18:24:41,717 - === Fold 1/10 ===
2025-09-03 18:24:41,736 - Epoch 1/500 - Train Loss: 1.9073, Train Acc: 27.38% - Val loss: 1.5896, Val Acc: 21.43%
2025-09-03 18:24:43,407 - Early stopping à l'epoch 110
2025-09-03 18:24:43,408 - Fold 1 - Accuracy finale: 53.57%
2025-09-03 18:24:43,408 - === Fold 2/10 ===
2025-09-03 18:24:43,428 - Epoch 1/500 - Train Loss: 1.9208, Train Acc: 26.98% - Val loss: 1.5061, Val Acc: 46.43%
2025-09-03 18:24:44,797 - Early stopping à l'epoch 89
2025-09-03 18:24:44,799 - Fold 2 - Accuracy finale: 53.57%
2025-09-03 18:24:44,799 - === Fold 3/10 ===
2025-09-03 18:24:44,820 - Epoch 1/500 - Train Loss: 1.8962, Train Acc: 21.83% - Val loss: 1.6289, Val Acc: 35.71%
2025-09-03 18:24:47,919 - Epoch 201/500 - Train Loss: 0.5217, Train Acc: 76.19% - Val loss: 0.8405, Val Acc: 64.29%
2025-09-03 18:24:48,149 - Early stopping à l'epoch 216
2025-09-03 18:24:48,150 - Fold 3 - Accuracy finale: 60.71%
2025-09-03 18:24:48,150 - === Fold 4/10 ===
2025-09-03 18:24:48,169 - Epoch 1/500 - Train Loss: 1.8706, Train Acc: 25.00% - Val loss: 1.5128, Val Acc: 35.71%
2025-09-03 18:24:50,048 - Early stopping à l'epoch 123
2025-09-03 18:24:50,049 - Fold 4 - Accuracy finale: 50.00%
2025-09-03 18:24:50,049 - === Fold 5/10 ===
2025-09-03 18:24:50,069 - Epoch 1/500 - Train Loss: 1.7725, Train Acc: 31.35% - Val loss: 1.4653, Val Acc: 39.29%
2025-09-03 18:24:51,776 - Early stopping à l'epoch 112
2025-09-03 18:24:51,777 - Fold 5 - Accuracy finale: 60.71%
2025-09-03 18:24:51,777 - === Fold 6/10 ===
2025-09-03 18:24:51,795 - Epoch 1/500 - Train Loss: 1.9818, Train Acc: 21.03% - Val loss: 1.5961, Val Acc: 28.57%
2025-09-03 18:24:53,728 - Early stopping à l'epoch 127
2025-09-03 18:24:53,729 - Fold 6 - Accuracy finale: 57.14%
2025-09-03 18:24:53,729 - === Fold 7/10 ===
2025-09-03 18:24:53,747 - Epoch 1/500 - Train Loss: 1.8855, Train Acc: 23.41% - Val loss: 1.6405, Val Acc: 25.00%
2025-09-03 18:24:55,361 - Early stopping à l'epoch 106
2025-09-03 18:24:55,362 - Fold 7 - Accuracy finale: 64.29%
2025-09-03 18:24:55,362 - === Fold 8/10 ===
2025-09-03 18:24:55,382 - Epoch 1/500 - Train Loss: 1.9994, Train Acc: 19.84% - Val loss: 1.6570, Val Acc: 17.86%
2025-09-03 18:24:58,427 - Epoch 201/500 - Train Loss: 0.5474, Train Acc: 75.79% - Val loss: 0.7300, Val Acc: 67.86%
2025-09-03 18:24:58,876 - Early stopping à l'epoch 230
2025-09-03 18:24:58,877 - Fold 8 - Accuracy finale: 67.86%
2025-09-03 18:24:58,877 - === Fold 9/10 ===
2025-09-03 18:24:58,897 - Epoch 1/500 - Train Loss: 2.0140, Train Acc: 18.65% - Val loss: 1.6646, Val Acc: 42.86%
2025-09-03 18:25:00,262 - Early stopping à l'epoch 89
2025-09-03 18:25:00,263 - Fold 9 - Accuracy finale: 64.29%
2025-09-03 18:25:00,263 - === Fold 10/10 ===
2025-09-03 18:25:00,283 - Epoch 1/500 - Train Loss: 2.0183, Train Acc: 20.24% - Val loss: 1.7408, Val Acc: 17.86%
2025-09-03 18:25:02,589 - Early stopping à l'epoch 149
2025-09-03 18:25:02,590 - Fold 10 - Accuracy finale: 67.86%
2025-09-03 18:25:02,590 - 
2025-09-03 18:25:02,590 - Résultats de la validation croisée
2025-09-03 18:25:02,590 - 
2025-09-03 18:25:02,591 - Accuracy moyenne: 60.00% ± 5.93%
2025-09-03 18:25:02,591 - Loss moyenne: 0.9399 ± 0.1836
2025-09-03 18:25:02,591 - Nombre d'epochs moyen: 135
2025-09-03 18:25:02,591 - Accuracy par fold: ['53.57%', '53.57%', '60.71%', '50.00%', '60.71%', '57.14%', '64.29%', '67.86%', '64.29%', '67.86%']

2025-09-03 18:25:02,591 - Variable candidate fBodyAcc-bandsEnergy()-9,16 testée
2025-09-03 18:25:02,591 - 
2025-09-03 18:25:02,591 - === Fold 1/10 ===
2025-09-03 18:25:02,610 - Epoch 1/500 - Train Loss: 1.4221, Train Acc: 37.70% - Val loss: 1.1785, Val Acc: 28.57%
2025-09-03 18:25:04,762 - Early stopping à l'epoch 142
2025-09-03 18:25:04,764 - Fold 1 - Accuracy finale: 53.57%
2025-09-03 18:25:04,764 - === Fold 2/10 ===
2025-09-03 18:25:04,783 - Epoch 1/500 - Train Loss: 1.4347, Train Acc: 36.90% - Val loss: 1.2496, Val Acc: 28.57%
2025-09-03 18:25:06,791 - Early stopping à l'epoch 132
2025-09-03 18:25:06,792 - Fold 2 - Accuracy finale: 35.71%
2025-09-03 18:25:06,792 - === Fold 3/10 ===
2025-09-03 18:25:06,812 - Epoch 1/500 - Train Loss: 1.4779, Train Acc: 28.57% - Val loss: 1.2530, Val Acc: 39.29%
2025-09-03 18:25:08,593 - Early stopping à l'epoch 117
2025-09-03 18:25:08,595 - Fold 3 - Accuracy finale: 57.14%
2025-09-03 18:25:08,595 - === Fold 4/10 ===
2025-09-03 18:25:08,613 - Epoch 1/500 - Train Loss: 1.4943, Train Acc: 33.73% - Val loss: 1.0997, Val Acc: 39.29%
2025-09-03 18:25:11,126 - Early stopping à l'epoch 165
2025-09-03 18:25:11,127 - Fold 4 - Accuracy finale: 50.00%
2025-09-03 18:25:11,127 - === Fold 5/10 ===
2025-09-03 18:25:11,147 - Epoch 1/500 - Train Loss: 1.4202, Train Acc: 38.49% - Val loss: 1.2544, Val Acc: 35.71%
2025-09-03 18:25:12,368 - Early stopping à l'epoch 81
2025-09-03 18:25:12,369 - Fold 5 - Accuracy finale: 35.71%
2025-09-03 18:25:12,370 - === Fold 6/10 ===
2025-09-03 18:25:12,389 - Epoch 1/500 - Train Loss: 1.5140, Train Acc: 34.52% - Val loss: 1.2222, Val Acc: 32.14%
2025-09-03 18:25:14,144 - Early stopping à l'epoch 116
2025-09-03 18:25:14,145 - Fold 6 - Accuracy finale: 53.57%
2025-09-03 18:25:14,145 - === Fold 7/10 ===
2025-09-03 18:25:14,165 - Epoch 1/500 - Train Loss: 1.4375, Train Acc: 37.30% - Val loss: 1.3121, Val Acc: 28.57%
2025-09-03 18:25:15,430 - Early stopping à l'epoch 84
2025-09-03 18:25:15,431 - Fold 7 - Accuracy finale: 53.57%
2025-09-03 18:25:15,431 - === Fold 8/10 ===
2025-09-03 18:25:15,450 - Epoch 1/500 - Train Loss: 1.5722, Train Acc: 32.54% - Val loss: 1.2431, Val Acc: 32.14%
2025-09-03 18:25:17,049 - Early stopping à l'epoch 104
2025-09-03 18:25:17,050 - Fold 8 - Accuracy finale: 53.57%
2025-09-03 18:25:17,050 - === Fold 9/10 ===
2025-09-03 18:25:17,070 - Epoch 1/500 - Train Loss: 1.5586, Train Acc: 37.30% - Val loss: 1.2789, Val Acc: 35.71%
2025-09-03 18:25:19,590 - Early stopping à l'epoch 165
2025-09-03 18:25:19,591 - Fold 9 - Accuracy finale: 53.57%
2025-09-03 18:25:19,591 - === Fold 10/10 ===
2025-09-03 18:25:19,610 - Epoch 1/500 - Train Loss: 1.5171, Train Acc: 34.92% - Val loss: 1.1763, Val Acc: 50.00%
2025-09-03 18:25:22,681 - Epoch 201/500 - Train Loss: 0.8208, Train Acc: 55.95% - Val loss: 1.0196, Val Acc: 57.14%
2025-09-03 18:25:23,139 - Early stopping à l'epoch 231
2025-09-03 18:25:23,141 - Fold 10 - Accuracy finale: 53.57%
2025-09-03 18:25:23,141 - 
2025-09-03 18:25:23,141 - Résultats de la validation croisée
2025-09-03 18:25:23,141 - 
2025-09-03 18:25:23,141 - Accuracy moyenne: 50.00% ± 7.32%
2025-09-03 18:25:23,141 - Loss moyenne: 1.0556 ± 0.1461
2025-09-03 18:25:23,141 - Nombre d'epochs moyen: 133
2025-09-03 18:25:23,141 - Accuracy par fold: ['53.57%', '35.71%', '57.14%', '50.00%', '35.71%', '53.57%', '53.57%', '53.57%', '53.57%', '53.57%']

2025-09-03 18:25:23,141 - Variable candidate fBodyAcc-mad()-X testée
2025-09-03 18:25:23,141 - 
2025-09-03 18:25:23,141 - === Fold 1/10 ===
2025-09-03 18:25:23,161 - Epoch 1/500 - Train Loss: 1.3409, Train Acc: 39.29% - Val loss: 1.1829, Val Acc: 28.57%
2025-09-03 18:25:26,229 - Epoch 201/500 - Train Loss: 0.7039, Train Acc: 62.70% - Val loss: 0.7827, Val Acc: 64.29%
2025-09-03 18:25:26,305 - Early stopping à l'epoch 206
2025-09-03 18:25:26,307 - Fold 1 - Accuracy finale: 60.71%
2025-09-03 18:25:26,307 - === Fold 2/10 ===
2025-09-03 18:25:26,325 - Epoch 1/500 - Train Loss: 1.3392, Train Acc: 35.71% - Val loss: 1.1662, Val Acc: 28.57%
2025-09-03 18:25:28,667 - Early stopping à l'epoch 155
2025-09-03 18:25:28,668 - Fold 2 - Accuracy finale: 57.14%
2025-09-03 18:25:28,668 - === Fold 3/10 ===
2025-09-03 18:25:28,688 - Epoch 1/500 - Train Loss: 1.3763, Train Acc: 30.56% - Val loss: 1.1975, Val Acc: 32.14%
2025-09-03 18:25:30,494 - Early stopping à l'epoch 119
2025-09-03 18:25:30,495 - Fold 3 - Accuracy finale: 64.29%
2025-09-03 18:25:30,495 - === Fold 4/10 ===
2025-09-03 18:25:30,514 - Epoch 1/500 - Train Loss: 1.4273, Train Acc: 31.75% - Val loss: 1.1459, Val Acc: 39.29%
2025-09-03 18:25:32,333 - Early stopping à l'epoch 118
2025-09-03 18:25:32,334 - Fold 4 - Accuracy finale: 57.14%
2025-09-03 18:25:32,335 - === Fold 5/10 ===
2025-09-03 18:25:32,356 - Epoch 1/500 - Train Loss: 1.3724, Train Acc: 36.90% - Val loss: 1.1587, Val Acc: 35.71%
2025-09-03 18:25:33,633 - Early stopping à l'epoch 82
2025-09-03 18:25:33,634 - Fold 5 - Accuracy finale: 42.86%
2025-09-03 18:25:33,634 - === Fold 6/10 ===
2025-09-03 18:25:33,654 - Epoch 1/500 - Train Loss: 1.4410, Train Acc: 35.32% - Val loss: 1.2237, Val Acc: 28.57%
2025-09-03 18:25:35,859 - Early stopping à l'epoch 145
2025-09-03 18:25:35,860 - Fold 6 - Accuracy finale: 60.71%
2025-09-03 18:25:35,860 - === Fold 7/10 ===
2025-09-03 18:25:35,879 - Epoch 1/500 - Train Loss: 1.3712, Train Acc: 34.52% - Val loss: 1.2503, Val Acc: 35.71%
2025-09-03 18:25:38,169 - Early stopping à l'epoch 150
2025-09-03 18:25:38,170 - Fold 7 - Accuracy finale: 60.71%
2025-09-03 18:25:38,170 - === Fold 8/10 ===
2025-09-03 18:25:38,190 - Epoch 1/500 - Train Loss: 1.4618, Train Acc: 31.75% - Val loss: 1.2334, Val Acc: 32.14%
2025-09-03 18:25:39,678 - Early stopping à l'epoch 97
2025-09-03 18:25:39,679 - Fold 8 - Accuracy finale: 64.29%
2025-09-03 18:25:39,679 - === Fold 9/10 ===
2025-09-03 18:25:39,698 - Epoch 1/500 - Train Loss: 1.4745, Train Acc: 34.13% - Val loss: 1.1869, Val Acc: 35.71%
2025-09-03 18:25:41,742 - Early stopping à l'epoch 134
2025-09-03 18:25:41,743 - Fold 9 - Accuracy finale: 53.57%
2025-09-03 18:25:41,744 - === Fold 10/10 ===
2025-09-03 18:25:41,762 - Epoch 1/500 - Train Loss: 1.3594, Train Acc: 35.32% - Val loss: 1.1927, Val Acc: 46.43%
2025-09-03 18:25:44,343 - Early stopping à l'epoch 169
2025-09-03 18:25:44,344 - Fold 10 - Accuracy finale: 57.14%
2025-09-03 18:25:44,344 - 
2025-09-03 18:25:44,344 - Résultats de la validation croisée
2025-09-03 18:25:44,344 - 
2025-09-03 18:25:44,344 - Accuracy moyenne: 57.86% ± 5.93%
2025-09-03 18:25:44,344 - Loss moyenne: 0.8227 ± 0.1574
2025-09-03 18:25:44,344 - Nombre d'epochs moyen: 137
2025-09-03 18:25:44,344 - Accuracy par fold: ['60.71%', '57.14%', '64.29%', '57.14%', '42.86%', '60.71%', '60.71%', '64.29%', '53.57%', '57.14%']

2025-09-03 18:25:44,344 - Variable candidate fBodyAcc-bandsEnergy()-1,24 testée
2025-09-03 18:25:44,344 - 
2025-09-03 18:25:44,345 - === Fold 1/10 ===
2025-09-03 18:25:44,363 - Epoch 1/500 - Train Loss: 1.3712, Train Acc: 39.68% - Val loss: 1.0673, Val Acc: 42.86%
2025-09-03 18:25:47,395 - Epoch 201/500 - Train Loss: 0.7285, Train Acc: 63.89% - Val loss: 0.5344, Val Acc: 71.43%
2025-09-03 18:25:48,067 - Early stopping à l'epoch 245
2025-09-03 18:25:48,068 - Fold 1 - Accuracy finale: 78.57%
2025-09-03 18:25:48,068 - === Fold 2/10 ===
2025-09-03 18:25:48,087 - Epoch 1/500 - Train Loss: 1.3871, Train Acc: 35.32% - Val loss: 1.1724, Val Acc: 28.57%
2025-09-03 18:25:50,830 - Early stopping à l'epoch 182
2025-09-03 18:25:50,831 - Fold 2 - Accuracy finale: 67.86%
2025-09-03 18:25:50,831 - === Fold 3/10 ===
2025-09-03 18:25:50,850 - Epoch 1/500 - Train Loss: 1.3849, Train Acc: 31.35% - Val loss: 1.1813, Val Acc: 42.86%
2025-09-03 18:25:53,887 - Epoch 201/500 - Train Loss: 0.6926, Train Acc: 67.06% - Val loss: 0.7276, Val Acc: 60.71%
2025-09-03 18:25:55,410 - Early stopping à l'epoch 301
2025-09-03 18:25:55,411 - Fold 3 - Accuracy finale: 60.71%
2025-09-03 18:25:55,412 - === Fold 4/10 ===
2025-09-03 18:25:55,430 - Epoch 1/500 - Train Loss: 1.4383, Train Acc: 34.13% - Val loss: 1.0112, Val Acc: 46.43%
2025-09-03 18:25:57,303 - Early stopping à l'epoch 123
2025-09-03 18:25:57,304 - Fold 4 - Accuracy finale: 57.14%
2025-09-03 18:25:57,304 - === Fold 5/10 ===
2025-09-03 18:25:57,323 - Epoch 1/500 - Train Loss: 1.3477, Train Acc: 40.48% - Val loss: 1.1343, Val Acc: 42.86%
2025-09-03 18:25:59,177 - Early stopping à l'epoch 122
2025-09-03 18:25:59,178 - Fold 5 - Accuracy finale: 46.43%
2025-09-03 18:25:59,178 - === Fold 6/10 ===
2025-09-03 18:25:59,196 - Epoch 1/500 - Train Loss: 1.4866, Train Acc: 34.92% - Val loss: 1.1479, Val Acc: 42.86%
2025-09-03 18:26:01,493 - Early stopping à l'epoch 151
2025-09-03 18:26:01,494 - Fold 6 - Accuracy finale: 60.71%
2025-09-03 18:26:01,494 - === Fold 7/10 ===
2025-09-03 18:26:01,513 - Epoch 1/500 - Train Loss: 1.3787, Train Acc: 38.49% - Val loss: 1.1667, Val Acc: 42.86%
2025-09-03 18:26:04,544 - Epoch 201/500 - Train Loss: 0.7031, Train Acc: 65.87% - Val loss: 0.6995, Val Acc: 57.14%
2025-09-03 18:26:05,029 - Early stopping à l'epoch 233
2025-09-03 18:26:05,030 - Fold 7 - Accuracy finale: 57.14%
2025-09-03 18:26:05,030 - === Fold 8/10 ===
2025-09-03 18:26:05,049 - Epoch 1/500 - Train Loss: 1.4849, Train Acc: 34.92% - Val loss: 1.1775, Val Acc: 39.29%
2025-09-03 18:26:07,585 - Early stopping à l'epoch 165
2025-09-03 18:26:07,586 - Fold 8 - Accuracy finale: 50.00%
2025-09-03 18:26:07,586 - === Fold 9/10 ===
2025-09-03 18:26:07,605 - Epoch 1/500 - Train Loss: 1.5015, Train Acc: 33.33% - Val loss: 1.2527, Val Acc: 39.29%
2025-09-03 18:26:09,264 - Early stopping à l'epoch 108
2025-09-03 18:26:09,265 - Fold 9 - Accuracy finale: 60.71%
2025-09-03 18:26:09,265 - === Fold 10/10 ===
2025-09-03 18:26:09,285 - Epoch 1/500 - Train Loss: 1.3984, Train Acc: 37.30% - Val loss: 1.0962, Val Acc: 46.43%
2025-09-03 18:26:12,357 - Epoch 201/500 - Train Loss: 0.6910, Train Acc: 65.48% - Val loss: 0.7494, Val Acc: 64.29%
2025-09-03 18:26:13,035 - Early stopping à l'epoch 245
2025-09-03 18:26:13,036 - Fold 10 - Accuracy finale: 67.86%
2025-09-03 18:26:13,036 - 
2025-09-03 18:26:13,036 - Résultats de la validation croisée
2025-09-03 18:26:13,036 - 
2025-09-03 18:26:13,036 - Accuracy moyenne: 60.71% ± 8.75%
2025-09-03 18:26:13,036 - Loss moyenne: 0.7998 ± 0.1468
2025-09-03 18:26:13,036 - Nombre d'epochs moyen: 187
2025-09-03 18:26:13,036 - Accuracy par fold: ['78.57%', '67.86%', '60.71%', '57.14%', '46.43%', '60.71%', '57.14%', '50.00%', '60.71%', '67.86%']

2025-09-03 18:26:13,036 - Variable candidate fBodyAcc-std()-X testée
2025-09-03 18:26:13,037 - 
2025-09-03 18:26:13,037 - === Fold 1/10 ===
2025-09-03 18:26:13,056 - Epoch 1/500 - Train Loss: 1.3438, Train Acc: 37.70% - Val loss: 1.1773, Val Acc: 28.57%
2025-09-03 18:26:16,112 - Epoch 201/500 - Train Loss: 0.7084, Train Acc: 60.71% - Val loss: 0.5030, Val Acc: 85.71%
2025-09-03 18:26:17,351 - Early stopping à l'epoch 282
2025-09-03 18:26:17,352 - Fold 1 - Accuracy finale: 78.57%
2025-09-03 18:26:17,352 - === Fold 2/10 ===
2025-09-03 18:26:17,371 - Epoch 1/500 - Train Loss: 1.3455, Train Acc: 34.13% - Val loss: 1.1741, Val Acc: 28.57%
2025-09-03 18:26:18,908 - Early stopping à l'epoch 101
2025-09-03 18:26:18,909 - Fold 2 - Accuracy finale: 64.29%
2025-09-03 18:26:18,909 - === Fold 3/10 ===
2025-09-03 18:26:18,927 - Epoch 1/500 - Train Loss: 1.3707, Train Acc: 30.56% - Val loss: 1.1846, Val Acc: 35.71%
2025-09-03 18:26:21,965 - Epoch 201/500 - Train Loss: 0.7208, Train Acc: 63.89% - Val loss: 0.7026, Val Acc: 67.86%
2025-09-03 18:26:23,800 - Early stopping à l'epoch 321
2025-09-03 18:26:23,801 - Fold 3 - Accuracy finale: 67.86%
2025-09-03 18:26:23,801 - === Fold 4/10 ===
2025-09-03 18:26:23,820 - Epoch 1/500 - Train Loss: 1.4268, Train Acc: 33.33% - Val loss: 1.1311, Val Acc: 39.29%
2025-09-03 18:26:25,327 - Early stopping à l'epoch 99
2025-09-03 18:26:25,328 - Fold 4 - Accuracy finale: 67.86%
2025-09-03 18:26:25,328 - === Fold 5/10 ===
2025-09-03 18:26:25,348 - Epoch 1/500 - Train Loss: 1.3624, Train Acc: 38.89% - Val loss: 1.1563, Val Acc: 35.71%
2025-09-03 18:26:28,411 - Epoch 201/500 - Train Loss: 0.7003, Train Acc: 67.46% - Val loss: 1.0302, Val Acc: 53.57%
2025-09-03 18:26:29,171 - Early stopping à l'epoch 249
2025-09-03 18:26:29,172 - Fold 5 - Accuracy finale: 50.00%
2025-09-03 18:26:29,172 - === Fold 6/10 ===
2025-09-03 18:26:29,192 - Epoch 1/500 - Train Loss: 1.4479, Train Acc: 35.32% - Val loss: 1.2169, Val Acc: 28.57%
2025-09-03 18:26:32,007 - Early stopping à l'epoch 186
2025-09-03 18:26:32,009 - Fold 6 - Accuracy finale: 57.14%
2025-09-03 18:26:32,009 - === Fold 7/10 ===
2025-09-03 18:26:32,027 - Epoch 1/500 - Train Loss: 1.3697, Train Acc: 35.32% - Val loss: 1.2499, Val Acc: 39.29%
2025-09-03 18:26:34,341 - Early stopping à l'epoch 153
2025-09-03 18:26:34,342 - Fold 7 - Accuracy finale: 64.29%
2025-09-03 18:26:34,342 - === Fold 8/10 ===
2025-09-03 18:26:34,361 - Epoch 1/500 - Train Loss: 1.4657, Train Acc: 32.94% - Val loss: 1.2314, Val Acc: 32.14%
2025-09-03 18:26:36,369 - Early stopping à l'epoch 132
2025-09-03 18:26:36,370 - Fold 8 - Accuracy finale: 53.57%
2025-09-03 18:26:36,370 - === Fold 9/10 ===
2025-09-03 18:26:36,389 - Epoch 1/500 - Train Loss: 1.4681, Train Acc: 34.13% - Val loss: 1.1950, Val Acc: 50.00%
2025-09-03 18:26:37,963 - Early stopping à l'epoch 103
2025-09-03 18:26:37,964 - Fold 9 - Accuracy finale: 60.71%
2025-09-03 18:26:37,964 - === Fold 10/10 ===
2025-09-03 18:26:37,984 - Epoch 1/500 - Train Loss: 1.3592, Train Acc: 36.11% - Val loss: 1.1837, Val Acc: 42.86%
2025-09-03 18:26:40,539 - Early stopping à l'epoch 169
2025-09-03 18:26:40,541 - Fold 10 - Accuracy finale: 57.14%
2025-09-03 18:26:40,541 - 
2025-09-03 18:26:40,541 - Résultats de la validation croisée
2025-09-03 18:26:40,541 - 
2025-09-03 18:26:40,541 - Accuracy moyenne: 62.14% ± 7.86%
2025-09-03 18:26:40,541 - Loss moyenne: 0.7943 ± 0.1564
2025-09-03 18:26:40,541 - Nombre d'epochs moyen: 179
2025-09-03 18:26:40,541 - Accuracy par fold: ['78.57%', '64.29%', '67.86%', '67.86%', '50.00%', '57.14%', '64.29%', '53.57%', '60.71%', '57.14%']

2025-09-03 18:26:40,541 - Variable candidate tBodyAcc-max()-X testée
2025-09-03 18:26:40,541 - 
2025-09-03 18:26:40,541 - === Fold 1/10 ===
2025-09-03 18:26:40,560 - Epoch 1/500 - Train Loss: 1.3512, Train Acc: 40.08% - Val loss: 1.1701, Val Acc: 28.57%
2025-09-03 18:26:42,928 - Early stopping à l'epoch 157
2025-09-03 18:26:42,929 - Fold 1 - Accuracy finale: 53.57%
2025-09-03 18:26:42,929 - === Fold 2/10 ===
2025-09-03 18:26:42,949 - Epoch 1/500 - Train Loss: 1.3263, Train Acc: 34.13% - Val loss: 1.1164, Val Acc: 28.57%
2025-09-03 18:26:45,998 - Epoch 201/500 - Train Loss: 0.7253, Train Acc: 61.90% - Val loss: 0.8441, Val Acc: 46.43%
2025-09-03 18:26:46,953 - Early stopping à l'epoch 263
2025-09-03 18:26:46,954 - Fold 2 - Accuracy finale: 64.29%
2025-09-03 18:26:46,954 - === Fold 3/10 ===
2025-09-03 18:26:46,973 - Epoch 1/500 - Train Loss: 1.3776, Train Acc: 30.16% - Val loss: 1.1994, Val Acc: 32.14%
2025-09-03 18:26:48,275 - Early stopping à l'epoch 86
2025-09-03 18:26:48,277 - Fold 3 - Accuracy finale: 53.57%
2025-09-03 18:26:48,277 - === Fold 4/10 ===
2025-09-03 18:26:48,296 - Epoch 1/500 - Train Loss: 1.4254, Train Acc: 34.13% - Val loss: 1.1380, Val Acc: 39.29%
2025-09-03 18:26:50,100 - Early stopping à l'epoch 119
2025-09-03 18:26:50,101 - Fold 4 - Accuracy finale: 57.14%
2025-09-03 18:26:50,101 - === Fold 5/10 ===
2025-09-03 18:26:50,120 - Epoch 1/500 - Train Loss: 1.3701, Train Acc: 38.49% - Val loss: 1.1542, Val Acc: 35.71%
2025-09-03 18:26:51,598 - Early stopping à l'epoch 97
2025-09-03 18:26:51,600 - Fold 5 - Accuracy finale: 46.43%
2025-09-03 18:26:51,600 - === Fold 6/10 ===
2025-09-03 18:26:51,621 - Epoch 1/500 - Train Loss: 1.4508, Train Acc: 34.52% - Val loss: 1.2101, Val Acc: 28.57%
2025-09-03 18:26:54,672 - Epoch 201/500 - Train Loss: 0.7724, Train Acc: 56.75% - Val loss: 0.7347, Val Acc: 57.14%
2025-09-03 18:26:55,607 - Early stopping à l'epoch 261
2025-09-03 18:26:55,608 - Fold 6 - Accuracy finale: 53.57%
2025-09-03 18:26:55,608 - === Fold 7/10 ===
2025-09-03 18:26:55,627 - Epoch 1/500 - Train Loss: 1.3711, Train Acc: 34.52% - Val loss: 1.2826, Val Acc: 35.71%
2025-09-03 18:26:57,882 - Early stopping à l'epoch 149
2025-09-03 18:26:57,883 - Fold 7 - Accuracy finale: 53.57%
2025-09-03 18:26:57,883 - === Fold 8/10 ===
2025-09-03 18:26:57,902 - Epoch 1/500 - Train Loss: 1.4605, Train Acc: 32.94% - Val loss: 1.2301, Val Acc: 32.14%
2025-09-03 18:26:59,826 - Early stopping à l'epoch 125
2025-09-03 18:26:59,827 - Fold 8 - Accuracy finale: 60.71%
2025-09-03 18:26:59,827 - === Fold 9/10 ===
2025-09-03 18:26:59,845 - Epoch 1/500 - Train Loss: 1.4745, Train Acc: 34.52% - Val loss: 1.1986, Val Acc: 35.71%
2025-09-03 18:27:02,888 - Epoch 201/500 - Train Loss: 0.7997, Train Acc: 53.17% - Val loss: 0.7227, Val Acc: 53.57%
2025-09-03 18:27:04,512 - Early stopping à l'epoch 308
2025-09-03 18:27:04,513 - Fold 9 - Accuracy finale: 53.57%
2025-09-03 18:27:04,513 - === Fold 10/10 ===
2025-09-03 18:27:04,532 - Epoch 1/500 - Train Loss: 1.3642, Train Acc: 36.90% - Val loss: 1.1816, Val Acc: 50.00%
2025-09-03 18:27:06,051 - Early stopping à l'epoch 101
2025-09-03 18:27:06,053 - Fold 10 - Accuracy finale: 53.57%
2025-09-03 18:27:06,053 - 
2025-09-03 18:27:06,053 - Résultats de la validation croisée
2025-09-03 18:27:06,053 - 
2025-09-03 18:27:06,053 - Accuracy moyenne: 55.00% ± 4.57%
2025-09-03 18:27:06,053 - Loss moyenne: 0.8846 ± 0.1141
2025-09-03 18:27:06,053 - Nombre d'epochs moyen: 166
2025-09-03 18:27:06,053 - Accuracy par fold: ['53.57%', '64.29%', '53.57%', '57.14%', '46.43%', '53.57%', '53.57%', '60.71%', '53.57%', '53.57%']

2025-09-03 18:27:06,053 - Variable candidate tBodyGyro-mean()-X testée
2025-09-03 18:27:06,053 - 
2025-09-03 18:27:06,053 - === Fold 1/10 ===
2025-09-03 18:27:06,073 - Epoch 1/500 - Train Loss: 1.7890, Train Acc: 29.37% - Val loss: 1.2876, Val Acc: 50.00%
2025-09-03 18:27:08,147 - Early stopping à l'epoch 138
2025-09-03 18:27:08,149 - Fold 1 - Accuracy finale: 75.00%
2025-09-03 18:27:08,149 - === Fold 2/10 ===
2025-09-03 18:27:08,168 - Epoch 1/500 - Train Loss: 1.8771, Train Acc: 27.38% - Val loss: 1.3722, Val Acc: 39.29%
2025-09-03 18:27:10,365 - Early stopping à l'epoch 145
2025-09-03 18:27:10,366 - Fold 2 - Accuracy finale: 92.86%
2025-09-03 18:27:10,366 - === Fold 3/10 ===
2025-09-03 18:27:10,386 - Epoch 1/500 - Train Loss: 1.7450, Train Acc: 26.98% - Val loss: 1.3646, Val Acc: 42.86%
2025-09-03 18:27:13,387 - Epoch 201/500 - Train Loss: 0.1898, Train Acc: 92.06% - Val loss: 0.5478, Val Acc: 85.71%
2025-09-03 18:27:14,051 - Early stopping à l'epoch 245
2025-09-03 18:27:14,052 - Fold 3 - Accuracy finale: 85.71%
2025-09-03 18:27:14,052 - === Fold 4/10 ===
2025-09-03 18:27:14,071 - Epoch 1/500 - Train Loss: 1.7010, Train Acc: 29.37% - Val loss: 1.2951, Val Acc: 39.29%
2025-09-03 18:27:17,099 - Epoch 201/500 - Train Loss: 0.1597, Train Acc: 93.25% - Val loss: 0.5479, Val Acc: 85.71%
2025-09-03 18:27:17,449 - Early stopping à l'epoch 224
2025-09-03 18:27:17,450 - Fold 4 - Accuracy finale: 85.71%
2025-09-03 18:27:17,450 - === Fold 5/10 ===
2025-09-03 18:27:17,470 - Epoch 1/500 - Train Loss: 1.6299, Train Acc: 34.92% - Val loss: 1.2097, Val Acc: 39.29%
2025-09-03 18:27:20,518 - Epoch 201/500 - Train Loss: 0.1568, Train Acc: 93.65% - Val loss: 0.4864, Val Acc: 85.71%
2025-09-03 18:27:21,004 - Early stopping à l'epoch 233
2025-09-03 18:27:21,005 - Fold 5 - Accuracy finale: 85.71%
2025-09-03 18:27:21,005 - === Fold 6/10 ===
2025-09-03 18:27:21,025 - Epoch 1/500 - Train Loss: 1.8779, Train Acc: 28.17% - Val loss: 1.3215, Val Acc: 35.71%
2025-09-03 18:27:24,042 - Epoch 201/500 - Train Loss: 0.1495, Train Acc: 93.65% - Val loss: 0.1929, Val Acc: 92.86%
2025-09-03 18:27:24,426 - Early stopping à l'epoch 226
2025-09-03 18:27:24,427 - Fold 6 - Accuracy finale: 92.86%
2025-09-03 18:27:24,427 - === Fold 7/10 ===
2025-09-03 18:27:24,446 - Epoch 1/500 - Train Loss: 1.7229, Train Acc: 31.35% - Val loss: 1.2635, Val Acc: 50.00%
2025-09-03 18:27:26,168 - Early stopping à l'epoch 113
2025-09-03 18:27:26,169 - Fold 7 - Accuracy finale: 89.29%
2025-09-03 18:27:26,169 - === Fold 8/10 ===
2025-09-03 18:27:26,188 - Epoch 1/500 - Train Loss: 1.8361, Train Acc: 25.00% - Val loss: 1.3626, Val Acc: 32.14%
2025-09-03 18:27:28,779 - Early stopping à l'epoch 172
2025-09-03 18:27:28,780 - Fold 8 - Accuracy finale: 78.57%
2025-09-03 18:27:28,780 - === Fold 9/10 ===
2025-09-03 18:27:28,803 - Epoch 1/500 - Train Loss: 1.9262, Train Acc: 18.65% - Val loss: 1.3872, Val Acc: 32.14%
2025-09-03 18:27:31,234 - Early stopping à l'epoch 161
2025-09-03 18:27:31,235 - Fold 9 - Accuracy finale: 85.71%
2025-09-03 18:27:31,236 - === Fold 10/10 ===
2025-09-03 18:27:31,255 - Epoch 1/500 - Train Loss: 1.9210, Train Acc: 26.59% - Val loss: 1.5537, Val Acc: 32.14%
2025-09-03 18:27:33,008 - Early stopping à l'epoch 115
2025-09-03 18:27:33,009 - Fold 10 - Accuracy finale: 85.71%
2025-09-03 18:27:33,009 - 
2025-09-03 18:27:33,009 - Résultats de la validation croisée
2025-09-03 18:27:33,010 - 
2025-09-03 18:27:33,010 - Accuracy moyenne: 85.71% ± 5.30%
2025-09-03 18:27:33,010 - Loss moyenne: 0.6599 ± 0.2554
2025-09-03 18:27:33,010 - Nombre d'epochs moyen: 177
2025-09-03 18:27:33,010 - Accuracy par fold: ['75.00%', '92.86%', '85.71%', '85.71%', '85.71%', '92.86%', '89.29%', '78.57%', '85.71%', '85.71%']

2025-09-03 18:27:33,010 - Variable candidate fBodyAccJerk-bandsEnergy()-1,8 testée
2025-09-03 18:27:33,010 - 
2025-09-03 18:27:33,010 - === Fold 1/10 ===
2025-09-03 18:27:33,029 - Epoch 1/500 - Train Loss: 1.3953, Train Acc: 40.48% - Val loss: 1.0578, Val Acc: 50.00%
2025-09-03 18:27:35,293 - Early stopping à l'epoch 149
2025-09-03 18:27:35,295 - Fold 1 - Accuracy finale: 53.57%
2025-09-03 18:27:35,295 - === Fold 2/10 ===
2025-09-03 18:27:35,313 - Epoch 1/500 - Train Loss: 1.4078, Train Acc: 35.32% - Val loss: 1.1857, Val Acc: 35.71%
2025-09-03 18:27:36,954 - Early stopping à l'epoch 108
2025-09-03 18:27:36,955 - Fold 2 - Accuracy finale: 46.43%
2025-09-03 18:27:36,955 - === Fold 3/10 ===
2025-09-03 18:27:36,973 - Epoch 1/500 - Train Loss: 1.4010, Train Acc: 32.54% - Val loss: 1.0829, Val Acc: 46.43%
2025-09-03 18:27:39,401 - Early stopping à l'epoch 161
2025-09-03 18:27:39,402 - Fold 3 - Accuracy finale: 50.00%
2025-09-03 18:27:39,402 - === Fold 4/10 ===
2025-09-03 18:27:39,422 - Epoch 1/500 - Train Loss: 1.4608, Train Acc: 37.30% - Val loss: 1.0629, Val Acc: 46.43%
2025-09-03 18:27:42,212 - Early stopping à l'epoch 182
2025-09-03 18:27:42,213 - Fold 4 - Accuracy finale: 57.14%
2025-09-03 18:27:42,213 - === Fold 5/10 ===
2025-09-03 18:27:42,234 - Epoch 1/500 - Train Loss: 1.3770, Train Acc: 43.65% - Val loss: 1.1517, Val Acc: 35.71%
2025-09-03 18:27:44,097 - Early stopping à l'epoch 122
2025-09-03 18:27:44,098 - Fold 5 - Accuracy finale: 42.86%
2025-09-03 18:27:44,098 - === Fold 6/10 ===
2025-09-03 18:27:44,117 - Epoch 1/500 - Train Loss: 1.5008, Train Acc: 38.10% - Val loss: 1.1527, Val Acc: 53.57%
2025-09-03 18:27:47,090 - Epoch 201/500 - Train Loss: 0.8291, Train Acc: 55.16% - Val loss: 0.7380, Val Acc: 64.29%
2025-09-03 18:27:48,072 - Early stopping à l'epoch 267
2025-09-03 18:27:48,073 - Fold 6 - Accuracy finale: 57.14%
2025-09-03 18:27:48,074 - === Fold 7/10 ===
2025-09-03 18:27:48,093 - Epoch 1/500 - Train Loss: 1.4033, Train Acc: 38.49% - Val loss: 1.2018, Val Acc: 46.43%
2025-09-03 18:27:50,244 - Early stopping à l'epoch 143
2025-09-03 18:27:50,245 - Fold 7 - Accuracy finale: 50.00%
2025-09-03 18:27:50,245 - === Fold 8/10 ===
2025-09-03 18:27:50,263 - Epoch 1/500 - Train Loss: 1.5283, Train Acc: 32.94% - Val loss: 1.2000, Val Acc: 35.71%
2025-09-03 18:27:52,616 - Early stopping à l'epoch 156
2025-09-03 18:27:52,617 - Fold 8 - Accuracy finale: 42.86%
2025-09-03 18:27:52,617 - === Fold 9/10 ===
2025-09-03 18:27:52,636 - Epoch 1/500 - Train Loss: 1.5381, Train Acc: 38.49% - Val loss: 1.2808, Val Acc: 39.29%
2025-09-03 18:27:54,193 - Early stopping à l'epoch 103
2025-09-03 18:27:54,194 - Fold 9 - Accuracy finale: 50.00%
2025-09-03 18:27:54,194 - === Fold 10/10 ===
2025-09-03 18:27:54,213 - Epoch 1/500 - Train Loss: 1.4688, Train Acc: 36.51% - Val loss: 1.1121, Val Acc: 46.43%
2025-09-03 18:27:56,093 - Early stopping à l'epoch 123
2025-09-03 18:27:56,094 - Fold 10 - Accuracy finale: 46.43%
2025-09-03 18:27:56,094 - 
2025-09-03 18:27:56,094 - Résultats de la validation croisée
2025-09-03 18:27:56,094 - 
2025-09-03 18:27:56,095 - Accuracy moyenne: 49.64% ± 4.91%
2025-09-03 18:27:56,095 - Loss moyenne: 0.9185 ± 0.1083
2025-09-03 18:27:56,095 - Nombre d'epochs moyen: 151
2025-09-03 18:27:56,095 - Accuracy par fold: ['53.57%', '46.43%', '50.00%', '57.14%', '42.86%', '57.14%', '50.00%', '42.86%', '50.00%', '46.43%']

2025-09-03 18:27:56,095 - Variable candidate fBodyAcc-mean()-X testée
2025-09-03 18:27:56,095 - 
2025-09-03 18:27:56,095 - === Fold 1/10 ===
2025-09-03 18:27:56,114 - Epoch 1/500 - Train Loss: 1.3402, Train Acc: 39.29% - Val loss: 1.1863, Val Acc: 28.57%
2025-09-03 18:27:59,134 - Epoch 201/500 - Train Loss: 0.7532, Train Acc: 63.10% - Val loss: 0.6631, Val Acc: 60.71%
2025-09-03 18:27:59,345 - Early stopping à l'epoch 215
2025-09-03 18:27:59,346 - Fold 1 - Accuracy finale: 57.14%
2025-09-03 18:27:59,346 - === Fold 2/10 ===
2025-09-03 18:27:59,365 - Epoch 1/500 - Train Loss: 1.3438, Train Acc: 34.13% - Val loss: 1.1849, Val Acc: 28.57%
2025-09-03 18:28:02,371 - Epoch 201/500 - Train Loss: 0.7673, Train Acc: 56.35% - Val loss: 0.7641, Val Acc: 60.71%
2025-09-03 18:28:03,140 - Early stopping à l'epoch 252
2025-09-03 18:28:03,141 - Fold 2 - Accuracy finale: 53.57%
2025-09-03 18:28:03,141 - === Fold 3/10 ===
2025-09-03 18:28:03,162 - Epoch 1/500 - Train Loss: 1.3778, Train Acc: 31.35% - Val loss: 1.1967, Val Acc: 32.14%
2025-09-03 18:28:04,759 - Early stopping à l'epoch 105
2025-09-03 18:28:04,760 - Fold 3 - Accuracy finale: 57.14%
2025-09-03 18:28:04,760 - === Fold 4/10 ===
2025-09-03 18:28:04,779 - Epoch 1/500 - Train Loss: 1.4274, Train Acc: 33.73% - Val loss: 1.1480, Val Acc: 39.29%
2025-09-03 18:28:06,476 - Early stopping à l'epoch 112
2025-09-03 18:28:06,477 - Fold 4 - Accuracy finale: 53.57%
2025-09-03 18:28:06,477 - === Fold 5/10 ===
2025-09-03 18:28:06,496 - Epoch 1/500 - Train Loss: 1.3727, Train Acc: 36.90% - Val loss: 1.1557, Val Acc: 35.71%
2025-09-03 18:28:07,752 - Early stopping à l'epoch 83
2025-09-03 18:28:07,753 - Fold 5 - Accuracy finale: 42.86%
2025-09-03 18:28:07,753 - === Fold 6/10 ===
2025-09-03 18:28:07,773 - Epoch 1/500 - Train Loss: 1.4385, Train Acc: 35.32% - Val loss: 1.2262, Val Acc: 28.57%
2025-09-03 18:28:09,530 - Early stopping à l'epoch 115
2025-09-03 18:28:09,531 - Fold 6 - Accuracy finale: 46.43%
2025-09-03 18:28:09,532 - === Fold 7/10 ===
2025-09-03 18:28:09,551 - Epoch 1/500 - Train Loss: 1.3723, Train Acc: 34.92% - Val loss: 1.2518, Val Acc: 35.71%
2025-09-03 18:28:12,263 - Early stopping à l'epoch 177
2025-09-03 18:28:12,265 - Fold 7 - Accuracy finale: 53.57%
2025-09-03 18:28:12,265 - === Fold 8/10 ===
2025-09-03 18:28:12,284 - Epoch 1/500 - Train Loss: 1.4602, Train Acc: 34.92% - Val loss: 1.2323, Val Acc: 32.14%
2025-09-03 18:28:13,878 - Early stopping à l'epoch 104
2025-09-03 18:28:13,879 - Fold 8 - Accuracy finale: 60.71%
2025-09-03 18:28:13,879 - === Fold 9/10 ===
2025-09-03 18:28:13,898 - Epoch 1/500 - Train Loss: 1.4763, Train Acc: 34.92% - Val loss: 1.1833, Val Acc: 35.71%
2025-09-03 18:28:15,470 - Early stopping à l'epoch 104
2025-09-03 18:28:15,471 - Fold 9 - Accuracy finale: 50.00%
2025-09-03 18:28:15,471 - === Fold 10/10 ===
2025-09-03 18:28:15,491 - Epoch 1/500 - Train Loss: 1.3596, Train Acc: 35.32% - Val loss: 1.1975, Val Acc: 46.43%
2025-09-03 18:28:18,554 - Epoch 201/500 - Train Loss: 0.7928, Train Acc: 55.95% - Val loss: 0.8076, Val Acc: 60.71%
2025-09-03 18:28:20,109 - Early stopping à l'epoch 301
2025-09-03 18:28:20,110 - Fold 10 - Accuracy finale: 57.14%
2025-09-03 18:28:20,110 - 
2025-09-03 18:28:20,110 - Résultats de la validation croisée
2025-09-03 18:28:20,110 - 
2025-09-03 18:28:20,110 - Accuracy moyenne: 53.21% ± 5.16%
2025-09-03 18:28:20,110 - Loss moyenne: 0.8499 ± 0.2130
2025-09-03 18:28:20,110 - Nombre d'epochs moyen: 156
2025-09-03 18:28:20,110 - Accuracy par fold: ['57.14%', '53.57%', '57.14%', '53.57%', '42.86%', '46.43%', '53.57%', '60.71%', '50.00%', '57.14%']

2025-09-03 18:28:20,110 - Variable candidate tBodyAccJerk-mean()-X testée
2025-09-03 18:28:20,110 - 
2025-09-03 18:28:20,111 - === Fold 1/10 ===
2025-09-03 18:28:20,129 - Epoch 1/500 - Train Loss: 1.8146, Train Acc: 26.19% - Val loss: 1.3648, Val Acc: 42.86%
2025-09-03 18:28:22,164 - Early stopping à l'epoch 135
2025-09-03 18:28:22,165 - Fold 1 - Accuracy finale: 64.29%
2025-09-03 18:28:22,165 - === Fold 2/10 ===
2025-09-03 18:28:22,184 - Epoch 1/500 - Train Loss: 1.8558, Train Acc: 25.40% - Val loss: 1.2540, Val Acc: 42.86%
2025-09-03 18:28:25,212 - Epoch 201/500 - Train Loss: 0.6531, Train Acc: 69.05% - Val loss: 0.8246, Val Acc: 67.86%
2025-09-03 18:28:25,381 - Early stopping à l'epoch 212
2025-09-03 18:28:25,383 - Fold 2 - Accuracy finale: 60.71%
2025-09-03 18:28:25,383 - === Fold 3/10 ===
2025-09-03 18:28:25,402 - Epoch 1/500 - Train Loss: 1.8274, Train Acc: 24.21% - Val loss: 1.4233, Val Acc: 42.86%
2025-09-03 18:28:26,824 - Early stopping à l'epoch 94
2025-09-03 18:28:26,825 - Fold 3 - Accuracy finale: 46.43%
2025-09-03 18:28:26,825 - === Fold 4/10 ===
2025-09-03 18:28:26,844 - Epoch 1/500 - Train Loss: 1.7425, Train Acc: 26.19% - Val loss: 1.2833, Val Acc: 39.29%
2025-09-03 18:28:29,151 - Early stopping à l'epoch 150
2025-09-03 18:28:29,152 - Fold 4 - Accuracy finale: 60.71%
2025-09-03 18:28:29,152 - === Fold 5/10 ===
2025-09-03 18:28:29,170 - Epoch 1/500 - Train Loss: 1.6832, Train Acc: 29.76% - Val loss: 1.2914, Val Acc: 39.29%
2025-09-03 18:28:30,859 - Early stopping à l'epoch 111
2025-09-03 18:28:30,860 - Fold 5 - Accuracy finale: 57.14%
2025-09-03 18:28:30,860 - === Fold 6/10 ===
2025-09-03 18:28:30,880 - Epoch 1/500 - Train Loss: 1.8842, Train Acc: 27.38% - Val loss: 1.3161, Val Acc: 35.71%
2025-09-03 18:28:33,933 - Epoch 201/500 - Train Loss: 0.7566, Train Acc: 63.89% - Val loss: 1.0380, Val Acc: 57.14%
2025-09-03 18:28:35,401 - Early stopping à l'epoch 297
2025-09-03 18:28:35,402 - Fold 6 - Accuracy finale: 50.00%
2025-09-03 18:28:35,403 - === Fold 7/10 ===
2025-09-03 18:28:35,421 - Epoch 1/500 - Train Loss: 1.7243, Train Acc: 28.57% - Val loss: 1.3658, Val Acc: 35.71%
2025-09-03 18:28:38,433 - Epoch 201/500 - Train Loss: 0.6924, Train Acc: 69.05% - Val loss: 0.9235, Val Acc: 60.71%
2025-09-03 18:28:40,142 - Early stopping à l'epoch 314
2025-09-03 18:28:40,143 - Fold 7 - Accuracy finale: 67.86%
2025-09-03 18:28:40,143 - === Fold 8/10 ===
2025-09-03 18:28:40,162 - Epoch 1/500 - Train Loss: 1.8712, Train Acc: 25.40% - Val loss: 1.4713, Val Acc: 32.14%
2025-09-03 18:28:42,008 - Early stopping à l'epoch 123
2025-09-03 18:28:42,009 - Fold 8 - Accuracy finale: 50.00%
2025-09-03 18:28:42,009 - === Fold 9/10 ===
2025-09-03 18:28:42,028 - Epoch 1/500 - Train Loss: 1.9279, Train Acc: 23.81% - Val loss: 1.5443, Val Acc: 35.71%
2025-09-03 18:28:44,497 - Early stopping à l'epoch 165
2025-09-03 18:28:44,498 - Fold 9 - Accuracy finale: 71.43%
2025-09-03 18:28:44,498 - === Fold 10/10 ===
2025-09-03 18:28:44,517 - Epoch 1/500 - Train Loss: 1.9583, Train Acc: 25.79% - Val loss: 1.7194, Val Acc: 32.14%
2025-09-03 18:28:46,778 - Early stopping à l'epoch 151
2025-09-03 18:28:46,779 - Fold 10 - Accuracy finale: 60.71%
2025-09-03 18:28:46,779 - 
2025-09-03 18:28:46,779 - Résultats de la validation croisée
2025-09-03 18:28:46,779 - 
2025-09-03 18:28:46,779 - Accuracy moyenne: 58.93% ± 7.70%
2025-09-03 18:28:46,779 - Loss moyenne: 0.9813 ± 0.1434
2025-09-03 18:28:46,779 - Nombre d'epochs moyen: 175
2025-09-03 18:28:46,779 - Accuracy par fold: ['64.29%', '60.71%', '46.43%', '60.71%', '57.14%', '50.00%', '67.86%', '50.00%', '71.43%', '60.71%']

2025-09-03 18:28:46,779 - Variable candidate fBodyAcc-max()-X testée
2025-09-03 18:28:46,779 - 
2025-09-03 18:28:46,780 - === Fold 1/10 ===
2025-09-03 18:28:46,798 - Epoch 1/500 - Train Loss: 1.3429, Train Acc: 37.30% - Val loss: 1.1539, Val Acc: 28.57%
2025-09-03 18:28:49,295 - Early stopping à l'epoch 167
2025-09-03 18:28:49,296 - Fold 1 - Accuracy finale: 75.00%
2025-09-03 18:28:49,297 - === Fold 2/10 ===
2025-09-03 18:28:49,315 - Epoch 1/500 - Train Loss: 1.3603, Train Acc: 32.94% - Val loss: 1.1991, Val Acc: 28.57%
2025-09-03 18:28:50,711 - Early stopping à l'epoch 92
2025-09-03 18:28:50,712 - Fold 2 - Accuracy finale: 64.29%
2025-09-03 18:28:50,712 - === Fold 3/10 ===
2025-09-03 18:28:50,731 - Epoch 1/500 - Train Loss: 1.3574, Train Acc: 34.13% - Val loss: 1.1486, Val Acc: 35.71%
2025-09-03 18:28:53,046 - Early stopping à l'epoch 155
2025-09-03 18:28:53,047 - Fold 3 - Accuracy finale: 71.43%
2025-09-03 18:28:53,047 - === Fold 4/10 ===
2025-09-03 18:28:53,066 - Epoch 1/500 - Train Loss: 1.4281, Train Acc: 33.73% - Val loss: 1.1075, Val Acc: 42.86%
2025-09-03 18:28:54,597 - Early stopping à l'epoch 101
2025-09-03 18:28:54,598 - Fold 4 - Accuracy finale: 57.14%
2025-09-03 18:28:54,598 - === Fold 5/10 ===
2025-09-03 18:28:54,617 - Epoch 1/500 - Train Loss: 1.3412, Train Acc: 40.87% - Val loss: 1.1740, Val Acc: 35.71%
2025-09-03 18:28:57,621 - Epoch 201/500 - Train Loss: 0.5797, Train Acc: 71.03% - Val loss: 1.2218, Val Acc: 50.00%
2025-09-03 18:28:58,267 - Early stopping à l'epoch 244
2025-09-03 18:28:58,269 - Fold 5 - Accuracy finale: 53.57%
2025-09-03 18:28:58,269 - === Fold 6/10 ===
2025-09-03 18:28:58,287 - Epoch 1/500 - Train Loss: 1.4583, Train Acc: 34.52% - Val loss: 1.1989, Val Acc: 28.57%
2025-09-03 18:29:01,294 - Epoch 201/500 - Train Loss: 0.6748, Train Acc: 68.25% - Val loss: 0.6600, Val Acc: 64.29%
2025-09-03 18:29:03,628 - Early stopping à l'epoch 356
2025-09-03 18:29:03,630 - Fold 6 - Accuracy finale: 71.43%
2025-09-03 18:29:03,630 - === Fold 7/10 ===
2025-09-03 18:29:03,649 - Epoch 1/500 - Train Loss: 1.3694, Train Acc: 35.71% - Val loss: 1.1898, Val Acc: 46.43%
2025-09-03 18:29:06,692 - Epoch 201/500 - Train Loss: 0.7055, Train Acc: 64.68% - Val loss: 0.5938, Val Acc: 60.71%
2025-09-03 18:29:08,039 - Early stopping à l'epoch 289
2025-09-03 18:29:08,040 - Fold 7 - Accuracy finale: 60.71%
2025-09-03 18:29:08,040 - === Fold 8/10 ===
2025-09-03 18:29:08,060 - Epoch 1/500 - Train Loss: 1.4755, Train Acc: 33.73% - Val loss: 1.2118, Val Acc: 35.71%
2025-09-03 18:29:11,102 - Epoch 201/500 - Train Loss: 0.6189, Train Acc: 69.44% - Val loss: 0.8056, Val Acc: 64.29%
2025-09-03 18:29:11,676 - Early stopping à l'epoch 239
2025-09-03 18:29:11,677 - Fold 8 - Accuracy finale: 53.57%
2025-09-03 18:29:11,677 - === Fold 9/10 ===
2025-09-03 18:29:11,696 - Epoch 1/500 - Train Loss: 1.4674, Train Acc: 32.94% - Val loss: 1.1809, Val Acc: 35.71%
2025-09-03 18:29:13,161 - Early stopping à l'epoch 97
2025-09-03 18:29:13,162 - Fold 9 - Accuracy finale: 64.29%
2025-09-03 18:29:13,162 - === Fold 10/10 ===
2025-09-03 18:29:13,181 - Epoch 1/500 - Train Loss: 1.3604, Train Acc: 36.51% - Val loss: 1.1656, Val Acc: 42.86%
2025-09-03 18:29:15,089 - Early stopping à l'epoch 126
2025-09-03 18:29:15,090 - Fold 10 - Accuracy finale: 64.29%
2025-09-03 18:29:15,090 - 
2025-09-03 18:29:15,090 - Résultats de la validation croisée
2025-09-03 18:29:15,090 - 
2025-09-03 18:29:15,091 - Accuracy moyenne: 63.57% ± 7.11%
2025-09-03 18:29:15,091 - Loss moyenne: 0.8425 ± 0.2120
2025-09-03 18:29:15,091 - Nombre d'epochs moyen: 186
2025-09-03 18:29:15,091 - Accuracy par fold: ['75.00%', '64.29%', '71.43%', '57.14%', '53.57%', '71.43%', '60.71%', '53.57%', '64.29%', '64.29%']

2025-09-03 18:29:15,091 - Variable candidate fBodyAcc-energy()-X testée
2025-09-03 18:29:15,091 - 
2025-09-03 18:29:15,091 - === Fold 1/10 ===
2025-09-03 18:29:15,110 - Epoch 1/500 - Train Loss: 1.3719, Train Acc: 40.08% - Val loss: 1.0700, Val Acc: 42.86%
2025-09-03 18:29:16,999 - Early stopping à l'epoch 125
2025-09-03 18:29:17,001 - Fold 1 - Accuracy finale: 71.43%
2025-09-03 18:29:17,001 - === Fold 2/10 ===
2025-09-03 18:29:17,020 - Epoch 1/500 - Train Loss: 1.3858, Train Acc: 34.52% - Val loss: 1.1732, Val Acc: 28.57%
2025-09-03 18:29:18,681 - Early stopping à l'epoch 110
2025-09-03 18:29:18,682 - Fold 2 - Accuracy finale: 60.71%
2025-09-03 18:29:18,682 - === Fold 3/10 ===
2025-09-03 18:29:18,701 - Epoch 1/500 - Train Loss: 1.3858, Train Acc: 31.35% - Val loss: 1.1869, Val Acc: 42.86%
2025-09-03 18:29:21,770 - Epoch 201/500 - Train Loss: 0.7115, Train Acc: 64.29% - Val loss: 0.7677, Val Acc: 64.29%
2025-09-03 18:29:23,472 - Early stopping à l'epoch 311
2025-09-03 18:29:23,474 - Fold 3 - Accuracy finale: 60.71%
2025-09-03 18:29:23,474 - === Fold 4/10 ===
2025-09-03 18:29:23,493 - Epoch 1/500 - Train Loss: 1.4390, Train Acc: 34.13% - Val loss: 1.0135, Val Acc: 46.43%
2025-09-03 18:29:25,236 - Early stopping à l'epoch 115
2025-09-03 18:29:25,237 - Fold 4 - Accuracy finale: 50.00%
2025-09-03 18:29:25,237 - === Fold 5/10 ===
2025-09-03 18:29:25,256 - Epoch 1/500 - Train Loss: 1.3494, Train Acc: 41.27% - Val loss: 1.1329, Val Acc: 42.86%
2025-09-03 18:29:27,296 - Early stopping à l'epoch 135
2025-09-03 18:29:27,297 - Fold 5 - Accuracy finale: 50.00%
2025-09-03 18:29:27,297 - === Fold 6/10 ===
2025-09-03 18:29:27,316 - Epoch 1/500 - Train Loss: 1.4856, Train Acc: 34.52% - Val loss: 1.1498, Val Acc: 42.86%
2025-09-03 18:29:30,353 - Epoch 201/500 - Train Loss: 0.7241, Train Acc: 63.10% - Val loss: 0.7492, Val Acc: 60.71%
2025-09-03 18:29:30,680 - Early stopping à l'epoch 222
2025-09-03 18:29:30,681 - Fold 6 - Accuracy finale: 64.29%
2025-09-03 18:29:30,681 - === Fold 7/10 ===
2025-09-03 18:29:30,700 - Epoch 1/500 - Train Loss: 1.3795, Train Acc: 38.49% - Val loss: 1.1686, Val Acc: 42.86%
2025-09-03 18:29:33,783 - Epoch 201/500 - Train Loss: 0.7394, Train Acc: 60.32% - Val loss: 0.7176, Val Acc: 64.29%
2025-09-03 18:29:34,328 - Early stopping à l'epoch 237
2025-09-03 18:29:34,329 - Fold 7 - Accuracy finale: 64.29%
2025-09-03 18:29:34,329 - === Fold 8/10 ===
2025-09-03 18:29:34,348 - Epoch 1/500 - Train Loss: 1.4853, Train Acc: 35.32% - Val loss: 1.1807, Val Acc: 39.29%
2025-09-03 18:29:36,595 - Early stopping à l'epoch 149
2025-09-03 18:29:36,596 - Fold 8 - Accuracy finale: 57.14%
2025-09-03 18:29:36,596 - === Fold 9/10 ===
2025-09-03 18:29:36,615 - Epoch 1/500 - Train Loss: 1.5015, Train Acc: 33.33% - Val loss: 1.2571, Val Acc: 39.29%
2025-09-03 18:29:38,554 - Early stopping à l'epoch 129
2025-09-03 18:29:38,556 - Fold 9 - Accuracy finale: 57.14%
2025-09-03 18:29:38,556 - === Fold 10/10 ===
2025-09-03 18:29:38,578 - Epoch 1/500 - Train Loss: 1.3993, Train Acc: 37.30% - Val loss: 1.0982, Val Acc: 46.43%
2025-09-03 18:29:41,017 - Early stopping à l'epoch 159
2025-09-03 18:29:41,018 - Fold 10 - Accuracy finale: 60.71%
2025-09-03 18:29:41,018 - 
2025-09-03 18:29:41,018 - Résultats de la validation croisée
2025-09-03 18:29:41,019 - 
2025-09-03 18:29:41,019 - Accuracy moyenne: 59.64% ± 6.20%
2025-09-03 18:29:41,019 - Loss moyenne: 0.8216 ± 0.1528
2025-09-03 18:29:41,019 - Nombre d'epochs moyen: 169
2025-09-03 18:29:41,019 - Accuracy par fold: ['71.43%', '60.71%', '60.71%', '50.00%', '50.00%', '64.29%', '64.29%', '57.14%', '57.14%', '60.71%']

2025-09-03 18:29:41,019 - Variable candidate fBodyAcc-bandsEnergy()-33,40 testée
2025-09-03 18:29:41,019 - 
2025-09-03 18:29:41,019 - === Fold 1/10 ===
2025-09-03 18:29:41,039 - Epoch 1/500 - Train Loss: 1.4350, Train Acc: 36.90% - Val loss: 1.1978, Val Acc: 28.57%
2025-09-03 18:29:42,415 - Early stopping à l'epoch 91
2025-09-03 18:29:42,417 - Fold 1 - Accuracy finale: 50.00%
2025-09-03 18:29:42,417 - === Fold 2/10 ===
2025-09-03 18:29:42,435 - Epoch 1/500 - Train Loss: 1.4481, Train Acc: 34.13% - Val loss: 1.2588, Val Acc: 28.57%
2025-09-03 18:29:44,429 - Early stopping à l'epoch 132
2025-09-03 18:29:44,430 - Fold 2 - Accuracy finale: 46.43%
2025-09-03 18:29:44,430 - === Fold 3/10 ===
2025-09-03 18:29:44,450 - Epoch 1/500 - Train Loss: 1.4600, Train Acc: 30.95% - Val loss: 1.2402, Val Acc: 39.29%
2025-09-03 18:29:46,455 - Early stopping à l'epoch 133
2025-09-03 18:29:46,456 - Fold 3 - Accuracy finale: 57.14%
2025-09-03 18:29:46,456 - === Fold 4/10 ===
2025-09-03 18:29:46,475 - Epoch 1/500 - Train Loss: 1.4846, Train Acc: 32.94% - Val loss: 1.1419, Val Acc: 39.29%
2025-09-03 18:29:48,226 - Early stopping à l'epoch 116
2025-09-03 18:29:48,227 - Fold 4 - Accuracy finale: 50.00%
2025-09-03 18:29:48,227 - === Fold 5/10 ===
2025-09-03 18:29:48,246 - Epoch 1/500 - Train Loss: 1.4276, Train Acc: 38.10% - Val loss: 1.0938, Val Acc: 42.86%
2025-09-03 18:29:49,726 - Early stopping à l'epoch 98
2025-09-03 18:29:49,727 - Fold 5 - Accuracy finale: 35.71%
2025-09-03 18:29:49,727 - === Fold 6/10 ===
2025-09-03 18:29:49,746 - Epoch 1/500 - Train Loss: 1.4967, Train Acc: 33.73% - Val loss: 1.2226, Val Acc: 28.57%
2025-09-03 18:29:52,213 - Early stopping à l'epoch 162
2025-09-03 18:29:52,214 - Fold 6 - Accuracy finale: 50.00%
2025-09-03 18:29:52,215 - === Fold 7/10 ===
2025-09-03 18:29:52,234 - Epoch 1/500 - Train Loss: 1.4381, Train Acc: 38.49% - Val loss: 1.2616, Val Acc: 28.57%
2025-09-03 18:29:55,263 - Epoch 201/500 - Train Loss: 0.8764, Train Acc: 58.33% - Val loss: 0.8336, Val Acc: 39.29%
2025-09-03 18:29:55,750 - Early stopping à l'epoch 233
2025-09-03 18:29:55,751 - Fold 7 - Accuracy finale: 39.29%
2025-09-03 18:29:55,751 - === Fold 8/10 ===
2025-09-03 18:29:55,770 - Epoch 1/500 - Train Loss: 1.5603, Train Acc: 32.14% - Val loss: 1.2315, Val Acc: 35.71%
2025-09-03 18:29:57,704 - Early stopping à l'epoch 128
2025-09-03 18:29:57,705 - Fold 8 - Accuracy finale: 60.71%
2025-09-03 18:29:57,705 - === Fold 9/10 ===
2025-09-03 18:29:57,724 - Epoch 1/500 - Train Loss: 1.5678, Train Acc: 34.52% - Val loss: 1.2375, Val Acc: 42.86%
2025-09-03 18:29:59,697 - Early stopping à l'epoch 130
2025-09-03 18:29:59,698 - Fold 9 - Accuracy finale: 53.57%
2025-09-03 18:29:59,698 - === Fold 10/10 ===
2025-09-03 18:29:59,718 - Epoch 1/500 - Train Loss: 1.5349, Train Acc: 31.75% - Val loss: 1.2046, Val Acc: 35.71%
2025-09-03 18:30:02,147 - Early stopping à l'epoch 161
2025-09-03 18:30:02,148 - Fold 10 - Accuracy finale: 50.00%
2025-09-03 18:30:02,148 - 
2025-09-03 18:30:02,148 - Résultats de la validation croisée
2025-09-03 18:30:02,148 - 
2025-09-03 18:30:02,148 - Accuracy moyenne: 49.29% ± 7.11%
2025-09-03 18:30:02,148 - Loss moyenne: 1.0033 ± 0.1132
2025-09-03 18:30:02,148 - Nombre d'epochs moyen: 138
2025-09-03 18:30:02,148 - Accuracy par fold: ['50.00%', '46.43%', '57.14%', '50.00%', '35.71%', '50.00%', '39.29%', '60.71%', '53.57%', '50.00%']

2025-09-03 18:30:02,148 - Variable candidate fBodyAccMag-energy() testée
2025-09-03 18:30:02,148 - 
2025-09-03 18:30:02,149 - === Fold 1/10 ===
2025-09-03 18:30:02,168 - Epoch 1/500 - Train Loss: 1.3887, Train Acc: 41.67% - Val loss: 1.0658, Val Acc: 50.00%
2025-09-03 18:30:04,038 - Early stopping à l'epoch 124
2025-09-03 18:30:04,040 - Fold 1 - Accuracy finale: 57.14%
2025-09-03 18:30:04,040 - === Fold 2/10 ===
2025-09-03 18:30:04,059 - Epoch 1/500 - Train Loss: 1.4090, Train Acc: 35.32% - Val loss: 1.1717, Val Acc: 32.14%
2025-09-03 18:30:06,710 - Early stopping à l'epoch 176
2025-09-03 18:30:06,711 - Fold 2 - Accuracy finale: 42.86%
2025-09-03 18:30:06,711 - === Fold 3/10 ===
2025-09-03 18:30:06,730 - Epoch 1/500 - Train Loss: 1.3958, Train Acc: 30.95% - Val loss: 1.1007, Val Acc: 53.57%
2025-09-03 18:30:08,500 - Early stopping à l'epoch 117
2025-09-03 18:30:08,501 - Fold 3 - Accuracy finale: 53.57%
2025-09-03 18:30:08,501 - === Fold 4/10 ===
2025-09-03 18:30:08,521 - Epoch 1/500 - Train Loss: 1.4323, Train Acc: 36.51% - Val loss: 0.9690, Val Acc: 46.43%
2025-09-03 18:30:10,266 - Early stopping à l'epoch 116
2025-09-03 18:30:10,267 - Fold 4 - Accuracy finale: 46.43%
2025-09-03 18:30:10,267 - === Fold 5/10 ===
2025-09-03 18:30:10,290 - Epoch 1/500 - Train Loss: 1.3557, Train Acc: 41.27% - Val loss: 1.1411, Val Acc: 39.29%
2025-09-03 18:30:12,120 - Early stopping à l'epoch 121
2025-09-03 18:30:12,121 - Fold 5 - Accuracy finale: 57.14%
2025-09-03 18:30:12,121 - === Fold 6/10 ===
2025-09-03 18:30:12,141 - Epoch 1/500 - Train Loss: 1.5004, Train Acc: 35.32% - Val loss: 1.1289, Val Acc: 60.71%
2025-09-03 18:30:15,144 - Epoch 201/500 - Train Loss: 0.6952, Train Acc: 63.89% - Val loss: 0.6703, Val Acc: 60.71%
2025-09-03 18:30:16,329 - Early stopping à l'epoch 279
2025-09-03 18:30:16,330 - Fold 6 - Accuracy finale: 60.71%
2025-09-03 18:30:16,330 - === Fold 7/10 ===
2025-09-03 18:30:16,353 - Epoch 1/500 - Train Loss: 1.3844, Train Acc: 41.27% - Val loss: 1.1011, Val Acc: 60.71%
2025-09-03 18:30:18,340 - Early stopping à l'epoch 132
2025-09-03 18:30:18,341 - Fold 7 - Accuracy finale: 64.29%
2025-09-03 18:30:18,341 - === Fold 8/10 ===
2025-09-03 18:30:18,360 - Epoch 1/500 - Train Loss: 1.4899, Train Acc: 34.13% - Val loss: 1.2009, Val Acc: 32.14%
2025-09-03 18:30:21,383 - Epoch 201/500 - Train Loss: 0.6129, Train Acc: 70.63% - Val loss: 0.7573, Val Acc: 64.29%
2025-09-03 18:30:21,732 - Early stopping à l'epoch 224
2025-09-03 18:30:21,733 - Fold 8 - Accuracy finale: 60.71%
2025-09-03 18:30:21,733 - === Fold 9/10 ===
2025-09-03 18:30:21,754 - Epoch 1/500 - Train Loss: 1.5089, Train Acc: 36.51% - Val loss: 1.2950, Val Acc: 35.71%
2025-09-03 18:30:23,580 - Early stopping à l'epoch 120
2025-09-03 18:30:23,581 - Fold 9 - Accuracy finale: 60.71%
2025-09-03 18:30:23,581 - === Fold 10/10 ===
2025-09-03 18:30:23,600 - Epoch 1/500 - Train Loss: 1.4109, Train Acc: 35.71% - Val loss: 1.0696, Val Acc: 46.43%
2025-09-03 18:30:25,534 - Early stopping à l'epoch 128
2025-09-03 18:30:25,535 - Fold 10 - Accuracy finale: 64.29%
2025-09-03 18:30:25,536 - 
2025-09-03 18:30:25,536 - Résultats de la validation croisée
2025-09-03 18:30:25,536 - 
2025-09-03 18:30:25,536 - Accuracy moyenne: 56.79% ± 6.86%
2025-09-03 18:30:25,536 - Loss moyenne: 0.8614 ± 0.1468
2025-09-03 18:30:25,536 - Nombre d'epochs moyen: 153
2025-09-03 18:30:25,536 - Accuracy par fold: ['57.14%', '42.86%', '53.57%', '46.43%', '57.14%', '60.71%', '64.29%', '60.71%', '60.71%', '64.29%']

2025-09-03 18:30:25,536 - Variable candidate fBodyAcc-bandsEnergy()-1,8 testée
2025-09-03 18:30:25,536 - 
2025-09-03 18:30:25,536 - === Fold 1/10 ===
2025-09-03 18:30:25,555 - Epoch 1/500 - Train Loss: 1.3717, Train Acc: 40.48% - Val loss: 1.0614, Val Acc: 53.57%
2025-09-03 18:30:28,584 - Epoch 201/500 - Train Loss: 0.7096, Train Acc: 61.51% - Val loss: 0.5269, Val Acc: 82.14%
2025-09-03 18:30:31,611 - Epoch 401/500 - Train Loss: 0.6655, Train Acc: 69.84% - Val loss: 0.4903, Val Acc: 75.00%
2025-09-03 18:30:32,215 - Early stopping à l'epoch 441
2025-09-03 18:30:32,216 - Fold 1 - Accuracy finale: 75.00%
2025-09-03 18:30:32,216 - === Fold 2/10 ===
2025-09-03 18:30:32,318 - Epoch 1/500 - Train Loss: 1.3959, Train Acc: 35.71% - Val loss: 1.1485, Val Acc: 32.14%
2025-09-03 18:30:34,618 - Early stopping à l'epoch 151
2025-09-03 18:30:34,619 - Fold 2 - Accuracy finale: 67.86%
2025-09-03 18:30:34,619 - === Fold 3/10 ===
2025-09-03 18:30:34,638 - Epoch 1/500 - Train Loss: 1.3653, Train Acc: 35.71% - Val loss: 1.0340, Val Acc: 53.57%
2025-09-03 18:30:37,459 - Early stopping à l'epoch 187
2025-09-03 18:30:37,460 - Fold 3 - Accuracy finale: 71.43%
2025-09-03 18:30:37,461 - === Fold 4/10 ===
2025-09-03 18:30:37,479 - Epoch 1/500 - Train Loss: 1.4403, Train Acc: 34.52% - Val loss: 1.0452, Val Acc: 46.43%
2025-09-03 18:30:39,966 - Early stopping à l'epoch 164
2025-09-03 18:30:39,968 - Fold 4 - Accuracy finale: 64.29%
2025-09-03 18:30:39,968 - === Fold 5/10 ===
2025-09-03 18:30:39,988 - Epoch 1/500 - Train Loss: 1.3463, Train Acc: 40.87% - Val loss: 1.1046, Val Acc: 39.29%
2025-09-03 18:30:42,853 - Early stopping à l'epoch 188
2025-09-03 18:30:42,854 - Fold 5 - Accuracy finale: 53.57%
2025-09-03 18:30:42,854 - === Fold 6/10 ===
2025-09-03 18:30:42,873 - Epoch 1/500 - Train Loss: 1.4910, Train Acc: 36.51% - Val loss: 1.1226, Val Acc: 46.43%
2025-09-03 18:30:45,919 - Epoch 201/500 - Train Loss: 0.6773, Train Acc: 66.27% - Val loss: 0.7951, Val Acc: 57.14%
2025-09-03 18:30:47,042 - Early stopping à l'epoch 273
2025-09-03 18:30:47,043 - Fold 6 - Accuracy finale: 60.71%
2025-09-03 18:30:47,043 - === Fold 7/10 ===
2025-09-03 18:30:47,062 - Epoch 1/500 - Train Loss: 1.3794, Train Acc: 40.08% - Val loss: 1.1617, Val Acc: 42.86%
2025-09-03 18:30:49,803 - Early stopping à l'epoch 181
2025-09-03 18:30:49,804 - Fold 7 - Accuracy finale: 64.29%
2025-09-03 18:30:49,804 - === Fold 8/10 ===
2025-09-03 18:30:49,824 - Epoch 1/500 - Train Loss: 1.4797, Train Acc: 34.13% - Val loss: 1.1782, Val Acc: 35.71%
2025-09-03 18:30:52,336 - Early stopping à l'epoch 166
2025-09-03 18:30:52,338 - Fold 8 - Accuracy finale: 60.71%
2025-09-03 18:30:52,338 - === Fold 9/10 ===
2025-09-03 18:30:52,357 - Epoch 1/500 - Train Loss: 1.4992, Train Acc: 33.73% - Val loss: 1.2167, Val Acc: 39.29%
2025-09-03 18:30:53,928 - Early stopping à l'epoch 103
2025-09-03 18:30:53,929 - Fold 9 - Accuracy finale: 60.71%
2025-09-03 18:30:53,929 - === Fold 10/10 ===
2025-09-03 18:30:53,949 - Epoch 1/500 - Train Loss: 1.4028, Train Acc: 38.49% - Val loss: 1.1059, Val Acc: 46.43%
2025-09-03 18:30:56,725 - Early stopping à l'epoch 183
2025-09-03 18:30:56,726 - Fold 10 - Accuracy finale: 64.29%
2025-09-03 18:30:56,726 - 
2025-09-03 18:30:56,726 - Résultats de la validation croisée
2025-09-03 18:30:56,726 - 
2025-09-03 18:30:56,727 - Accuracy moyenne: 64.29% ± 5.76%
2025-09-03 18:30:56,727 - Loss moyenne: 0.8034 ± 0.1534
2025-09-03 18:30:56,727 - Nombre d'epochs moyen: 203
2025-09-03 18:30:56,727 - Accuracy par fold: ['75.00%', '67.86%', '71.43%', '64.29%', '53.57%', '60.71%', '64.29%', '60.71%', '60.71%', '64.29%']

2025-09-03 18:30:56,727 - Variable candidate fBodyAccMag-mad() testée
2025-09-03 18:30:56,727 - 
2025-09-03 18:30:56,727 - === Fold 1/10 ===
2025-09-03 18:30:56,747 - Epoch 1/500 - Train Loss: 1.3556, Train Acc: 37.30% - Val loss: 1.1547, Val Acc: 28.57%
2025-09-03 18:30:58,929 - Early stopping à l'epoch 144
2025-09-03 18:30:58,930 - Fold 1 - Accuracy finale: 75.00%
2025-09-03 18:30:58,930 - === Fold 2/10 ===
2025-09-03 18:30:58,950 - Epoch 1/500 - Train Loss: 1.3635, Train Acc: 34.92% - Val loss: 1.1760, Val Acc: 35.71%
2025-09-03 18:31:00,427 - Early stopping à l'epoch 97
2025-09-03 18:31:00,429 - Fold 2 - Accuracy finale: 42.86%
2025-09-03 18:31:00,429 - === Fold 3/10 ===
2025-09-03 18:31:00,449 - Epoch 1/500 - Train Loss: 1.3799, Train Acc: 30.56% - Val loss: 1.1698, Val Acc: 35.71%
2025-09-03 18:31:01,942 - Early stopping à l'epoch 98
2025-09-03 18:31:01,943 - Fold 3 - Accuracy finale: 53.57%
2025-09-03 18:31:01,943 - === Fold 4/10 ===
2025-09-03 18:31:01,961 - Epoch 1/500 - Train Loss: 1.4168, Train Acc: 35.71% - Val loss: 1.1105, Val Acc: 42.86%
2025-09-03 18:31:03,433 - Early stopping à l'epoch 96
2025-09-03 18:31:03,434 - Fold 4 - Accuracy finale: 53.57%
2025-09-03 18:31:03,434 - === Fold 5/10 ===
2025-09-03 18:31:03,454 - Epoch 1/500 - Train Loss: 1.3587, Train Acc: 38.89% - Val loss: 1.1068, Val Acc: 42.86%
2025-09-03 18:31:05,827 - Early stopping à l'epoch 154
2025-09-03 18:31:05,828 - Fold 5 - Accuracy finale: 67.86%
2025-09-03 18:31:05,828 - === Fold 6/10 ===
2025-09-03 18:31:05,848 - Epoch 1/500 - Train Loss: 1.4516, Train Acc: 35.32% - Val loss: 1.1985, Val Acc: 28.57%
2025-09-03 18:31:08,921 - Epoch 201/500 - Train Loss: 0.7225, Train Acc: 59.52% - Val loss: 0.6177, Val Acc: 71.43%
2025-09-03 18:31:09,936 - Early stopping à l'epoch 265
2025-09-03 18:31:09,937 - Fold 6 - Accuracy finale: 75.00%
2025-09-03 18:31:09,937 - === Fold 7/10 ===
2025-09-03 18:31:09,956 - Epoch 1/500 - Train Loss: 1.3638, Train Acc: 35.32% - Val loss: 1.1983, Val Acc: 39.29%
2025-09-03 18:31:13,024 - Epoch 201/500 - Train Loss: 0.6825, Train Acc: 65.48% - Val loss: 0.6934, Val Acc: 60.71%
2025-09-03 18:31:14,982 - Early stopping à l'epoch 327
2025-09-03 18:31:14,983 - Fold 7 - Accuracy finale: 64.29%
2025-09-03 18:31:14,983 - === Fold 8/10 ===
2025-09-03 18:31:15,002 - Epoch 1/500 - Train Loss: 1.4767, Train Acc: 32.94% - Val loss: 1.2278, Val Acc: 32.14%
2025-09-03 18:31:17,908 - Early stopping à l'epoch 191
2025-09-03 18:31:17,909 - Fold 8 - Accuracy finale: 57.14%
2025-09-03 18:31:17,910 - === Fold 9/10 ===
2025-09-03 18:31:17,930 - Epoch 1/500 - Train Loss: 1.4765, Train Acc: 33.73% - Val loss: 1.2063, Val Acc: 39.29%
2025-09-03 18:31:19,389 - Early stopping à l'epoch 95
2025-09-03 18:31:19,390 - Fold 9 - Accuracy finale: 50.00%
2025-09-03 18:31:19,390 - === Fold 10/10 ===
2025-09-03 18:31:19,410 - Epoch 1/500 - Train Loss: 1.3763, Train Acc: 38.49% - Val loss: 1.1717, Val Acc: 50.00%
2025-09-03 18:31:20,943 - Early stopping à l'epoch 101
2025-09-03 18:31:20,944 - Fold 10 - Accuracy finale: 60.71%
2025-09-03 18:31:20,944 - 
2025-09-03 18:31:20,944 - Résultats de la validation croisée
2025-09-03 18:31:20,944 - 
2025-09-03 18:31:20,944 - Accuracy moyenne: 60.00% ± 10.08%
2025-09-03 18:31:20,944 - Loss moyenne: 0.8375 ± 0.1659
2025-09-03 18:31:20,944 - Nombre d'epochs moyen: 156
2025-09-03 18:31:20,944 - Accuracy par fold: ['75.00%', '42.86%', '53.57%', '53.57%', '67.86%', '75.00%', '64.29%', '57.14%', '50.00%', '60.71%']

2025-09-03 18:31:20,944 - Variable candidate tBodyAcc-mad()-X testée
2025-09-03 18:31:20,944 - 
2025-09-03 18:31:20,945 - === Fold 1/10 ===
2025-09-03 18:31:20,966 - Epoch 1/500 - Train Loss: 1.3411, Train Acc: 38.10% - Val loss: 1.1806, Val Acc: 28.57%
2025-09-03 18:31:23,691 - Early stopping à l'epoch 179
2025-09-03 18:31:23,692 - Fold 1 - Accuracy finale: 75.00%
2025-09-03 18:31:23,692 - === Fold 2/10 ===
2025-09-03 18:31:23,714 - Epoch 1/500 - Train Loss: 1.3464, Train Acc: 34.13% - Val loss: 1.1836, Val Acc: 28.57%
2025-09-03 18:31:25,234 - Early stopping à l'epoch 100
2025-09-03 18:31:25,236 - Fold 2 - Accuracy finale: 57.14%
2025-09-03 18:31:25,236 - === Fold 3/10 ===
2025-09-03 18:31:25,254 - Epoch 1/500 - Train Loss: 1.3732, Train Acc: 30.56% - Val loss: 1.1921, Val Acc: 32.14%
2025-09-03 18:31:28,273 - Epoch 201/500 - Train Loss: 0.7438, Train Acc: 62.70% - Val loss: 0.7318, Val Acc: 64.29%
2025-09-03 18:31:28,932 - Early stopping à l'epoch 244
2025-09-03 18:31:28,934 - Fold 3 - Accuracy finale: 60.71%
2025-09-03 18:31:28,934 - === Fold 4/10 ===
2025-09-03 18:31:28,953 - Epoch 1/500 - Train Loss: 1.4289, Train Acc: 32.54% - Val loss: 1.1399, Val Acc: 39.29%
2025-09-03 18:31:30,418 - Early stopping à l'epoch 96
2025-09-03 18:31:30,419 - Fold 4 - Accuracy finale: 57.14%
2025-09-03 18:31:30,419 - === Fold 5/10 ===
2025-09-03 18:31:30,439 - Epoch 1/500 - Train Loss: 1.3666, Train Acc: 38.89% - Val loss: 1.1587, Val Acc: 35.71%
2025-09-03 18:31:33,498 - Epoch 201/500 - Train Loss: 0.7242, Train Acc: 61.51% - Val loss: 0.9358, Val Acc: 57.14%
2025-09-03 18:31:35,136 - Early stopping à l'epoch 309
2025-09-03 18:31:35,137 - Fold 5 - Accuracy finale: 57.14%
2025-09-03 18:31:35,138 - === Fold 6/10 ===
2025-09-03 18:31:35,158 - Epoch 1/500 - Train Loss: 1.4437, Train Acc: 35.32% - Val loss: 1.2204, Val Acc: 28.57%
2025-09-03 18:31:38,173 - Epoch 201/500 - Train Loss: 0.7138, Train Acc: 63.89% - Val loss: 0.7117, Val Acc: 64.29%
2025-09-03 18:31:38,612 - Early stopping à l'epoch 230
2025-09-03 18:31:38,613 - Fold 6 - Accuracy finale: 64.29%
2025-09-03 18:31:38,613 - === Fold 7/10 ===
2025-09-03 18:31:38,631 - Epoch 1/500 - Train Loss: 1.3716, Train Acc: 35.32% - Val loss: 1.2534, Val Acc: 46.43%
2025-09-03 18:31:41,514 - Early stopping à l'epoch 192
2025-09-03 18:31:41,515 - Fold 7 - Accuracy finale: 67.86%
2025-09-03 18:31:41,515 - === Fold 8/10 ===
2025-09-03 18:31:41,534 - Epoch 1/500 - Train Loss: 1.4641, Train Acc: 32.54% - Val loss: 1.2313, Val Acc: 32.14%
2025-09-03 18:31:43,873 - Early stopping à l'epoch 153
2025-09-03 18:31:43,874 - Fold 8 - Accuracy finale: 53.57%
2025-09-03 18:31:43,874 - === Fold 9/10 ===
2025-09-03 18:31:43,894 - Epoch 1/500 - Train Loss: 1.4713, Train Acc: 32.14% - Val loss: 1.1892, Val Acc: 53.57%
2025-09-03 18:31:45,685 - Early stopping à l'epoch 119
2025-09-03 18:31:45,686 - Fold 9 - Accuracy finale: 57.14%
2025-09-03 18:31:45,686 - === Fold 10/10 ===
2025-09-03 18:31:45,705 - Epoch 1/500 - Train Loss: 1.3571, Train Acc: 35.71% - Val loss: 1.1880, Val Acc: 42.86%
2025-09-03 18:31:48,089 - Early stopping à l'epoch 159
2025-09-03 18:31:48,090 - Fold 10 - Accuracy finale: 60.71%
2025-09-03 18:31:48,090 - 
2025-09-03 18:31:48,091 - Résultats de la validation croisée
2025-09-03 18:31:48,091 - 
2025-09-03 18:31:48,091 - Accuracy moyenne: 61.07% ± 6.07%
2025-09-03 18:31:48,091 - Loss moyenne: 0.8174 ± 0.1122
2025-09-03 18:31:48,091 - Nombre d'epochs moyen: 178
2025-09-03 18:31:48,091 - Accuracy par fold: ['75.00%', '57.14%', '60.71%', '57.14%', '57.14%', '64.29%', '67.86%', '53.57%', '57.14%', '60.71%']

2025-09-03 18:31:48,091 - Variable candidate tBodyAcc-energy()-X testée
2025-09-03 18:31:48,091 - 
2025-09-03 18:31:48,091 - === Fold 1/10 ===
2025-09-03 18:31:48,111 - Epoch 1/500 - Train Loss: 1.3722, Train Acc: 40.48% - Val loss: 1.0695, Val Acc: 42.86%
2025-09-03 18:31:51,114 - Epoch 201/500 - Train Loss: 0.7014, Train Acc: 64.29% - Val loss: 0.5386, Val Acc: 75.00%
2025-09-03 18:31:52,069 - Early stopping à l'epoch 264
2025-09-03 18:31:52,070 - Fold 1 - Accuracy finale: 75.00%
2025-09-03 18:31:52,070 - === Fold 2/10 ===
2025-09-03 18:31:52,090 - Epoch 1/500 - Train Loss: 1.3866, Train Acc: 34.52% - Val loss: 1.1747, Val Acc: 28.57%
2025-09-03 18:31:53,551 - Early stopping à l'epoch 97
2025-09-03 18:31:53,552 - Fold 2 - Accuracy finale: 67.86%
2025-09-03 18:31:53,552 - === Fold 3/10 ===
2025-09-03 18:31:53,572 - Epoch 1/500 - Train Loss: 1.3855, Train Acc: 30.56% - Val loss: 1.1896, Val Acc: 42.86%
2025-09-03 18:31:56,520 - Early stopping à l'epoch 195
2025-09-03 18:31:56,521 - Fold 3 - Accuracy finale: 64.29%
2025-09-03 18:31:56,521 - === Fold 4/10 ===
2025-09-03 18:31:56,541 - Epoch 1/500 - Train Loss: 1.4381, Train Acc: 34.13% - Val loss: 1.0141, Val Acc: 46.43%
2025-09-03 18:31:58,135 - Early stopping à l'epoch 105
2025-09-03 18:31:58,136 - Fold 4 - Accuracy finale: 50.00%
2025-09-03 18:31:58,137 - === Fold 5/10 ===
2025-09-03 18:31:58,156 - Epoch 1/500 - Train Loss: 1.3498, Train Acc: 40.87% - Val loss: 1.1325, Val Acc: 42.86%
2025-09-03 18:31:59,385 - Early stopping à l'epoch 81
2025-09-03 18:31:59,386 - Fold 5 - Accuracy finale: 46.43%
2025-09-03 18:31:59,386 - === Fold 6/10 ===
2025-09-03 18:31:59,405 - Epoch 1/500 - Train Loss: 1.4859, Train Acc: 34.52% - Val loss: 1.1497, Val Acc: 42.86%
2025-09-03 18:32:02,181 - Early stopping à l'epoch 185
2025-09-03 18:32:02,182 - Fold 6 - Accuracy finale: 53.57%
2025-09-03 18:32:02,182 - === Fold 7/10 ===
2025-09-03 18:32:02,202 - Epoch 1/500 - Train Loss: 1.3791, Train Acc: 38.10% - Val loss: 1.1679, Val Acc: 42.86%
2025-09-03 18:32:05,258 - Epoch 201/500 - Train Loss: 0.7415, Train Acc: 61.90% - Val loss: 0.7098, Val Acc: 57.14%
2025-09-03 18:32:05,319 - Early stopping à l'epoch 205
2025-09-03 18:32:05,321 - Fold 7 - Accuracy finale: 64.29%
2025-09-03 18:32:05,321 - === Fold 8/10 ===
2025-09-03 18:32:05,340 - Epoch 1/500 - Train Loss: 1.4842, Train Acc: 34.52% - Val loss: 1.1814, Val Acc: 35.71%
2025-09-03 18:32:07,973 - Early stopping à l'epoch 174
2025-09-03 18:32:07,974 - Fold 8 - Accuracy finale: 53.57%
2025-09-03 18:32:07,974 - === Fold 9/10 ===
2025-09-03 18:32:07,995 - Epoch 1/500 - Train Loss: 1.5015, Train Acc: 33.33% - Val loss: 1.2560, Val Acc: 39.29%
2025-09-03 18:32:09,632 - Early stopping à l'epoch 108
2025-09-03 18:32:09,634 - Fold 9 - Accuracy finale: 57.14%
2025-09-03 18:32:09,634 - === Fold 10/10 ===
2025-09-03 18:32:09,653 - Epoch 1/500 - Train Loss: 1.3996, Train Acc: 37.30% - Val loss: 1.0977, Val Acc: 46.43%
2025-09-03 18:32:11,788 - Early stopping à l'epoch 141
2025-09-03 18:32:11,789 - Fold 10 - Accuracy finale: 64.29%
2025-09-03 18:32:11,790 - 
2025-09-03 18:32:11,790 - Résultats de la validation croisée
2025-09-03 18:32:11,790 - 
2025-09-03 18:32:11,790 - Accuracy moyenne: 59.64% ± 8.46%
2025-09-03 18:32:11,790 - Loss moyenne: 0.8476 ± 0.1901
2025-09-03 18:32:11,790 - Nombre d'epochs moyen: 155
2025-09-03 18:32:11,790 - Accuracy par fold: ['75.00%', '67.86%', '64.29%', '50.00%', '46.43%', '53.57%', '64.29%', '53.57%', '57.14%', '64.29%']

2025-09-03 18:32:11,790 - Variable candidate tBodyAcc-std()-X testée
2025-09-03 18:32:11,790 - 
2025-09-03 18:32:11,790 - === Fold 1/10 ===
2025-09-03 18:32:11,809 - Epoch 1/500 - Train Loss: 1.3434, Train Acc: 37.70% - Val loss: 1.1794, Val Acc: 28.57%
2025-09-03 18:32:14,579 - Early stopping à l'epoch 182
2025-09-03 18:32:14,580 - Fold 1 - Accuracy finale: 71.43%
2025-09-03 18:32:14,580 - === Fold 2/10 ===
2025-09-03 18:32:14,599 - Epoch 1/500 - Train Loss: 1.3436, Train Acc: 34.13% - Val loss: 1.1730, Val Acc: 28.57%
2025-09-03 18:32:16,074 - Early stopping à l'epoch 97
2025-09-03 18:32:16,075 - Fold 2 - Accuracy finale: 64.29%
2025-09-03 18:32:16,075 - === Fold 3/10 ===
2025-09-03 18:32:16,094 - Epoch 1/500 - Train Loss: 1.3722, Train Acc: 30.56% - Val loss: 1.1927, Val Acc: 35.71%
2025-09-03 18:32:18,039 - Early stopping à l'epoch 128
2025-09-03 18:32:18,040 - Fold 3 - Accuracy finale: 64.29%
2025-09-03 18:32:18,040 - === Fold 4/10 ===
2025-09-03 18:32:18,059 - Epoch 1/500 - Train Loss: 1.4272, Train Acc: 33.33% - Val loss: 1.1379, Val Acc: 39.29%
2025-09-03 18:32:19,716 - Early stopping à l'epoch 107
2025-09-03 18:32:19,717 - Fold 4 - Accuracy finale: 64.29%
2025-09-03 18:32:19,718 - === Fold 5/10 ===
2025-09-03 18:32:19,737 - Epoch 1/500 - Train Loss: 1.3664, Train Acc: 37.70% - Val loss: 1.1569, Val Acc: 35.71%
2025-09-03 18:32:21,636 - Early stopping à l'epoch 124
2025-09-03 18:32:21,637 - Fold 5 - Accuracy finale: 42.86%
2025-09-03 18:32:21,637 - === Fold 6/10 ===
2025-09-03 18:32:21,656 - Epoch 1/500 - Train Loss: 1.4451, Train Acc: 34.92% - Val loss: 1.2194, Val Acc: 28.57%
2025-09-03 18:32:24,706 - Epoch 201/500 - Train Loss: 0.7174, Train Acc: 61.11% - Val loss: 0.8028, Val Acc: 53.57%
2025-09-03 18:32:24,768 - Early stopping à l'epoch 205
2025-09-03 18:32:24,769 - Fold 6 - Accuracy finale: 57.14%
2025-09-03 18:32:24,769 - === Fold 7/10 ===
2025-09-03 18:32:24,789 - Epoch 1/500 - Train Loss: 1.3708, Train Acc: 35.71% - Val loss: 1.2501, Val Acc: 39.29%
2025-09-03 18:32:27,834 - Epoch 201/500 - Train Loss: 0.7534, Train Acc: 61.11% - Val loss: 0.6487, Val Acc: 67.86%
2025-09-03 18:32:28,650 - Early stopping à l'epoch 255
2025-09-03 18:32:28,651 - Fold 7 - Accuracy finale: 64.29%
2025-09-03 18:32:28,651 - === Fold 8/10 ===
2025-09-03 18:32:28,672 - Epoch 1/500 - Train Loss: 1.4629, Train Acc: 32.54% - Val loss: 1.2317, Val Acc: 32.14%
2025-09-03 18:32:30,521 - Early stopping à l'epoch 121
2025-09-03 18:32:30,522 - Fold 8 - Accuracy finale: 57.14%
2025-09-03 18:32:30,522 - === Fold 9/10 ===
2025-09-03 18:32:30,541 - Epoch 1/500 - Train Loss: 1.4702, Train Acc: 33.73% - Val loss: 1.1928, Val Acc: 46.43%
2025-09-03 18:32:32,350 - Early stopping à l'epoch 119
2025-09-03 18:32:32,351 - Fold 9 - Accuracy finale: 53.57%
2025-09-03 18:32:32,351 - === Fold 10/10 ===
2025-09-03 18:32:32,370 - Epoch 1/500 - Train Loss: 1.3573, Train Acc: 36.11% - Val loss: 1.1872, Val Acc: 46.43%
2025-09-03 18:32:35,321 - Early stopping à l'epoch 193
2025-09-03 18:32:35,322 - Fold 10 - Accuracy finale: 64.29%
2025-09-03 18:32:35,322 - 
2025-09-03 18:32:35,322 - Résultats de la validation croisée
2025-09-03 18:32:35,322 - 
2025-09-03 18:32:35,322 - Accuracy moyenne: 60.36% ± 7.57%
2025-09-03 18:32:35,322 - Loss moyenne: 0.8083 ± 0.1624
2025-09-03 18:32:35,322 - Nombre d'epochs moyen: 153
2025-09-03 18:32:35,322 - Accuracy par fold: ['71.43%', '64.29%', '64.29%', '64.29%', '42.86%', '57.14%', '64.29%', '57.14%', '53.57%', '64.29%']

2025-09-03 18:32:35,322 - Ajout de la variable tBodyGyro-mean()-X, mean accuracy - std accuracy: 80.4170

2025-09-03 18:32:35,327 - Variables actuellement selectionnées : ['tBodyGyro-mean()-X']

2025-09-03 18:32:35,328 - Variable candidate fBodyAcc-bandsEnergy()-1,16 testée
2025-09-03 18:32:35,328 - 
2025-09-03 18:32:35,329 - === Fold 1/10 ===
2025-09-03 18:32:35,349 - Epoch 1/500 - Train Loss: 1.4112, Train Acc: 40.08% - Val loss: 0.8863, Val Acc: 57.14%
2025-09-03 18:32:38,387 - Epoch 201/500 - Train Loss: 0.1200, Train Acc: 95.63% - Val loss: 0.4962, Val Acc: 82.14%
2025-09-03 18:32:38,654 - Early stopping à l'epoch 218
2025-09-03 18:32:38,655 - Fold 1 - Accuracy finale: 78.57%
2025-09-03 18:32:38,655 - === Fold 2/10 ===
2025-09-03 18:32:38,675 - Epoch 1/500 - Train Loss: 1.3819, Train Acc: 46.03% - Val loss: 0.9931, Val Acc: 53.57%
2025-09-03 18:32:40,306 - Early stopping à l'epoch 107
2025-09-03 18:32:40,307 - Fold 2 - Accuracy finale: 89.29%
2025-09-03 18:32:40,307 - === Fold 3/10 ===
2025-09-03 18:32:40,326 - Epoch 1/500 - Train Loss: 1.4648, Train Acc: 43.25% - Val loss: 1.0984, Val Acc: 53.57%
2025-09-03 18:32:41,785 - Early stopping à l'epoch 95
2025-09-03 18:32:41,786 - Fold 3 - Accuracy finale: 89.29%
2025-09-03 18:32:41,786 - === Fold 4/10 ===
2025-09-03 18:32:41,806 - Epoch 1/500 - Train Loss: 1.3217, Train Acc: 40.87% - Val loss: 0.9587, Val Acc: 64.29%
2025-09-03 18:32:44,044 - Early stopping à l'epoch 148
2025-09-03 18:32:44,046 - Fold 4 - Accuracy finale: 78.57%
2025-09-03 18:32:44,046 - === Fold 5/10 ===
2025-09-03 18:32:44,065 - Epoch 1/500 - Train Loss: 1.4778, Train Acc: 39.68% - Val loss: 1.1648, Val Acc: 42.86%
2025-09-03 18:32:45,496 - Early stopping à l'epoch 94
2025-09-03 18:32:45,497 - Fold 5 - Accuracy finale: 75.00%
2025-09-03 18:32:45,497 - === Fold 6/10 ===
2025-09-03 18:32:45,522 - Epoch 1/500 - Train Loss: 1.4431, Train Acc: 43.25% - Val loss: 1.0286, Val Acc: 50.00%
2025-09-03 18:32:46,944 - Early stopping à l'epoch 93
2025-09-03 18:32:46,945 - Fold 6 - Accuracy finale: 85.71%
2025-09-03 18:32:46,945 - === Fold 7/10 ===
2025-09-03 18:32:46,964 - Epoch 1/500 - Train Loss: 1.4490, Train Acc: 39.68% - Val loss: 1.0756, Val Acc: 60.71%
2025-09-03 18:32:50,056 - Epoch 201/500 - Train Loss: 0.1783, Train Acc: 91.67% - Val loss: 0.0809, Val Acc: 100.00%
2025-09-03 18:32:52,090 - Early stopping à l'epoch 333
2025-09-03 18:32:52,091 - Fold 7 - Accuracy finale: 96.43%
2025-09-03 18:32:52,091 - === Fold 8/10 ===
2025-09-03 18:32:52,113 - Epoch 1/500 - Train Loss: 1.4888, Train Acc: 37.30% - Val loss: 1.0592, Val Acc: 53.57%
2025-09-03 18:32:53,920 - Early stopping à l'epoch 118
2025-09-03 18:32:53,921 - Fold 8 - Accuracy finale: 78.57%
2025-09-03 18:32:53,921 - === Fold 9/10 ===
2025-09-03 18:32:53,940 - Epoch 1/500 - Train Loss: 1.6487, Train Acc: 35.32% - Val loss: 1.1317, Val Acc: 42.86%
2025-09-03 18:32:56,890 - Early stopping à l'epoch 194
2025-09-03 18:32:56,891 - Fold 9 - Accuracy finale: 82.14%
2025-09-03 18:32:56,891 - === Fold 10/10 ===
2025-09-03 18:32:56,910 - Epoch 1/500 - Train Loss: 1.6659, Train Acc: 33.33% - Val loss: 1.3669, Val Acc: 46.43%
2025-09-03 18:32:59,586 - Early stopping à l'epoch 177
2025-09-03 18:32:59,587 - Fold 10 - Accuracy finale: 85.71%
2025-09-03 18:32:59,588 - 
2025-09-03 18:32:59,588 - Résultats de la validation croisée
2025-09-03 18:32:59,588 - 
2025-09-03 18:32:59,588 - Accuracy moyenne: 83.93% ± 6.24%
2025-09-03 18:32:59,588 - Loss moyenne: 0.5324 ± 0.2394
2025-09-03 18:32:59,588 - Nombre d'epochs moyen: 157
2025-09-03 18:32:59,588 - Accuracy par fold: ['78.57%', '89.29%', '89.29%', '78.57%', '75.00%', '85.71%', '96.43%', '78.57%', '82.14%', '85.71%']

2025-09-03 18:32:59,588 - Variable candidate fBodyAccMag-std() testée
2025-09-03 18:32:59,588 - 
2025-09-03 18:32:59,589 - === Fold 1/10 ===
2025-09-03 18:32:59,608 - Epoch 1/500 - Train Loss: 1.3509, Train Acc: 41.67% - Val loss: 0.8373, Val Acc: 64.29%
2025-09-03 18:33:01,368 - Early stopping à l'epoch 116
2025-09-03 18:33:01,369 - Fold 1 - Accuracy finale: 78.57%
2025-09-03 18:33:01,369 - === Fold 2/10 ===
2025-09-03 18:33:01,391 - Epoch 1/500 - Train Loss: 1.3535, Train Acc: 48.02% - Val loss: 0.9456, Val Acc: 53.57%
2025-09-03 18:33:03,185 - Early stopping à l'epoch 117
2025-09-03 18:33:03,186 - Fold 2 - Accuracy finale: 82.14%
2025-09-03 18:33:03,186 - === Fold 3/10 ===
2025-09-03 18:33:03,206 - Epoch 1/500 - Train Loss: 1.3787, Train Acc: 44.44% - Val loss: 1.0564, Val Acc: 46.43%
2025-09-03 18:33:04,952 - Early stopping à l'epoch 114
2025-09-03 18:33:04,953 - Fold 3 - Accuracy finale: 92.86%
2025-09-03 18:33:04,953 - === Fold 4/10 ===
2025-09-03 18:33:04,972 - Epoch 1/500 - Train Loss: 1.3205, Train Acc: 40.87% - Val loss: 0.9779, Val Acc: 53.57%
2025-09-03 18:33:07,992 - Epoch 201/500 - Train Loss: 0.0904, Train Acc: 96.03% - Val loss: 0.6581, Val Acc: 85.71%
2025-09-03 18:33:08,038 - Early stopping à l'epoch 204
2025-09-03 18:33:08,039 - Fold 4 - Accuracy finale: 85.71%
2025-09-03 18:33:08,039 - === Fold 5/10 ===
2025-09-03 18:33:08,060 - Epoch 1/500 - Train Loss: 1.4096, Train Acc: 37.30% - Val loss: 1.1255, Val Acc: 39.29%
2025-09-03 18:33:10,673 - Early stopping à l'epoch 175
2025-09-03 18:33:10,674 - Fold 5 - Accuracy finale: 78.57%
2025-09-03 18:33:10,674 - === Fold 6/10 ===
2025-09-03 18:33:10,693 - Epoch 1/500 - Train Loss: 1.4145, Train Acc: 40.08% - Val loss: 1.0323, Val Acc: 46.43%
2025-09-03 18:33:12,120 - Early stopping à l'epoch 95
2025-09-03 18:33:12,121 - Fold 6 - Accuracy finale: 85.71%
2025-09-03 18:33:12,121 - === Fold 7/10 ===
2025-09-03 18:33:12,139 - Epoch 1/500 - Train Loss: 1.3663, Train Acc: 40.87% - Val loss: 1.0550, Val Acc: 60.71%
2025-09-03 18:33:14,061 - Early stopping à l'epoch 130
2025-09-03 18:33:14,062 - Fold 7 - Accuracy finale: 85.71%
2025-09-03 18:33:14,062 - === Fold 8/10 ===
2025-09-03 18:33:14,081 - Epoch 1/500 - Train Loss: 1.4673, Train Acc: 32.94% - Val loss: 1.0934, Val Acc: 39.29%
2025-09-03 18:33:16,106 - Early stopping à l'epoch 136
2025-09-03 18:33:16,107 - Fold 8 - Accuracy finale: 78.57%
2025-09-03 18:33:16,107 - === Fold 9/10 ===
2025-09-03 18:33:16,125 - Epoch 1/500 - Train Loss: 1.6024, Train Acc: 31.35% - Val loss: 1.0088, Val Acc: 60.71%
2025-09-03 18:33:19,134 - Epoch 201/500 - Train Loss: 0.0905, Train Acc: 96.43% - Val loss: 0.1823, Val Acc: 96.43%
2025-09-03 18:33:20,690 - Early stopping à l'epoch 304
2025-09-03 18:33:20,692 - Fold 9 - Accuracy finale: 89.29%
2025-09-03 18:33:20,692 - === Fold 10/10 ===
2025-09-03 18:33:20,711 - Epoch 1/500 - Train Loss: 1.6302, Train Acc: 35.32% - Val loss: 1.2960, Val Acc: 46.43%
2025-09-03 18:33:22,075 - Early stopping à l'epoch 92
2025-09-03 18:33:22,076 - Fold 10 - Accuracy finale: 78.57%
2025-09-03 18:33:22,076 - 
2025-09-03 18:33:22,076 - Résultats de la validation croisée
2025-09-03 18:33:22,077 - 
2025-09-03 18:33:22,077 - Accuracy moyenne: 83.57% ± 4.84%
2025-09-03 18:33:22,077 - Loss moyenne: 0.6979 ± 0.2708
2025-09-03 18:33:22,077 - Nombre d'epochs moyen: 148
2025-09-03 18:33:22,077 - Accuracy par fold: ['78.57%', '82.14%', '92.86%', '85.71%', '78.57%', '85.71%', '85.71%', '78.57%', '89.29%', '78.57%']

2025-09-03 18:33:22,077 - Variable candidate fBodyAcc-bandsEnergy()-49,56 testée
2025-09-03 18:33:22,077 - 
2025-09-03 18:33:22,077 - === Fold 1/10 ===
2025-09-03 18:33:22,096 - Epoch 1/500 - Train Loss: 1.4965, Train Acc: 39.68% - Val loss: 1.0254, Val Acc: 39.29%
2025-09-03 18:33:25,136 - Epoch 201/500 - Train Loss: 0.0660, Train Acc: 98.02% - Val loss: 0.9720, Val Acc: 82.14%
2025-09-03 18:33:25,213 - Early stopping à l'epoch 206
2025-09-03 18:33:25,214 - Fold 1 - Accuracy finale: 78.57%
2025-09-03 18:33:25,214 - === Fold 2/10 ===
2025-09-03 18:33:25,233 - Epoch 1/500 - Train Loss: 1.5267, Train Acc: 42.06% - Val loss: 1.1678, Val Acc: 42.86%
2025-09-03 18:33:28,118 - Early stopping à l'epoch 192
2025-09-03 18:33:28,119 - Fold 2 - Accuracy finale: 92.86%
2025-09-03 18:33:28,119 - === Fold 3/10 ===
2025-09-03 18:33:28,137 - Epoch 1/500 - Train Loss: 1.5483, Train Acc: 42.86% - Val loss: 1.1172, Val Acc: 39.29%
2025-09-03 18:33:31,131 - Epoch 201/500 - Train Loss: 0.1393, Train Acc: 95.24% - Val loss: 0.2375, Val Acc: 85.71%
2025-09-03 18:33:32,948 - Early stopping à l'epoch 323
2025-09-03 18:33:32,949 - Fold 3 - Accuracy finale: 85.71%
2025-09-03 18:33:32,949 - === Fold 4/10 ===
2025-09-03 18:33:32,967 - Epoch 1/500 - Train Loss: 1.3505, Train Acc: 42.46% - Val loss: 0.9924, Val Acc: 57.14%
2025-09-03 18:33:35,827 - Early stopping à l'epoch 191
2025-09-03 18:33:35,828 - Fold 4 - Accuracy finale: 89.29%
2025-09-03 18:33:35,828 - === Fold 5/10 ===
2025-09-03 18:33:35,847 - Epoch 1/500 - Train Loss: 1.5257, Train Acc: 40.08% - Val loss: 1.2164, Val Acc: 42.86%
2025-09-03 18:33:38,870 - Epoch 201/500 - Train Loss: 0.0788, Train Acc: 96.43% - Val loss: 0.5921, Val Acc: 85.71%
2025-09-03 18:33:39,291 - Early stopping à l'epoch 229
2025-09-03 18:33:39,292 - Fold 5 - Accuracy finale: 89.29%
2025-09-03 18:33:39,293 - === Fold 6/10 ===
2025-09-03 18:33:39,310 - Epoch 1/500 - Train Loss: 1.4920, Train Acc: 40.87% - Val loss: 1.1301, Val Acc: 42.86%
2025-09-03 18:33:41,131 - Early stopping à l'epoch 123
2025-09-03 18:33:41,132 - Fold 6 - Accuracy finale: 85.71%
2025-09-03 18:33:41,132 - === Fold 7/10 ===
2025-09-03 18:33:41,150 - Epoch 1/500 - Train Loss: 1.5448, Train Acc: 40.48% - Val loss: 1.1454, Val Acc: 50.00%
2025-09-03 18:33:43,561 - Early stopping à l'epoch 163
2025-09-03 18:33:43,562 - Fold 7 - Accuracy finale: 89.29%
2025-09-03 18:33:43,562 - === Fold 8/10 ===
2025-09-03 18:33:43,580 - Epoch 1/500 - Train Loss: 1.5806, Train Acc: 36.90% - Val loss: 1.1752, Val Acc: 35.71%
2025-09-03 18:33:46,498 - Early stopping à l'epoch 197
2025-09-03 18:33:46,500 - Fold 8 - Accuracy finale: 75.00%
2025-09-03 18:33:46,500 - === Fold 9/10 ===
2025-09-03 18:33:46,518 - Epoch 1/500 - Train Loss: 1.7947, Train Acc: 31.75% - Val loss: 1.2378, Val Acc: 46.43%
2025-09-03 18:33:49,489 - Epoch 201/500 - Train Loss: 0.1319, Train Acc: 95.24% - Val loss: 0.5005, Val Acc: 85.71%
2025-09-03 18:33:49,920 - Early stopping à l'epoch 230
2025-09-03 18:33:49,921 - Fold 9 - Accuracy finale: 89.29%
2025-09-03 18:33:49,921 - === Fold 10/10 ===
2025-09-03 18:33:49,939 - Epoch 1/500 - Train Loss: 1.7922, Train Acc: 35.32% - Val loss: 1.3925, Val Acc: 46.43%
2025-09-03 18:33:51,934 - Early stopping à l'epoch 135
2025-09-03 18:33:51,935 - Fold 10 - Accuracy finale: 85.71%
2025-09-03 18:33:51,935 - 
2025-09-03 18:33:51,935 - Résultats de la validation croisée
2025-09-03 18:33:51,935 - 
2025-09-03 18:33:51,935 - Accuracy moyenne: 86.07% ± 5.16%
2025-09-03 18:33:51,935 - Loss moyenne: 0.6200 ± 0.2373
2025-09-03 18:33:51,935 - Nombre d'epochs moyen: 198
2025-09-03 18:33:51,935 - Accuracy par fold: ['78.57%', '92.86%', '85.71%', '89.29%', '89.29%', '85.71%', '89.29%', '75.00%', '89.29%', '85.71%']

2025-09-03 18:33:51,936 - Variable candidate tGravityAcc-entropy()-Y testée
2025-09-03 18:33:51,936 - 
2025-09-03 18:33:51,936 - === Fold 1/10 ===
2025-09-03 18:33:51,954 - Epoch 1/500 - Train Loss: 1.7448, Train Acc: 29.37% - Val loss: 1.5943, Val Acc: 32.14%
2025-09-03 18:33:54,111 - Early stopping à l'epoch 146
2025-09-03 18:33:54,112 - Fold 1 - Accuracy finale: 71.43%
2025-09-03 18:33:54,112 - === Fold 2/10 ===
2025-09-03 18:33:54,130 - Epoch 1/500 - Train Loss: 1.8222, Train Acc: 26.59% - Val loss: 1.4261, Val Acc: 32.14%
2025-09-03 18:33:56,041 - Early stopping à l'epoch 128
2025-09-03 18:33:56,042 - Fold 2 - Accuracy finale: 89.29%
2025-09-03 18:33:56,042 - === Fold 3/10 ===
2025-09-03 18:33:56,060 - Epoch 1/500 - Train Loss: 1.7917, Train Acc: 30.95% - Val loss: 1.1727, Val Acc: 42.86%
2025-09-03 18:33:58,068 - Early stopping à l'epoch 136
2025-09-03 18:33:58,069 - Fold 3 - Accuracy finale: 96.43%
2025-09-03 18:33:58,069 - === Fold 4/10 ===
2025-09-03 18:33:58,087 - Epoch 1/500 - Train Loss: 1.5684, Train Acc: 36.11% - Val loss: 0.9979, Val Acc: 53.57%
2025-09-03 18:34:00,173 - Early stopping à l'epoch 141
2025-09-03 18:34:00,174 - Fold 4 - Accuracy finale: 89.29%
2025-09-03 18:34:00,174 - === Fold 5/10 ===
2025-09-03 18:34:00,193 - Epoch 1/500 - Train Loss: 1.7380, Train Acc: 27.78% - Val loss: 1.1962, Val Acc: 35.71%
2025-09-03 18:34:01,786 - Early stopping à l'epoch 108
2025-09-03 18:34:01,787 - Fold 5 - Accuracy finale: 85.71%
2025-09-03 18:34:01,787 - === Fold 6/10 ===
2025-09-03 18:34:01,805 - Epoch 1/500 - Train Loss: 1.7282, Train Acc: 36.90% - Val loss: 1.3476, Val Acc: 42.86%
2025-09-03 18:34:03,814 - Early stopping à l'epoch 136
2025-09-03 18:34:03,815 - Fold 6 - Accuracy finale: 89.29%
2025-09-03 18:34:03,815 - === Fold 7/10 ===
2025-09-03 18:34:03,833 - Epoch 1/500 - Train Loss: 1.7724, Train Acc: 29.37% - Val loss: 1.2285, Val Acc: 46.43%
2025-09-03 18:34:06,085 - Early stopping à l'epoch 152
2025-09-03 18:34:06,086 - Fold 7 - Accuracy finale: 89.29%
2025-09-03 18:34:06,086 - === Fold 8/10 ===
2025-09-03 18:34:06,104 - Epoch 1/500 - Train Loss: 1.7945, Train Acc: 24.60% - Val loss: 1.2146, Val Acc: 50.00%
2025-09-03 18:34:07,952 - Early stopping à l'epoch 125
2025-09-03 18:34:07,953 - Fold 8 - Accuracy finale: 85.71%
2025-09-03 18:34:07,953 - === Fold 9/10 ===
2025-09-03 18:34:07,971 - Epoch 1/500 - Train Loss: 2.0686, Train Acc: 16.67% - Val loss: 1.6185, Val Acc: 28.57%
2025-09-03 18:34:09,824 - Early stopping à l'epoch 124
2025-09-03 18:34:09,825 - Fold 9 - Accuracy finale: 89.29%
2025-09-03 18:34:09,825 - === Fold 10/10 ===
2025-09-03 18:34:09,843 - Epoch 1/500 - Train Loss: 1.9596, Train Acc: 25.79% - Val loss: 1.4687, Val Acc: 32.14%
2025-09-03 18:34:11,646 - Early stopping à l'epoch 122
2025-09-03 18:34:11,647 - Fold 10 - Accuracy finale: 85.71%
2025-09-03 18:34:11,648 - 
2025-09-03 18:34:11,648 - Résultats de la validation croisée
2025-09-03 18:34:11,648 - 
2025-09-03 18:34:11,648 - Accuracy moyenne: 87.14% ± 6.02%
2025-09-03 18:34:11,648 - Loss moyenne: 0.7474 ± 0.3936
2025-09-03 18:34:11,648 - Nombre d'epochs moyen: 131
2025-09-03 18:34:11,648 - Accuracy par fold: ['71.43%', '89.29%', '96.43%', '89.29%', '85.71%', '89.29%', '89.29%', '85.71%', '89.29%', '85.71%']

2025-09-03 18:34:11,648 - Variable candidate fBodyAcc-bandsEnergy()-41,48 testée
2025-09-03 18:34:11,648 - 
2025-09-03 18:34:11,648 - === Fold 1/10 ===
2025-09-03 18:34:11,666 - Epoch 1/500 - Train Loss: 1.4690, Train Acc: 40.87% - Val loss: 0.9737, Val Acc: 39.29%
2025-09-03 18:34:13,248 - Early stopping à l'epoch 107
2025-09-03 18:34:13,249 - Fold 1 - Accuracy finale: 75.00%
2025-09-03 18:34:13,249 - === Fold 2/10 ===
2025-09-03 18:34:13,267 - Epoch 1/500 - Train Loss: 1.4685, Train Acc: 41.67% - Val loss: 1.1556, Val Acc: 39.29%
2025-09-03 18:34:15,010 - Early stopping à l'epoch 118
2025-09-03 18:34:15,012 - Fold 2 - Accuracy finale: 89.29%
2025-09-03 18:34:15,012 - === Fold 3/10 ===
2025-09-03 18:34:15,030 - Epoch 1/500 - Train Loss: 1.5093, Train Acc: 44.44% - Val loss: 1.1334, Val Acc: 46.43%
2025-09-03 18:34:16,874 - Early stopping à l'epoch 125
2025-09-03 18:34:16,875 - Fold 3 - Accuracy finale: 82.14%
2025-09-03 18:34:16,876 - === Fold 4/10 ===
2025-09-03 18:34:16,894 - Epoch 1/500 - Train Loss: 1.3354, Train Acc: 44.44% - Val loss: 0.9598, Val Acc: 60.71%
2025-09-03 18:34:19,587 - Early stopping à l'epoch 182
2025-09-03 18:34:19,589 - Fold 4 - Accuracy finale: 89.29%
2025-09-03 18:34:19,589 - === Fold 5/10 ===
2025-09-03 18:34:19,607 - Epoch 1/500 - Train Loss: 1.5090, Train Acc: 40.87% - Val loss: 1.2271, Val Acc: 46.43%
2025-09-03 18:34:22,448 - Early stopping à l'epoch 192
2025-09-03 18:34:22,449 - Fold 5 - Accuracy finale: 82.14%
2025-09-03 18:34:22,449 - === Fold 6/10 ===
2025-09-03 18:34:22,467 - Epoch 1/500 - Train Loss: 1.4687, Train Acc: 42.06% - Val loss: 1.1175, Val Acc: 42.86%
2025-09-03 18:34:23,938 - Early stopping à l'epoch 100
2025-09-03 18:34:23,940 - Fold 6 - Accuracy finale: 85.71%
2025-09-03 18:34:23,940 - === Fold 7/10 ===
2025-09-03 18:34:23,958 - Epoch 1/500 - Train Loss: 1.5259, Train Acc: 40.87% - Val loss: 1.0879, Val Acc: 57.14%
2025-09-03 18:34:26,486 - Early stopping à l'epoch 171
2025-09-03 18:34:26,487 - Fold 7 - Accuracy finale: 92.86%
2025-09-03 18:34:26,487 - === Fold 8/10 ===
2025-09-03 18:34:26,506 - Epoch 1/500 - Train Loss: 1.5528, Train Acc: 36.11% - Val loss: 1.1637, Val Acc: 32.14%
2025-09-03 18:34:27,768 - Early stopping à l'epoch 86
2025-09-03 18:34:27,769 - Fold 8 - Accuracy finale: 75.00%
2025-09-03 18:34:27,769 - === Fold 9/10 ===
2025-09-03 18:34:27,787 - Epoch 1/500 - Train Loss: 1.7526, Train Acc: 34.52% - Val loss: 1.1870, Val Acc: 46.43%
2025-09-03 18:34:30,777 - Epoch 201/500 - Train Loss: 0.1738, Train Acc: 92.86% - Val loss: 0.2463, Val Acc: 92.86%
2025-09-03 18:34:32,612 - Early stopping à l'epoch 324
2025-09-03 18:34:32,613 - Fold 9 - Accuracy finale: 89.29%
2025-09-03 18:34:32,613 - === Fold 10/10 ===
2025-09-03 18:34:32,631 - Epoch 1/500 - Train Loss: 1.7643, Train Acc: 36.90% - Val loss: 1.3881, Val Acc: 46.43%
2025-09-03 18:34:34,269 - Early stopping à l'epoch 110
2025-09-03 18:34:34,270 - Fold 10 - Accuracy finale: 78.57%
2025-09-03 18:34:34,270 - 
2025-09-03 18:34:34,270 - Résultats de la validation croisée
2025-09-03 18:34:34,270 - 
2025-09-03 18:34:34,270 - Accuracy moyenne: 83.93% ± 6.03%
2025-09-03 18:34:34,270 - Loss moyenne: 0.6046 ± 0.3011
2025-09-03 18:34:34,270 - Nombre d'epochs moyen: 151
2025-09-03 18:34:34,270 - Accuracy par fold: ['75.00%', '89.29%', '82.14%', '89.29%', '82.14%', '85.71%', '92.86%', '75.00%', '89.29%', '78.57%']

2025-09-03 18:34:34,270 - Variable candidate fBodyAccJerk-bandsEnergy()-1,16 testée
2025-09-03 18:34:34,270 - 
2025-09-03 18:34:34,271 - === Fold 1/10 ===
2025-09-03 18:34:34,289 - Epoch 1/500 - Train Loss: 1.4230, Train Acc: 42.06% - Val loss: 0.8896, Val Acc: 60.71%
2025-09-03 18:34:36,820 - Early stopping à l'epoch 172
2025-09-03 18:34:36,822 - Fold 1 - Accuracy finale: 75.00%
2025-09-03 18:34:36,822 - === Fold 2/10 ===
2025-09-03 18:34:36,840 - Epoch 1/500 - Train Loss: 1.4070, Train Acc: 43.65% - Val loss: 1.0847, Val Acc: 50.00%
2025-09-03 18:34:38,422 - Early stopping à l'epoch 107
2025-09-03 18:34:38,423 - Fold 2 - Accuracy finale: 85.71%
2025-09-03 18:34:38,423 - === Fold 3/10 ===
2025-09-03 18:34:38,441 - Epoch 1/500 - Train Loss: 1.4761, Train Acc: 43.25% - Val loss: 1.1686, Val Acc: 42.86%
2025-09-03 18:34:40,587 - Early stopping à l'epoch 143
2025-09-03 18:34:40,588 - Fold 3 - Accuracy finale: 82.14%
2025-09-03 18:34:40,588 - === Fold 4/10 ===
2025-09-03 18:34:40,606 - Epoch 1/500 - Train Loss: 1.3378, Train Acc: 42.86% - Val loss: 0.9509, Val Acc: 64.29%
2025-09-03 18:34:43,606 - Epoch 201/500 - Train Loss: 0.1435, Train Acc: 93.25% - Val loss: 0.3732, Val Acc: 75.00%
2025-09-03 18:34:44,401 - Early stopping à l'epoch 254
2025-09-03 18:34:44,402 - Fold 4 - Accuracy finale: 82.14%
2025-09-03 18:34:44,402 - === Fold 5/10 ===
2025-09-03 18:34:44,420 - Epoch 1/500 - Train Loss: 1.4658, Train Acc: 38.89% - Val loss: 1.1607, Val Acc: 39.29%
2025-09-03 18:34:46,416 - Early stopping à l'epoch 134
2025-09-03 18:34:46,417 - Fold 5 - Accuracy finale: 78.57%
2025-09-03 18:34:46,417 - === Fold 6/10 ===
2025-09-03 18:34:46,435 - Epoch 1/500 - Train Loss: 1.4684, Train Acc: 44.05% - Val loss: 1.1147, Val Acc: 42.86%
2025-09-03 18:34:48,590 - Early stopping à l'epoch 146
2025-09-03 18:34:48,591 - Fold 6 - Accuracy finale: 85.71%
2025-09-03 18:34:48,591 - === Fold 7/10 ===
2025-09-03 18:34:48,609 - Epoch 1/500 - Train Loss: 1.4651, Train Acc: 42.46% - Val loss: 1.0733, Val Acc: 57.14%
2025-09-03 18:34:51,579 - Epoch 201/500 - Train Loss: 0.1404, Train Acc: 94.44% - Val loss: 0.4906, Val Acc: 82.14%
2025-09-03 18:34:51,594 - Early stopping à l'epoch 202
2025-09-03 18:34:51,595 - Fold 7 - Accuracy finale: 82.14%
2025-09-03 18:34:51,595 - === Fold 8/10 ===
2025-09-03 18:34:51,613 - Epoch 1/500 - Train Loss: 1.5063, Train Acc: 37.70% - Val loss: 1.1035, Val Acc: 39.29%
2025-09-03 18:34:53,477 - Early stopping à l'epoch 126
2025-09-03 18:34:53,479 - Fold 8 - Accuracy finale: 78.57%
2025-09-03 18:34:53,479 - === Fold 9/10 ===
2025-09-03 18:34:53,497 - Epoch 1/500 - Train Loss: 1.6860, Train Acc: 36.11% - Val loss: 1.1337, Val Acc: 42.86%
2025-09-03 18:34:56,256 - Early stopping à l'epoch 186
2025-09-03 18:34:56,257 - Fold 9 - Accuracy finale: 85.71%
2025-09-03 18:34:56,257 - === Fold 10/10 ===
2025-09-03 18:34:56,275 - Epoch 1/500 - Train Loss: 1.6931, Train Acc: 34.13% - Val loss: 1.3844, Val Acc: 42.86%
2025-09-03 18:34:59,296 - Epoch 201/500 - Train Loss: 0.1122, Train Acc: 94.84% - Val loss: 1.1121, Val Acc: 82.14%
2025-09-03 18:34:59,402 - Early stopping à l'epoch 208
2025-09-03 18:34:59,403 - Fold 10 - Accuracy finale: 85.71%
2025-09-03 18:34:59,403 - 
2025-09-03 18:34:59,403 - Résultats de la validation croisée
2025-09-03 18:34:59,403 - 
2025-09-03 18:34:59,403 - Accuracy moyenne: 82.14% ± 3.57%
2025-09-03 18:34:59,403 - Loss moyenne: 0.6650 ± 0.2814
2025-09-03 18:34:59,403 - Nombre d'epochs moyen: 167
2025-09-03 18:34:59,403 - Accuracy par fold: ['75.00%', '85.71%', '82.14%', '82.14%', '78.57%', '85.71%', '82.14%', '78.57%', '85.71%', '85.71%']

2025-09-03 18:34:59,403 - Variable candidate fBodyAcc-bandsEnergy()-33,48 testée
2025-09-03 18:34:59,403 - 
2025-09-03 18:34:59,404 - === Fold 1/10 ===
2025-09-03 18:34:59,422 - Epoch 1/500 - Train Loss: 1.4642, Train Acc: 40.48% - Val loss: 0.9871, Val Acc: 42.86%
2025-09-03 18:35:02,191 - Early stopping à l'epoch 183
2025-09-03 18:35:02,199 - Fold 1 - Accuracy finale: 82.14%
2025-09-03 18:35:02,199 - === Fold 2/10 ===
2025-09-03 18:35:02,217 - Epoch 1/500 - Train Loss: 1.4566, Train Acc: 41.27% - Val loss: 1.1299, Val Acc: 39.29%
2025-09-03 18:35:03,657 - Early stopping à l'epoch 97
2025-09-03 18:35:03,658 - Fold 2 - Accuracy finale: 89.29%
2025-09-03 18:35:03,659 - === Fold 3/10 ===
2025-09-03 18:35:03,681 - Epoch 1/500 - Train Loss: 1.4950, Train Acc: 43.65% - Val loss: 1.1382, Val Acc: 42.86%
2025-09-03 18:35:05,892 - Early stopping à l'epoch 147
2025-09-03 18:35:05,893 - Fold 3 - Accuracy finale: 89.29%
2025-09-03 18:35:05,893 - === Fold 4/10 ===
2025-09-03 18:35:05,912 - Epoch 1/500 - Train Loss: 1.3400, Train Acc: 41.67% - Val loss: 0.9896, Val Acc: 57.14%
2025-09-03 18:35:08,903 - Epoch 201/500 - Train Loss: 0.1526, Train Acc: 94.44% - Val loss: 0.2946, Val Acc: 89.29%
2025-09-03 18:35:10,156 - Early stopping à l'epoch 283
2025-09-03 18:35:10,157 - Fold 4 - Accuracy finale: 82.14%
2025-09-03 18:35:10,157 - === Fold 5/10 ===
2025-09-03 18:35:10,176 - Epoch 1/500 - Train Loss: 1.4946, Train Acc: 41.67% - Val loss: 1.2162, Val Acc: 46.43%
2025-09-03 18:35:13,215 - Epoch 201/500 - Train Loss: 0.1381, Train Acc: 94.44% - Val loss: 0.5983, Val Acc: 89.29%
2025-09-03 18:35:13,305 - Early stopping à l'epoch 207
2025-09-03 18:35:13,306 - Fold 5 - Accuracy finale: 89.29%
2025-09-03 18:35:13,306 - === Fold 6/10 ===
2025-09-03 18:35:13,326 - Epoch 1/500 - Train Loss: 1.4685, Train Acc: 42.06% - Val loss: 1.1092, Val Acc: 39.29%
2025-09-03 18:35:15,391 - Early stopping à l'epoch 138
2025-09-03 18:35:15,392 - Fold 6 - Accuracy finale: 85.71%
2025-09-03 18:35:15,392 - === Fold 7/10 ===
2025-09-03 18:35:15,410 - Epoch 1/500 - Train Loss: 1.5270, Train Acc: 41.27% - Val loss: 1.1424, Val Acc: 46.43%
2025-09-03 18:35:18,265 - Early stopping à l'epoch 190
2025-09-03 18:35:18,266 - Fold 7 - Accuracy finale: 92.86%
2025-09-03 18:35:18,266 - === Fold 8/10 ===
2025-09-03 18:35:18,285 - Epoch 1/500 - Train Loss: 1.5517, Train Acc: 36.90% - Val loss: 1.1722, Val Acc: 32.14%
2025-09-03 18:35:19,906 - Early stopping à l'epoch 108
2025-09-03 18:35:19,907 - Fold 8 - Accuracy finale: 75.00%
2025-09-03 18:35:19,907 - === Fold 9/10 ===
2025-09-03 18:35:19,925 - Epoch 1/500 - Train Loss: 1.7454, Train Acc: 32.14% - Val loss: 1.1805, Val Acc: 46.43%
2025-09-03 18:35:22,906 - Epoch 201/500 - Train Loss: 0.1537, Train Acc: 92.86% - Val loss: 0.1826, Val Acc: 89.29%
2025-09-03 18:35:24,143 - Early stopping à l'epoch 284
2025-09-03 18:35:24,144 - Fold 9 - Accuracy finale: 89.29%
2025-09-03 18:35:24,144 - === Fold 10/10 ===
2025-09-03 18:35:24,163 - Epoch 1/500 - Train Loss: 1.7522, Train Acc: 34.13% - Val loss: 1.3952, Val Acc: 39.29%
2025-09-03 18:35:26,277 - Early stopping à l'epoch 140
2025-09-03 18:35:26,278 - Fold 10 - Accuracy finale: 82.14%
2025-09-03 18:35:26,278 - 
2025-09-03 18:35:26,278 - Résultats de la validation croisée
2025-09-03 18:35:26,278 - 
2025-09-03 18:35:26,278 - Accuracy moyenne: 85.71% ± 5.05%
2025-09-03 18:35:26,278 - Loss moyenne: 0.5585 ± 0.2471
2025-09-03 18:35:26,278 - Nombre d'epochs moyen: 177
2025-09-03 18:35:26,278 - Accuracy par fold: ['82.14%', '89.29%', '89.29%', '82.14%', '89.29%', '85.71%', '92.86%', '75.00%', '89.29%', '82.14%']

2025-09-03 18:35:26,278 - Variable candidate angle(tBodyGyroMean,gravityMean) testée
2025-09-03 18:35:26,278 - 
2025-09-03 18:35:26,279 - === Fold 1/10 ===
2025-09-03 18:35:26,297 - Epoch 1/500 - Train Loss: 1.6871, Train Acc: 37.30% - Val loss: 1.2290, Val Acc: 42.86%
2025-09-03 18:35:28,961 - Early stopping à l'epoch 175
2025-09-03 18:35:28,962 - Fold 1 - Accuracy finale: 85.71%
2025-09-03 18:35:28,962 - === Fold 2/10 ===
2025-09-03 18:35:28,981 - Epoch 1/500 - Train Loss: 1.8047, Train Acc: 33.33% - Val loss: 1.4909, Val Acc: 32.14%
2025-09-03 18:35:31,241 - Early stopping à l'epoch 152
2025-09-03 18:35:31,242 - Fold 2 - Accuracy finale: 96.43%
2025-09-03 18:35:31,242 - === Fold 3/10 ===
2025-09-03 18:35:31,263 - Epoch 1/500 - Train Loss: 1.7558, Train Acc: 31.35% - Val loss: 1.2915, Val Acc: 42.86%
2025-09-03 18:35:33,662 - Early stopping à l'epoch 159
2025-09-03 18:35:33,663 - Fold 3 - Accuracy finale: 92.86%
2025-09-03 18:35:33,663 - === Fold 4/10 ===
2025-09-03 18:35:33,682 - Epoch 1/500 - Train Loss: 1.4881, Train Acc: 37.30% - Val loss: 1.0979, Val Acc: 50.00%
2025-09-03 18:35:36,703 - Epoch 201/500 - Train Loss: 0.0158, Train Acc: 99.21% - Val loss: 0.0452, Val Acc: 100.00%
2025-09-03 18:35:38,848 - Early stopping à l'epoch 345
2025-09-03 18:35:38,849 - Fold 4 - Accuracy finale: 100.00%
2025-09-03 18:35:38,849 - === Fold 5/10 ===
2025-09-03 18:35:38,867 - Epoch 1/500 - Train Loss: 1.8119, Train Acc: 31.35% - Val loss: 1.3274, Val Acc: 35.71%
2025-09-03 18:35:41,851 - Epoch 201/500 - Train Loss: 0.0069, Train Acc: 100.00% - Val loss: 0.3376, Val Acc: 89.29%
2025-09-03 18:35:41,896 - Early stopping à l'epoch 204
2025-09-03 18:35:41,897 - Fold 5 - Accuracy finale: 92.86%
2025-09-03 18:35:41,897 - === Fold 6/10 ===
2025-09-03 18:35:41,915 - Epoch 1/500 - Train Loss: 1.7010, Train Acc: 38.49% - Val loss: 1.2050, Val Acc: 42.86%
2025-09-03 18:35:44,112 - Early stopping à l'epoch 149
2025-09-03 18:35:44,113 - Fold 6 - Accuracy finale: 92.86%
2025-09-03 18:35:44,113 - === Fold 7/10 ===
2025-09-03 18:35:44,132 - Epoch 1/500 - Train Loss: 1.8328, Train Acc: 28.17% - Val loss: 1.3780, Val Acc: 53.57%
2025-09-03 18:35:45,977 - Early stopping à l'epoch 124
2025-09-03 18:35:45,978 - Fold 7 - Accuracy finale: 92.86%
2025-09-03 18:35:45,978 - === Fold 8/10 ===
2025-09-03 18:35:45,997 - Epoch 1/500 - Train Loss: 1.7920, Train Acc: 28.97% - Val loss: 1.2686, Val Acc: 39.29%
2025-09-03 18:35:48,405 - Early stopping à l'epoch 160
2025-09-03 18:35:48,406 - Fold 8 - Accuracy finale: 85.71%
2025-09-03 18:35:48,406 - === Fold 9/10 ===
2025-09-03 18:35:48,426 - Epoch 1/500 - Train Loss: 2.0626, Train Acc: 20.24% - Val loss: 1.5770, Val Acc: 35.71%
2025-09-03 18:35:51,069 - Early stopping à l'epoch 177
2025-09-03 18:35:51,070 - Fold 9 - Accuracy finale: 82.14%
2025-09-03 18:35:51,071 - === Fold 10/10 ===
2025-09-03 18:35:51,089 - Epoch 1/500 - Train Loss: 2.0387, Train Acc: 26.98% - Val loss: 1.6161, Val Acc: 39.29%
2025-09-03 18:35:53,303 - Early stopping à l'epoch 147
2025-09-03 18:35:53,304 - Fold 10 - Accuracy finale: 85.71%
2025-09-03 18:35:53,304 - 
2025-09-03 18:35:53,304 - Résultats de la validation croisée
2025-09-03 18:35:53,304 - 
2025-09-03 18:35:53,304 - Accuracy moyenne: 90.71% ± 5.35%
2025-09-03 18:35:53,305 - Loss moyenne: 0.4774 ± 0.2833
2025-09-03 18:35:53,305 - Nombre d'epochs moyen: 179
2025-09-03 18:35:53,305 - Accuracy par fold: ['85.71%', '96.43%', '92.86%', '100.00%', '92.86%', '92.86%', '92.86%', '85.71%', '82.14%', '85.71%']

2025-09-03 18:35:53,305 - Variable candidate fBodyAcc-bandsEnergy()-9,16 testée
2025-09-03 18:35:53,305 - 
2025-09-03 18:35:53,305 - === Fold 1/10 ===
2025-09-03 18:35:53,323 - Epoch 1/500 - Train Loss: 1.4372, Train Acc: 42.06% - Val loss: 0.9169, Val Acc: 57.14%
2025-09-03 18:35:55,714 - Early stopping à l'epoch 160
2025-09-03 18:35:55,715 - Fold 1 - Accuracy finale: 78.57%
2025-09-03 18:35:55,716 - === Fold 2/10 ===
2025-09-03 18:35:55,734 - Epoch 1/500 - Train Loss: 1.4374, Train Acc: 43.25% - Val loss: 1.1187, Val Acc: 46.43%
2025-09-03 18:35:57,680 - Early stopping à l'epoch 132
2025-09-03 18:35:57,681 - Fold 2 - Accuracy finale: 85.71%
2025-09-03 18:35:57,681 - === Fold 3/10 ===
2025-09-03 18:35:57,699 - Epoch 1/500 - Train Loss: 1.5120, Train Acc: 41.27% - Val loss: 1.1819, Val Acc: 42.86%
2025-09-03 18:36:00,706 - Epoch 201/500 - Train Loss: 0.1122, Train Acc: 95.63% - Val loss: 0.7193, Val Acc: 78.57%
2025-09-03 18:36:00,737 - Early stopping à l'epoch 203
2025-09-03 18:36:00,738 - Fold 3 - Accuracy finale: 82.14%
2025-09-03 18:36:00,738 - === Fold 4/10 ===
2025-09-03 18:36:00,757 - Epoch 1/500 - Train Loss: 1.3422, Train Acc: 44.84% - Val loss: 0.9841, Val Acc: 57.14%
2025-09-03 18:36:03,770 - Epoch 201/500 - Train Loss: 0.1194, Train Acc: 95.24% - Val loss: 0.3255, Val Acc: 82.14%
2025-09-03 18:36:04,840 - Early stopping à l'epoch 272
2025-09-03 18:36:04,841 - Fold 4 - Accuracy finale: 82.14%
2025-09-03 18:36:04,841 - === Fold 5/10 ===
2025-09-03 18:36:04,860 - Epoch 1/500 - Train Loss: 1.4773, Train Acc: 36.90% - Val loss: 1.1594, Val Acc: 35.71%
2025-09-03 18:36:07,118 - Early stopping à l'epoch 151
2025-09-03 18:36:07,119 - Fold 5 - Accuracy finale: 78.57%
2025-09-03 18:36:07,119 - === Fold 6/10 ===
2025-09-03 18:36:07,138 - Epoch 1/500 - Train Loss: 1.4873, Train Acc: 40.48% - Val loss: 1.0717, Val Acc: 46.43%
2025-09-03 18:36:09,014 - Early stopping à l'epoch 125
2025-09-03 18:36:09,015 - Fold 6 - Accuracy finale: 85.71%
2025-09-03 18:36:09,015 - === Fold 7/10 ===
2025-09-03 18:36:09,033 - Epoch 1/500 - Train Loss: 1.5042, Train Acc: 41.27% - Val loss: 1.0881, Val Acc: 53.57%
2025-09-03 18:36:12,051 - Epoch 201/500 - Train Loss: 0.1310, Train Acc: 94.44% - Val loss: 0.2259, Val Acc: 96.43%
2025-09-03 18:36:12,177 - Early stopping à l'epoch 209
2025-09-03 18:36:12,178 - Fold 7 - Accuracy finale: 92.86%
2025-09-03 18:36:12,178 - === Fold 8/10 ===
2025-09-03 18:36:12,198 - Epoch 1/500 - Train Loss: 1.5175, Train Acc: 37.30% - Val loss: 1.1157, Val Acc: 42.86%
2025-09-03 18:36:13,637 - Early stopping à l'epoch 97
2025-09-03 18:36:13,638 - Fold 8 - Accuracy finale: 78.57%
2025-09-03 18:36:13,638 - === Fold 9/10 ===
2025-09-03 18:36:13,656 - Epoch 1/500 - Train Loss: 1.7191, Train Acc: 34.92% - Val loss: 1.1419, Val Acc: 42.86%
2025-09-03 18:36:16,181 - Early stopping à l'epoch 169
2025-09-03 18:36:16,182 - Fold 9 - Accuracy finale: 85.71%
2025-09-03 18:36:16,183 - === Fold 10/10 ===
2025-09-03 18:36:16,200 - Epoch 1/500 - Train Loss: 1.7261, Train Acc: 32.14% - Val loss: 1.3845, Val Acc: 39.29%
2025-09-03 18:36:17,948 - Early stopping à l'epoch 117
2025-09-03 18:36:17,949 - Fold 10 - Accuracy finale: 82.14%
2025-09-03 18:36:17,949 - 
2025-09-03 18:36:17,949 - Résultats de la validation croisée
2025-09-03 18:36:17,949 - 
2025-09-03 18:36:17,949 - Accuracy moyenne: 83.21% ± 4.24%
2025-09-03 18:36:17,949 - Loss moyenne: 0.6583 ± 0.2568
2025-09-03 18:36:17,949 - Nombre d'epochs moyen: 163
2025-09-03 18:36:17,949 - Accuracy par fold: ['78.57%', '85.71%', '82.14%', '82.14%', '78.57%', '85.71%', '92.86%', '78.57%', '85.71%', '82.14%']

2025-09-03 18:36:17,949 - Variable candidate fBodyAcc-mad()-X testée
2025-09-03 18:36:17,949 - 
2025-09-03 18:36:17,950 - === Fold 1/10 ===
2025-09-03 18:36:17,968 - Epoch 1/500 - Train Loss: 1.3591, Train Acc: 44.05% - Val loss: 0.8499, Val Acc: 60.71%
2025-09-03 18:36:20,983 - Epoch 201/500 - Train Loss: 0.0894, Train Acc: 96.83% - Val loss: 0.5105, Val Acc: 89.29%
2025-09-03 18:36:21,242 - Early stopping à l'epoch 218
2025-09-03 18:36:21,243 - Fold 1 - Accuracy finale: 85.71%
2025-09-03 18:36:21,243 - === Fold 2/10 ===
2025-09-03 18:36:21,265 - Epoch 1/500 - Train Loss: 1.3704, Train Acc: 48.41% - Val loss: 1.0842, Val Acc: 50.00%
2025-09-03 18:36:23,491 - Early stopping à l'epoch 150
2025-09-03 18:36:23,492 - Fold 2 - Accuracy finale: 85.71%
2025-09-03 18:36:23,493 - === Fold 3/10 ===
2025-09-03 18:36:23,512 - Epoch 1/500 - Train Loss: 1.3876, Train Acc: 45.24% - Val loss: 1.1140, Val Acc: 42.86%
2025-09-03 18:36:25,681 - Early stopping à l'epoch 145
2025-09-03 18:36:25,683 - Fold 3 - Accuracy finale: 82.14%
2025-09-03 18:36:25,683 - === Fold 4/10 ===
2025-09-03 18:36:25,702 - Epoch 1/500 - Train Loss: 1.3241, Train Acc: 40.48% - Val loss: 1.0097, Val Acc: 64.29%
2025-09-03 18:36:28,682 - Early stopping à l'epoch 197
2025-09-03 18:36:28,684 - Fold 4 - Accuracy finale: 82.14%
2025-09-03 18:36:28,684 - === Fold 5/10 ===
2025-09-03 18:36:28,702 - Epoch 1/500 - Train Loss: 1.4057, Train Acc: 37.70% - Val loss: 1.0904, Val Acc: 39.29%
2025-09-03 18:36:30,629 - Early stopping à l'epoch 130
2025-09-03 18:36:30,630 - Fold 5 - Accuracy finale: 82.14%
2025-09-03 18:36:30,630 - === Fold 6/10 ===
2025-09-03 18:36:30,648 - Epoch 1/500 - Train Loss: 1.4158, Train Acc: 39.29% - Val loss: 1.1279, Val Acc: 39.29%
2025-09-03 18:36:33,642 - Epoch 201/500 - Train Loss: 0.1223, Train Acc: 96.03% - Val loss: 0.2802, Val Acc: 82.14%
2025-09-03 18:36:34,226 - Early stopping à l'epoch 240
2025-09-03 18:36:34,228 - Fold 6 - Accuracy finale: 85.71%
2025-09-03 18:36:34,228 - === Fold 7/10 ===
2025-09-03 18:36:34,246 - Epoch 1/500 - Train Loss: 1.3591, Train Acc: 38.10% - Val loss: 1.1108, Val Acc: 64.29%
2025-09-03 18:36:37,078 - Early stopping à l'epoch 191
2025-09-03 18:36:37,079 - Fold 7 - Accuracy finale: 96.43%
2025-09-03 18:36:37,079 - === Fold 8/10 ===
2025-09-03 18:36:37,097 - Epoch 1/500 - Train Loss: 1.4725, Train Acc: 35.32% - Val loss: 1.1128, Val Acc: 35.71%
2025-09-03 18:36:38,512 - Early stopping à l'epoch 96
2025-09-03 18:36:38,513 - Fold 8 - Accuracy finale: 78.57%
2025-09-03 18:36:38,514 - === Fold 9/10 ===
2025-09-03 18:36:38,532 - Epoch 1/500 - Train Loss: 1.6109, Train Acc: 31.35% - Val loss: 1.0655, Val Acc: 42.86%
2025-09-03 18:36:40,079 - Early stopping à l'epoch 101
2025-09-03 18:36:40,080 - Fold 9 - Accuracy finale: 82.14%
2025-09-03 18:36:40,080 - === Fold 10/10 ===
2025-09-03 18:36:40,098 - Epoch 1/500 - Train Loss: 1.6139, Train Acc: 33.33% - Val loss: 1.2336, Val Acc: 46.43%
2025-09-03 18:36:41,890 - Early stopping à l'epoch 122
2025-09-03 18:36:41,891 - Fold 10 - Accuracy finale: 85.71%
2025-09-03 18:36:41,891 - 
2025-09-03 18:36:41,891 - Résultats de la validation croisée
2025-09-03 18:36:41,891 - 
2025-09-03 18:36:41,891 - Accuracy moyenne: 84.64% ± 4.53%
2025-09-03 18:36:41,891 - Loss moyenne: 0.5799 ± 0.2413
2025-09-03 18:36:41,891 - Nombre d'epochs moyen: 159
2025-09-03 18:36:41,891 - Accuracy par fold: ['85.71%', '85.71%', '82.14%', '82.14%', '82.14%', '85.71%', '96.43%', '78.57%', '82.14%', '85.71%']

2025-09-03 18:36:41,891 - Variable candidate fBodyAcc-bandsEnergy()-1,24 testée
2025-09-03 18:36:41,891 - 
2025-09-03 18:36:41,892 - === Fold 1/10 ===
2025-09-03 18:36:41,910 - Epoch 1/500 - Train Loss: 1.4036, Train Acc: 40.87% - Val loss: 0.8770, Val Acc: 57.14%
2025-09-03 18:36:43,957 - Early stopping à l'epoch 137
2025-09-03 18:36:43,959 - Fold 1 - Accuracy finale: 78.57%
2025-09-03 18:36:43,959 - === Fold 2/10 ===
2025-09-03 18:36:43,978 - Epoch 1/500 - Train Loss: 1.3764, Train Acc: 46.43% - Val loss: 0.9925, Val Acc: 53.57%
2025-09-03 18:36:45,846 - Early stopping à l'epoch 125
2025-09-03 18:36:45,847 - Fold 2 - Accuracy finale: 89.29%
2025-09-03 18:36:45,847 - === Fold 3/10 ===
2025-09-03 18:36:45,866 - Epoch 1/500 - Train Loss: 1.4546, Train Acc: 43.65% - Val loss: 1.1064, Val Acc: 50.00%
2025-09-03 18:36:48,359 - Early stopping à l'epoch 167
2025-09-03 18:36:48,361 - Fold 3 - Accuracy finale: 89.29%
2025-09-03 18:36:48,361 - === Fold 4/10 ===
2025-09-03 18:36:48,379 - Epoch 1/500 - Train Loss: 1.3328, Train Acc: 40.48% - Val loss: 0.9374, Val Acc: 64.29%
2025-09-03 18:36:51,331 - Early stopping à l'epoch 199
2025-09-03 18:36:51,332 - Fold 4 - Accuracy finale: 78.57%
2025-09-03 18:36:51,332 - === Fold 5/10 ===
2025-09-03 18:36:51,352 - Epoch 1/500 - Train Loss: 1.4681, Train Acc: 40.08% - Val loss: 1.1488, Val Acc: 42.86%
2025-09-03 18:36:53,003 - Early stopping à l'epoch 112
2025-09-03 18:36:53,004 - Fold 5 - Accuracy finale: 75.00%
2025-09-03 18:36:53,004 - === Fold 6/10 ===
2025-09-03 18:36:53,023 - Epoch 1/500 - Train Loss: 1.4418, Train Acc: 43.65% - Val loss: 1.0382, Val Acc: 42.86%
2025-09-03 18:36:54,887 - Early stopping à l'epoch 125
2025-09-03 18:36:54,888 - Fold 6 - Accuracy finale: 89.29%
2025-09-03 18:36:54,938 - === Fold 7/10 ===
2025-09-03 18:36:54,959 - Epoch 1/500 - Train Loss: 1.4374, Train Acc: 40.87% - Val loss: 1.0691, Val Acc: 64.29%
2025-09-03 18:36:58,009 - Epoch 201/500 - Train Loss: 0.1319, Train Acc: 95.24% - Val loss: 0.1510, Val Acc: 89.29%
2025-09-03 18:36:58,330 - Early stopping à l'epoch 222
2025-09-03 18:36:58,331 - Fold 7 - Accuracy finale: 92.86%
2025-09-03 18:36:58,331 - === Fold 8/10 ===
2025-09-03 18:36:58,350 - Epoch 1/500 - Train Loss: 1.4841, Train Acc: 37.70% - Val loss: 1.0594, Val Acc: 53.57%
2025-09-03 18:36:59,741 - Early stopping à l'epoch 93
2025-09-03 18:36:59,742 - Fold 8 - Accuracy finale: 78.57%
2025-09-03 18:36:59,742 - === Fold 9/10 ===
2025-09-03 18:36:59,761 - Epoch 1/500 - Train Loss: 1.6453, Train Acc: 36.11% - Val loss: 1.1077, Val Acc: 46.43%
2025-09-03 18:37:01,925 - Early stopping à l'epoch 146
2025-09-03 18:37:01,926 - Fold 9 - Accuracy finale: 85.71%
2025-09-03 18:37:01,926 - === Fold 10/10 ===
2025-09-03 18:37:01,944 - Epoch 1/500 - Train Loss: 1.6646, Train Acc: 33.73% - Val loss: 1.3657, Val Acc: 46.43%
2025-09-03 18:37:04,425 - Early stopping à l'epoch 167
2025-09-03 18:37:04,426 - Fold 10 - Accuracy finale: 78.57%
2025-09-03 18:37:04,426 - 
2025-09-03 18:37:04,426 - Résultats de la validation croisée
2025-09-03 18:37:04,426 - 
2025-09-03 18:37:04,426 - Accuracy moyenne: 83.57% ± 6.02%
2025-09-03 18:37:04,426 - Loss moyenne: 0.5022 ± 0.2431
2025-09-03 18:37:04,426 - Nombre d'epochs moyen: 149
2025-09-03 18:37:04,426 - Accuracy par fold: ['78.57%', '89.29%', '89.29%', '78.57%', '75.00%', '89.29%', '92.86%', '78.57%', '85.71%', '78.57%']

2025-09-03 18:37:04,426 - Variable candidate fBodyAcc-std()-X testée
2025-09-03 18:37:04,426 - 
2025-09-03 18:37:04,427 - === Fold 1/10 ===
2025-09-03 18:37:04,445 - Epoch 1/500 - Train Loss: 1.3545, Train Acc: 42.86% - Val loss: 0.8440, Val Acc: 57.14%
2025-09-03 18:37:06,852 - Early stopping à l'epoch 162
2025-09-03 18:37:06,853 - Fold 1 - Accuracy finale: 85.71%
2025-09-03 18:37:06,853 - === Fold 2/10 ===
2025-09-03 18:37:06,876 - Epoch 1/500 - Train Loss: 1.3606, Train Acc: 47.62% - Val loss: 1.0027, Val Acc: 57.14%
2025-09-03 18:37:08,562 - Early stopping à l'epoch 113
2025-09-03 18:37:08,564 - Fold 2 - Accuracy finale: 85.71%
2025-09-03 18:37:08,564 - === Fold 3/10 ===
2025-09-03 18:37:08,583 - Epoch 1/500 - Train Loss: 1.3801, Train Acc: 43.65% - Val loss: 1.0714, Val Acc: 46.43%
2025-09-03 18:37:10,459 - Early stopping à l'epoch 126
2025-09-03 18:37:10,460 - Fold 3 - Accuracy finale: 85.71%
2025-09-03 18:37:10,460 - === Fold 4/10 ===
2025-09-03 18:37:10,478 - Epoch 1/500 - Train Loss: 1.3214, Train Acc: 39.29% - Val loss: 1.0058, Val Acc: 57.14%
2025-09-03 18:37:13,458 - Epoch 201/500 - Train Loss: 0.0714, Train Acc: 97.22% - Val loss: 0.8300, Val Acc: 75.00%
2025-09-03 18:37:13,488 - Early stopping à l'epoch 203
2025-09-03 18:37:13,489 - Fold 4 - Accuracy finale: 85.71%
2025-09-03 18:37:13,489 - === Fold 5/10 ===
2025-09-03 18:37:13,507 - Epoch 1/500 - Train Loss: 1.4113, Train Acc: 36.51% - Val loss: 1.1203, Val Acc: 39.29%
2025-09-03 18:37:15,251 - Early stopping à l'epoch 118
2025-09-03 18:37:15,252 - Fold 5 - Accuracy finale: 85.71%
2025-09-03 18:37:15,252 - === Fold 6/10 ===
2025-09-03 18:37:15,270 - Epoch 1/500 - Train Loss: 1.4134, Train Acc: 38.89% - Val loss: 1.0886, Val Acc: 42.86%
2025-09-03 18:37:18,248 - Epoch 201/500 - Train Loss: 0.1510, Train Acc: 93.65% - Val loss: 0.1278, Val Acc: 100.00%
2025-09-03 18:37:19,932 - Early stopping à l'epoch 314
2025-09-03 18:37:19,934 - Fold 6 - Accuracy finale: 85.71%
2025-09-03 18:37:19,934 - === Fold 7/10 ===
2025-09-03 18:37:19,952 - Epoch 1/500 - Train Loss: 1.3502, Train Acc: 40.48% - Val loss: 1.0971, Val Acc: 60.71%
2025-09-03 18:37:22,618 - Early stopping à l'epoch 180
2025-09-03 18:37:22,619 - Fold 7 - Accuracy finale: 100.00%
2025-09-03 18:37:22,619 - === Fold 8/10 ===
2025-09-03 18:37:22,637 - Epoch 1/500 - Train Loss: 1.4714, Train Acc: 33.73% - Val loss: 1.1131, Val Acc: 35.71%
2025-09-03 18:37:24,281 - Early stopping à l'epoch 110
2025-09-03 18:37:24,282 - Fold 8 - Accuracy finale: 75.00%
2025-09-03 18:37:24,282 - === Fold 9/10 ===
2025-09-03 18:37:24,301 - Epoch 1/500 - Train Loss: 1.5944, Train Acc: 29.76% - Val loss: 1.0403, Val Acc: 57.14%
2025-09-03 18:37:27,297 - Epoch 201/500 - Train Loss: 0.1125, Train Acc: 94.05% - Val loss: 0.5501, Val Acc: 85.71%
2025-09-03 18:37:27,617 - Early stopping à l'epoch 222
2025-09-03 18:37:27,619 - Fold 9 - Accuracy finale: 82.14%
2025-09-03 18:37:27,619 - === Fold 10/10 ===
2025-09-03 18:37:27,637 - Epoch 1/500 - Train Loss: 1.6163, Train Acc: 34.13% - Val loss: 1.2650, Val Acc: 46.43%
2025-09-03 18:37:29,390 - Early stopping à l'epoch 117
2025-09-03 18:37:29,391 - Fold 10 - Accuracy finale: 85.71%
2025-09-03 18:37:29,391 - 
2025-09-03 18:37:29,391 - Résultats de la validation croisée
2025-09-03 18:37:29,391 - 
2025-09-03 18:37:29,392 - Accuracy moyenne: 85.71% ± 5.76%
2025-09-03 18:37:29,392 - Loss moyenne: 0.4570 ± 0.1656
2025-09-03 18:37:29,392 - Nombre d'epochs moyen: 166
2025-09-03 18:37:29,392 - Accuracy par fold: ['85.71%', '85.71%', '85.71%', '85.71%', '85.71%', '85.71%', '100.00%', '75.00%', '82.14%', '85.71%']

2025-09-03 18:37:29,392 - Variable candidate tBodyAcc-max()-X testée
2025-09-03 18:37:29,392 - 
2025-09-03 18:37:29,392 - === Fold 1/10 ===
2025-09-03 18:37:29,411 - Epoch 1/500 - Train Loss: 1.3574, Train Acc: 43.65% - Val loss: 0.8905, Val Acc: 60.71%
2025-09-03 18:37:32,439 - Epoch 201/500 - Train Loss: 0.1102, Train Acc: 95.63% - Val loss: 0.5930, Val Acc: 82.14%
2025-09-03 18:37:32,529 - Early stopping à l'epoch 207
2025-09-03 18:37:32,530 - Fold 1 - Accuracy finale: 82.14%
2025-09-03 18:37:32,530 - === Fold 2/10 ===
2025-09-03 18:37:32,548 - Epoch 1/500 - Train Loss: 1.3761, Train Acc: 46.43% - Val loss: 1.0970, Val Acc: 53.57%
2025-09-03 18:37:34,179 - Early stopping à l'epoch 110
2025-09-03 18:37:34,181 - Fold 2 - Accuracy finale: 78.57%
2025-09-03 18:37:34,181 - === Fold 3/10 ===
2025-09-03 18:37:34,199 - Epoch 1/500 - Train Loss: 1.3940, Train Acc: 45.24% - Val loss: 1.0853, Val Acc: 50.00%
2025-09-03 18:37:35,721 - Early stopping à l'epoch 103
2025-09-03 18:37:35,722 - Fold 3 - Accuracy finale: 85.71%
2025-09-03 18:37:35,722 - === Fold 4/10 ===
2025-09-03 18:37:35,740 - Epoch 1/500 - Train Loss: 1.3259, Train Acc: 39.68% - Val loss: 1.0228, Val Acc: 60.71%
2025-09-03 18:37:37,246 - Early stopping à l'epoch 101
2025-09-03 18:37:37,247 - Fold 4 - Accuracy finale: 67.86%
2025-09-03 18:37:37,247 - === Fold 5/10 ===
2025-09-03 18:37:37,265 - Epoch 1/500 - Train Loss: 1.4216, Train Acc: 37.30% - Val loss: 1.1081, Val Acc: 39.29%
2025-09-03 18:37:38,756 - Early stopping à l'epoch 101
2025-09-03 18:37:38,757 - Fold 5 - Accuracy finale: 82.14%
2025-09-03 18:37:38,757 - === Fold 6/10 ===
2025-09-03 18:37:38,775 - Epoch 1/500 - Train Loss: 1.4227, Train Acc: 38.10% - Val loss: 1.0819, Val Acc: 46.43%
2025-09-03 18:37:40,924 - Early stopping à l'epoch 145
2025-09-03 18:37:40,925 - Fold 6 - Accuracy finale: 85.71%
2025-09-03 18:37:40,925 - === Fold 7/10 ===
2025-09-03 18:37:40,943 - Epoch 1/500 - Train Loss: 1.3631, Train Acc: 37.30% - Val loss: 1.0860, Val Acc: 60.71%
2025-09-03 18:37:43,964 - Epoch 201/500 - Train Loss: 0.1664, Train Acc: 92.46% - Val loss: 0.0869, Val Acc: 100.00%
2025-09-03 18:37:44,667 - Early stopping à l'epoch 247
2025-09-03 18:37:44,668 - Fold 7 - Accuracy finale: 92.86%
2025-09-03 18:37:44,668 - === Fold 8/10 ===
2025-09-03 18:37:44,688 - Epoch 1/500 - Train Loss: 1.4838, Train Acc: 34.13% - Val loss: 1.1115, Val Acc: 39.29%
2025-09-03 18:37:46,479 - Early stopping à l'epoch 118
2025-09-03 18:37:46,480 - Fold 8 - Accuracy finale: 75.00%
2025-09-03 18:37:46,480 - === Fold 9/10 ===
2025-09-03 18:37:46,498 - Epoch 1/500 - Train Loss: 1.6117, Train Acc: 30.95% - Val loss: 1.0929, Val Acc: 42.86%
2025-09-03 18:37:48,929 - Early stopping à l'epoch 162
2025-09-03 18:37:48,930 - Fold 9 - Accuracy finale: 89.29%
2025-09-03 18:37:48,930 - === Fold 10/10 ===
2025-09-03 18:37:48,950 - Epoch 1/500 - Train Loss: 1.6137, Train Acc: 33.73% - Val loss: 1.2716, Val Acc: 42.86%
2025-09-03 18:37:50,735 - Early stopping à l'epoch 119
2025-09-03 18:37:50,737 - Fold 10 - Accuracy finale: 82.14%
2025-09-03 18:37:50,737 - 
2025-09-03 18:37:50,737 - Résultats de la validation croisée
2025-09-03 18:37:50,737 - 
2025-09-03 18:37:50,737 - Accuracy moyenne: 82.14% ± 6.78%
2025-09-03 18:37:50,737 - Loss moyenne: 0.6263 ± 0.2405
2025-09-03 18:37:50,737 - Nombre d'epochs moyen: 141
2025-09-03 18:37:50,737 - Accuracy par fold: ['82.14%', '78.57%', '85.71%', '67.86%', '82.14%', '85.71%', '92.86%', '75.00%', '89.29%', '82.14%']

2025-09-03 18:37:50,737 - Variable candidate fBodyAccJerk-bandsEnergy()-1,8 testée
2025-09-03 18:37:50,737 - 
2025-09-03 18:37:50,737 - === Fold 1/10 ===
2025-09-03 18:37:50,757 - Epoch 1/500 - Train Loss: 1.4416, Train Acc: 43.25% - Val loss: 0.9062, Val Acc: 57.14%
2025-09-03 18:37:52,356 - Early stopping à l'epoch 107
2025-09-03 18:37:52,358 - Fold 1 - Accuracy finale: 82.14%
2025-09-03 18:37:52,358 - === Fold 2/10 ===
2025-09-03 18:37:52,377 - Epoch 1/500 - Train Loss: 1.4183, Train Acc: 43.25% - Val loss: 1.0378, Val Acc: 53.57%
2025-09-03 18:37:53,969 - Early stopping à l'epoch 107
2025-09-03 18:37:53,970 - Fold 2 - Accuracy finale: 85.71%
2025-09-03 18:37:53,970 - === Fold 3/10 ===
2025-09-03 18:37:53,992 - Epoch 1/500 - Train Loss: 1.4957, Train Acc: 43.65% - Val loss: 1.0970, Val Acc: 57.14%
2025-09-03 18:37:55,982 - Early stopping à l'epoch 133
2025-09-03 18:37:55,983 - Fold 3 - Accuracy finale: 85.71%
2025-09-03 18:37:55,983 - === Fold 4/10 ===
2025-09-03 18:37:56,005 - Epoch 1/500 - Train Loss: 1.3333, Train Acc: 39.29% - Val loss: 0.9679, Val Acc: 60.71%
2025-09-03 18:37:59,035 - Epoch 201/500 - Train Loss: 0.1131, Train Acc: 95.24% - Val loss: 0.4884, Val Acc: 82.14%
2025-09-03 18:37:59,128 - Early stopping à l'epoch 207
2025-09-03 18:37:59,129 - Fold 4 - Accuracy finale: 82.14%
2025-09-03 18:37:59,129 - === Fold 5/10 ===
2025-09-03 18:37:59,147 - Epoch 1/500 - Train Loss: 1.4939, Train Acc: 41.27% - Val loss: 1.1833, Val Acc: 42.86%
2025-09-03 18:38:01,002 - Early stopping à l'epoch 123
2025-09-03 18:38:01,004 - Fold 5 - Accuracy finale: 78.57%
2025-09-03 18:38:01,004 - === Fold 6/10 ===
2025-09-03 18:38:01,024 - Epoch 1/500 - Train Loss: 1.4615, Train Acc: 44.05% - Val loss: 1.0640, Val Acc: 46.43%
2025-09-03 18:38:02,826 - Early stopping à l'epoch 119
2025-09-03 18:38:02,827 - Fold 6 - Accuracy finale: 85.71%
2025-09-03 18:38:02,827 - === Fold 7/10 ===
2025-09-03 18:38:02,846 - Epoch 1/500 - Train Loss: 1.4777, Train Acc: 40.87% - Val loss: 1.1319, Val Acc: 50.00%
2025-09-03 18:38:04,901 - Early stopping à l'epoch 136
2025-09-03 18:38:04,902 - Fold 7 - Accuracy finale: 92.86%
2025-09-03 18:38:04,902 - === Fold 8/10 ===
2025-09-03 18:38:04,920 - Epoch 1/500 - Train Loss: 1.5231, Train Acc: 39.29% - Val loss: 1.0737, Val Acc: 50.00%
2025-09-03 18:38:07,328 - Early stopping à l'epoch 160
2025-09-03 18:38:07,330 - Fold 8 - Accuracy finale: 82.14%
2025-09-03 18:38:07,330 - === Fold 9/10 ===
2025-09-03 18:38:07,348 - Epoch 1/500 - Train Loss: 1.6930, Train Acc: 35.71% - Val loss: 1.2197, Val Acc: 46.43%
2025-09-03 18:38:10,385 - Epoch 201/500 - Train Loss: 0.1845, Train Acc: 92.46% - Val loss: 0.4686, Val Acc: 89.29%
2025-09-03 18:38:11,907 - Early stopping à l'epoch 303
2025-09-03 18:38:11,909 - Fold 9 - Accuracy finale: 92.86%
2025-09-03 18:38:11,909 - === Fold 10/10 ===
2025-09-03 18:38:11,927 - Epoch 1/500 - Train Loss: 1.6881, Train Acc: 38.49% - Val loss: 1.3878, Val Acc: 46.43%
2025-09-03 18:38:14,050 - Early stopping à l'epoch 142
2025-09-03 18:38:14,051 - Fold 10 - Accuracy finale: 82.14%
2025-09-03 18:38:14,052 - 
2025-09-03 18:38:14,052 - Résultats de la validation croisée
2025-09-03 18:38:14,052 - 
2025-09-03 18:38:14,052 - Accuracy moyenne: 85.00% ± 4.46%
2025-09-03 18:38:14,052 - Loss moyenne: 0.4965 ± 0.2045
2025-09-03 18:38:14,052 - Nombre d'epochs moyen: 153
2025-09-03 18:38:14,052 - Accuracy par fold: ['82.14%', '85.71%', '85.71%', '82.14%', '78.57%', '85.71%', '92.86%', '82.14%', '92.86%', '82.14%']

2025-09-03 18:38:14,052 - Variable candidate fBodyAcc-mean()-X testée
2025-09-03 18:38:14,052 - 
2025-09-03 18:38:14,052 - === Fold 1/10 ===
2025-09-03 18:38:14,071 - Epoch 1/500 - Train Loss: 1.3648, Train Acc: 44.44% - Val loss: 0.8675, Val Acc: 60.71%
2025-09-03 18:38:16,916 - Early stopping à l'epoch 191
2025-09-03 18:38:16,917 - Fold 1 - Accuracy finale: 85.71%
2025-09-03 18:38:16,918 - === Fold 2/10 ===
2025-09-03 18:38:16,936 - Epoch 1/500 - Train Loss: 1.3830, Train Acc: 45.63% - Val loss: 1.0981, Val Acc: 57.14%
2025-09-03 18:38:19,140 - Early stopping à l'epoch 144
2025-09-03 18:38:19,141 - Fold 2 - Accuracy finale: 92.86%
2025-09-03 18:38:19,141 - === Fold 3/10 ===
2025-09-03 18:38:19,160 - Epoch 1/500 - Train Loss: 1.3940, Train Acc: 43.25% - Val loss: 1.1233, Val Acc: 42.86%
2025-09-03 18:38:21,299 - Early stopping à l'epoch 143
2025-09-03 18:38:21,300 - Fold 3 - Accuracy finale: 85.71%
2025-09-03 18:38:21,300 - === Fold 4/10 ===
2025-09-03 18:38:21,319 - Epoch 1/500 - Train Loss: 1.3261, Train Acc: 40.08% - Val loss: 1.0126, Val Acc: 60.71%
2025-09-03 18:38:24,335 - Epoch 201/500 - Train Loss: 0.0972, Train Acc: 96.83% - Val loss: 0.3542, Val Acc: 85.71%
2025-09-03 18:38:24,563 - Early stopping à l'epoch 216
2025-09-03 18:38:24,564 - Fold 4 - Accuracy finale: 89.29%
2025-09-03 18:38:24,565 - === Fold 5/10 ===
2025-09-03 18:38:24,583 - Epoch 1/500 - Train Loss: 1.4066, Train Acc: 38.10% - Val loss: 1.0918, Val Acc: 39.29%
2025-09-03 18:38:26,348 - Early stopping à l'epoch 118
2025-09-03 18:38:26,349 - Fold 5 - Accuracy finale: 75.00%
2025-09-03 18:38:26,349 - === Fold 6/10 ===
2025-09-03 18:38:26,368 - Epoch 1/500 - Train Loss: 1.4149, Train Acc: 39.68% - Val loss: 1.1267, Val Acc: 39.29%
2025-09-03 18:38:28,848 - Early stopping à l'epoch 166
2025-09-03 18:38:28,850 - Fold 6 - Accuracy finale: 82.14%
2025-09-03 18:38:28,900 - === Fold 7/10 ===
2025-09-03 18:38:28,920 - Epoch 1/500 - Train Loss: 1.3638, Train Acc: 38.10% - Val loss: 1.1309, Val Acc: 60.71%
2025-09-03 18:38:31,688 - Early stopping à l'epoch 184
2025-09-03 18:38:31,689 - Fold 7 - Accuracy finale: 92.86%
2025-09-03 18:38:31,689 - === Fold 8/10 ===
2025-09-03 18:38:31,711 - Epoch 1/500 - Train Loss: 1.4758, Train Acc: 35.71% - Val loss: 1.1272, Val Acc: 32.14%
2025-09-03 18:38:33,114 - Early stopping à l'epoch 92
2025-09-03 18:38:33,115 - Fold 8 - Accuracy finale: 82.14%
2025-09-03 18:38:33,115 - === Fold 9/10 ===
2025-09-03 18:38:33,133 - Epoch 1/500 - Train Loss: 1.6179, Train Acc: 30.95% - Val loss: 1.0781, Val Acc: 39.29%
2025-09-03 18:38:35,754 - Early stopping à l'epoch 172
2025-09-03 18:38:35,755 - Fold 9 - Accuracy finale: 89.29%
2025-09-03 18:38:35,755 - === Fold 10/10 ===
2025-09-03 18:38:35,775 - Epoch 1/500 - Train Loss: 1.6191, Train Acc: 32.54% - Val loss: 1.2350, Val Acc: 42.86%
2025-09-03 18:38:37,460 - Early stopping à l'epoch 112
2025-09-03 18:38:37,461 - Fold 10 - Accuracy finale: 82.14%
2025-09-03 18:38:37,461 - 
2025-09-03 18:38:37,461 - Résultats de la validation croisée
2025-09-03 18:38:37,461 - 
2025-09-03 18:38:37,461 - Accuracy moyenne: 85.71% ± 5.30%
2025-09-03 18:38:37,461 - Loss moyenne: 0.5956 ± 0.2773
2025-09-03 18:38:37,461 - Nombre d'epochs moyen: 153
2025-09-03 18:38:37,461 - Accuracy par fold: ['85.71%', '92.86%', '85.71%', '89.29%', '75.00%', '82.14%', '92.86%', '82.14%', '89.29%', '82.14%']

2025-09-03 18:38:37,461 - Variable candidate tBodyAccJerk-mean()-X testée
2025-09-03 18:38:37,461 - 
2025-09-03 18:38:37,462 - === Fold 1/10 ===
2025-09-03 18:38:37,480 - Epoch 1/500 - Train Loss: 1.7348, Train Acc: 32.54% - Val loss: 1.2892, Val Acc: 35.71%
2025-09-03 18:38:39,521 - Early stopping à l'epoch 137
2025-09-03 18:38:39,522 - Fold 1 - Accuracy finale: 89.29%
2025-09-03 18:38:39,522 - === Fold 2/10 ===
2025-09-03 18:38:39,541 - Epoch 1/500 - Train Loss: 1.8341, Train Acc: 29.37% - Val loss: 1.4462, Val Acc: 39.29%
2025-09-03 18:38:41,596 - Early stopping à l'epoch 137
2025-09-03 18:38:41,597 - Fold 2 - Accuracy finale: 85.71%
2025-09-03 18:38:41,597 - === Fold 3/10 ===
2025-09-03 18:38:41,616 - Epoch 1/500 - Train Loss: 1.7660, Train Acc: 32.14% - Val loss: 1.2724, Val Acc: 42.86%
2025-09-03 18:38:43,457 - Early stopping à l'epoch 122
2025-09-03 18:38:43,458 - Fold 3 - Accuracy finale: 89.29%
2025-09-03 18:38:43,458 - === Fold 4/10 ===
2025-09-03 18:38:43,477 - Epoch 1/500 - Train Loss: 1.5081, Train Acc: 36.11% - Val loss: 1.1262, Val Acc: 53.57%
2025-09-03 18:38:45,040 - Early stopping à l'epoch 104
2025-09-03 18:38:45,041 - Fold 4 - Accuracy finale: 85.71%
2025-09-03 18:38:45,041 - === Fold 5/10 ===
2025-09-03 18:38:45,060 - Epoch 1/500 - Train Loss: 1.7986, Train Acc: 31.35% - Val loss: 1.3342, Val Acc: 35.71%
2025-09-03 18:38:46,637 - Early stopping à l'epoch 105
2025-09-03 18:38:46,638 - Fold 5 - Accuracy finale: 89.29%
2025-09-03 18:38:46,639 - === Fold 6/10 ===
2025-09-03 18:38:46,658 - Epoch 1/500 - Train Loss: 1.6841, Train Acc: 32.54% - Val loss: 1.2272, Val Acc: 50.00%
2025-09-03 18:38:48,205 - Early stopping à l'epoch 103
2025-09-03 18:38:48,206 - Fold 6 - Accuracy finale: 75.00%
2025-09-03 18:38:48,207 - === Fold 7/10 ===
2025-09-03 18:38:48,225 - Epoch 1/500 - Train Loss: 1.8423, Train Acc: 26.19% - Val loss: 1.4419, Val Acc: 42.86%
2025-09-03 18:38:50,514 - Early stopping à l'epoch 153
2025-09-03 18:38:50,515 - Fold 7 - Accuracy finale: 89.29%
2025-09-03 18:38:50,515 - === Fold 8/10 ===
2025-09-03 18:38:50,534 - Epoch 1/500 - Train Loss: 1.7648, Train Acc: 30.16% - Val loss: 1.2695, Val Acc: 35.71%
2025-09-03 18:38:51,922 - Early stopping à l'epoch 91
2025-09-03 18:38:51,923 - Fold 8 - Accuracy finale: 71.43%
2025-09-03 18:38:51,923 - === Fold 9/10 ===
2025-09-03 18:38:51,942 - Epoch 1/500 - Train Loss: 2.0172, Train Acc: 21.03% - Val loss: 1.5052, Val Acc: 35.71%
2025-09-03 18:38:54,760 - Early stopping à l'epoch 188
2025-09-03 18:38:54,762 - Fold 9 - Accuracy finale: 89.29%
2025-09-03 18:38:54,762 - === Fold 10/10 ===
2025-09-03 18:38:54,780 - Epoch 1/500 - Train Loss: 2.0486, Train Acc: 28.17% - Val loss: 1.6739, Val Acc: 46.43%
2025-09-03 18:38:56,437 - Early stopping à l'epoch 109
2025-09-03 18:38:56,438 - Fold 10 - Accuracy finale: 82.14%
2025-09-03 18:38:56,438 - 
2025-09-03 18:38:56,438 - Résultats de la validation croisée
2025-09-03 18:38:56,438 - 
2025-09-03 18:38:56,439 - Accuracy moyenne: 84.64% ± 6.20%
2025-09-03 18:38:56,439 - Loss moyenne: 0.7276 ± 0.2282
2025-09-03 18:38:56,439 - Nombre d'epochs moyen: 124
2025-09-03 18:38:56,439 - Accuracy par fold: ['89.29%', '85.71%', '89.29%', '85.71%', '89.29%', '75.00%', '89.29%', '71.43%', '89.29%', '82.14%']

2025-09-03 18:38:56,439 - Variable candidate fBodyAcc-max()-X testée
2025-09-03 18:38:56,439 - 
2025-09-03 18:38:56,439 - === Fold 1/10 ===
2025-09-03 18:38:56,458 - Epoch 1/500 - Train Loss: 1.3729, Train Acc: 41.67% - Val loss: 0.9004, Val Acc: 57.14%
2025-09-03 18:38:58,377 - Early stopping à l'epoch 126
2025-09-03 18:38:58,378 - Fold 1 - Accuracy finale: 89.29%
2025-09-03 18:38:58,378 - === Fold 2/10 ===
2025-09-03 18:38:58,397 - Epoch 1/500 - Train Loss: 1.3670, Train Acc: 46.83% - Val loss: 0.9637, Val Acc: 57.14%
2025-09-03 18:39:00,088 - Early stopping à l'epoch 113
2025-09-03 18:39:00,089 - Fold 2 - Accuracy finale: 85.71%
2025-09-03 18:39:00,089 - === Fold 3/10 ===
2025-09-03 18:39:00,107 - Epoch 1/500 - Train Loss: 1.4036, Train Acc: 42.06% - Val loss: 1.0623, Val Acc: 46.43%
2025-09-03 18:39:03,144 - Epoch 201/500 - Train Loss: 0.0896, Train Acc: 94.84% - Val loss: 0.3416, Val Acc: 89.29%
2025-09-03 18:39:03,463 - Early stopping à l'epoch 222
2025-09-03 18:39:03,464 - Fold 3 - Accuracy finale: 85.71%
2025-09-03 18:39:03,464 - === Fold 4/10 ===
2025-09-03 18:39:03,483 - Epoch 1/500 - Train Loss: 1.2993, Train Acc: 40.48% - Val loss: 0.9777, Val Acc: 53.57%
2025-09-03 18:39:05,240 - Early stopping à l'epoch 118
2025-09-03 18:39:05,241 - Fold 4 - Accuracy finale: 89.29%
2025-09-03 18:39:05,241 - === Fold 5/10 ===
2025-09-03 18:39:05,263 - Epoch 1/500 - Train Loss: 1.4267, Train Acc: 36.51% - Val loss: 1.1508, Val Acc: 35.71%
2025-09-03 18:39:07,101 - Early stopping à l'epoch 122
2025-09-03 18:39:07,102 - Fold 5 - Accuracy finale: 85.71%
2025-09-03 18:39:07,103 - === Fold 6/10 ===
2025-09-03 18:39:07,122 - Epoch 1/500 - Train Loss: 1.4231, Train Acc: 38.10% - Val loss: 1.0434, Val Acc: 46.43%
2025-09-03 18:39:09,247 - Early stopping à l'epoch 142
2025-09-03 18:39:09,248 - Fold 6 - Accuracy finale: 85.71%
2025-09-03 18:39:09,248 - === Fold 7/10 ===
2025-09-03 18:39:09,267 - Epoch 1/500 - Train Loss: 1.3581, Train Acc: 43.25% - Val loss: 1.0309, Val Acc: 53.57%
2025-09-03 18:39:12,285 - Epoch 201/500 - Train Loss: 0.0755, Train Acc: 98.02% - Val loss: 0.0395, Val Acc: 100.00%
2025-09-03 18:39:14,935 - Early stopping à l'epoch 376
2025-09-03 18:39:14,936 - Fold 7 - Accuracy finale: 100.00%
2025-09-03 18:39:14,936 - === Fold 8/10 ===
2025-09-03 18:39:14,954 - Epoch 1/500 - Train Loss: 1.4738, Train Acc: 32.14% - Val loss: 1.1272, Val Acc: 39.29%
2025-09-03 18:39:16,675 - Early stopping à l'epoch 115
2025-09-03 18:39:16,676 - Fold 8 - Accuracy finale: 78.57%
2025-09-03 18:39:16,676 - === Fold 9/10 ===
2025-09-03 18:39:16,695 - Epoch 1/500 - Train Loss: 1.5966, Train Acc: 30.16% - Val loss: 1.0442, Val Acc: 50.00%
2025-09-03 18:39:18,855 - Early stopping à l'epoch 143
2025-09-03 18:39:18,856 - Fold 9 - Accuracy finale: 78.57%
2025-09-03 18:39:18,856 - === Fold 10/10 ===
2025-09-03 18:39:18,876 - Epoch 1/500 - Train Loss: 1.6391, Train Acc: 32.14% - Val loss: 1.3340, Val Acc: 46.43%
2025-09-03 18:39:20,528 - Early stopping à l'epoch 110
2025-09-03 18:39:20,529 - Fold 10 - Accuracy finale: 82.14%
2025-09-03 18:39:20,530 - 
2025-09-03 18:39:20,530 - Résultats de la validation croisée
2025-09-03 18:39:20,530 - 
2025-09-03 18:39:20,530 - Accuracy moyenne: 86.07% ± 5.86%
2025-09-03 18:39:20,530 - Loss moyenne: 0.5362 ± 0.2621
2025-09-03 18:39:20,530 - Nombre d'epochs moyen: 158
2025-09-03 18:39:20,530 - Accuracy par fold: ['89.29%', '85.71%', '85.71%', '89.29%', '85.71%', '85.71%', '100.00%', '78.57%', '78.57%', '82.14%']

2025-09-03 18:39:20,530 - Variable candidate fBodyAcc-energy()-X testée
2025-09-03 18:39:20,530 - 
2025-09-03 18:39:20,531 - === Fold 1/10 ===
2025-09-03 18:39:20,549 - Epoch 1/500 - Train Loss: 1.4039, Train Acc: 41.27% - Val loss: 0.8790, Val Acc: 57.14%
2025-09-03 18:39:23,559 - Epoch 201/500 - Train Loss: 0.1593, Train Acc: 93.25% - Val loss: 0.5858, Val Acc: 82.14%
2025-09-03 18:39:24,433 - Early stopping à l'epoch 258
2025-09-03 18:39:24,434 - Fold 1 - Accuracy finale: 85.71%
2025-09-03 18:39:24,434 - === Fold 2/10 ===
2025-09-03 18:39:24,455 - Epoch 1/500 - Train Loss: 1.3771, Train Acc: 46.03% - Val loss: 0.9938, Val Acc: 53.57%
2025-09-03 18:39:26,013 - Early stopping à l'epoch 101
2025-09-03 18:39:26,014 - Fold 2 - Accuracy finale: 82.14%
2025-09-03 18:39:26,014 - === Fold 3/10 ===
2025-09-03 18:39:26,033 - Epoch 1/500 - Train Loss: 1.4537, Train Acc: 43.65% - Val loss: 1.1088, Val Acc: 46.43%
2025-09-03 18:39:27,658 - Early stopping à l'epoch 109
2025-09-03 18:39:27,659 - Fold 3 - Accuracy finale: 85.71%
2025-09-03 18:39:27,659 - === Fold 4/10 ===
2025-09-03 18:39:27,678 - Epoch 1/500 - Train Loss: 1.3337, Train Acc: 40.48% - Val loss: 0.9359, Val Acc: 64.29%
2025-09-03 18:39:30,262 - Early stopping à l'epoch 172
2025-09-03 18:39:30,263 - Fold 4 - Accuracy finale: 82.14%
2025-09-03 18:39:30,263 - === Fold 5/10 ===
2025-09-03 18:39:30,282 - Epoch 1/500 - Train Loss: 1.4678, Train Acc: 40.08% - Val loss: 1.1495, Val Acc: 42.86%
2025-09-03 18:39:31,986 - Early stopping à l'epoch 114
2025-09-03 18:39:31,987 - Fold 5 - Accuracy finale: 71.43%
2025-09-03 18:39:31,987 - === Fold 6/10 ===
2025-09-03 18:39:32,006 - Epoch 1/500 - Train Loss: 1.4413, Train Acc: 43.25% - Val loss: 1.0413, Val Acc: 42.86%
2025-09-03 18:39:33,725 - Early stopping à l'epoch 113
2025-09-03 18:39:33,726 - Fold 6 - Accuracy finale: 89.29%
2025-09-03 18:39:33,726 - === Fold 7/10 ===
2025-09-03 18:39:33,745 - Epoch 1/500 - Train Loss: 1.4369, Train Acc: 40.48% - Val loss: 1.0696, Val Acc: 64.29%
2025-09-03 18:39:36,794 - Epoch 201/500 - Train Loss: 0.1178, Train Acc: 96.03% - Val loss: 0.2083, Val Acc: 92.86%
2025-09-03 18:39:37,051 - Early stopping à l'epoch 218
2025-09-03 18:39:37,052 - Fold 7 - Accuracy finale: 89.29%
2025-09-03 18:39:37,052 - === Fold 8/10 ===
2025-09-03 18:39:37,070 - Epoch 1/500 - Train Loss: 1.4839, Train Acc: 37.70% - Val loss: 1.0611, Val Acc: 53.57%
2025-09-03 18:39:38,794 - Early stopping à l'epoch 114
2025-09-03 18:39:38,795 - Fold 8 - Accuracy finale: 78.57%
2025-09-03 18:39:38,795 - === Fold 9/10 ===
2025-09-03 18:39:38,813 - Epoch 1/500 - Train Loss: 1.6450, Train Acc: 36.11% - Val loss: 1.1077, Val Acc: 46.43%
2025-09-03 18:39:40,923 - Early stopping à l'epoch 140
2025-09-03 18:39:40,925 - Fold 9 - Accuracy finale: 82.14%
2025-09-03 18:39:40,925 - === Fold 10/10 ===
2025-09-03 18:39:40,943 - Epoch 1/500 - Train Loss: 1.6636, Train Acc: 33.73% - Val loss: 1.3666, Val Acc: 46.43%
2025-09-03 18:39:43,061 - Early stopping à l'epoch 142
2025-09-03 18:39:43,063 - Fold 10 - Accuracy finale: 82.14%
2025-09-03 18:39:43,063 - 
2025-09-03 18:39:43,063 - Résultats de la validation croisée
2025-09-03 18:39:43,063 - 
2025-09-03 18:39:43,063 - Accuracy moyenne: 82.86% ± 5.00%
2025-09-03 18:39:43,063 - Loss moyenne: 0.5589 ± 0.2168
2025-09-03 18:39:43,063 - Nombre d'epochs moyen: 148
2025-09-03 18:39:43,063 - Accuracy par fold: ['85.71%', '82.14%', '85.71%', '82.14%', '71.43%', '89.29%', '89.29%', '78.57%', '82.14%', '82.14%']

2025-09-03 18:39:43,063 - Variable candidate fBodyAcc-bandsEnergy()-33,40 testée
2025-09-03 18:39:43,063 - 
2025-09-03 18:39:43,063 - === Fold 1/10 ===
2025-09-03 18:39:43,082 - Epoch 1/500 - Train Loss: 1.4727, Train Acc: 39.29% - Val loss: 1.0064, Val Acc: 42.86%
2025-09-03 18:39:45,106 - Early stopping à l'epoch 135
2025-09-03 18:39:45,107 - Fold 1 - Accuracy finale: 78.57%
2025-09-03 18:39:45,107 - === Fold 2/10 ===
2025-09-03 18:39:45,126 - Epoch 1/500 - Train Loss: 1.4730, Train Acc: 41.67% - Val loss: 1.1264, Val Acc: 42.86%
2025-09-03 18:39:47,456 - Early stopping à l'epoch 154
2025-09-03 18:39:47,457 - Fold 2 - Accuracy finale: 82.14%
2025-09-03 18:39:47,457 - === Fold 3/10 ===
2025-09-03 18:39:47,476 - Epoch 1/500 - Train Loss: 1.5020, Train Acc: 42.46% - Val loss: 1.1400, Val Acc: 42.86%
2025-09-03 18:39:49,444 - Early stopping à l'epoch 132
2025-09-03 18:39:49,445 - Fold 3 - Accuracy finale: 82.14%
2025-09-03 18:39:49,446 - === Fold 4/10 ===
2025-09-03 18:39:49,464 - Epoch 1/500 - Train Loss: 1.3498, Train Acc: 42.86% - Val loss: 0.9893, Val Acc: 57.14%
2025-09-03 18:39:52,194 - Early stopping à l'epoch 183
2025-09-03 18:39:52,195 - Fold 4 - Accuracy finale: 85.71%
2025-09-03 18:39:52,195 - === Fold 5/10 ===
2025-09-03 18:39:52,213 - Epoch 1/500 - Train Loss: 1.4963, Train Acc: 42.46% - Val loss: 1.2111, Val Acc: 46.43%
2025-09-03 18:39:55,241 - Epoch 201/500 - Train Loss: 0.1478, Train Acc: 93.25% - Val loss: 0.3432, Val Acc: 85.71%
2025-09-03 18:39:56,666 - Early stopping à l'epoch 294
2025-09-03 18:39:56,667 - Fold 5 - Accuracy finale: 96.43%
2025-09-03 18:39:56,667 - === Fold 6/10 ===
2025-09-03 18:39:56,686 - Epoch 1/500 - Train Loss: 1.4778, Train Acc: 41.67% - Val loss: 1.1116, Val Acc: 39.29%
2025-09-03 18:39:58,535 - Early stopping à l'epoch 120
2025-09-03 18:39:58,537 - Fold 6 - Accuracy finale: 85.71%
2025-09-03 18:39:58,537 - === Fold 7/10 ===
2025-09-03 18:39:58,555 - Epoch 1/500 - Train Loss: 1.5385, Train Acc: 40.87% - Val loss: 1.1769, Val Acc: 42.86%
2025-09-03 18:40:01,603 - Epoch 201/500 - Train Loss: 0.1350, Train Acc: 92.86% - Val loss: 0.2017, Val Acc: 89.29%
2025-09-03 18:40:01,648 - Early stopping à l'epoch 204
2025-09-03 18:40:01,649 - Fold 7 - Accuracy finale: 89.29%
2025-09-03 18:40:01,649 - === Fold 8/10 ===
2025-09-03 18:40:01,668 - Epoch 1/500 - Train Loss: 1.5670, Train Acc: 37.30% - Val loss: 1.1846, Val Acc: 32.14%
2025-09-03 18:40:03,025 - Early stopping à l'epoch 92
2025-09-03 18:40:03,026 - Fold 8 - Accuracy finale: 78.57%
2025-09-03 18:40:03,026 - === Fold 9/10 ===
2025-09-03 18:40:03,046 - Epoch 1/500 - Train Loss: 1.7591, Train Acc: 31.35% - Val loss: 1.1971, Val Acc: 46.43%
2025-09-03 18:40:05,323 - Early stopping à l'epoch 153
2025-09-03 18:40:05,324 - Fold 9 - Accuracy finale: 82.14%
2025-09-03 18:40:05,324 - === Fold 10/10 ===
2025-09-03 18:40:05,343 - Epoch 1/500 - Train Loss: 1.7633, Train Acc: 34.52% - Val loss: 1.4142, Val Acc: 39.29%
2025-09-03 18:40:07,147 - Early stopping à l'epoch 122
2025-09-03 18:40:07,148 - Fold 10 - Accuracy finale: 78.57%
2025-09-03 18:40:07,148 - 
2025-09-03 18:40:07,148 - Résultats de la validation croisée
2025-09-03 18:40:07,148 - 
2025-09-03 18:40:07,148 - Accuracy moyenne: 83.93% ± 5.36%
2025-09-03 18:40:07,148 - Loss moyenne: 0.5807 ± 0.2440
2025-09-03 18:40:07,148 - Nombre d'epochs moyen: 158
2025-09-03 18:40:07,148 - Accuracy par fold: ['78.57%', '82.14%', '82.14%', '85.71%', '96.43%', '85.71%', '89.29%', '78.57%', '82.14%', '78.57%']

2025-09-03 18:40:07,148 - Variable candidate fBodyAccMag-energy() testée
2025-09-03 18:40:07,148 - 
2025-09-03 18:40:07,149 - === Fold 1/10 ===
2025-09-03 18:40:07,169 - Epoch 1/500 - Train Loss: 1.4115, Train Acc: 42.06% - Val loss: 0.8966, Val Acc: 64.29%
2025-09-03 18:40:08,714 - Early stopping à l'epoch 104
2025-09-03 18:40:08,715 - Fold 1 - Accuracy finale: 78.57%
2025-09-03 18:40:08,715 - === Fold 2/10 ===
2025-09-03 18:40:08,734 - Epoch 1/500 - Train Loss: 1.3941, Train Acc: 45.63% - Val loss: 1.0092, Val Acc: 53.57%
2025-09-03 18:40:10,906 - Early stopping à l'epoch 146
2025-09-03 18:40:10,907 - Fold 2 - Accuracy finale: 85.71%
2025-09-03 18:40:10,907 - === Fold 3/10 ===
2025-09-03 18:40:10,925 - Epoch 1/500 - Train Loss: 1.4665, Train Acc: 45.24% - Val loss: 1.1348, Val Acc: 46.43%
2025-09-03 18:40:12,749 - Early stopping à l'epoch 123
2025-09-03 18:40:12,750 - Fold 3 - Accuracy finale: 92.86%
2025-09-03 18:40:12,751 - === Fold 4/10 ===
2025-09-03 18:40:12,771 - Epoch 1/500 - Train Loss: 1.3244, Train Acc: 45.63% - Val loss: 1.0285, Val Acc: 50.00%
2025-09-03 18:40:15,660 - Early stopping à l'epoch 194
2025-09-03 18:40:15,661 - Fold 4 - Accuracy finale: 85.71%
2025-09-03 18:40:15,661 - === Fold 5/10 ===
2025-09-03 18:40:15,679 - Epoch 1/500 - Train Loss: 1.4758, Train Acc: 37.70% - Val loss: 1.2455, Val Acc: 42.86%
2025-09-03 18:40:17,282 - Early stopping à l'epoch 108
2025-09-03 18:40:17,284 - Fold 5 - Accuracy finale: 78.57%
2025-09-03 18:40:17,284 - === Fold 6/10 ===
2025-09-03 18:40:17,302 - Epoch 1/500 - Train Loss: 1.4512, Train Acc: 42.06% - Val loss: 1.0684, Val Acc: 46.43%
2025-09-03 18:40:18,725 - Early stopping à l'epoch 95
2025-09-03 18:40:18,726 - Fold 6 - Accuracy finale: 89.29%
2025-09-03 18:40:18,727 - === Fold 7/10 ===
2025-09-03 18:40:18,745 - Epoch 1/500 - Train Loss: 1.4537, Train Acc: 39.68% - Val loss: 1.0806, Val Acc: 57.14%
2025-09-03 18:40:21,516 - Early stopping à l'epoch 183
2025-09-03 18:40:21,517 - Fold 7 - Accuracy finale: 89.29%
2025-09-03 18:40:21,518 - === Fold 8/10 ===
2025-09-03 18:40:21,536 - Epoch 1/500 - Train Loss: 1.4889, Train Acc: 38.10% - Val loss: 1.0885, Val Acc: 42.86%
2025-09-03 18:40:22,851 - Early stopping à l'epoch 89
2025-09-03 18:40:22,852 - Fold 8 - Accuracy finale: 78.57%
2025-09-03 18:40:22,852 - === Fold 9/10 ===
2025-09-03 18:40:22,870 - Epoch 1/500 - Train Loss: 1.6343, Train Acc: 39.29% - Val loss: 1.0806, Val Acc: 50.00%
2025-09-03 18:40:25,860 - Epoch 201/500 - Train Loss: 0.1156, Train Acc: 94.84% - Val loss: 0.2163, Val Acc: 89.29%
2025-09-03 18:40:27,350 - Early stopping à l'epoch 301
2025-09-03 18:40:27,351 - Fold 9 - Accuracy finale: 92.86%
2025-09-03 18:40:27,351 - === Fold 10/10 ===
2025-09-03 18:40:27,370 - Epoch 1/500 - Train Loss: 1.6659, Train Acc: 35.71% - Val loss: 1.3636, Val Acc: 46.43%
2025-09-03 18:40:28,729 - Early stopping à l'epoch 92
2025-09-03 18:40:28,731 - Fold 10 - Accuracy finale: 82.14%
2025-09-03 18:40:28,731 - 
2025-09-03 18:40:28,731 - Résultats de la validation croisée
2025-09-03 18:40:28,731 - 
2025-09-03 18:40:28,731 - Accuracy moyenne: 85.36% ± 5.40%
2025-09-03 18:40:28,731 - Loss moyenne: 0.5734 ± 0.2965
2025-09-03 18:40:28,731 - Nombre d'epochs moyen: 143
2025-09-03 18:40:28,731 - Accuracy par fold: ['78.57%', '85.71%', '92.86%', '85.71%', '78.57%', '89.29%', '89.29%', '78.57%', '92.86%', '82.14%']

2025-09-03 18:40:28,731 - Variable candidate fBodyAcc-bandsEnergy()-1,8 testée
2025-09-03 18:40:28,731 - 
2025-09-03 18:40:28,732 - === Fold 1/10 ===
2025-09-03 18:40:28,750 - Epoch 1/500 - Train Loss: 1.4240, Train Acc: 42.86% - Val loss: 0.9101, Val Acc: 57.14%
2025-09-03 18:40:31,780 - Epoch 201/500 - Train Loss: 0.0858, Train Acc: 97.22% - Val loss: 0.5335, Val Acc: 85.71%
2025-09-03 18:40:32,022 - Early stopping à l'epoch 217
2025-09-03 18:40:32,023 - Fold 1 - Accuracy finale: 82.14%
2025-09-03 18:40:32,023 - === Fold 2/10 ===
2025-09-03 18:40:32,043 - Epoch 1/500 - Train Loss: 1.3965, Train Acc: 46.83% - Val loss: 1.0013, Val Acc: 53.57%
2025-09-03 18:40:34,519 - Early stopping à l'epoch 164
2025-09-03 18:40:34,520 - Fold 2 - Accuracy finale: 89.29%
2025-09-03 18:40:34,520 - === Fold 3/10 ===
2025-09-03 18:40:34,538 - Epoch 1/500 - Train Loss: 1.4767, Train Acc: 42.06% - Val loss: 1.0673, Val Acc: 53.57%
2025-09-03 18:40:36,950 - Early stopping à l'epoch 159
2025-09-03 18:40:36,951 - Fold 3 - Accuracy finale: 82.14%
2025-09-03 18:40:36,952 - === Fold 4/10 ===
2025-09-03 18:40:36,970 - Epoch 1/500 - Train Loss: 1.3076, Train Acc: 41.27% - Val loss: 0.9757, Val Acc: 64.29%
2025-09-03 18:40:39,562 - Early stopping à l'epoch 173
2025-09-03 18:40:39,563 - Fold 4 - Accuracy finale: 85.71%
2025-09-03 18:40:39,564 - === Fold 5/10 ===
2025-09-03 18:40:39,582 - Epoch 1/500 - Train Loss: 1.4888, Train Acc: 40.48% - Val loss: 1.1853, Val Acc: 46.43%
2025-09-03 18:40:41,127 - Early stopping à l'epoch 104
2025-09-03 18:40:41,128 - Fold 5 - Accuracy finale: 71.43%
2025-09-03 18:40:41,128 - === Fold 6/10 ===
2025-09-03 18:40:41,147 - Epoch 1/500 - Train Loss: 1.4484, Train Acc: 42.86% - Val loss: 1.0165, Val Acc: 53.57%
2025-09-03 18:40:43,872 - Early stopping à l'epoch 180
2025-09-03 18:40:43,874 - Fold 6 - Accuracy finale: 82.14%
2025-09-03 18:40:43,874 - === Fold 7/10 ===
2025-09-03 18:40:43,895 - Epoch 1/500 - Train Loss: 1.4608, Train Acc: 38.89% - Val loss: 1.1384, Val Acc: 53.57%
2025-09-03 18:40:46,922 - Epoch 201/500 - Train Loss: 0.1563, Train Acc: 93.65% - Val loss: 0.1565, Val Acc: 89.29%
2025-09-03 18:40:48,664 - Early stopping à l'epoch 316
2025-09-03 18:40:48,665 - Fold 7 - Accuracy finale: 89.29%
2025-09-03 18:40:48,665 - === Fold 8/10 ===
2025-09-03 18:40:48,683 - Epoch 1/500 - Train Loss: 1.5004, Train Acc: 36.90% - Val loss: 1.0549, Val Acc: 57.14%
2025-09-03 18:40:49,962 - Early stopping à l'epoch 86
2025-09-03 18:40:49,963 - Fold 8 - Accuracy finale: 78.57%
2025-09-03 18:40:49,964 - === Fold 9/10 ===
2025-09-03 18:40:49,982 - Epoch 1/500 - Train Loss: 1.6567, Train Acc: 34.52% - Val loss: 1.1688, Val Acc: 50.00%
2025-09-03 18:40:52,995 - Epoch 201/500 - Train Loss: 0.1489, Train Acc: 93.65% - Val loss: 0.5210, Val Acc: 78.57%
2025-09-03 18:40:56,006 - Epoch 401/500 - Train Loss: 0.0475, Train Acc: 98.02% - Val loss: 0.2511, Val Acc: 92.86%
2025-09-03 18:40:57,005 - Early stopping à l'epoch 467
2025-09-03 18:40:57,007 - Fold 9 - Accuracy finale: 92.86%
2025-09-03 18:40:57,007 - === Fold 10/10 ===
2025-09-03 18:40:57,025 - Epoch 1/500 - Train Loss: 1.6688, Train Acc: 35.32% - Val loss: 1.3782, Val Acc: 42.86%
2025-09-03 18:40:59,149 - Early stopping à l'epoch 142
2025-09-03 18:40:59,150 - Fold 10 - Accuracy finale: 85.71%
2025-09-03 18:40:59,151 - 
2025-09-03 18:40:59,151 - Résultats de la validation croisée
2025-09-03 18:40:59,151 - 
2025-09-03 18:40:59,151 - Accuracy moyenne: 83.93% ± 5.81%
2025-09-03 18:40:59,151 - Loss moyenne: 0.5538 ± 0.2909
2025-09-03 18:40:59,151 - Nombre d'epochs moyen: 200
2025-09-03 18:40:59,151 - Accuracy par fold: ['82.14%', '89.29%', '82.14%', '85.71%', '71.43%', '82.14%', '89.29%', '78.57%', '92.86%', '85.71%']

2025-09-03 18:40:59,151 - Variable candidate fBodyAccMag-mad() testée
2025-09-03 18:40:59,151 - 
2025-09-03 18:40:59,151 - === Fold 1/10 ===
2025-09-03 18:40:59,169 - Epoch 1/500 - Train Loss: 1.3435, Train Acc: 42.46% - Val loss: 0.8064, Val Acc: 64.29%
2025-09-03 18:41:02,174 - Epoch 201/500 - Train Loss: 0.1779, Train Acc: 92.06% - Val loss: 0.4163, Val Acc: 82.14%
2025-09-03 18:41:03,827 - Early stopping à l'epoch 311
2025-09-03 18:41:03,828 - Fold 1 - Accuracy finale: 89.29%
2025-09-03 18:41:03,829 - === Fold 2/10 ===
2025-09-03 18:41:03,847 - Epoch 1/500 - Train Loss: 1.3459, Train Acc: 48.02% - Val loss: 0.9628, Val Acc: 53.57%
2025-09-03 18:41:05,539 - Early stopping à l'epoch 111
2025-09-03 18:41:05,540 - Fold 2 - Accuracy finale: 78.57%
2025-09-03 18:41:05,540 - === Fold 3/10 ===
2025-09-03 18:41:05,559 - Epoch 1/500 - Train Loss: 1.3720, Train Acc: 46.43% - Val loss: 1.0383, Val Acc: 46.43%
2025-09-03 18:41:07,383 - Early stopping à l'epoch 122
2025-09-03 18:41:07,384 - Fold 3 - Accuracy finale: 89.29%
2025-09-03 18:41:07,384 - === Fold 4/10 ===
2025-09-03 18:41:07,402 - Epoch 1/500 - Train Loss: 1.3204, Train Acc: 40.87% - Val loss: 0.9864, Val Acc: 50.00%
2025-09-03 18:41:09,644 - Early stopping à l'epoch 150
2025-09-03 18:41:09,645 - Fold 4 - Accuracy finale: 82.14%
2025-09-03 18:41:09,645 - === Fold 5/10 ===
2025-09-03 18:41:09,664 - Epoch 1/500 - Train Loss: 1.4093, Train Acc: 36.90% - Val loss: 1.1297, Val Acc: 39.29%
2025-09-03 18:41:11,267 - Early stopping à l'epoch 106
2025-09-03 18:41:11,268 - Fold 5 - Accuracy finale: 78.57%
2025-09-03 18:41:11,268 - === Fold 6/10 ===
2025-09-03 18:41:11,286 - Epoch 1/500 - Train Loss: 1.4107, Train Acc: 39.68% - Val loss: 1.0462, Val Acc: 50.00%
2025-09-03 18:41:12,772 - Early stopping à l'epoch 99
2025-09-03 18:41:12,773 - Fold 6 - Accuracy finale: 85.71%
2025-09-03 18:41:12,773 - === Fold 7/10 ===
2025-09-03 18:41:12,792 - Epoch 1/500 - Train Loss: 1.3549, Train Acc: 40.87% - Val loss: 1.1009, Val Acc: 60.71%
2025-09-03 18:41:14,451 - Early stopping à l'epoch 110
2025-09-03 18:41:14,452 - Fold 7 - Accuracy finale: 89.29%
2025-09-03 18:41:14,452 - === Fold 8/10 ===
2025-09-03 18:41:14,471 - Epoch 1/500 - Train Loss: 1.4659, Train Acc: 32.94% - Val loss: 1.1065, Val Acc: 39.29%
2025-09-03 18:41:15,890 - Early stopping à l'epoch 95
2025-09-03 18:41:15,891 - Fold 8 - Accuracy finale: 75.00%
2025-09-03 18:41:15,891 - === Fold 9/10 ===
2025-09-03 18:41:15,910 - Epoch 1/500 - Train Loss: 1.5952, Train Acc: 31.75% - Val loss: 1.0170, Val Acc: 57.14%
2025-09-03 18:41:18,913 - Epoch 201/500 - Train Loss: 0.1149, Train Acc: 95.24% - Val loss: 0.1650, Val Acc: 89.29%
2025-09-03 18:41:21,266 - Early stopping à l'epoch 358
2025-09-03 18:41:21,267 - Fold 9 - Accuracy finale: 89.29%
2025-09-03 18:41:21,267 - === Fold 10/10 ===
2025-09-03 18:41:21,285 - Epoch 1/500 - Train Loss: 1.6204, Train Acc: 36.11% - Val loss: 1.2850, Val Acc: 50.00%
2025-09-03 18:41:23,048 - Early stopping à l'epoch 118
2025-09-03 18:41:23,049 - Fold 10 - Accuracy finale: 82.14%
2025-09-03 18:41:23,049 - 
2025-09-03 18:41:23,049 - Résultats de la validation croisée
2025-09-03 18:41:23,049 - 
2025-09-03 18:41:23,049 - Accuracy moyenne: 83.93% ± 5.11%
2025-09-03 18:41:23,049 - Loss moyenne: 0.6327 ± 0.2430
2025-09-03 18:41:23,049 - Nombre d'epochs moyen: 158
2025-09-03 18:41:23,049 - Accuracy par fold: ['89.29%', '78.57%', '89.29%', '82.14%', '78.57%', '85.71%', '89.29%', '75.00%', '89.29%', '82.14%']

2025-09-03 18:41:23,049 - Variable candidate tBodyAcc-mad()-X testée
2025-09-03 18:41:23,049 - 
2025-09-03 18:41:23,050 - === Fold 1/10 ===
2025-09-03 18:41:23,068 - Epoch 1/500 - Train Loss: 1.3561, Train Acc: 44.05% - Val loss: 0.8476, Val Acc: 57.14%
2025-09-03 18:41:26,080 - Epoch 201/500 - Train Loss: 0.0683, Train Acc: 97.62% - Val loss: 0.3081, Val Acc: 89.29%
2025-09-03 18:41:26,293 - Early stopping à l'epoch 215
2025-09-03 18:41:26,294 - Fold 1 - Accuracy finale: 96.43%
2025-09-03 18:41:26,294 - === Fold 2/10 ===
2025-09-03 18:41:26,313 - Epoch 1/500 - Train Loss: 1.3685, Train Acc: 46.83% - Val loss: 1.0258, Val Acc: 57.14%
2025-09-03 18:41:27,859 - Early stopping à l'epoch 104
2025-09-03 18:41:27,860 - Fold 2 - Accuracy finale: 85.71%
2025-09-03 18:41:27,861 - === Fold 3/10 ===
2025-09-03 18:41:27,879 - Epoch 1/500 - Train Loss: 1.3877, Train Acc: 42.46% - Val loss: 1.0872, Val Acc: 46.43%
2025-09-03 18:41:29,700 - Early stopping à l'epoch 122
2025-09-03 18:41:29,701 - Fold 3 - Accuracy finale: 89.29%
2025-09-03 18:41:29,701 - === Fold 4/10 ===
2025-09-03 18:41:29,721 - Epoch 1/500 - Train Loss: 1.3238, Train Acc: 38.89% - Val loss: 1.0034, Val Acc: 60.71%
2025-09-03 18:41:32,725 - Epoch 201/500 - Train Loss: 0.0561, Train Acc: 97.62% - Val loss: 0.9950, Val Acc: 75.00%
2025-09-03 18:41:32,755 - Early stopping à l'epoch 203
2025-09-03 18:41:32,756 - Fold 4 - Accuracy finale: 78.57%
2025-09-03 18:41:32,757 - === Fold 5/10 ===
2025-09-03 18:41:32,775 - Epoch 1/500 - Train Loss: 1.4110, Train Acc: 36.90% - Val loss: 1.1009, Val Acc: 39.29%
2025-09-03 18:41:34,758 - Early stopping à l'epoch 133
2025-09-03 18:41:34,759 - Fold 5 - Accuracy finale: 78.57%
2025-09-03 18:41:34,759 - === Fold 6/10 ===
2025-09-03 18:41:34,777 - Epoch 1/500 - Train Loss: 1.4150, Train Acc: 38.89% - Val loss: 1.1077, Val Acc: 42.86%
2025-09-03 18:41:37,765 - Epoch 201/500 - Train Loss: 0.0973, Train Acc: 96.03% - Val loss: 0.1852, Val Acc: 92.86%
2025-09-03 18:41:39,401 - Early stopping à l'epoch 309
2025-09-03 18:41:39,402 - Fold 6 - Accuracy finale: 89.29%
2025-09-03 18:41:39,402 - === Fold 7/10 ===
2025-09-03 18:41:39,420 - Epoch 1/500 - Train Loss: 1.3561, Train Acc: 40.08% - Val loss: 1.1106, Val Acc: 57.14%
2025-09-03 18:41:42,403 - Epoch 201/500 - Train Loss: 0.0957, Train Acc: 96.03% - Val loss: 0.1082, Val Acc: 96.43%
2025-09-03 18:41:43,479 - Early stopping à l'epoch 273
2025-09-03 18:41:43,480 - Fold 7 - Accuracy finale: 96.43%
2025-09-03 18:41:43,480 - === Fold 8/10 ===
2025-09-03 18:41:43,498 - Epoch 1/500 - Train Loss: 1.4704, Train Acc: 33.73% - Val loss: 1.1031, Val Acc: 39.29%
2025-09-03 18:41:45,027 - Early stopping à l'epoch 103
2025-09-03 18:41:45,028 - Fold 8 - Accuracy finale: 78.57%
2025-09-03 18:41:45,029 - === Fold 9/10 ===
2025-09-03 18:41:45,047 - Epoch 1/500 - Train Loss: 1.6048, Train Acc: 30.95% - Val loss: 1.0485, Val Acc: 53.57%
2025-09-03 18:41:46,442 - Early stopping à l'epoch 94
2025-09-03 18:41:46,443 - Fold 9 - Accuracy finale: 85.71%
2025-09-03 18:41:46,443 - === Fold 10/10 ===
2025-09-03 18:41:46,463 - Epoch 1/500 - Train Loss: 1.6161, Train Acc: 33.33% - Val loss: 1.2503, Val Acc: 46.43%
2025-09-03 18:41:48,534 - Early stopping à l'epoch 137
2025-09-03 18:41:48,535 - Fold 10 - Accuracy finale: 82.14%
2025-09-03 18:41:48,585 - 
2025-09-03 18:41:48,586 - Résultats de la validation croisée
2025-09-03 18:41:48,586 - 
2025-09-03 18:41:48,586 - Accuracy moyenne: 86.07% ± 6.48%
2025-09-03 18:41:48,586 - Loss moyenne: 0.5910 ± 0.2563
2025-09-03 18:41:48,586 - Nombre d'epochs moyen: 169
2025-09-03 18:41:48,586 - Accuracy par fold: ['96.43%', '85.71%', '89.29%', '78.57%', '78.57%', '89.29%', '96.43%', '78.57%', '85.71%', '82.14%']

2025-09-03 18:41:48,586 - Variable candidate tBodyAcc-energy()-X testée
2025-09-03 18:41:48,586 - 
2025-09-03 18:41:48,587 - === Fold 1/10 ===
2025-09-03 18:41:48,609 - Epoch 1/500 - Train Loss: 1.4045, Train Acc: 41.27% - Val loss: 0.8802, Val Acc: 57.14%
2025-09-03 18:41:50,935 - Early stopping à l'epoch 155
2025-09-03 18:41:50,937 - Fold 1 - Accuracy finale: 85.71%
2025-09-03 18:41:50,937 - === Fold 2/10 ===
2025-09-03 18:41:50,955 - Epoch 1/500 - Train Loss: 1.3769, Train Acc: 46.03% - Val loss: 0.9933, Val Acc: 53.57%
2025-09-03 18:41:52,573 - Early stopping à l'epoch 106
2025-09-03 18:41:52,574 - Fold 2 - Accuracy finale: 85.71%
2025-09-03 18:41:52,574 - === Fold 3/10 ===
2025-09-03 18:41:52,593 - Epoch 1/500 - Train Loss: 1.4545, Train Acc: 43.25% - Val loss: 1.1104, Val Acc: 46.43%
2025-09-03 18:41:54,564 - Early stopping à l'epoch 132
2025-09-03 18:41:54,565 - Fold 3 - Accuracy finale: 78.57%
2025-09-03 18:41:54,565 - === Fold 4/10 ===
2025-09-03 18:41:54,583 - Epoch 1/500 - Train Loss: 1.3337, Train Acc: 40.87% - Val loss: 0.9403, Val Acc: 64.29%
2025-09-03 18:41:57,590 - Epoch 201/500 - Train Loss: 0.0918, Train Acc: 96.43% - Val loss: 0.3728, Val Acc: 85.71%
2025-09-03 18:41:58,208 - Early stopping à l'epoch 242
2025-09-03 18:41:58,209 - Fold 4 - Accuracy finale: 89.29%
2025-09-03 18:41:58,210 - === Fold 5/10 ===
2025-09-03 18:41:58,227 - Epoch 1/500 - Train Loss: 1.4683, Train Acc: 40.08% - Val loss: 1.1499, Val Acc: 42.86%
2025-09-03 18:42:00,159 - Early stopping à l'epoch 129
2025-09-03 18:42:00,160 - Fold 5 - Accuracy finale: 78.57%
2025-09-03 18:42:00,160 - === Fold 6/10 ===
2025-09-03 18:42:00,179 - Epoch 1/500 - Train Loss: 1.4415, Train Acc: 43.65% - Val loss: 1.0427, Val Acc: 42.86%
2025-09-03 18:42:01,944 - Early stopping à l'epoch 118
2025-09-03 18:42:01,945 - Fold 6 - Accuracy finale: 82.14%
2025-09-03 18:42:01,945 - === Fold 7/10 ===
2025-09-03 18:42:01,963 - Epoch 1/500 - Train Loss: 1.4378, Train Acc: 40.87% - Val loss: 1.0709, Val Acc: 64.29%
2025-09-03 18:42:04,966 - Epoch 201/500 - Train Loss: 0.1441, Train Acc: 93.65% - Val loss: 0.1196, Val Acc: 89.29%
2025-09-03 18:42:07,867 - Early stopping à l'epoch 393
2025-09-03 18:42:07,868 - Fold 7 - Accuracy finale: 100.00%
2025-09-03 18:42:07,868 - === Fold 8/10 ===
2025-09-03 18:42:07,888 - Epoch 1/500 - Train Loss: 1.4846, Train Acc: 37.70% - Val loss: 1.0622, Val Acc: 53.57%
2025-09-03 18:42:09,294 - Early stopping à l'epoch 95
2025-09-03 18:42:09,295 - Fold 8 - Accuracy finale: 78.57%
2025-09-03 18:42:09,295 - === Fold 9/10 ===
2025-09-03 18:42:09,315 - Epoch 1/500 - Train Loss: 1.6452, Train Acc: 36.11% - Val loss: 1.1098, Val Acc: 46.43%
2025-09-03 18:42:12,388 - Epoch 201/500 - Train Loss: 0.1213, Train Acc: 94.44% - Val loss: 0.4669, Val Acc: 85.71%
2025-09-03 18:42:12,434 - Early stopping à l'epoch 204
2025-09-03 18:42:12,435 - Fold 9 - Accuracy finale: 82.14%
2025-09-03 18:42:12,435 - === Fold 10/10 ===
2025-09-03 18:42:12,454 - Epoch 1/500 - Train Loss: 1.6649, Train Acc: 33.73% - Val loss: 1.3668, Val Acc: 46.43%
2025-09-03 18:42:14,777 - Early stopping à l'epoch 153
2025-09-03 18:42:14,778 - Fold 10 - Accuracy finale: 82.14%
2025-09-03 18:42:14,778 - 
2025-09-03 18:42:14,778 - Résultats de la validation croisée
2025-09-03 18:42:14,778 - 
2025-09-03 18:42:14,778 - Accuracy moyenne: 84.29% ± 6.23%
2025-09-03 18:42:14,778 - Loss moyenne: 0.5425 ± 0.2325
2025-09-03 18:42:14,778 - Nombre d'epochs moyen: 172
2025-09-03 18:42:14,778 - Accuracy par fold: ['85.71%', '85.71%', '78.57%', '89.29%', '78.57%', '82.14%', '100.00%', '78.57%', '82.14%', '82.14%']

2025-09-03 18:42:14,778 - Variable candidate tBodyAcc-std()-X testée
2025-09-03 18:42:14,779 - 
2025-09-03 18:42:14,779 - === Fold 1/10 ===
2025-09-03 18:42:14,798 - Epoch 1/500 - Train Loss: 1.3545, Train Acc: 44.05% - Val loss: 0.8443, Val Acc: 57.14%
2025-09-03 18:42:17,648 - Early stopping à l'epoch 188
2025-09-03 18:42:17,649 - Fold 1 - Accuracy finale: 89.29%
2025-09-03 18:42:17,650 - === Fold 2/10 ===
2025-09-03 18:42:17,669 - Epoch 1/500 - Train Loss: 1.3651, Train Acc: 48.02% - Val loss: 1.0253, Val Acc: 57.14%
2025-09-03 18:42:20,500 - Early stopping à l'epoch 188
2025-09-03 18:42:20,501 - Fold 2 - Accuracy finale: 89.29%
2025-09-03 18:42:20,501 - === Fold 3/10 ===
2025-09-03 18:42:20,520 - Epoch 1/500 - Train Loss: 1.3808, Train Acc: 42.86% - Val loss: 1.0860, Val Acc: 46.43%
2025-09-03 18:42:22,176 - Early stopping à l'epoch 110
2025-09-03 18:42:22,177 - Fold 3 - Accuracy finale: 85.71%
2025-09-03 18:42:22,177 - === Fold 4/10 ===
2025-09-03 18:42:22,196 - Epoch 1/500 - Train Loss: 1.3240, Train Acc: 40.48% - Val loss: 1.0095, Val Acc: 60.71%
2025-09-03 18:42:25,235 - Epoch 201/500 - Train Loss: 0.0313, Train Acc: 98.81% - Val loss: 0.4355, Val Acc: 92.86%
2025-09-03 18:42:25,281 - Early stopping à l'epoch 204
2025-09-03 18:42:25,282 - Fold 4 - Accuracy finale: 89.29%
2025-09-03 18:42:25,282 - === Fold 5/10 ===
2025-09-03 18:42:25,301 - Epoch 1/500 - Train Loss: 1.4100, Train Acc: 36.90% - Val loss: 1.1077, Val Acc: 39.29%
2025-09-03 18:42:26,773 - Early stopping à l'epoch 99
2025-09-03 18:42:26,774 - Fold 5 - Accuracy finale: 82.14%
2025-09-03 18:42:26,774 - === Fold 6/10 ===
2025-09-03 18:42:26,794 - Epoch 1/500 - Train Loss: 1.4137, Train Acc: 38.89% - Val loss: 1.1022, Val Acc: 42.86%
2025-09-03 18:42:29,810 - Epoch 201/500 - Train Loss: 0.0608, Train Acc: 97.62% - Val loss: 0.0776, Val Acc: 96.43%
2025-09-03 18:42:30,372 - Early stopping à l'epoch 238
2025-09-03 18:42:30,373 - Fold 6 - Accuracy finale: 89.29%
2025-09-03 18:42:30,373 - === Fold 7/10 ===
2025-09-03 18:42:30,392 - Epoch 1/500 - Train Loss: 1.3543, Train Acc: 38.89% - Val loss: 1.1001, Val Acc: 64.29%
2025-09-03 18:42:33,422 - Epoch 201/500 - Train Loss: 0.1089, Train Acc: 95.63% - Val loss: 0.0532, Val Acc: 100.00%
2025-09-03 18:42:34,760 - Early stopping à l'epoch 289
2025-09-03 18:42:34,762 - Fold 7 - Accuracy finale: 100.00%
2025-09-03 18:42:34,762 - === Fold 8/10 ===
2025-09-03 18:42:34,783 - Epoch 1/500 - Train Loss: 1.4720, Train Acc: 33.33% - Val loss: 1.1142, Val Acc: 35.71%
2025-09-03 18:42:36,146 - Early stopping à l'epoch 90
2025-09-03 18:42:36,147 - Fold 8 - Accuracy finale: 78.57%
2025-09-03 18:42:36,147 - === Fold 9/10 ===
2025-09-03 18:42:36,168 - Epoch 1/500 - Train Loss: 1.5987, Train Acc: 30.16% - Val loss: 1.0497, Val Acc: 53.57%
2025-09-03 18:42:39,199 - Epoch 201/500 - Train Loss: 0.1036, Train Acc: 95.63% - Val loss: 0.5987, Val Acc: 85.71%
2025-09-03 18:42:39,377 - Early stopping à l'epoch 212
2025-09-03 18:42:39,379 - Fold 9 - Accuracy finale: 82.14%
2025-09-03 18:42:39,379 - === Fold 10/10 ===
2025-09-03 18:42:39,398 - Epoch 1/500 - Train Loss: 1.6145, Train Acc: 33.73% - Val loss: 1.2551, Val Acc: 46.43%
2025-09-03 18:42:41,293 - Early stopping à l'epoch 126
2025-09-03 18:42:41,294 - Fold 10 - Accuracy finale: 85.71%
2025-09-03 18:42:41,294 - 
2025-09-03 18:42:41,294 - Résultats de la validation croisée
2025-09-03 18:42:41,294 - 
2025-09-03 18:42:41,295 - Accuracy moyenne: 87.14% ± 5.58%
2025-09-03 18:42:41,295 - Loss moyenne: 0.5326 ± 0.2383
2025-09-03 18:42:41,295 - Nombre d'epochs moyen: 174
2025-09-03 18:42:41,295 - Accuracy par fold: ['89.29%', '89.29%', '85.71%', '89.29%', '82.14%', '89.29%', '100.00%', '78.57%', '82.14%', '85.71%']

2025-09-03 18:42:41,295 - Ajout de la variable angle(tBodyGyroMean,gravityMean), mean accuracy - std accuracy: 85.3691

2025-09-03 18:42:41,308 - Variables actuellement selectionnées : ['tBodyGyro-mean()-X', 'angle(tBodyGyroMean,gravityMean)']

2025-09-03 18:42:41,308 - Variable candidate fBodyAcc-bandsEnergy()-1,16 testée
2025-09-03 18:42:41,308 - 
2025-09-03 18:42:41,309 - === Fold 1/10 ===
2025-09-03 18:42:41,328 - Epoch 1/500 - Train Loss: 1.6969, Train Acc: 38.89% - Val loss: 1.1305, Val Acc: 57.14%
2025-09-03 18:42:43,282 - Early stopping à l'epoch 129
2025-09-03 18:42:43,283 - Fold 1 - Accuracy finale: 92.86%
2025-09-03 18:42:43,283 - === Fold 2/10 ===
2025-09-03 18:42:43,301 - Epoch 1/500 - Train Loss: 1.4558, Train Acc: 42.86% - Val loss: 1.0308, Val Acc: 53.57%
2025-09-03 18:42:45,578 - Early stopping à l'epoch 152
2025-09-03 18:42:45,579 - Fold 2 - Accuracy finale: 89.29%
2025-09-03 18:42:45,579 - === Fold 3/10 ===
2025-09-03 18:42:45,600 - Epoch 1/500 - Train Loss: 1.6666, Train Acc: 35.71% - Val loss: 1.1975, Val Acc: 46.43%
2025-09-03 18:42:48,616 - Epoch 201/500 - Train Loss: 0.0066, Train Acc: 100.00% - Val loss: 0.0862, Val Acc: 96.43%
2025-09-03 18:42:48,769 - Early stopping à l'epoch 211
2025-09-03 18:42:48,771 - Fold 3 - Accuracy finale: 92.86%
2025-09-03 18:42:48,771 - === Fold 4/10 ===
2025-09-03 18:42:48,789 - Epoch 1/500 - Train Loss: 1.5625, Train Acc: 41.67% - Val loss: 1.0880, Val Acc: 53.57%
2025-09-03 18:42:51,754 - Early stopping à l'epoch 198
2025-09-03 18:42:51,755 - Fold 4 - Accuracy finale: 92.86%
2025-09-03 18:42:51,755 - === Fold 5/10 ===
2025-09-03 18:42:51,774 - Epoch 1/500 - Train Loss: 1.5796, Train Acc: 32.94% - Val loss: 1.1528, Val Acc: 53.57%
2025-09-03 18:42:54,493 - Early stopping à l'epoch 182
2025-09-03 18:42:54,495 - Fold 5 - Accuracy finale: 85.71%
2025-09-03 18:42:54,495 - === Fold 6/10 ===
2025-09-03 18:42:54,514 - Epoch 1/500 - Train Loss: 1.6160, Train Acc: 34.92% - Val loss: 1.1598, Val Acc: 60.71%
2025-09-03 18:42:56,036 - Early stopping à l'epoch 103
2025-09-03 18:42:56,037 - Fold 6 - Accuracy finale: 82.14%
2025-09-03 18:42:56,038 - === Fold 7/10 ===
2025-09-03 18:42:56,057 - Epoch 1/500 - Train Loss: 1.7675, Train Acc: 25.79% - Val loss: 1.2423, Val Acc: 57.14%
2025-09-03 18:42:59,102 - Epoch 201/500 - Train Loss: 0.0034, Train Acc: 100.00% - Val loss: 0.0961, Val Acc: 92.86%
2025-09-03 18:42:59,350 - Early stopping à l'epoch 216
2025-09-03 18:42:59,351 - Fold 7 - Accuracy finale: 92.86%
2025-09-03 18:42:59,351 - === Fold 8/10 ===
2025-09-03 18:42:59,370 - Epoch 1/500 - Train Loss: 1.4407, Train Acc: 40.08% - Val loss: 1.0154, Val Acc: 64.29%
2025-09-03 18:43:01,632 - Early stopping à l'epoch 150
2025-09-03 18:43:01,634 - Fold 8 - Accuracy finale: 92.86%
2025-09-03 18:43:01,634 - === Fold 9/10 ===
2025-09-03 18:43:01,652 - Epoch 1/500 - Train Loss: 1.6777, Train Acc: 35.71% - Val loss: 1.0993, Val Acc: 53.57%
2025-09-03 18:43:03,393 - Early stopping à l'epoch 115
2025-09-03 18:43:03,394 - Fold 9 - Accuracy finale: 92.86%
2025-09-03 18:43:03,394 - === Fold 10/10 ===
2025-09-03 18:43:03,412 - Epoch 1/500 - Train Loss: 1.6750, Train Acc: 34.52% - Val loss: 1.2088, Val Acc: 42.86%
2025-09-03 18:43:06,119 - Early stopping à l'epoch 181
2025-09-03 18:43:06,121 - Fold 10 - Accuracy finale: 89.29%
2025-09-03 18:43:06,121 - 
2025-09-03 18:43:06,121 - Résultats de la validation croisée
2025-09-03 18:43:06,121 - 
2025-09-03 18:43:06,121 - Accuracy moyenne: 90.36% ± 3.59%
2025-09-03 18:43:06,121 - Loss moyenne: 0.4062 ± 0.2018
2025-09-03 18:43:06,121 - Nombre d'epochs moyen: 163
2025-09-03 18:43:06,121 - Accuracy par fold: ['92.86%', '89.29%', '92.86%', '92.86%', '85.71%', '82.14%', '92.86%', '92.86%', '92.86%', '89.29%']

2025-09-03 18:43:06,121 - Variable candidate fBodyAccMag-std() testée
2025-09-03 18:43:06,121 - 
2025-09-03 18:43:06,122 - === Fold 1/10 ===
2025-09-03 18:43:06,140 - Epoch 1/500 - Train Loss: 1.6173, Train Acc: 38.89% - Val loss: 1.1133, Val Acc: 60.71%
2025-09-03 18:43:08,004 - Early stopping à l'epoch 125
2025-09-03 18:43:08,006 - Fold 1 - Accuracy finale: 92.86%
2025-09-03 18:43:08,006 - === Fold 2/10 ===
2025-09-03 18:43:08,027 - Epoch 1/500 - Train Loss: 1.4419, Train Acc: 42.06% - Val loss: 1.0689, Val Acc: 50.00%
2025-09-03 18:43:09,620 - Early stopping à l'epoch 107
2025-09-03 18:43:09,621 - Fold 2 - Accuracy finale: 78.57%
2025-09-03 18:43:09,621 - === Fold 3/10 ===
2025-09-03 18:43:09,640 - Epoch 1/500 - Train Loss: 1.6388, Train Acc: 31.35% - Val loss: 1.1698, Val Acc: 50.00%
2025-09-03 18:43:12,660 - Epoch 201/500 - Train Loss: 0.0286, Train Acc: 98.81% - Val loss: 0.1462, Val Acc: 92.86%
2025-09-03 18:43:13,357 - Early stopping à l'epoch 246
2025-09-03 18:43:13,358 - Fold 3 - Accuracy finale: 92.86%
2025-09-03 18:43:13,358 - === Fold 4/10 ===
2025-09-03 18:43:13,377 - Epoch 1/500 - Train Loss: 1.5503, Train Acc: 35.32% - Val loss: 1.0912, Val Acc: 57.14%
2025-09-03 18:43:16,399 - Epoch 201/500 - Train Loss: 0.0027, Train Acc: 100.00% - Val loss: 0.0567, Val Acc: 96.43%
2025-09-03 18:43:16,536 - Early stopping à l'epoch 210
2025-09-03 18:43:16,537 - Fold 4 - Accuracy finale: 96.43%
2025-09-03 18:43:16,538 - === Fold 5/10 ===
2025-09-03 18:43:16,557 - Epoch 1/500 - Train Loss: 1.4631, Train Acc: 35.32% - Val loss: 1.1228, Val Acc: 57.14%
2025-09-03 18:43:18,662 - Early stopping à l'epoch 140
2025-09-03 18:43:18,663 - Fold 5 - Accuracy finale: 85.71%
2025-09-03 18:43:18,663 - === Fold 6/10 ===
2025-09-03 18:43:18,682 - Epoch 1/500 - Train Loss: 1.5219, Train Acc: 36.90% - Val loss: 1.2046, Val Acc: 46.43%
2025-09-03 18:43:20,620 - Early stopping à l'epoch 129
2025-09-03 18:43:20,622 - Fold 6 - Accuracy finale: 92.86%
2025-09-03 18:43:20,622 - === Fold 7/10 ===
2025-09-03 18:43:20,640 - Epoch 1/500 - Train Loss: 1.7239, Train Acc: 27.38% - Val loss: 1.1982, Val Acc: 39.29%
2025-09-03 18:43:23,654 - Epoch 201/500 - Train Loss: 0.0024, Train Acc: 100.00% - Val loss: 0.0003, Val Acc: 100.00%
2025-09-03 18:43:25,271 - Early stopping à l'epoch 308
2025-09-03 18:43:25,272 - Fold 7 - Accuracy finale: 100.00%
2025-09-03 18:43:25,272 - === Fold 8/10 ===
2025-09-03 18:43:25,293 - Epoch 1/500 - Train Loss: 1.4736, Train Acc: 33.73% - Val loss: 1.0956, Val Acc: 50.00%
2025-09-03 18:43:28,278 - Epoch 201/500 - Train Loss: 0.0065, Train Acc: 100.00% - Val loss: 0.6193, Val Acc: 89.29%
2025-09-03 18:43:28,458 - Early stopping à l'epoch 213
2025-09-03 18:43:28,460 - Fold 8 - Accuracy finale: 89.29%
2025-09-03 18:43:28,460 - === Fold 9/10 ===
2025-09-03 18:43:28,478 - Epoch 1/500 - Train Loss: 1.5940, Train Acc: 30.56% - Val loss: 1.0838, Val Acc: 46.43%
2025-09-03 18:43:31,210 - Early stopping à l'epoch 183
2025-09-03 18:43:31,211 - Fold 9 - Accuracy finale: 89.29%
2025-09-03 18:43:31,211 - === Fold 10/10 ===
2025-09-03 18:43:31,230 - Epoch 1/500 - Train Loss: 1.6277, Train Acc: 34.52% - Val loss: 1.1488, Val Acc: 60.71%
2025-09-03 18:43:33,331 - Early stopping à l'epoch 140
2025-09-03 18:43:33,332 - Fold 10 - Accuracy finale: 82.14%
2025-09-03 18:43:33,332 - 
2025-09-03 18:43:33,332 - Résultats de la validation croisée
2025-09-03 18:43:33,332 - 
2025-09-03 18:43:33,332 - Accuracy moyenne: 90.00% ± 6.14%
2025-09-03 18:43:33,332 - Loss moyenne: 0.4341 ± 0.3351
2025-09-03 18:43:33,332 - Nombre d'epochs moyen: 180
2025-09-03 18:43:33,332 - Accuracy par fold: ['92.86%', '78.57%', '92.86%', '96.43%', '85.71%', '92.86%', '100.00%', '89.29%', '89.29%', '82.14%']

2025-09-03 18:43:33,332 - Variable candidate fBodyAcc-bandsEnergy()-49,56 testée
2025-09-03 18:43:33,332 - 
2025-09-03 18:43:33,333 - === Fold 1/10 ===
2025-09-03 18:43:33,352 - Epoch 1/500 - Train Loss: 1.8202, Train Acc: 34.52% - Val loss: 1.3269, Val Acc: 42.86%
2025-09-03 18:43:35,194 - Early stopping à l'epoch 121
2025-09-03 18:43:35,195 - Fold 1 - Accuracy finale: 96.43%
2025-09-03 18:43:35,195 - === Fold 2/10 ===
2025-09-03 18:43:35,214 - Epoch 1/500 - Train Loss: 1.5450, Train Acc: 38.89% - Val loss: 1.1781, Val Acc: 39.29%
2025-09-03 18:43:37,512 - Early stopping à l'epoch 152
2025-09-03 18:43:37,514 - Fold 2 - Accuracy finale: 96.43%
2025-09-03 18:43:37,514 - === Fold 3/10 ===
2025-09-03 18:43:37,532 - Epoch 1/500 - Train Loss: 1.8075, Train Acc: 28.57% - Val loss: 1.4333, Val Acc: 32.14%
2025-09-03 18:43:39,695 - Early stopping à l'epoch 143
2025-09-03 18:43:39,696 - Fold 3 - Accuracy finale: 89.29%
2025-09-03 18:43:39,696 - === Fold 4/10 ===
2025-09-03 18:43:39,715 - Epoch 1/500 - Train Loss: 1.6277, Train Acc: 38.10% - Val loss: 1.1938, Val Acc: 46.43%
2025-09-03 18:43:42,774 - Epoch 201/500 - Train Loss: 0.0022, Train Acc: 100.00% - Val loss: 0.0242, Val Acc: 100.00%
2025-09-03 18:43:43,138 - Early stopping à l'epoch 225
2025-09-03 18:43:43,139 - Fold 4 - Accuracy finale: 100.00%
2025-09-03 18:43:43,139 - === Fold 5/10 ===
2025-09-03 18:43:43,157 - Epoch 1/500 - Train Loss: 1.6494, Train Acc: 32.54% - Val loss: 1.1776, Val Acc: 53.57%
2025-09-03 18:43:46,216 - Epoch 201/500 - Train Loss: 0.0022, Train Acc: 100.00% - Val loss: 0.0613, Val Acc: 96.43%
2025-09-03 18:43:47,635 - Early stopping à l'epoch 294
2025-09-03 18:43:47,637 - Fold 5 - Accuracy finale: 96.43%
2025-09-03 18:43:47,637 - === Fold 6/10 ===
2025-09-03 18:43:47,656 - Epoch 1/500 - Train Loss: 1.7236, Train Acc: 31.35% - Val loss: 1.2006, Val Acc: 57.14%
2025-09-03 18:43:50,414 - Early stopping à l'epoch 183
2025-09-03 18:43:50,415 - Fold 6 - Accuracy finale: 92.86%
2025-09-03 18:43:50,416 - === Fold 7/10 ===
2025-09-03 18:43:50,434 - Epoch 1/500 - Train Loss: 1.8755, Train Acc: 23.41% - Val loss: 1.3686, Val Acc: 57.14%
2025-09-03 18:43:52,623 - Early stopping à l'epoch 146
2025-09-03 18:43:52,624 - Fold 7 - Accuracy finale: 92.86%
2025-09-03 18:43:52,624 - === Fold 8/10 ===
2025-09-03 18:43:52,643 - Epoch 1/500 - Train Loss: 1.5334, Train Acc: 38.49% - Val loss: 1.0583, Val Acc: 67.86%
2025-09-03 18:43:54,452 - Early stopping à l'epoch 120
2025-09-03 18:43:54,453 - Fold 8 - Accuracy finale: 85.71%
2025-09-03 18:43:54,453 - === Fold 9/10 ===
2025-09-03 18:43:54,472 - Epoch 1/500 - Train Loss: 1.7992, Train Acc: 28.17% - Val loss: 1.2090, Val Acc: 60.71%
2025-09-03 18:43:56,234 - Early stopping à l'epoch 118
2025-09-03 18:43:56,235 - Fold 9 - Accuracy finale: 85.71%
2025-09-03 18:43:56,235 - === Fold 10/10 ===
2025-09-03 18:43:56,254 - Epoch 1/500 - Train Loss: 1.8076, Train Acc: 30.16% - Val loss: 1.3545, Val Acc: 46.43%
2025-09-03 18:43:58,191 - Early stopping à l'epoch 130
2025-09-03 18:43:58,192 - Fold 10 - Accuracy finale: 89.29%
2025-09-03 18:43:58,193 - 
2025-09-03 18:43:58,193 - Résultats de la validation croisée
2025-09-03 18:43:58,193 - 
2025-09-03 18:43:58,193 - Accuracy moyenne: 92.50% ± 4.64%
2025-09-03 18:43:58,193 - Loss moyenne: 0.3819 ± 0.2598
2025-09-03 18:43:58,193 - Nombre d'epochs moyen: 163
2025-09-03 18:43:58,193 - Accuracy par fold: ['96.43%', '96.43%', '89.29%', '100.00%', '96.43%', '92.86%', '92.86%', '85.71%', '85.71%', '89.29%']

2025-09-03 18:43:58,193 - Variable candidate tGravityAcc-entropy()-Y testée
2025-09-03 18:43:58,193 - 
2025-09-03 18:43:58,193 - === Fold 1/10 ===
2025-09-03 18:43:58,212 - Epoch 1/500 - Train Loss: 1.8263, Train Acc: 34.92% - Val loss: 1.6105, Val Acc: 35.71%
2025-09-03 18:43:59,673 - Early stopping à l'epoch 98
2025-09-03 18:43:59,674 - Fold 1 - Accuracy finale: 75.00%
2025-09-03 18:43:59,674 - === Fold 2/10 ===
2025-09-03 18:43:59,696 - Epoch 1/500 - Train Loss: 1.5850, Train Acc: 38.49% - Val loss: 1.2968, Val Acc: 39.29%
2025-09-03 18:44:01,183 - Early stopping à l'epoch 98
2025-09-03 18:44:01,185 - Fold 2 - Accuracy finale: 85.71%
2025-09-03 18:44:01,185 - === Fold 3/10 ===
2025-09-03 18:44:01,204 - Epoch 1/500 - Train Loss: 1.8600, Train Acc: 23.81% - Val loss: 1.3524, Val Acc: 46.43%
2025-09-03 18:44:03,172 - Early stopping à l'epoch 131
2025-09-03 18:44:03,173 - Fold 3 - Accuracy finale: 92.86%
2025-09-03 18:44:03,173 - === Fold 4/10 ===
2025-09-03 18:44:03,192 - Epoch 1/500 - Train Loss: 1.6023, Train Acc: 38.89% - Val loss: 1.1053, Val Acc: 60.71%
2025-09-03 18:44:05,668 - Early stopping à l'epoch 165
2025-09-03 18:44:05,669 - Fold 4 - Accuracy finale: 96.43%
2025-09-03 18:44:05,669 - === Fold 5/10 ===
2025-09-03 18:44:05,687 - Epoch 1/500 - Train Loss: 1.6732, Train Acc: 33.33% - Val loss: 1.2114, Val Acc: 53.57%
2025-09-03 18:44:08,695 - Epoch 201/500 - Train Loss: 0.0244, Train Acc: 98.81% - Val loss: 0.3986, Val Acc: 85.71%
2025-09-03 18:44:08,985 - Early stopping à l'epoch 220
2025-09-03 18:44:08,986 - Fold 5 - Accuracy finale: 82.14%
2025-09-03 18:44:08,986 - === Fold 6/10 ===
2025-09-03 18:44:09,005 - Epoch 1/500 - Train Loss: 1.8077, Train Acc: 28.57% - Val loss: 1.3299, Val Acc: 53.57%
2025-09-03 18:44:11,025 - Early stopping à l'epoch 136
2025-09-03 18:44:11,026 - Fold 6 - Accuracy finale: 89.29%
2025-09-03 18:44:11,027 - === Fold 7/10 ===
2025-09-03 18:44:11,045 - Epoch 1/500 - Train Loss: 1.9589, Train Acc: 23.81% - Val loss: 1.4905, Val Acc: 46.43%
2025-09-03 18:44:13,485 - Early stopping à l'epoch 164
2025-09-03 18:44:13,486 - Fold 7 - Accuracy finale: 89.29%
2025-09-03 18:44:13,486 - === Fold 8/10 ===
2025-09-03 18:44:13,505 - Epoch 1/500 - Train Loss: 1.5913, Train Acc: 36.11% - Val loss: 1.2032, Val Acc: 53.57%
2025-09-03 18:44:15,289 - Early stopping à l'epoch 118
2025-09-03 18:44:15,290 - Fold 8 - Accuracy finale: 89.29%
2025-09-03 18:44:15,290 - === Fold 9/10 ===
2025-09-03 18:44:15,309 - Epoch 1/500 - Train Loss: 1.7976, Train Acc: 30.95% - Val loss: 1.2760, Val Acc: 42.86%
2025-09-03 18:44:17,125 - Early stopping à l'epoch 120
2025-09-03 18:44:17,126 - Fold 9 - Accuracy finale: 89.29%
2025-09-03 18:44:17,126 - === Fold 10/10 ===
2025-09-03 18:44:17,144 - Epoch 1/500 - Train Loss: 1.8144, Train Acc: 30.95% - Val loss: 1.3699, Val Acc: 53.57%
2025-09-03 18:44:18,801 - Early stopping à l'epoch 110
2025-09-03 18:44:18,802 - Fold 10 - Accuracy finale: 92.86%
2025-09-03 18:44:18,802 - 
2025-09-03 18:44:18,802 - Résultats de la validation croisée
2025-09-03 18:44:18,802 - 
2025-09-03 18:44:18,802 - Accuracy moyenne: 88.21% ± 5.77%
2025-09-03 18:44:18,802 - Loss moyenne: 0.6394 ± 0.2939
2025-09-03 18:44:18,802 - Nombre d'epochs moyen: 136
2025-09-03 18:44:18,802 - Accuracy par fold: ['75.00%', '85.71%', '92.86%', '96.43%', '82.14%', '89.29%', '89.29%', '89.29%', '89.29%', '92.86%']

2025-09-03 18:44:18,802 - Variable candidate fBodyAcc-bandsEnergy()-41,48 testée
2025-09-03 18:44:18,802 - 
2025-09-03 18:44:18,803 - === Fold 1/10 ===
2025-09-03 18:44:18,821 - Epoch 1/500 - Train Loss: 1.7929, Train Acc: 34.13% - Val loss: 1.2967, Val Acc: 42.86%
2025-09-03 18:44:20,943 - Early stopping à l'epoch 140
2025-09-03 18:44:20,944 - Fold 1 - Accuracy finale: 92.86%
2025-09-03 18:44:20,944 - === Fold 2/10 ===
2025-09-03 18:44:20,962 - Epoch 1/500 - Train Loss: 1.5040, Train Acc: 40.87% - Val loss: 1.1411, Val Acc: 42.86%
2025-09-03 18:44:23,012 - Early stopping à l'epoch 134
2025-09-03 18:44:23,014 - Fold 2 - Accuracy finale: 92.86%
2025-09-03 18:44:23,014 - === Fold 3/10 ===
2025-09-03 18:44:23,037 - Epoch 1/500 - Train Loss: 1.7777, Train Acc: 32.54% - Val loss: 1.3979, Val Acc: 39.29%
2025-09-03 18:44:25,750 - Early stopping à l'epoch 180
2025-09-03 18:44:25,751 - Fold 3 - Accuracy finale: 100.00%
2025-09-03 18:44:25,751 - === Fold 4/10 ===
2025-09-03 18:44:25,769 - Epoch 1/500 - Train Loss: 1.6085, Train Acc: 38.49% - Val loss: 1.1380, Val Acc: 57.14%
2025-09-03 18:44:28,498 - Early stopping à l'epoch 182
2025-09-03 18:44:28,499 - Fold 4 - Accuracy finale: 96.43%
2025-09-03 18:44:28,499 - === Fold 5/10 ===
2025-09-03 18:44:28,517 - Epoch 1/500 - Train Loss: 1.6146, Train Acc: 34.52% - Val loss: 1.1506, Val Acc: 57.14%
2025-09-03 18:44:31,449 - Early stopping à l'epoch 196
2025-09-03 18:44:31,450 - Fold 5 - Accuracy finale: 92.86%
2025-09-03 18:44:31,450 - === Fold 6/10 ===
2025-09-03 18:44:31,470 - Epoch 1/500 - Train Loss: 1.6957, Train Acc: 28.97% - Val loss: 1.2352, Val Acc: 46.43%
2025-09-03 18:44:33,424 - Early stopping à l'epoch 130
2025-09-03 18:44:33,425 - Fold 6 - Accuracy finale: 82.14%
2025-09-03 18:44:33,425 - === Fold 7/10 ===
2025-09-03 18:44:33,444 - Epoch 1/500 - Train Loss: 1.8497, Train Acc: 25.40% - Val loss: 1.3251, Val Acc: 57.14%
2025-09-03 18:44:36,447 - Epoch 201/500 - Train Loss: 0.0030, Train Acc: 100.00% - Val loss: 0.1727, Val Acc: 96.43%
2025-09-03 18:44:36,810 - Early stopping à l'epoch 225
2025-09-03 18:44:36,811 - Fold 7 - Accuracy finale: 96.43%
2025-09-03 18:44:36,811 - === Fold 8/10 ===
2025-09-03 18:44:36,829 - Epoch 1/500 - Train Loss: 1.5024, Train Acc: 40.08% - Val loss: 1.0362, Val Acc: 71.43%
2025-09-03 18:44:38,485 - Early stopping à l'epoch 111
2025-09-03 18:44:38,486 - Fold 8 - Accuracy finale: 92.86%
2025-09-03 18:44:38,486 - === Fold 9/10 ===
2025-09-03 18:44:38,505 - Epoch 1/500 - Train Loss: 1.7497, Train Acc: 30.56% - Val loss: 1.1409, Val Acc: 53.57%
2025-09-03 18:44:40,518 - Early stopping à l'epoch 135
2025-09-03 18:44:40,519 - Fold 9 - Accuracy finale: 85.71%
2025-09-03 18:44:40,519 - === Fold 10/10 ===
2025-09-03 18:44:40,537 - Epoch 1/500 - Train Loss: 1.7666, Train Acc: 32.14% - Val loss: 1.3204, Val Acc: 39.29%
2025-09-03 18:44:42,088 - Early stopping à l'epoch 104
2025-09-03 18:44:42,089 - Fold 10 - Accuracy finale: 82.14%
2025-09-03 18:44:42,089 - 
2025-09-03 18:44:42,089 - Résultats de la validation croisée
2025-09-03 18:44:42,089 - 
2025-09-03 18:44:42,089 - Accuracy moyenne: 91.43% ± 5.80%
2025-09-03 18:44:42,089 - Loss moyenne: 0.4067 ± 0.2582
2025-09-03 18:44:42,089 - Nombre d'epochs moyen: 153
2025-09-03 18:44:42,089 - Accuracy par fold: ['92.86%', '92.86%', '100.00%', '96.43%', '92.86%', '82.14%', '96.43%', '92.86%', '85.71%', '82.14%']

2025-09-03 18:44:42,089 - Variable candidate fBodyAccJerk-bandsEnergy()-1,16 testée
2025-09-03 18:44:42,089 - 
2025-09-03 18:44:42,090 - === Fold 1/10 ===
2025-09-03 18:44:42,108 - Epoch 1/500 - Train Loss: 1.7295, Train Acc: 35.71% - Val loss: 1.1688, Val Acc: 50.00%
2025-09-03 18:44:44,817 - Early stopping à l'epoch 181
2025-09-03 18:44:44,818 - Fold 1 - Accuracy finale: 92.86%
2025-09-03 18:44:44,818 - === Fold 2/10 ===
2025-09-03 18:44:44,840 - Epoch 1/500 - Train Loss: 1.4545, Train Acc: 44.44% - Val loss: 1.1183, Val Acc: 46.43%
2025-09-03 18:44:46,790 - Early stopping à l'epoch 131
2025-09-03 18:44:46,791 - Fold 2 - Accuracy finale: 89.29%
2025-09-03 18:44:46,791 - === Fold 3/10 ===
2025-09-03 18:44:46,810 - Epoch 1/500 - Train Loss: 1.6936, Train Acc: 32.14% - Val loss: 1.3074, Val Acc: 35.71%
2025-09-03 18:44:48,748 - Early stopping à l'epoch 131
2025-09-03 18:44:48,749 - Fold 3 - Accuracy finale: 85.71%
2025-09-03 18:44:48,749 - === Fold 4/10 ===
2025-09-03 18:44:48,767 - Epoch 1/500 - Train Loss: 1.5615, Train Acc: 39.29% - Val loss: 1.0828, Val Acc: 53.57%
2025-09-03 18:44:51,776 - Epoch 201/500 - Train Loss: 0.0026, Train Acc: 100.00% - Val loss: 0.0920, Val Acc: 92.86%
2025-09-03 18:44:51,929 - Early stopping à l'epoch 211
2025-09-03 18:44:51,930 - Fold 4 - Accuracy finale: 96.43%
2025-09-03 18:44:51,930 - === Fold 5/10 ===
2025-09-03 18:44:51,948 - Epoch 1/500 - Train Loss: 1.5798, Train Acc: 34.13% - Val loss: 1.1770, Val Acc: 50.00%
2025-09-03 18:44:53,631 - Early stopping à l'epoch 112
2025-09-03 18:44:53,632 - Fold 5 - Accuracy finale: 82.14%
2025-09-03 18:44:53,632 - === Fold 6/10 ===
2025-09-03 18:44:53,651 - Epoch 1/500 - Train Loss: 1.6440, Train Acc: 32.54% - Val loss: 1.1593, Val Acc: 60.71%
2025-09-03 18:44:56,317 - Early stopping à l'epoch 180
2025-09-03 18:44:56,319 - Fold 6 - Accuracy finale: 89.29%
2025-09-03 18:44:56,319 - === Fold 7/10 ===
2025-09-03 18:44:56,337 - Epoch 1/500 - Train Loss: 1.8015, Train Acc: 26.59% - Val loss: 1.2911, Val Acc: 57.14%
2025-09-03 18:44:58,448 - Early stopping à l'epoch 143
2025-09-03 18:44:58,449 - Fold 7 - Accuracy finale: 96.43%
2025-09-03 18:44:58,449 - === Fold 8/10 ===
2025-09-03 18:44:58,467 - Epoch 1/500 - Train Loss: 1.4511, Train Acc: 39.68% - Val loss: 0.9985, Val Acc: 64.29%
2025-09-03 18:45:01,464 - Epoch 201/500 - Train Loss: 0.0046, Train Acc: 100.00% - Val loss: 0.3059, Val Acc: 85.71%
2025-09-03 18:45:02,316 - Early stopping à l'epoch 258
2025-09-03 18:45:02,317 - Fold 8 - Accuracy finale: 85.71%
2025-09-03 18:45:02,317 - === Fold 9/10 ===
2025-09-03 18:45:02,336 - Epoch 1/500 - Train Loss: 1.6447, Train Acc: 34.92% - Val loss: 1.0726, Val Acc: 53.57%
2025-09-03 18:45:04,101 - Early stopping à l'epoch 119
2025-09-03 18:45:04,102 - Fold 9 - Accuracy finale: 82.14%
2025-09-03 18:45:04,103 - === Fold 10/10 ===
2025-09-03 18:45:04,121 - Epoch 1/500 - Train Loss: 1.7037, Train Acc: 34.13% - Val loss: 1.2440, Val Acc: 42.86%
2025-09-03 18:45:05,642 - Early stopping à l'epoch 103
2025-09-03 18:45:05,643 - Fold 10 - Accuracy finale: 89.29%
2025-09-03 18:45:05,643 - 
2025-09-03 18:45:05,643 - Résultats de la validation croisée
2025-09-03 18:45:05,643 - 
2025-09-03 18:45:05,643 - Accuracy moyenne: 88.93% ± 4.91%
2025-09-03 18:45:05,643 - Loss moyenne: 0.4311 ± 0.2696
2025-09-03 18:45:05,643 - Nombre d'epochs moyen: 156
2025-09-03 18:45:05,643 - Accuracy par fold: ['92.86%', '89.29%', '85.71%', '96.43%', '82.14%', '89.29%', '96.43%', '85.71%', '82.14%', '89.29%']

2025-09-03 18:45:05,643 - Variable candidate fBodyAcc-bandsEnergy()-33,48 testée
2025-09-03 18:45:05,643 - 
2025-09-03 18:45:05,644 - === Fold 1/10 ===
2025-09-03 18:45:05,662 - Epoch 1/500 - Train Loss: 1.7813, Train Acc: 34.52% - Val loss: 1.2936, Val Acc: 42.86%
2025-09-03 18:45:07,925 - Early stopping à l'epoch 153
2025-09-03 18:45:07,926 - Fold 1 - Accuracy finale: 96.43%
2025-09-03 18:45:07,926 - === Fold 2/10 ===
2025-09-03 18:45:07,944 - Epoch 1/500 - Train Loss: 1.4861, Train Acc: 38.89% - Val loss: 1.1211, Val Acc: 42.86%
2025-09-03 18:45:09,496 - Early stopping à l'epoch 105
2025-09-03 18:45:09,497 - Fold 2 - Accuracy finale: 89.29%
2025-09-03 18:45:09,508 - === Fold 3/10 ===
2025-09-03 18:45:09,527 - Epoch 1/500 - Train Loss: 1.7426, Train Acc: 32.54% - Val loss: 1.3607, Val Acc: 35.71%
2025-09-03 18:45:12,540 - Epoch 201/500 - Train Loss: 0.0019, Train Acc: 100.00% - Val loss: 0.3746, Val Acc: 85.71%
2025-09-03 18:45:12,602 - Early stopping à l'epoch 205
2025-09-03 18:45:12,603 - Fold 3 - Accuracy finale: 89.29%
2025-09-03 18:45:12,603 - === Fold 4/10 ===
2025-09-03 18:45:12,623 - Epoch 1/500 - Train Loss: 1.5983, Train Acc: 38.10% - Val loss: 1.1313, Val Acc: 53.57%
2025-09-03 18:45:15,656 - Epoch 201/500 - Train Loss: 0.0025, Train Acc: 100.00% - Val loss: 0.0132, Val Acc: 100.00%
2025-09-03 18:45:16,365 - Early stopping à l'epoch 248
2025-09-03 18:45:16,366 - Fold 4 - Accuracy finale: 100.00%
2025-09-03 18:45:16,366 - === Fold 5/10 ===
2025-09-03 18:45:16,384 - Epoch 1/500 - Train Loss: 1.5934, Train Acc: 32.54% - Val loss: 1.1489, Val Acc: 60.71%
2025-09-03 18:45:19,393 - Epoch 201/500 - Train Loss: 0.0239, Train Acc: 99.21% - Val loss: 0.0972, Val Acc: 96.43%
2025-09-03 18:45:20,821 - Early stopping à l'epoch 296
2025-09-03 18:45:20,822 - Fold 5 - Accuracy finale: 100.00%
2025-09-03 18:45:20,822 - === Fold 6/10 ===
2025-09-03 18:45:20,842 - Epoch 1/500 - Train Loss: 1.6771, Train Acc: 30.16% - Val loss: 1.2103, Val Acc: 53.57%
2025-09-03 18:45:23,445 - Early stopping à l'epoch 173
2025-09-03 18:45:23,447 - Fold 6 - Accuracy finale: 85.71%
2025-09-03 18:45:23,447 - === Fold 7/10 ===
2025-09-03 18:45:23,466 - Epoch 1/500 - Train Loss: 1.8252, Train Acc: 25.40% - Val loss: 1.2947, Val Acc: 57.14%
2025-09-03 18:45:25,579 - Early stopping à l'epoch 140
2025-09-03 18:45:25,580 - Fold 7 - Accuracy finale: 96.43%
2025-09-03 18:45:25,581 - === Fold 8/10 ===
2025-09-03 18:45:25,600 - Epoch 1/500 - Train Loss: 1.5001, Train Acc: 39.29% - Val loss: 1.0401, Val Acc: 67.86%
2025-09-03 18:45:28,216 - Early stopping à l'epoch 174
2025-09-03 18:45:28,217 - Fold 8 - Accuracy finale: 89.29%
2025-09-03 18:45:28,217 - === Fold 9/10 ===
2025-09-03 18:45:28,235 - Epoch 1/500 - Train Loss: 1.7009, Train Acc: 33.33% - Val loss: 1.0919, Val Acc: 50.00%
2025-09-03 18:45:30,951 - Early stopping à l'epoch 181
2025-09-03 18:45:30,952 - Fold 9 - Accuracy finale: 85.71%
2025-09-03 18:45:30,952 - === Fold 10/10 ===
2025-09-03 18:45:30,971 - Epoch 1/500 - Train Loss: 1.7607, Train Acc: 29.76% - Val loss: 1.3098, Val Acc: 39.29%
2025-09-03 18:45:32,546 - Early stopping à l'epoch 106
2025-09-03 18:45:32,547 - Fold 10 - Accuracy finale: 89.29%
2025-09-03 18:45:32,547 - 
2025-09-03 18:45:32,547 - Résultats de la validation croisée
2025-09-03 18:45:32,547 - 
2025-09-03 18:45:32,547 - Accuracy moyenne: 92.14% ± 5.25%
2025-09-03 18:45:32,547 - Loss moyenne: 0.3188 ± 0.2119
2025-09-03 18:45:32,547 - Nombre d'epochs moyen: 178
2025-09-03 18:45:32,547 - Accuracy par fold: ['96.43%', '89.29%', '89.29%', '100.00%', '100.00%', '85.71%', '96.43%', '89.29%', '85.71%', '89.29%']

2025-09-03 18:45:32,547 - Variable candidate fBodyAcc-bandsEnergy()-9,16 testée
2025-09-03 18:45:32,547 - 
2025-09-03 18:45:32,548 - === Fold 1/10 ===
2025-09-03 18:45:32,566 - Epoch 1/500 - Train Loss: 1.7692, Train Acc: 35.32% - Val loss: 1.2334, Val Acc: 50.00%
2025-09-03 18:45:34,312 - Early stopping à l'epoch 116
2025-09-03 18:45:34,313 - Fold 1 - Accuracy finale: 89.29%
2025-09-03 18:45:34,314 - === Fold 2/10 ===
2025-09-03 18:45:34,332 - Epoch 1/500 - Train Loss: 1.4835, Train Acc: 42.06% - Val loss: 1.1384, Val Acc: 46.43%
2025-09-03 18:45:35,791 - Early stopping à l'epoch 98
2025-09-03 18:45:35,792 - Fold 2 - Accuracy finale: 85.71%
2025-09-03 18:45:35,792 - === Fold 3/10 ===
2025-09-03 18:45:35,811 - Epoch 1/500 - Train Loss: 1.7374, Train Acc: 32.14% - Val loss: 1.3611, Val Acc: 35.71%
2025-09-03 18:45:38,298 - Early stopping à l'epoch 166
2025-09-03 18:45:38,299 - Fold 3 - Accuracy finale: 89.29%
2025-09-03 18:45:38,299 - === Fold 4/10 ===
2025-09-03 18:45:38,317 - Epoch 1/500 - Train Loss: 1.5853, Train Acc: 37.70% - Val loss: 1.1152, Val Acc: 50.00%
2025-09-03 18:45:41,335 - Epoch 201/500 - Train Loss: 0.0040, Train Acc: 100.00% - Val loss: 0.4673, Val Acc: 92.86%
2025-09-03 18:45:42,164 - Early stopping à l'epoch 256
2025-09-03 18:45:42,165 - Fold 4 - Accuracy finale: 96.43%
2025-09-03 18:45:42,166 - === Fold 5/10 ===
2025-09-03 18:45:42,184 - Epoch 1/500 - Train Loss: 1.6097, Train Acc: 32.14% - Val loss: 1.1986, Val Acc: 50.00%
2025-09-03 18:45:43,795 - Early stopping à l'epoch 108
2025-09-03 18:45:43,796 - Fold 5 - Accuracy finale: 85.71%
2025-09-03 18:45:43,796 - === Fold 6/10 ===
2025-09-03 18:45:43,814 - Epoch 1/500 - Train Loss: 1.6775, Train Acc: 31.35% - Val loss: 1.1713, Val Acc: 60.71%
2025-09-03 18:45:45,803 - Early stopping à l'epoch 132
2025-09-03 18:45:45,804 - Fold 6 - Accuracy finale: 92.86%
2025-09-03 18:45:45,804 - === Fold 7/10 ===
2025-09-03 18:45:45,823 - Epoch 1/500 - Train Loss: 1.8394, Train Acc: 25.79% - Val loss: 1.3266, Val Acc: 57.14%
2025-09-03 18:45:48,848 - Epoch 201/500 - Train Loss: 0.0097, Train Acc: 99.60% - Val loss: 0.0085, Val Acc: 100.00%
2025-09-03 18:45:49,649 - Early stopping à l'epoch 253
2025-09-03 18:45:49,650 - Fold 7 - Accuracy finale: 100.00%
2025-09-03 18:45:49,650 - === Fold 8/10 ===
2025-09-03 18:45:49,668 - Epoch 1/500 - Train Loss: 1.4684, Train Acc: 40.48% - Val loss: 1.0263, Val Acc: 71.43%
2025-09-03 18:45:51,610 - Early stopping à l'epoch 129
2025-09-03 18:45:51,611 - Fold 8 - Accuracy finale: 89.29%
2025-09-03 18:45:51,611 - === Fold 9/10 ===
2025-09-03 18:45:51,631 - Epoch 1/500 - Train Loss: 1.7019, Train Acc: 34.13% - Val loss: 1.1440, Val Acc: 53.57%
2025-09-03 18:45:53,455 - Early stopping à l'epoch 123
2025-09-03 18:45:53,456 - Fold 9 - Accuracy finale: 82.14%
2025-09-03 18:45:53,456 - === Fold 10/10 ===
2025-09-03 18:45:53,474 - Epoch 1/500 - Train Loss: 1.7444, Train Acc: 30.16% - Val loss: 1.2941, Val Acc: 42.86%
2025-09-03 18:45:55,151 - Early stopping à l'epoch 112
2025-09-03 18:45:55,152 - Fold 10 - Accuracy finale: 85.71%
2025-09-03 18:45:55,152 - 
2025-09-03 18:45:55,152 - Résultats de la validation croisée
2025-09-03 18:45:55,153 - 
2025-09-03 18:45:55,153 - Accuracy moyenne: 89.64% ± 5.16%
2025-09-03 18:45:55,153 - Loss moyenne: 0.5584 ± 0.3696
2025-09-03 18:45:55,153 - Nombre d'epochs moyen: 149
2025-09-03 18:45:55,153 - Accuracy par fold: ['89.29%', '85.71%', '89.29%', '96.43%', '85.71%', '92.86%', '100.00%', '89.29%', '82.14%', '85.71%']

2025-09-03 18:45:55,153 - Variable candidate fBodyAcc-mad()-X testée
2025-09-03 18:45:55,153 - 
2025-09-03 18:45:55,153 - === Fold 1/10 ===
2025-09-03 18:45:55,174 - Epoch 1/500 - Train Loss: 1.6116, Train Acc: 39.29% - Val loss: 1.1281, Val Acc: 57.14%
2025-09-03 18:45:57,168 - Early stopping à l'epoch 132
2025-09-03 18:45:57,169 - Fold 1 - Accuracy finale: 96.43%
2025-09-03 18:45:57,169 - === Fold 2/10 ===
2025-09-03 18:45:57,188 - Epoch 1/500 - Train Loss: 1.4258, Train Acc: 41.67% - Val loss: 1.1394, Val Acc: 50.00%
2025-09-03 18:46:00,187 - Epoch 201/500 - Train Loss: 0.0023, Train Acc: 100.00% - Val loss: 0.8471, Val Acc: 89.29%
2025-09-03 18:46:00,549 - Early stopping à l'epoch 225
2025-09-03 18:46:00,550 - Fold 2 - Accuracy finale: 89.29%
2025-09-03 18:46:00,550 - === Fold 3/10 ===
2025-09-03 18:46:00,569 - Epoch 1/500 - Train Loss: 1.6221, Train Acc: 31.75% - Val loss: 1.1976, Val Acc: 42.86%
2025-09-03 18:46:02,480 - Early stopping à l'epoch 127
2025-09-03 18:46:02,481 - Fold 3 - Accuracy finale: 85.71%
2025-09-03 18:46:02,481 - === Fold 4/10 ===
2025-09-03 18:46:02,500 - Epoch 1/500 - Train Loss: 1.5319, Train Acc: 38.10% - Val loss: 1.1156, Val Acc: 53.57%
2025-09-03 18:46:05,537 - Epoch 201/500 - Train Loss: 0.0138, Train Acc: 99.60% - Val loss: 0.0263, Val Acc: 100.00%
2025-09-03 18:46:08,543 - Epoch 401/500 - Train Loss: 0.0034, Train Acc: 100.00% - Val loss: 0.0085, Val Acc: 100.00%
2025-09-03 18:46:10,028 - Epoch 500/500 - Train Loss: 0.0007, Train Acc: 100.00% - Val loss: 0.0011, Val Acc: 100.00%
2025-09-03 18:46:10,030 - Fold 4 - Accuracy finale: 100.00%
2025-09-03 18:46:10,030 - === Fold 5/10 ===
2025-09-03 18:46:10,048 - Epoch 1/500 - Train Loss: 1.4747, Train Acc: 33.73% - Val loss: 1.1601, Val Acc: 53.57%
2025-09-03 18:46:11,682 - Early stopping à l'epoch 110
2025-09-03 18:46:11,683 - Fold 5 - Accuracy finale: 89.29%
2025-09-03 18:46:11,683 - === Fold 6/10 ===
2025-09-03 18:46:11,701 - Epoch 1/500 - Train Loss: 1.5102, Train Acc: 40.08% - Val loss: 1.1701, Val Acc: 42.86%
2025-09-03 18:46:14,706 - Epoch 201/500 - Train Loss: 0.0026, Train Acc: 100.00% - Val loss: 0.3157, Val Acc: 96.43%
2025-09-03 18:46:14,736 - Early stopping à l'epoch 203
2025-09-03 18:46:14,737 - Fold 6 - Accuracy finale: 96.43%
2025-09-03 18:46:14,737 - === Fold 7/10 ===
2025-09-03 18:46:14,755 - Epoch 1/500 - Train Loss: 1.6992, Train Acc: 27.38% - Val loss: 1.2024, Val Acc: 39.29%
2025-09-03 18:46:17,281 - Early stopping à l'epoch 170
2025-09-03 18:46:17,282 - Fold 7 - Accuracy finale: 96.43%
2025-09-03 18:46:17,282 - === Fold 8/10 ===
2025-09-03 18:46:17,300 - Epoch 1/500 - Train Loss: 1.4775, Train Acc: 32.14% - Val loss: 1.0677, Val Acc: 60.71%
2025-09-03 18:46:19,853 - Early stopping à l'epoch 172
2025-09-03 18:46:19,854 - Fold 8 - Accuracy finale: 85.71%
2025-09-03 18:46:19,854 - === Fold 9/10 ===
2025-09-03 18:46:19,872 - Epoch 1/500 - Train Loss: 1.5784, Train Acc: 31.35% - Val loss: 1.0741, Val Acc: 57.14%
2025-09-03 18:46:21,699 - Early stopping à l'epoch 123
2025-09-03 18:46:21,700 - Fold 9 - Accuracy finale: 89.29%
2025-09-03 18:46:21,700 - === Fold 10/10 ===
2025-09-03 18:46:21,718 - Epoch 1/500 - Train Loss: 1.6276, Train Acc: 27.78% - Val loss: 1.1722, Val Acc: 67.86%
2025-09-03 18:46:23,287 - Early stopping à l'epoch 106
2025-09-03 18:46:23,288 - Fold 10 - Accuracy finale: 85.71%
2025-09-03 18:46:23,288 - 
2025-09-03 18:46:23,288 - Résultats de la validation croisée
2025-09-03 18:46:23,288 - 
2025-09-03 18:46:23,288 - Accuracy moyenne: 91.43% ± 5.10%
2025-09-03 18:46:23,288 - Loss moyenne: 0.4688 ± 0.2114
2025-09-03 18:46:23,288 - Nombre d'epochs moyen: 186
2025-09-03 18:46:23,288 - Accuracy par fold: ['96.43%', '89.29%', '85.71%', '100.00%', '89.29%', '96.43%', '96.43%', '85.71%', '89.29%', '85.71%']

2025-09-03 18:46:23,288 - Variable candidate fBodyAcc-bandsEnergy()-1,24 testée
2025-09-03 18:46:23,288 - 
2025-09-03 18:46:23,289 - === Fold 1/10 ===
2025-09-03 18:46:23,307 - Epoch 1/500 - Train Loss: 1.6935, Train Acc: 38.89% - Val loss: 1.1275, Val Acc: 53.57%
2025-09-03 18:46:25,554 - Early stopping à l'epoch 151
2025-09-03 18:46:25,555 - Fold 1 - Accuracy finale: 96.43%
2025-09-03 18:46:25,555 - === Fold 2/10 ===
2025-09-03 18:46:25,573 - Epoch 1/500 - Train Loss: 1.4444, Train Acc: 43.65% - Val loss: 1.0402, Val Acc: 50.00%
2025-09-03 18:46:28,587 - Epoch 201/500 - Train Loss: 0.0274, Train Acc: 98.81% - Val loss: 0.8857, Val Acc: 85.71%
2025-09-03 18:46:28,954 - Early stopping à l'epoch 225
2025-09-03 18:46:28,955 - Fold 2 - Accuracy finale: 89.29%
2025-09-03 18:46:28,955 - === Fold 3/10 ===
2025-09-03 18:46:28,973 - Epoch 1/500 - Train Loss: 1.6599, Train Acc: 35.32% - Val loss: 1.1916, Val Acc: 42.86%
2025-09-03 18:46:32,007 - Epoch 201/500 - Train Loss: 0.0100, Train Acc: 99.60% - Val loss: 0.2316, Val Acc: 92.86%
2025-09-03 18:46:32,037 - Early stopping à l'epoch 203
2025-09-03 18:46:32,038 - Fold 3 - Accuracy finale: 85.71%
2025-09-03 18:46:32,038 - === Fold 4/10 ===
2025-09-03 18:46:32,056 - Epoch 1/500 - Train Loss: 1.5578, Train Acc: 41.27% - Val loss: 1.0697, Val Acc: 53.57%
2025-09-03 18:46:34,098 - Early stopping à l'epoch 135
2025-09-03 18:46:34,099 - Fold 4 - Accuracy finale: 92.86%
2025-09-03 18:46:34,099 - === Fold 5/10 ===
2025-09-03 18:46:34,120 - Epoch 1/500 - Train Loss: 1.5680, Train Acc: 34.13% - Val loss: 1.1485, Val Acc: 53.57%
2025-09-03 18:46:37,080 - Early stopping à l'epoch 196
2025-09-03 18:46:37,081 - Fold 5 - Accuracy finale: 89.29%
2025-09-03 18:46:37,081 - === Fold 6/10 ===
2025-09-03 18:46:37,100 - Epoch 1/500 - Train Loss: 1.6087, Train Acc: 34.13% - Val loss: 1.1622, Val Acc: 57.14%
2025-09-03 18:46:38,910 - Early stopping à l'epoch 120
2025-09-03 18:46:38,912 - Fold 6 - Accuracy finale: 89.29%
2025-09-03 18:46:38,912 - === Fold 7/10 ===
2025-09-03 18:46:38,931 - Epoch 1/500 - Train Loss: 1.7608, Train Acc: 26.98% - Val loss: 1.2412, Val Acc: 57.14%
2025-09-03 18:46:41,579 - Early stopping à l'epoch 178
2025-09-03 18:46:41,580 - Fold 7 - Accuracy finale: 92.86%
2025-09-03 18:46:41,580 - === Fold 8/10 ===
2025-09-03 18:46:41,598 - Epoch 1/500 - Train Loss: 1.4406, Train Acc: 40.08% - Val loss: 1.0036, Val Acc: 64.29%
2025-09-03 18:46:43,315 - Early stopping à l'epoch 116
2025-09-03 18:46:43,316 - Fold 8 - Accuracy finale: 89.29%
2025-09-03 18:46:43,317 - === Fold 9/10 ===
2025-09-03 18:46:43,338 - Epoch 1/500 - Train Loss: 1.6624, Train Acc: 35.71% - Val loss: 1.0812, Val Acc: 53.57%
2025-09-03 18:46:45,572 - Early stopping à l'epoch 149
2025-09-03 18:46:45,573 - Fold 9 - Accuracy finale: 85.71%
2025-09-03 18:46:45,573 - === Fold 10/10 ===
2025-09-03 18:46:45,591 - Epoch 1/500 - Train Loss: 1.6714, Train Acc: 36.11% - Val loss: 1.2039, Val Acc: 46.43%
2025-09-03 18:46:47,872 - Early stopping à l'epoch 152
2025-09-03 18:46:47,873 - Fold 10 - Accuracy finale: 85.71%
2025-09-03 18:46:47,874 - 
2025-09-03 18:46:47,874 - Résultats de la validation croisée
2025-09-03 18:46:47,874 - 
2025-09-03 18:46:47,874 - Accuracy moyenne: 89.64% ± 3.37%
2025-09-03 18:46:47,874 - Loss moyenne: 0.4612 ± 0.1705
2025-09-03 18:46:47,874 - Nombre d'epochs moyen: 162
2025-09-03 18:46:47,874 - Accuracy par fold: ['96.43%', '89.29%', '85.71%', '92.86%', '89.29%', '89.29%', '92.86%', '89.29%', '85.71%', '85.71%']

2025-09-03 18:46:47,874 - Variable candidate fBodyAcc-std()-X testée
2025-09-03 18:46:47,874 - 
2025-09-03 18:46:47,874 - === Fold 1/10 ===
2025-09-03 18:46:47,893 - Epoch 1/500 - Train Loss: 1.6080, Train Acc: 40.87% - Val loss: 1.1115, Val Acc: 60.71%
2025-09-03 18:46:50,308 - Early stopping à l'epoch 160
2025-09-03 18:46:50,309 - Fold 1 - Accuracy finale: 92.86%
2025-09-03 18:46:50,309 - === Fold 2/10 ===
2025-09-03 18:46:50,328 - Epoch 1/500 - Train Loss: 1.4342, Train Acc: 39.29% - Val loss: 1.1074, Val Acc: 50.00%
2025-09-03 18:46:52,720 - Early stopping à l'epoch 160
2025-09-03 18:46:52,721 - Fold 2 - Accuracy finale: 85.71%
2025-09-03 18:46:52,721 - === Fold 3/10 ===
2025-09-03 18:46:52,739 - Epoch 1/500 - Train Loss: 1.6356, Train Acc: 32.94% - Val loss: 1.1524, Val Acc: 53.57%
2025-09-03 18:46:55,751 - Epoch 201/500 - Train Loss: 0.0120, Train Acc: 99.60% - Val loss: 0.2197, Val Acc: 89.29%
2025-09-03 18:46:55,952 - Early stopping à l'epoch 214
2025-09-03 18:46:55,953 - Fold 3 - Accuracy finale: 89.29%
2025-09-03 18:46:55,953 - === Fold 4/10 ===
2025-09-03 18:46:55,971 - Epoch 1/500 - Train Loss: 1.5374, Train Acc: 37.70% - Val loss: 1.0993, Val Acc: 53.57%
2025-09-03 18:46:58,638 - Early stopping à l'epoch 178
2025-09-03 18:46:58,639 - Fold 4 - Accuracy finale: 89.29%
2025-09-03 18:46:58,639 - === Fold 5/10 ===
2025-09-03 18:46:58,658 - Epoch 1/500 - Train Loss: 1.4837, Train Acc: 34.92% - Val loss: 1.1573, Val Acc: 46.43%
2025-09-03 18:47:00,948 - Early stopping à l'epoch 151
2025-09-03 18:47:00,949 - Fold 5 - Accuracy finale: 89.29%
2025-09-03 18:47:00,949 - === Fold 6/10 ===
2025-09-03 18:47:00,967 - Epoch 1/500 - Train Loss: 1.5166, Train Acc: 40.08% - Val loss: 1.2058, Val Acc: 42.86%
2025-09-03 18:47:04,000 - Epoch 201/500 - Train Loss: 0.0039, Train Acc: 100.00% - Val loss: 0.1070, Val Acc: 96.43%
2025-09-03 18:47:05,224 - Early stopping à l'epoch 282
2025-09-03 18:47:05,226 - Fold 6 - Accuracy finale: 92.86%
2025-09-03 18:47:05,226 - === Fold 7/10 ===
2025-09-03 18:47:05,244 - Epoch 1/500 - Train Loss: 1.7003, Train Acc: 27.38% - Val loss: 1.1968, Val Acc: 39.29%
2025-09-03 18:47:08,209 - Early stopping à l'epoch 198
2025-09-03 18:47:08,211 - Fold 7 - Accuracy finale: 92.86%
2025-09-03 18:47:08,211 - === Fold 8/10 ===
2025-09-03 18:47:08,229 - Epoch 1/500 - Train Loss: 1.4780, Train Acc: 31.75% - Val loss: 1.0715, Val Acc: 57.14%
2025-09-03 18:47:10,085 - Early stopping à l'epoch 122
2025-09-03 18:47:10,086 - Fold 8 - Accuracy finale: 82.14%
2025-09-03 18:47:10,086 - === Fold 9/10 ===
2025-09-03 18:47:10,105 - Epoch 1/500 - Train Loss: 1.6082, Train Acc: 32.14% - Val loss: 1.0884, Val Acc: 53.57%
2025-09-03 18:47:12,784 - Early stopping à l'epoch 178
2025-09-03 18:47:12,785 - Fold 9 - Accuracy finale: 89.29%
2025-09-03 18:47:12,836 - === Fold 10/10 ===
2025-09-03 18:47:12,855 - Epoch 1/500 - Train Loss: 1.6183, Train Acc: 28.97% - Val loss: 1.1600, Val Acc: 64.29%
2025-09-03 18:47:14,311 - Early stopping à l'epoch 96
2025-09-03 18:47:14,312 - Fold 10 - Accuracy finale: 92.86%
2025-09-03 18:47:14,313 - 
2025-09-03 18:47:14,313 - Résultats de la validation croisée
2025-09-03 18:47:14,313 - 
2025-09-03 18:47:14,313 - Accuracy moyenne: 89.64% ± 3.37%
2025-09-03 18:47:14,313 - Loss moyenne: 0.4265 ± 0.2232
2025-09-03 18:47:14,313 - Nombre d'epochs moyen: 173
2025-09-03 18:47:14,313 - Accuracy par fold: ['92.86%', '85.71%', '89.29%', '89.29%', '89.29%', '92.86%', '92.86%', '82.14%', '89.29%', '92.86%']

2025-09-03 18:47:14,313 - Variable candidate tBodyAcc-max()-X testée
2025-09-03 18:47:14,313 - 
2025-09-03 18:47:14,313 - === Fold 1/10 ===
2025-09-03 18:47:14,332 - Epoch 1/500 - Train Loss: 1.6118, Train Acc: 39.68% - Val loss: 1.1232, Val Acc: 57.14%
2025-09-03 18:47:17,161 - Early stopping à l'epoch 184
2025-09-03 18:47:17,162 - Fold 1 - Accuracy finale: 96.43%
2025-09-03 18:47:17,162 - === Fold 2/10 ===
2025-09-03 18:47:17,181 - Epoch 1/500 - Train Loss: 1.4281, Train Acc: 40.08% - Val loss: 1.1235, Val Acc: 50.00%
2025-09-03 18:47:19,476 - Early stopping à l'epoch 151
2025-09-03 18:47:19,477 - Fold 2 - Accuracy finale: 85.71%
2025-09-03 18:47:19,477 - === Fold 3/10 ===
2025-09-03 18:47:19,495 - Epoch 1/500 - Train Loss: 1.6283, Train Acc: 32.14% - Val loss: 1.1682, Val Acc: 50.00%
2025-09-03 18:47:22,333 - Early stopping à l'epoch 188
2025-09-03 18:47:22,334 - Fold 3 - Accuracy finale: 89.29%
2025-09-03 18:47:22,334 - === Fold 4/10 ===
2025-09-03 18:47:22,352 - Epoch 1/500 - Train Loss: 1.5347, Train Acc: 38.49% - Val loss: 1.1256, Val Acc: 53.57%
2025-09-03 18:47:25,383 - Epoch 201/500 - Train Loss: 0.0033, Train Acc: 100.00% - Val loss: 0.0404, Val Acc: 96.43%
2025-09-03 18:47:26,873 - Early stopping à l'epoch 299
2025-09-03 18:47:26,874 - Fold 4 - Accuracy finale: 96.43%
2025-09-03 18:47:26,874 - === Fold 5/10 ===
2025-09-03 18:47:26,893 - Epoch 1/500 - Train Loss: 1.4910, Train Acc: 33.73% - Val loss: 1.1555, Val Acc: 53.57%
2025-09-03 18:47:29,226 - Early stopping à l'epoch 156
2025-09-03 18:47:29,266 - Fold 5 - Accuracy finale: 85.71%
2025-09-03 18:47:29,266 - === Fold 6/10 ===
2025-09-03 18:47:29,284 - Epoch 1/500 - Train Loss: 1.5103, Train Acc: 41.27% - Val loss: 1.2157, Val Acc: 46.43%
2025-09-03 18:47:30,972 - Early stopping à l'epoch 113
2025-09-03 18:47:30,973 - Fold 6 - Accuracy finale: 96.43%
2025-09-03 18:47:30,973 - === Fold 7/10 ===
2025-09-03 18:47:30,991 - Epoch 1/500 - Train Loss: 1.7133, Train Acc: 25.79% - Val loss: 1.2252, Val Acc: 39.29%
2025-09-03 18:47:33,700 - Early stopping à l'epoch 181
2025-09-03 18:47:33,701 - Fold 7 - Accuracy finale: 96.43%
2025-09-03 18:47:33,701 - === Fold 8/10 ===
2025-09-03 18:47:33,719 - Epoch 1/500 - Train Loss: 1.4714, Train Acc: 33.33% - Val loss: 1.0748, Val Acc: 60.71%
2025-09-03 18:47:36,550 - Early stopping à l'epoch 189
2025-09-03 18:47:36,551 - Fold 8 - Accuracy finale: 85.71%
2025-09-03 18:47:36,551 - === Fold 9/10 ===
2025-09-03 18:47:36,569 - Epoch 1/500 - Train Loss: 1.5882, Train Acc: 31.75% - Val loss: 1.0769, Val Acc: 57.14%
2025-09-03 18:47:38,239 - Early stopping à l'epoch 113
2025-09-03 18:47:38,240 - Fold 9 - Accuracy finale: 89.29%
2025-09-03 18:47:38,240 - === Fold 10/10 ===
2025-09-03 18:47:38,259 - Epoch 1/500 - Train Loss: 1.6304, Train Acc: 28.57% - Val loss: 1.1751, Val Acc: 57.14%
2025-09-03 18:47:40,358 - Early stopping à l'epoch 140
2025-09-03 18:47:40,359 - Fold 10 - Accuracy finale: 89.29%
2025-09-03 18:47:40,359 - 
2025-09-03 18:47:40,359 - Résultats de la validation croisée
2025-09-03 18:47:40,359 - 
2025-09-03 18:47:40,360 - Accuracy moyenne: 91.07% ± 4.59%
2025-09-03 18:47:40,360 - Loss moyenne: 0.4309 ± 0.2129
2025-09-03 18:47:40,360 - Nombre d'epochs moyen: 171
2025-09-03 18:47:40,360 - Accuracy par fold: ['96.43%', '85.71%', '89.29%', '96.43%', '85.71%', '96.43%', '96.43%', '85.71%', '89.29%', '89.29%']

2025-09-03 18:47:40,360 - Variable candidate fBodyAccJerk-bandsEnergy()-1,8 testée
2025-09-03 18:47:40,360 - 
2025-09-03 18:47:40,360 - === Fold 1/10 ===
2025-09-03 18:47:40,379 - Epoch 1/500 - Train Loss: 1.7382, Train Acc: 37.70% - Val loss: 1.1798, Val Acc: 53.57%
2025-09-03 18:47:43,105 - Early stopping à l'epoch 180
2025-09-03 18:47:43,107 - Fold 1 - Accuracy finale: 96.43%
2025-09-03 18:47:43,107 - === Fold 2/10 ===
2025-09-03 18:47:43,126 - Epoch 1/500 - Train Loss: 1.4909, Train Acc: 42.06% - Val loss: 1.0654, Val Acc: 46.43%
2025-09-03 18:47:44,579 - Early stopping à l'epoch 97
2025-09-03 18:47:44,581 - Fold 2 - Accuracy finale: 85.71%
2025-09-03 18:47:44,581 - === Fold 3/10 ===
2025-09-03 18:47:44,599 - Epoch 1/500 - Train Loss: 1.7013, Train Acc: 34.92% - Val loss: 1.2629, Val Acc: 39.29%
2025-09-03 18:47:46,617 - Early stopping à l'epoch 135
2025-09-03 18:47:46,618 - Fold 3 - Accuracy finale: 85.71%
2025-09-03 18:47:46,618 - === Fold 4/10 ===
2025-09-03 18:47:46,637 - Epoch 1/500 - Train Loss: 1.5801, Train Acc: 40.87% - Val loss: 1.1182, Val Acc: 53.57%
2025-09-03 18:47:49,674 - Epoch 201/500 - Train Loss: 0.0137, Train Acc: 99.21% - Val loss: 0.0389, Val Acc: 100.00%
2025-09-03 18:47:50,766 - Early stopping à l'epoch 273
2025-09-03 18:47:50,767 - Fold 4 - Accuracy finale: 100.00%
2025-09-03 18:47:50,767 - === Fold 5/10 ===
2025-09-03 18:47:50,786 - Epoch 1/500 - Train Loss: 1.6151, Train Acc: 33.73% - Val loss: 1.1603, Val Acc: 53.57%
2025-09-03 18:47:53,036 - Early stopping à l'epoch 148
2025-09-03 18:47:53,037 - Fold 5 - Accuracy finale: 85.71%
2025-09-03 18:47:53,037 - === Fold 6/10 ===
2025-09-03 18:47:53,056 - Epoch 1/500 - Train Loss: 1.6790, Train Acc: 33.73% - Val loss: 1.1625, Val Acc: 60.71%
2025-09-03 18:47:55,916 - Early stopping à l'epoch 191
2025-09-03 18:47:55,917 - Fold 6 - Accuracy finale: 96.43%
2025-09-03 18:47:55,917 - === Fold 7/10 ===
2025-09-03 18:47:55,936 - Epoch 1/500 - Train Loss: 1.8041, Train Acc: 25.00% - Val loss: 1.3057, Val Acc: 57.14%
2025-09-03 18:47:58,958 - Epoch 201/500 - Train Loss: 0.0045, Train Acc: 100.00% - Val loss: 0.0008, Val Acc: 100.00%
2025-09-03 18:48:01,949 - Epoch 401/500 - Train Loss: 0.0007, Train Acc: 100.00% - Val loss: 0.0003, Val Acc: 100.00%
2025-09-03 18:48:03,428 - Epoch 500/500 - Train Loss: 0.0004, Train Acc: 100.00% - Val loss: 0.0002, Val Acc: 100.00%
2025-09-03 18:48:03,429 - Fold 7 - Accuracy finale: 100.00%
2025-09-03 18:48:03,429 - === Fold 8/10 ===
2025-09-03 18:48:03,448 - Epoch 1/500 - Train Loss: 1.4620, Train Acc: 40.87% - Val loss: 1.0227, Val Acc: 71.43%
2025-09-03 18:48:05,444 - Early stopping à l'epoch 134
2025-09-03 18:48:05,445 - Fold 8 - Accuracy finale: 85.71%
2025-09-03 18:48:05,445 - === Fold 9/10 ===
2025-09-03 18:48:05,464 - Epoch 1/500 - Train Loss: 1.7348, Train Acc: 34.92% - Val loss: 1.1599, Val Acc: 50.00%
2025-09-03 18:48:07,333 - Early stopping à l'epoch 126
2025-09-03 18:48:07,334 - Fold 9 - Accuracy finale: 85.71%
2025-09-03 18:48:07,334 - === Fold 10/10 ===
2025-09-03 18:48:07,353 - Epoch 1/500 - Train Loss: 1.7107, Train Acc: 32.94% - Val loss: 1.2479, Val Acc: 46.43%
2025-09-03 18:48:09,309 - Early stopping à l'epoch 132
2025-09-03 18:48:09,310 - Fold 10 - Accuracy finale: 92.86%
2025-09-03 18:48:09,310 - 
2025-09-03 18:48:09,310 - Résultats de la validation croisée
2025-09-03 18:48:09,310 - 
2025-09-03 18:48:09,310 - Accuracy moyenne: 91.43% ± 6.02%
2025-09-03 18:48:09,310 - Loss moyenne: 0.4172 ± 0.2539
2025-09-03 18:48:09,310 - Nombre d'epochs moyen: 191
2025-09-03 18:48:09,310 - Accuracy par fold: ['96.43%', '85.71%', '85.71%', '100.00%', '85.71%', '96.43%', '100.00%', '85.71%', '85.71%', '92.86%']

2025-09-03 18:48:09,310 - Variable candidate fBodyAcc-mean()-X testée
2025-09-03 18:48:09,310 - 
2025-09-03 18:48:09,311 - === Fold 1/10 ===
2025-09-03 18:48:09,329 - Epoch 1/500 - Train Loss: 1.6148, Train Acc: 39.29% - Val loss: 1.1381, Val Acc: 53.57%
2025-09-03 18:48:12,318 - Epoch 201/500 - Train Loss: 0.0040, Train Acc: 100.00% - Val loss: 0.3222, Val Acc: 92.86%
2025-09-03 18:48:12,647 - Early stopping à l'epoch 223
2025-09-03 18:48:12,648 - Fold 1 - Accuracy finale: 92.86%
2025-09-03 18:48:12,648 - === Fold 2/10 ===
2025-09-03 18:48:12,666 - Epoch 1/500 - Train Loss: 1.4262, Train Acc: 41.27% - Val loss: 1.1448, Val Acc: 50.00%
2025-09-03 18:48:14,625 - Early stopping à l'epoch 132
2025-09-03 18:48:14,626 - Fold 2 - Accuracy finale: 96.43%
2025-09-03 18:48:14,626 - === Fold 3/10 ===
2025-09-03 18:48:14,644 - Epoch 1/500 - Train Loss: 1.6199, Train Acc: 31.75% - Val loss: 1.2003, Val Acc: 39.29%
2025-09-03 18:48:17,107 - Early stopping à l'epoch 166
2025-09-03 18:48:17,108 - Fold 3 - Accuracy finale: 89.29%
2025-09-03 18:48:17,108 - === Fold 4/10 ===
2025-09-03 18:48:17,127 - Epoch 1/500 - Train Loss: 1.5341, Train Acc: 38.10% - Val loss: 1.1213, Val Acc: 53.57%
2025-09-03 18:48:19,750 - Early stopping à l'epoch 174
2025-09-03 18:48:19,751 - Fold 4 - Accuracy finale: 89.29%
2025-09-03 18:48:19,751 - === Fold 5/10 ===
2025-09-03 18:48:19,769 - Epoch 1/500 - Train Loss: 1.4738, Train Acc: 34.52% - Val loss: 1.1593, Val Acc: 57.14%
2025-09-03 18:48:21,577 - Early stopping à l'epoch 121
2025-09-03 18:48:21,579 - Fold 5 - Accuracy finale: 85.71%
2025-09-03 18:48:21,579 - === Fold 6/10 ===
2025-09-03 18:48:21,597 - Epoch 1/500 - Train Loss: 1.5094, Train Acc: 39.68% - Val loss: 1.1943, Val Acc: 42.86%
2025-09-03 18:48:23,596 - Early stopping à l'epoch 132
2025-09-03 18:48:23,597 - Fold 6 - Accuracy finale: 92.86%
2025-09-03 18:48:23,597 - === Fold 7/10 ===
2025-09-03 18:48:23,616 - Epoch 1/500 - Train Loss: 1.6993, Train Acc: 27.38% - Val loss: 1.2005, Val Acc: 39.29%
2025-09-03 18:48:26,635 - Epoch 201/500 - Train Loss: 0.0127, Train Acc: 99.60% - Val loss: 0.2514, Val Acc: 92.86%
2025-09-03 18:48:26,937 - Early stopping à l'epoch 221
2025-09-03 18:48:26,939 - Fold 7 - Accuracy finale: 92.86%
2025-09-03 18:48:26,939 - === Fold 8/10 ===
2025-09-03 18:48:26,958 - Epoch 1/500 - Train Loss: 1.4810, Train Acc: 31.75% - Val loss: 1.0676, Val Acc: 60.71%
2025-09-03 18:48:29,223 - Early stopping à l'epoch 148
2025-09-03 18:48:29,224 - Fold 8 - Accuracy finale: 89.29%
2025-09-03 18:48:29,224 - === Fold 9/10 ===
2025-09-03 18:48:29,243 - Epoch 1/500 - Train Loss: 1.5714, Train Acc: 30.95% - Val loss: 1.0676, Val Acc: 64.29%
2025-09-03 18:48:31,138 - Early stopping à l'epoch 126
2025-09-03 18:48:31,139 - Fold 9 - Accuracy finale: 85.71%
2025-09-03 18:48:31,139 - === Fold 10/10 ===
2025-09-03 18:48:31,158 - Epoch 1/500 - Train Loss: 1.6309, Train Acc: 27.38% - Val loss: 1.1786, Val Acc: 67.86%
2025-09-03 18:48:33,364 - Early stopping à l'epoch 146
2025-09-03 18:48:33,365 - Fold 10 - Accuracy finale: 89.29%
2025-09-03 18:48:33,365 - 
2025-09-03 18:48:33,365 - Résultats de la validation croisée
2025-09-03 18:48:33,365 - 
2025-09-03 18:48:33,366 - Accuracy moyenne: 90.36% ± 3.21%
2025-09-03 18:48:33,366 - Loss moyenne: 0.5148 ± 0.2569
2025-09-03 18:48:33,366 - Nombre d'epochs moyen: 158
2025-09-03 18:48:33,366 - Accuracy par fold: ['92.86%', '96.43%', '89.29%', '89.29%', '85.71%', '92.86%', '92.86%', '89.29%', '85.71%', '89.29%']

2025-09-03 18:48:33,366 - Variable candidate tBodyAccJerk-mean()-X testée
2025-09-03 18:48:33,366 - 
2025-09-03 18:48:33,366 - === Fold 1/10 ===
2025-09-03 18:48:33,384 - Epoch 1/500 - Train Loss: 1.9606, Train Acc: 29.76% - Val loss: 1.6913, Val Acc: 39.29%
2025-09-03 18:48:35,776 - Early stopping à l'epoch 161
2025-09-03 18:48:35,777 - Fold 1 - Accuracy finale: 92.86%
2025-09-03 18:48:35,777 - === Fold 2/10 ===
2025-09-03 18:48:35,797 - Epoch 1/500 - Train Loss: 1.9217, Train Acc: 30.95% - Val loss: 1.6366, Val Acc: 39.29%
2025-09-03 18:48:37,401 - Early stopping à l'epoch 105
2025-09-03 18:48:37,402 - Fold 2 - Accuracy finale: 89.29%
2025-09-03 18:48:37,402 - === Fold 3/10 ===
2025-09-03 18:48:37,425 - Epoch 1/500 - Train Loss: 1.9559, Train Acc: 25.00% - Val loss: 1.7687, Val Acc: 28.57%
2025-09-03 18:48:39,107 - Early stopping à l'epoch 112
2025-09-03 18:48:39,108 - Fold 3 - Accuracy finale: 92.86%
2025-09-03 18:48:39,108 - === Fold 4/10 ===
2025-09-03 18:48:39,127 - Epoch 1/500 - Train Loss: 1.7675, Train Acc: 35.71% - Val loss: 1.4264, Val Acc: 42.86%
2025-09-03 18:48:42,143 - Epoch 201/500 - Train Loss: 0.0037, Train Acc: 100.00% - Val loss: 0.3364, Val Acc: 85.71%
2025-09-03 18:48:42,249 - Early stopping à l'epoch 208
2025-09-03 18:48:42,250 - Fold 4 - Accuracy finale: 85.71%
2025-09-03 18:48:42,250 - === Fold 5/10 ===
2025-09-03 18:48:42,268 - Epoch 1/500 - Train Loss: 1.9445, Train Acc: 24.21% - Val loss: 1.6836, Val Acc: 46.43%
2025-09-03 18:48:45,112 - Early stopping à l'epoch 187
2025-09-03 18:48:45,113 - Fold 5 - Accuracy finale: 92.86%
2025-09-03 18:48:45,113 - === Fold 6/10 ===
2025-09-03 18:48:45,132 - Epoch 1/500 - Train Loss: 1.9818, Train Acc: 24.60% - Val loss: 1.5799, Val Acc: 35.71%
2025-09-03 18:48:46,957 - Early stopping à l'epoch 120
2025-09-03 18:48:46,958 - Fold 6 - Accuracy finale: 85.71%
2025-09-03 18:48:46,958 - === Fold 7/10 ===
2025-09-03 18:48:46,982 - Epoch 1/500 - Train Loss: 2.0424, Train Acc: 15.08% - Val loss: 1.7958, Val Acc: 39.29%
2025-09-03 18:48:49,657 - Early stopping à l'epoch 176
2025-09-03 18:48:49,658 - Fold 7 - Accuracy finale: 96.43%
2025-09-03 18:48:49,659 - === Fold 8/10 ===
2025-09-03 18:48:49,677 - Epoch 1/500 - Train Loss: 1.7756, Train Acc: 34.52% - Val loss: 1.2899, Val Acc: 57.14%
2025-09-03 18:48:52,523 - Early stopping à l'epoch 190
2025-09-03 18:48:52,525 - Fold 8 - Accuracy finale: 89.29%
2025-09-03 18:48:52,525 - === Fold 9/10 ===
2025-09-03 18:48:52,543 - Epoch 1/500 - Train Loss: 1.9932, Train Acc: 22.62% - Val loss: 1.6732, Val Acc: 46.43%
2025-09-03 18:48:55,313 - Early stopping à l'epoch 186
2025-09-03 18:48:55,314 - Fold 9 - Accuracy finale: 82.14%
2025-09-03 18:48:55,315 - === Fold 10/10 ===
2025-09-03 18:48:55,333 - Epoch 1/500 - Train Loss: 1.9736, Train Acc: 20.63% - Val loss: 1.6482, Val Acc: 53.57%
2025-09-03 18:48:57,050 - Early stopping à l'epoch 115
2025-09-03 18:48:57,051 - Fold 10 - Accuracy finale: 85.71%
2025-09-03 18:48:57,051 - 
2025-09-03 18:48:57,051 - Résultats de la validation croisée
2025-09-03 18:48:57,051 - 
2025-09-03 18:48:57,051 - Accuracy moyenne: 89.29% ± 4.23%
2025-09-03 18:48:57,051 - Loss moyenne: 0.4939 ± 0.3107
2025-09-03 18:48:57,051 - Nombre d'epochs moyen: 156
2025-09-03 18:48:57,051 - Accuracy par fold: ['92.86%', '89.29%', '92.86%', '85.71%', '92.86%', '85.71%', '96.43%', '89.29%', '82.14%', '85.71%']

2025-09-03 18:48:57,052 - Variable candidate fBodyAcc-max()-X testée
2025-09-03 18:48:57,052 - 
2025-09-03 18:48:57,052 - === Fold 1/10 ===
2025-09-03 18:48:57,070 - Epoch 1/500 - Train Loss: 1.6291, Train Acc: 39.29% - Val loss: 1.1179, Val Acc: 60.71%
2025-09-03 18:48:59,727 - Early stopping à l'epoch 179
2025-09-03 18:48:59,728 - Fold 1 - Accuracy finale: 92.86%
2025-09-03 18:48:59,729 - === Fold 2/10 ===
2025-09-03 18:48:59,747 - Epoch 1/500 - Train Loss: 1.4568, Train Acc: 40.08% - Val loss: 1.0549, Val Acc: 53.57%
2025-09-03 18:49:01,242 - Early stopping à l'epoch 101
2025-09-03 18:49:01,244 - Fold 2 - Accuracy finale: 96.43%
2025-09-03 18:49:01,244 - === Fold 3/10 ===
2025-09-03 18:49:01,262 - Epoch 1/500 - Train Loss: 1.6833, Train Acc: 32.54% - Val loss: 1.1542, Val Acc: 50.00%
2025-09-03 18:49:04,249 - Epoch 201/500 - Train Loss: 0.0030, Train Acc: 100.00% - Val loss: 0.2019, Val Acc: 92.86%
2025-09-03 18:49:04,324 - Early stopping à l'epoch 206
2025-09-03 18:49:04,325 - Fold 3 - Accuracy finale: 89.29%
2025-09-03 18:49:04,326 - === Fold 4/10 ===
2025-09-03 18:49:04,344 - Epoch 1/500 - Train Loss: 1.5636, Train Acc: 37.70% - Val loss: 1.1255, Val Acc: 53.57%
2025-09-03 18:49:06,048 - Early stopping à l'epoch 114
2025-09-03 18:49:06,049 - Fold 4 - Accuracy finale: 85.71%
2025-09-03 18:49:06,049 - === Fold 5/10 ===
2025-09-03 18:49:06,072 - Epoch 1/500 - Train Loss: 1.5291, Train Acc: 33.33% - Val loss: 1.1694, Val Acc: 50.00%
2025-09-03 18:49:08,733 - Early stopping à l'epoch 173
2025-09-03 18:49:08,734 - Fold 5 - Accuracy finale: 92.86%
2025-09-03 18:49:08,734 - === Fold 6/10 ===
2025-09-03 18:49:08,753 - Epoch 1/500 - Train Loss: 1.5573, Train Acc: 34.92% - Val loss: 1.2234, Val Acc: 46.43%
2025-09-03 18:49:10,371 - Early stopping à l'epoch 109
2025-09-03 18:49:10,372 - Fold 6 - Accuracy finale: 92.86%
2025-09-03 18:49:10,372 - === Fold 7/10 ===
2025-09-03 18:49:10,391 - Epoch 1/500 - Train Loss: 1.7238, Train Acc: 25.79% - Val loss: 1.2033, Val Acc: 39.29%
2025-09-03 18:49:12,882 - Early stopping à l'epoch 167
2025-09-03 18:49:12,883 - Fold 7 - Accuracy finale: 96.43%
2025-09-03 18:49:12,883 - === Fold 8/10 ===
2025-09-03 18:49:12,901 - Epoch 1/500 - Train Loss: 1.4928, Train Acc: 32.54% - Val loss: 1.0925, Val Acc: 50.00%
2025-09-03 18:49:15,175 - Early stopping à l'epoch 153
2025-09-03 18:49:15,176 - Fold 8 - Accuracy finale: 82.14%
2025-09-03 18:49:15,176 - === Fold 9/10 ===
2025-09-03 18:49:15,194 - Epoch 1/500 - Train Loss: 1.6845, Train Acc: 30.56% - Val loss: 1.1434, Val Acc: 57.14%
2025-09-03 18:49:16,587 - Early stopping à l'epoch 94
2025-09-03 18:49:16,588 - Fold 9 - Accuracy finale: 78.57%
2025-09-03 18:49:16,588 - === Fold 10/10 ===
2025-09-03 18:49:16,607 - Epoch 1/500 - Train Loss: 1.6239, Train Acc: 35.32% - Val loss: 1.1570, Val Acc: 53.57%
2025-09-03 18:49:18,348 - Early stopping à l'epoch 117
2025-09-03 18:49:18,350 - Fold 10 - Accuracy finale: 89.29%
2025-09-03 18:49:18,350 - 
2025-09-03 18:49:18,350 - Résultats de la validation croisée
2025-09-03 18:49:18,350 - 
2025-09-03 18:49:18,350 - Accuracy moyenne: 89.64% ± 5.64%
2025-09-03 18:49:18,350 - Loss moyenne: 0.4845 ± 0.2488
2025-09-03 18:49:18,350 - Nombre d'epochs moyen: 141
2025-09-03 18:49:18,350 - Accuracy par fold: ['92.86%', '96.43%', '89.29%', '85.71%', '92.86%', '92.86%', '96.43%', '82.14%', '78.57%', '89.29%']

2025-09-03 18:49:18,350 - Variable candidate fBodyAcc-energy()-X testée
2025-09-03 18:49:18,350 - 
2025-09-03 18:49:18,350 - === Fold 1/10 ===
2025-09-03 18:49:18,368 - Epoch 1/500 - Train Loss: 1.6934, Train Acc: 39.29% - Val loss: 1.1288, Val Acc: 53.57%
2025-09-03 18:49:20,649 - Early stopping à l'epoch 153
2025-09-03 18:49:20,650 - Fold 1 - Accuracy finale: 96.43%
2025-09-03 18:49:20,650 - === Fold 2/10 ===
2025-09-03 18:49:20,668 - Epoch 1/500 - Train Loss: 1.4423, Train Acc: 43.65% - Val loss: 1.0418, Val Acc: 50.00%
2025-09-03 18:49:22,059 - Early stopping à l'epoch 93
2025-09-03 18:49:22,060 - Fold 2 - Accuracy finale: 85.71%
2025-09-03 18:49:22,060 - === Fold 3/10 ===
2025-09-03 18:49:22,078 - Epoch 1/500 - Train Loss: 1.6592, Train Acc: 34.92% - Val loss: 1.1929, Val Acc: 42.86%
2025-09-03 18:49:24,892 - Early stopping à l'epoch 189
2025-09-03 18:49:24,893 - Fold 3 - Accuracy finale: 89.29%
2025-09-03 18:49:24,893 - === Fold 4/10 ===
2025-09-03 18:49:24,911 - Epoch 1/500 - Train Loss: 1.5571, Train Acc: 41.27% - Val loss: 1.0680, Val Acc: 53.57%
2025-09-03 18:49:27,893 - Epoch 201/500 - Train Loss: 0.0780, Train Acc: 96.83% - Val loss: 1.0269, Val Acc: 78.57%
2025-09-03 18:49:28,826 - Early stopping à l'epoch 263
2025-09-03 18:49:28,827 - Fold 4 - Accuracy finale: 92.86%
2025-09-03 18:49:28,827 - === Fold 5/10 ===
2025-09-03 18:49:28,845 - Epoch 1/500 - Train Loss: 1.5654, Train Acc: 34.52% - Val loss: 1.1468, Val Acc: 57.14%
2025-09-03 18:49:30,638 - Early stopping à l'epoch 119
2025-09-03 18:49:30,639 - Fold 5 - Accuracy finale: 92.86%
2025-09-03 18:49:30,640 - === Fold 6/10 ===
2025-09-03 18:49:30,658 - Epoch 1/500 - Train Loss: 1.6062, Train Acc: 34.13% - Val loss: 1.1629, Val Acc: 57.14%
2025-09-03 18:49:33,704 - Epoch 201/500 - Train Loss: 0.0036, Train Acc: 100.00% - Val loss: 0.2812, Val Acc: 92.86%
2025-09-03 18:49:34,517 - Early stopping à l'epoch 254
2025-09-03 18:49:34,519 - Fold 6 - Accuracy finale: 92.86%
2025-09-03 18:49:34,519 - === Fold 7/10 ===
2025-09-03 18:49:34,538 - Epoch 1/500 - Train Loss: 1.7606, Train Acc: 26.59% - Val loss: 1.2414, Val Acc: 57.14%
2025-09-03 18:49:37,542 - Epoch 201/500 - Train Loss: 0.0825, Train Acc: 98.02% - Val loss: 0.0776, Val Acc: 96.43%
2025-09-03 18:49:38,464 - Early stopping à l'epoch 262
2025-09-03 18:49:38,465 - Fold 7 - Accuracy finale: 100.00%
2025-09-03 18:49:38,465 - === Fold 8/10 ===
2025-09-03 18:49:38,483 - Epoch 1/500 - Train Loss: 1.4412, Train Acc: 40.08% - Val loss: 1.0051, Val Acc: 64.29%
2025-09-03 18:49:40,637 - Early stopping à l'epoch 142
2025-09-03 18:49:40,638 - Fold 8 - Accuracy finale: 92.86%
2025-09-03 18:49:40,638 - === Fold 9/10 ===
2025-09-03 18:49:40,657 - Epoch 1/500 - Train Loss: 1.6589, Train Acc: 35.71% - Val loss: 1.0776, Val Acc: 53.57%
2025-09-03 18:49:43,694 - Epoch 201/500 - Train Loss: 0.0031, Train Acc: 100.00% - Val loss: 0.4171, Val Acc: 92.86%
2025-09-03 18:49:44,268 - Early stopping à l'epoch 239
2025-09-03 18:49:44,269 - Fold 9 - Accuracy finale: 96.43%
2025-09-03 18:49:44,269 - === Fold 10/10 ===
2025-09-03 18:49:44,289 - Epoch 1/500 - Train Loss: 1.6712, Train Acc: 36.11% - Val loss: 1.2043, Val Acc: 46.43%
2025-09-03 18:49:46,094 - Early stopping à l'epoch 120
2025-09-03 18:49:46,095 - Fold 10 - Accuracy finale: 85.71%
2025-09-03 18:49:46,095 - 
2025-09-03 18:49:46,095 - Résultats de la validation croisée
2025-09-03 18:49:46,095 - 
2025-09-03 18:49:46,095 - Accuracy moyenne: 92.50% ± 4.36%
2025-09-03 18:49:46,095 - Loss moyenne: 0.3637 ± 0.1753
2025-09-03 18:49:46,095 - Nombre d'epochs moyen: 183
2025-09-03 18:49:46,095 - Accuracy par fold: ['96.43%', '85.71%', '89.29%', '92.86%', '92.86%', '92.86%', '100.00%', '92.86%', '96.43%', '85.71%']

2025-09-03 18:49:46,095 - Variable candidate fBodyAcc-bandsEnergy()-33,40 testée
2025-09-03 18:49:46,095 - 
2025-09-03 18:49:46,096 - === Fold 1/10 ===
2025-09-03 18:49:46,118 - Epoch 1/500 - Train Loss: 1.7897, Train Acc: 34.13% - Val loss: 1.3117, Val Acc: 42.86%
2025-09-03 18:49:48,394 - Early stopping à l'epoch 151
2025-09-03 18:49:48,395 - Fold 1 - Accuracy finale: 96.43%
2025-09-03 18:49:48,395 - === Fold 2/10 ===
2025-09-03 18:49:48,415 - Epoch 1/500 - Train Loss: 1.4976, Train Acc: 38.49% - Val loss: 1.1260, Val Acc: 42.86%
2025-09-03 18:49:50,214 - Early stopping à l'epoch 119
2025-09-03 18:49:50,215 - Fold 2 - Accuracy finale: 92.86%
2025-09-03 18:49:50,215 - === Fold 3/10 ===
2025-09-03 18:49:50,234 - Epoch 1/500 - Train Loss: 1.7475, Train Acc: 32.94% - Val loss: 1.3831, Val Acc: 35.71%
2025-09-03 18:49:53,272 - Epoch 201/500 - Train Loss: 0.0031, Train Acc: 100.00% - Val loss: 0.3068, Val Acc: 89.29%
2025-09-03 18:49:53,363 - Early stopping à l'epoch 207
2025-09-03 18:49:53,364 - Fold 3 - Accuracy finale: 89.29%
2025-09-03 18:49:53,364 - === Fold 4/10 ===
2025-09-03 18:49:53,383 - Epoch 1/500 - Train Loss: 1.6059, Train Acc: 37.30% - Val loss: 1.1571, Val Acc: 46.43%
2025-09-03 18:49:56,377 - Epoch 201/500 - Train Loss: 0.0035, Train Acc: 100.00% - Val loss: 0.0024, Val Acc: 100.00%
2025-09-03 18:49:57,639 - Early stopping à l'epoch 285
2025-09-03 18:49:57,640 - Fold 4 - Accuracy finale: 100.00%
2025-09-03 18:49:57,640 - === Fold 5/10 ===
2025-09-03 18:49:57,659 - Epoch 1/500 - Train Loss: 1.5997, Train Acc: 32.14% - Val loss: 1.1555, Val Acc: 60.71%
2025-09-03 18:50:00,688 - Epoch 201/500 - Train Loss: 0.0110, Train Acc: 99.60% - Val loss: 0.0055, Val Acc: 100.00%
2025-09-03 18:50:01,778 - Early stopping à l'epoch 273
2025-09-03 18:50:01,779 - Fold 5 - Accuracy finale: 100.00%
2025-09-03 18:50:01,779 - === Fold 6/10 ===
2025-09-03 18:50:01,797 - Epoch 1/500 - Train Loss: 1.6875, Train Acc: 29.37% - Val loss: 1.1916, Val Acc: 60.71%
2025-09-03 18:50:04,099 - Early stopping à l'epoch 153
2025-09-03 18:50:04,100 - Fold 6 - Accuracy finale: 89.29%
2025-09-03 18:50:04,100 - === Fold 7/10 ===
2025-09-03 18:50:04,118 - Epoch 1/500 - Train Loss: 1.8319, Train Acc: 25.00% - Val loss: 1.3009, Val Acc: 57.14%
2025-09-03 18:50:07,102 - Epoch 201/500 - Train Loss: 0.0013, Train Acc: 100.00% - Val loss: 0.0188, Val Acc: 100.00%
2025-09-03 18:50:08,506 - Early stopping à l'epoch 295
2025-09-03 18:50:08,507 - Fold 7 - Accuracy finale: 96.43%
2025-09-03 18:50:08,507 - === Fold 8/10 ===
2025-09-03 18:50:08,526 - Epoch 1/500 - Train Loss: 1.5098, Train Acc: 39.68% - Val loss: 1.0488, Val Acc: 67.86%
2025-09-03 18:50:10,980 - Early stopping à l'epoch 163
2025-09-03 18:50:10,982 - Fold 8 - Accuracy finale: 85.71%
2025-09-03 18:50:10,982 - === Fold 9/10 ===
2025-09-03 18:50:11,000 - Epoch 1/500 - Train Loss: 1.7165, Train Acc: 31.35% - Val loss: 1.1131, Val Acc: 50.00%
2025-09-03 18:50:12,709 - Early stopping à l'epoch 114
2025-09-03 18:50:12,710 - Fold 9 - Accuracy finale: 85.71%
2025-09-03 18:50:12,710 - === Fold 10/10 ===
2025-09-03 18:50:12,729 - Epoch 1/500 - Train Loss: 1.7730, Train Acc: 30.56% - Val loss: 1.3230, Val Acc: 42.86%
2025-09-03 18:50:14,504 - Early stopping à l'epoch 119
2025-09-03 18:50:14,505 - Fold 10 - Accuracy finale: 92.86%
2025-09-03 18:50:14,505 - 
2025-09-03 18:50:14,505 - Résultats de la validation croisée
2025-09-03 18:50:14,505 - 
2025-09-03 18:50:14,505 - Accuracy moyenne: 92.86% ± 5.05%
2025-09-03 18:50:14,505 - Loss moyenne: 0.2848 ± 0.1801
2025-09-03 18:50:14,505 - Nombre d'epochs moyen: 187
2025-09-03 18:50:14,505 - Accuracy par fold: ['96.43%', '92.86%', '89.29%', '100.00%', '100.00%', '89.29%', '96.43%', '85.71%', '85.71%', '92.86%']

2025-09-03 18:50:14,505 - Variable candidate fBodyAccMag-energy() testée
2025-09-03 18:50:14,505 - 
2025-09-03 18:50:14,506 - === Fold 1/10 ===
2025-09-03 18:50:14,524 - Epoch 1/500 - Train Loss: 1.6957, Train Acc: 38.89% - Val loss: 1.1329, Val Acc: 53.57%
2025-09-03 18:50:16,962 - Early stopping à l'epoch 164
2025-09-03 18:50:16,963 - Fold 1 - Accuracy finale: 92.86%
2025-09-03 18:50:16,963 - === Fold 2/10 ===
2025-09-03 18:50:16,981 - Epoch 1/500 - Train Loss: 1.4503, Train Acc: 40.48% - Val loss: 1.0731, Val Acc: 46.43%
2025-09-03 18:50:18,715 - Early stopping à l'epoch 117
2025-09-03 18:50:18,716 - Fold 2 - Accuracy finale: 85.71%
2025-09-03 18:50:18,716 - === Fold 3/10 ===
2025-09-03 18:50:18,734 - Epoch 1/500 - Train Loss: 1.6548, Train Acc: 34.52% - Val loss: 1.2302, Val Acc: 46.43%
2025-09-03 18:50:20,775 - Early stopping à l'epoch 134
2025-09-03 18:50:20,776 - Fold 3 - Accuracy finale: 89.29%
2025-09-03 18:50:20,776 - === Fold 4/10 ===
2025-09-03 18:50:20,797 - Epoch 1/500 - Train Loss: 1.5646, Train Acc: 37.70% - Val loss: 1.0811, Val Acc: 57.14%
2025-09-03 18:50:23,451 - Early stopping à l'epoch 175
2025-09-03 18:50:23,452 - Fold 4 - Accuracy finale: 96.43%
2025-09-03 18:50:23,452 - === Fold 5/10 ===
2025-09-03 18:50:23,470 - Epoch 1/500 - Train Loss: 1.5499, Train Acc: 32.54% - Val loss: 1.1672, Val Acc: 53.57%
2025-09-03 18:50:25,087 - Early stopping à l'epoch 108
2025-09-03 18:50:25,088 - Fold 5 - Accuracy finale: 85.71%
2025-09-03 18:50:25,088 - === Fold 6/10 ===
2025-09-03 18:50:25,106 - Epoch 1/500 - Train Loss: 1.5854, Train Acc: 34.13% - Val loss: 1.1665, Val Acc: 50.00%
2025-09-03 18:50:27,364 - Early stopping à l'epoch 150
2025-09-03 18:50:27,365 - Fold 6 - Accuracy finale: 96.43%
2025-09-03 18:50:27,365 - === Fold 7/10 ===
2025-09-03 18:50:27,384 - Epoch 1/500 - Train Loss: 1.7662, Train Acc: 26.19% - Val loss: 1.2222, Val Acc: 57.14%
2025-09-03 18:50:30,406 - Epoch 201/500 - Train Loss: 0.0033, Train Acc: 100.00% - Val loss: 0.2207, Val Acc: 96.43%
2025-09-03 18:50:30,543 - Early stopping à l'epoch 210
2025-09-03 18:50:30,544 - Fold 7 - Accuracy finale: 96.43%
2025-09-03 18:50:30,544 - === Fold 8/10 ===
2025-09-03 18:50:30,563 - Epoch 1/500 - Train Loss: 1.4420, Train Acc: 41.27% - Val loss: 1.0867, Val Acc: 64.29%
2025-09-03 18:50:32,800 - Early stopping à l'epoch 149
2025-09-03 18:50:32,801 - Fold 8 - Accuracy finale: 85.71%
2025-09-03 18:50:32,801 - === Fold 9/10 ===
2025-09-03 18:50:32,820 - Epoch 1/500 - Train Loss: 1.6207, Train Acc: 34.92% - Val loss: 1.0586, Val Acc: 46.43%
2025-09-03 18:50:35,844 - Epoch 201/500 - Train Loss: 0.0030, Train Acc: 100.00% - Val loss: 0.3117, Val Acc: 89.29%
2025-09-03 18:50:36,897 - Early stopping à l'epoch 271
2025-09-03 18:50:36,898 - Fold 9 - Accuracy finale: 89.29%
2025-09-03 18:50:36,898 - === Fold 10/10 ===
2025-09-03 18:50:36,916 - Epoch 1/500 - Train Loss: 1.6798, Train Acc: 34.52% - Val loss: 1.1963, Val Acc: 53.57%
2025-09-03 18:50:38,367 - Early stopping à l'epoch 96
2025-09-03 18:50:38,368 - Fold 10 - Accuracy finale: 85.71%
2025-09-03 18:50:38,368 - 
2025-09-03 18:50:38,368 - Résultats de la validation croisée
2025-09-03 18:50:38,368 - 
2025-09-03 18:50:38,368 - Accuracy moyenne: 90.36% ± 4.53%
2025-09-03 18:50:38,368 - Loss moyenne: 0.5075 ± 0.3879
2025-09-03 18:50:38,368 - Nombre d'epochs moyen: 157
2025-09-03 18:50:38,368 - Accuracy par fold: ['92.86%', '85.71%', '89.29%', '96.43%', '85.71%', '96.43%', '96.43%', '85.71%', '89.29%', '85.71%']

2025-09-03 18:50:38,368 - Variable candidate fBodyAcc-bandsEnergy()-1,8 testée
2025-09-03 18:50:38,368 - 
2025-09-03 18:50:38,369 - === Fold 1/10 ===
2025-09-03 18:50:38,387 - Epoch 1/500 - Train Loss: 1.6998, Train Acc: 39.68% - Val loss: 1.1441, Val Acc: 57.14%
2025-09-03 18:50:40,468 - Early stopping à l'epoch 138
2025-09-03 18:50:40,469 - Fold 1 - Accuracy finale: 92.86%
2025-09-03 18:50:40,470 - === Fold 2/10 ===
2025-09-03 18:50:40,488 - Epoch 1/500 - Train Loss: 1.4737, Train Acc: 42.46% - Val loss: 1.0202, Val Acc: 53.57%
2025-09-03 18:50:43,508 - Epoch 201/500 - Train Loss: 0.0043, Train Acc: 100.00% - Val loss: 0.3582, Val Acc: 96.43%
2025-09-03 18:50:43,553 - Early stopping à l'epoch 204
2025-09-03 18:50:43,554 - Fold 2 - Accuracy finale: 89.29%
2025-09-03 18:50:43,554 - === Fold 3/10 ===
2025-09-03 18:50:43,573 - Epoch 1/500 - Train Loss: 1.6810, Train Acc: 35.71% - Val loss: 1.1966, Val Acc: 42.86%
2025-09-03 18:50:45,606 - Early stopping à l'epoch 136
2025-09-03 18:50:45,607 - Fold 3 - Accuracy finale: 89.29%
2025-09-03 18:50:45,607 - === Fold 4/10 ===
2025-09-03 18:50:45,625 - Epoch 1/500 - Train Loss: 1.5758, Train Acc: 39.68% - Val loss: 1.1167, Val Acc: 53.57%
2025-09-03 18:50:48,647 - Epoch 201/500 - Train Loss: 0.0068, Train Acc: 99.60% - Val loss: 0.0448, Val Acc: 96.43%
2025-09-03 18:50:49,868 - Early stopping à l'epoch 282
2025-09-03 18:50:49,869 - Fold 4 - Accuracy finale: 100.00%
2025-09-03 18:50:49,869 - === Fold 5/10 ===
2025-09-03 18:50:49,887 - Epoch 1/500 - Train Loss: 1.5995, Train Acc: 32.94% - Val loss: 1.1537, Val Acc: 53.57%
2025-09-03 18:50:52,199 - Early stopping à l'epoch 154
2025-09-03 18:50:52,201 - Fold 5 - Accuracy finale: 92.86%
2025-09-03 18:50:52,201 - === Fold 6/10 ===
2025-09-03 18:50:52,219 - Epoch 1/500 - Train Loss: 1.6326, Train Acc: 34.13% - Val loss: 1.1687, Val Acc: 60.71%
2025-09-03 18:50:54,297 - Early stopping à l'epoch 139
2025-09-03 18:50:54,298 - Fold 6 - Accuracy finale: 92.86%
2025-09-03 18:50:54,298 - === Fold 7/10 ===
2025-09-03 18:50:54,316 - Epoch 1/500 - Train Loss: 1.7723, Train Acc: 25.79% - Val loss: 1.2557, Val Acc: 57.14%
2025-09-03 18:50:56,146 - Early stopping à l'epoch 122
2025-09-03 18:50:56,147 - Fold 7 - Accuracy finale: 89.29%
2025-09-03 18:50:56,147 - === Fold 8/10 ===
2025-09-03 18:50:56,166 - Epoch 1/500 - Train Loss: 1.4520, Train Acc: 40.87% - Val loss: 1.0365, Val Acc: 64.29%
2025-09-03 18:50:59,188 - Epoch 201/500 - Train Loss: 0.0044, Train Acc: 100.00% - Val loss: 0.2513, Val Acc: 89.29%
2025-09-03 18:51:00,288 - Early stopping à l'epoch 274
2025-09-03 18:51:00,289 - Fold 8 - Accuracy finale: 82.14%
2025-09-03 18:51:00,289 - === Fold 9/10 ===
2025-09-03 18:51:00,309 - Epoch 1/500 - Train Loss: 1.7277, Train Acc: 34.92% - Val loss: 1.1525, Val Acc: 46.43%
2025-09-03 18:51:02,887 - Early stopping à l'epoch 172
2025-09-03 18:51:02,888 - Fold 9 - Accuracy finale: 89.29%
2025-09-03 18:51:02,888 - === Fold 10/10 ===
2025-09-03 18:51:02,906 - Epoch 1/500 - Train Loss: 1.6751, Train Acc: 34.92% - Val loss: 1.2148, Val Acc: 50.00%
2025-09-03 18:51:04,990 - Early stopping à l'epoch 139
2025-09-03 18:51:04,991 - Fold 10 - Accuracy finale: 89.29%
2025-09-03 18:51:04,991 - 
2025-09-03 18:51:04,991 - Résultats de la validation croisée
2025-09-03 18:51:04,991 - 
2025-09-03 18:51:04,991 - Accuracy moyenne: 90.71% ± 4.29%
2025-09-03 18:51:04,991 - Loss moyenne: 0.3863 ± 0.1796
2025-09-03 18:51:04,991 - Nombre d'epochs moyen: 176
2025-09-03 18:51:04,991 - Accuracy par fold: ['92.86%', '89.29%', '89.29%', '100.00%', '92.86%', '92.86%', '89.29%', '82.14%', '89.29%', '89.29%']

2025-09-03 18:51:04,991 - Variable candidate fBodyAccMag-mad() testée
2025-09-03 18:51:04,991 - 
2025-09-03 18:51:04,992 - === Fold 1/10 ===
2025-09-03 18:51:05,010 - Epoch 1/500 - Train Loss: 1.6197, Train Acc: 40.48% - Val loss: 1.1137, Val Acc: 60.71%
2025-09-03 18:51:07,524 - Early stopping à l'epoch 166
2025-09-03 18:51:07,526 - Fold 1 - Accuracy finale: 96.43%
2025-09-03 18:51:07,526 - === Fold 2/10 ===
2025-09-03 18:51:07,544 - Epoch 1/500 - Train Loss: 1.4309, Train Acc: 41.27% - Val loss: 1.0876, Val Acc: 50.00%
2025-09-03 18:51:09,520 - Early stopping à l'epoch 131
2025-09-03 18:51:09,521 - Fold 2 - Accuracy finale: 85.71%
2025-09-03 18:51:09,522 - === Fold 3/10 ===
2025-09-03 18:51:09,539 - Epoch 1/500 - Train Loss: 1.6368, Train Acc: 32.14% - Val loss: 1.1695, Val Acc: 50.00%
2025-09-03 18:51:11,607 - Early stopping à l'epoch 138
2025-09-03 18:51:11,608 - Fold 3 - Accuracy finale: 92.86%
2025-09-03 18:51:11,608 - === Fold 4/10 ===
2025-09-03 18:51:11,628 - Epoch 1/500 - Train Loss: 1.5401, Train Acc: 37.30% - Val loss: 1.0972, Val Acc: 53.57%
2025-09-03 18:51:14,640 - Epoch 201/500 - Train Loss: 0.0038, Train Acc: 100.00% - Val loss: 0.1962, Val Acc: 92.86%
2025-09-03 18:51:14,640 - Early stopping à l'epoch 201
2025-09-03 18:51:14,641 - Fold 4 - Accuracy finale: 92.86%
2025-09-03 18:51:14,641 - === Fold 5/10 ===
2025-09-03 18:51:14,660 - Epoch 1/500 - Train Loss: 1.4735, Train Acc: 33.73% - Val loss: 1.1207, Val Acc: 57.14%
2025-09-03 18:51:16,522 - Early stopping à l'epoch 124
2025-09-03 18:51:16,523 - Fold 5 - Accuracy finale: 85.71%
2025-09-03 18:51:16,523 - === Fold 6/10 ===
2025-09-03 18:51:16,544 - Epoch 1/500 - Train Loss: 1.5163, Train Acc: 37.30% - Val loss: 1.1991, Val Acc: 46.43%
2025-09-03 18:51:19,001 - Early stopping à l'epoch 164
2025-09-03 18:51:19,002 - Fold 6 - Accuracy finale: 96.43%
2025-09-03 18:51:19,002 - === Fold 7/10 ===
2025-09-03 18:51:19,021 - Epoch 1/500 - Train Loss: 1.7172, Train Acc: 26.19% - Val loss: 1.2028, Val Acc: 39.29%
2025-09-03 18:51:22,028 - Epoch 201/500 - Train Loss: 0.0031, Train Acc: 100.00% - Val loss: 0.1181, Val Acc: 96.43%
2025-09-03 18:51:22,028 - Early stopping à l'epoch 201
2025-09-03 18:51:22,029 - Fold 7 - Accuracy finale: 96.43%
2025-09-03 18:51:22,029 - === Fold 8/10 ===
2025-09-03 18:51:22,048 - Epoch 1/500 - Train Loss: 1.4718, Train Acc: 35.32% - Val loss: 1.0881, Val Acc: 53.57%
2025-09-03 18:51:24,835 - Early stopping à l'epoch 187
2025-09-03 18:51:24,836 - Fold 8 - Accuracy finale: 89.29%
2025-09-03 18:51:24,836 - === Fold 9/10 ===
2025-09-03 18:51:24,854 - Epoch 1/500 - Train Loss: 1.5862, Train Acc: 31.35% - Val loss: 1.0774, Val Acc: 53.57%
2025-09-03 18:51:27,860 - Epoch 201/500 - Train Loss: 0.0018, Train Acc: 100.00% - Val loss: 0.5942, Val Acc: 92.86%
2025-09-03 18:51:28,130 - Early stopping à l'epoch 219
2025-09-03 18:51:28,131 - Fold 9 - Accuracy finale: 92.86%
2025-09-03 18:51:28,131 - === Fold 10/10 ===
2025-09-03 18:51:28,151 - Epoch 1/500 - Train Loss: 1.6322, Train Acc: 30.95% - Val loss: 1.1687, Val Acc: 60.71%
2025-09-03 18:51:30,490 - Early stopping à l'epoch 154
2025-09-03 18:51:30,491 - Fold 10 - Accuracy finale: 92.86%
2025-09-03 18:51:30,492 - 
2025-09-03 18:51:30,492 - Résultats de la validation croisée
2025-09-03 18:51:30,492 - 
2025-09-03 18:51:30,492 - Accuracy moyenne: 92.14% ± 3.85%
2025-09-03 18:51:30,492 - Loss moyenne: 0.3816 ± 0.2043
2025-09-03 18:51:30,492 - Nombre d'epochs moyen: 168
2025-09-03 18:51:30,492 - Accuracy par fold: ['96.43%', '85.71%', '92.86%', '92.86%', '85.71%', '96.43%', '96.43%', '89.29%', '92.86%', '92.86%']

2025-09-03 18:51:30,492 - Variable candidate tBodyAcc-mad()-X testée
2025-09-03 18:51:30,492 - 
2025-09-03 18:51:30,492 - === Fold 1/10 ===
2025-09-03 18:51:30,510 - Epoch 1/500 - Train Loss: 1.6124, Train Acc: 40.48% - Val loss: 1.1212, Val Acc: 57.14%
2025-09-03 18:51:33,486 - Early stopping à l'epoch 197
2025-09-03 18:51:33,487 - Fold 1 - Accuracy finale: 92.86%
2025-09-03 18:51:33,487 - === Fold 2/10 ===
2025-09-03 18:51:33,505 - Epoch 1/500 - Train Loss: 1.4324, Train Acc: 40.08% - Val loss: 1.1186, Val Acc: 50.00%
2025-09-03 18:51:35,445 - Early stopping à l'epoch 127
2025-09-03 18:51:35,446 - Fold 2 - Accuracy finale: 89.29%
2025-09-03 18:51:35,446 - === Fold 3/10 ===
2025-09-03 18:51:35,464 - Epoch 1/500 - Train Loss: 1.6334, Train Acc: 31.75% - Val loss: 1.1705, Val Acc: 46.43%
2025-09-03 18:51:38,452 - Epoch 201/500 - Train Loss: 0.0094, Train Acc: 99.60% - Val loss: 0.1183, Val Acc: 96.43%
2025-09-03 18:51:39,767 - Early stopping à l'epoch 289
2025-09-03 18:51:39,768 - Fold 3 - Accuracy finale: 96.43%
2025-09-03 18:51:39,768 - === Fold 4/10 ===
2025-09-03 18:51:39,787 - Epoch 1/500 - Train Loss: 1.5384, Train Acc: 37.70% - Val loss: 1.1017, Val Acc: 53.57%
2025-09-03 18:51:42,777 - Epoch 201/500 - Train Loss: 0.0077, Train Acc: 99.60% - Val loss: 0.1462, Val Acc: 92.86%
2025-09-03 18:51:43,676 - Early stopping à l'epoch 261
2025-09-03 18:51:43,677 - Fold 4 - Accuracy finale: 92.86%
2025-09-03 18:51:43,677 - === Fold 5/10 ===
2025-09-03 18:51:43,696 - Epoch 1/500 - Train Loss: 1.4803, Train Acc: 34.52% - Val loss: 1.1561, Val Acc: 53.57%
2025-09-03 18:51:45,789 - Early stopping à l'epoch 141
2025-09-03 18:51:45,790 - Fold 5 - Accuracy finale: 85.71%
2025-09-03 18:51:45,790 - === Fold 6/10 ===
2025-09-03 18:51:45,808 - Epoch 1/500 - Train Loss: 1.5209, Train Acc: 39.68% - Val loss: 1.1994, Val Acc: 39.29%
2025-09-03 18:51:48,349 - Early stopping à l'epoch 171
2025-09-03 18:51:48,350 - Fold 6 - Accuracy finale: 92.86%
2025-09-03 18:51:48,350 - === Fold 7/10 ===
2025-09-03 18:51:48,368 - Epoch 1/500 - Train Loss: 1.6988, Train Acc: 26.59% - Val loss: 1.1949, Val Acc: 39.29%
2025-09-03 18:51:51,364 - Epoch 201/500 - Train Loss: 0.0360, Train Acc: 98.02% - Val loss: 0.1195, Val Acc: 96.43%
2025-09-03 18:51:52,162 - Early stopping à l'epoch 254
2025-09-03 18:51:52,163 - Fold 7 - Accuracy finale: 96.43%
2025-09-03 18:51:52,163 - === Fold 8/10 ===
2025-09-03 18:51:52,181 - Epoch 1/500 - Train Loss: 1.4816, Train Acc: 30.95% - Val loss: 1.0681, Val Acc: 60.71%
2025-09-03 18:51:53,992 - Early stopping à l'epoch 122
2025-09-03 18:51:53,993 - Fold 8 - Accuracy finale: 96.43%
2025-09-03 18:51:53,993 - === Fold 9/10 ===
2025-09-03 18:51:54,015 - Epoch 1/500 - Train Loss: 1.6015, Train Acc: 31.75% - Val loss: 1.0812, Val Acc: 53.57%
2025-09-03 18:51:55,916 - Early stopping à l'epoch 126
2025-09-03 18:51:55,917 - Fold 9 - Accuracy finale: 85.71%
2025-09-03 18:51:55,917 - === Fold 10/10 ===
2025-09-03 18:51:55,936 - Epoch 1/500 - Train Loss: 1.6215, Train Acc: 28.57% - Val loss: 1.1662, Val Acc: 67.86%
2025-09-03 18:51:57,706 - Early stopping à l'epoch 116
2025-09-03 18:51:57,707 - Fold 10 - Accuracy finale: 85.71%
2025-09-03 18:51:57,707 - 
2025-09-03 18:51:57,707 - Résultats de la validation croisée
2025-09-03 18:51:57,707 - 
2025-09-03 18:51:57,707 - Accuracy moyenne: 91.43% ± 4.29%
2025-09-03 18:51:57,707 - Loss moyenne: 0.3814 ± 0.2326
2025-09-03 18:51:57,707 - Nombre d'epochs moyen: 180
2025-09-03 18:51:57,707 - Accuracy par fold: ['92.86%', '89.29%', '96.43%', '92.86%', '85.71%', '92.86%', '96.43%', '96.43%', '85.71%', '85.71%']

2025-09-03 18:51:57,707 - Variable candidate tBodyAcc-energy()-X testée
2025-09-03 18:51:57,707 - 
2025-09-03 18:51:57,708 - === Fold 1/10 ===
2025-09-03 18:51:57,727 - Epoch 1/500 - Train Loss: 1.6937, Train Acc: 38.89% - Val loss: 1.1302, Val Acc: 53.57%
2025-09-03 18:51:59,940 - Early stopping à l'epoch 147
2025-09-03 18:51:59,941 - Fold 1 - Accuracy finale: 92.86%
2025-09-03 18:51:59,941 - === Fold 2/10 ===
2025-09-03 18:51:59,960 - Epoch 1/500 - Train Loss: 1.4437, Train Acc: 43.65% - Val loss: 1.0423, Val Acc: 50.00%
2025-09-03 18:52:02,331 - Early stopping à l'epoch 156
2025-09-03 18:52:02,333 - Fold 2 - Accuracy finale: 89.29%
2025-09-03 18:52:02,333 - === Fold 3/10 ===
2025-09-03 18:52:02,352 - Epoch 1/500 - Train Loss: 1.6598, Train Acc: 35.32% - Val loss: 1.1915, Val Acc: 42.86%
2025-09-03 18:52:04,795 - Early stopping à l'epoch 161
2025-09-03 18:52:04,796 - Fold 3 - Accuracy finale: 85.71%
2025-09-03 18:52:04,796 - === Fold 4/10 ===
2025-09-03 18:52:04,815 - Epoch 1/500 - Train Loss: 1.5580, Train Acc: 41.27% - Val loss: 1.0667, Val Acc: 53.57%
2025-09-03 18:52:06,837 - Early stopping à l'epoch 134
2025-09-03 18:52:06,838 - Fold 4 - Accuracy finale: 92.86%
2025-09-03 18:52:06,838 - === Fold 5/10 ===
2025-09-03 18:52:06,857 - Epoch 1/500 - Train Loss: 1.5643, Train Acc: 34.13% - Val loss: 1.1501, Val Acc: 50.00%
2025-09-03 18:52:08,653 - Early stopping à l'epoch 121
2025-09-03 18:52:08,654 - Fold 5 - Accuracy finale: 89.29%
2025-09-03 18:52:08,654 - === Fold 6/10 ===
2025-09-03 18:52:08,673 - Epoch 1/500 - Train Loss: 1.6068, Train Acc: 34.13% - Val loss: 1.1639, Val Acc: 57.14%
2025-09-03 18:52:10,931 - Early stopping à l'epoch 152
2025-09-03 18:52:10,932 - Fold 6 - Accuracy finale: 89.29%
2025-09-03 18:52:10,932 - === Fold 7/10 ===
2025-09-03 18:52:10,951 - Epoch 1/500 - Train Loss: 1.7609, Train Acc: 26.59% - Val loss: 1.2411, Val Acc: 57.14%
2025-09-03 18:52:12,940 - Early stopping à l'epoch 134
2025-09-03 18:52:12,941 - Fold 7 - Accuracy finale: 89.29%
2025-09-03 18:52:12,941 - === Fold 8/10 ===
2025-09-03 18:52:12,960 - Epoch 1/500 - Train Loss: 1.4416, Train Acc: 40.08% - Val loss: 1.0072, Val Acc: 64.29%
2025-09-03 18:52:15,160 - Early stopping à l'epoch 148
2025-09-03 18:52:15,161 - Fold 8 - Accuracy finale: 89.29%
2025-09-03 18:52:15,161 - === Fold 9/10 ===
2025-09-03 18:52:15,180 - Epoch 1/500 - Train Loss: 1.6589, Train Acc: 35.71% - Val loss: 1.0779, Val Acc: 53.57%
2025-09-03 18:52:17,647 - Early stopping à l'epoch 164
2025-09-03 18:52:17,648 - Fold 9 - Accuracy finale: 92.86%
2025-09-03 18:52:17,648 - === Fold 10/10 ===
2025-09-03 18:52:17,666 - Epoch 1/500 - Train Loss: 1.6711, Train Acc: 36.11% - Val loss: 1.2034, Val Acc: 46.43%
2025-09-03 18:52:20,423 - Early stopping à l'epoch 181
2025-09-03 18:52:20,424 - Fold 10 - Accuracy finale: 85.71%
2025-09-03 18:52:20,424 - 
2025-09-03 18:52:20,424 - Résultats de la validation croisée
2025-09-03 18:52:20,424 - 
2025-09-03 18:52:20,425 - Accuracy moyenne: 89.64% ± 2.50%
2025-09-03 18:52:20,425 - Loss moyenne: 0.4424 ± 0.1433
2025-09-03 18:52:20,425 - Nombre d'epochs moyen: 149
2025-09-03 18:52:20,425 - Accuracy par fold: ['92.86%', '89.29%', '85.71%', '92.86%', '89.29%', '89.29%', '89.29%', '89.29%', '92.86%', '85.71%']

2025-09-03 18:52:20,425 - Variable candidate tBodyAcc-std()-X testée
2025-09-03 18:52:20,425 - 
2025-09-03 18:52:20,425 - === Fold 1/10 ===
2025-09-03 18:52:20,443 - Epoch 1/500 - Train Loss: 1.6067, Train Acc: 40.08% - Val loss: 1.1172, Val Acc: 57.14%
2025-09-03 18:52:22,216 - Early stopping à l'epoch 116
2025-09-03 18:52:22,217 - Fold 1 - Accuracy finale: 92.86%
2025-09-03 18:52:22,217 - === Fold 2/10 ===
2025-09-03 18:52:22,236 - Epoch 1/500 - Train Loss: 1.4297, Train Acc: 40.87% - Val loss: 1.1219, Val Acc: 50.00%
2025-09-03 18:52:24,610 - Early stopping à l'epoch 155
2025-09-03 18:52:24,611 - Fold 2 - Accuracy finale: 89.29%
2025-09-03 18:52:24,611 - === Fold 3/10 ===
2025-09-03 18:52:24,630 - Epoch 1/500 - Train Loss: 1.6245, Train Acc: 32.14% - Val loss: 1.1638, Val Acc: 46.43%
2025-09-03 18:52:27,413 - Early stopping à l'epoch 184
2025-09-03 18:52:27,414 - Fold 3 - Accuracy finale: 89.29%
2025-09-03 18:52:27,414 - === Fold 4/10 ===
2025-09-03 18:52:27,432 - Epoch 1/500 - Train Loss: 1.5349, Train Acc: 37.70% - Val loss: 1.1031, Val Acc: 53.57%
2025-09-03 18:52:30,490 - Epoch 201/500 - Train Loss: 0.0043, Train Acc: 100.00% - Val loss: 0.1612, Val Acc: 92.86%
2025-09-03 18:52:30,922 - Early stopping à l'epoch 229
2025-09-03 18:52:30,923 - Fold 4 - Accuracy finale: 96.43%
2025-09-03 18:52:30,923 - === Fold 5/10 ===
2025-09-03 18:52:30,941 - Epoch 1/500 - Train Loss: 1.4777, Train Acc: 35.32% - Val loss: 1.1557, Val Acc: 53.57%
2025-09-03 18:52:32,951 - Early stopping à l'epoch 132
2025-09-03 18:52:32,952 - Fold 5 - Accuracy finale: 82.14%
2025-09-03 18:52:32,952 - === Fold 6/10 ===
2025-09-03 18:52:32,970 - Epoch 1/500 - Train Loss: 1.5117, Train Acc: 40.08% - Val loss: 1.2026, Val Acc: 42.86%
2025-09-03 18:52:35,722 - Early stopping à l'epoch 183
2025-09-03 18:52:35,723 - Fold 6 - Accuracy finale: 89.29%
2025-09-03 18:52:35,723 - === Fold 7/10 ===
2025-09-03 18:52:35,742 - Epoch 1/500 - Train Loss: 1.6975, Train Acc: 27.38% - Val loss: 1.1957, Val Acc: 39.29%
2025-09-03 18:52:38,803 - Epoch 201/500 - Train Loss: 0.0043, Train Acc: 100.00% - Val loss: 0.2219, Val Acc: 96.43%
2025-09-03 18:52:38,833 - Early stopping à l'epoch 203
2025-09-03 18:52:38,834 - Fold 7 - Accuracy finale: 96.43%
2025-09-03 18:52:38,834 - === Fold 8/10 ===
2025-09-03 18:52:38,852 - Epoch 1/500 - Train Loss: 1.4781, Train Acc: 32.14% - Val loss: 1.0723, Val Acc: 60.71%
2025-09-03 18:52:40,571 - Early stopping à l'epoch 113
2025-09-03 18:52:40,572 - Fold 8 - Accuracy finale: 89.29%
2025-09-03 18:52:40,572 - === Fold 9/10 ===
2025-09-03 18:52:40,591 - Epoch 1/500 - Train Loss: 1.5926, Train Acc: 31.35% - Val loss: 1.0805, Val Acc: 53.57%
2025-09-03 18:52:42,445 - Early stopping à l'epoch 123
2025-09-03 18:52:42,446 - Fold 9 - Accuracy finale: 85.71%
2025-09-03 18:52:42,446 - === Fold 10/10 ===
2025-09-03 18:52:42,464 - Epoch 1/500 - Train Loss: 1.6205, Train Acc: 28.57% - Val loss: 1.1635, Val Acc: 64.29%
2025-09-03 18:52:43,971 - Early stopping à l'epoch 100
2025-09-03 18:52:43,972 - Fold 10 - Accuracy finale: 85.71%
2025-09-03 18:52:43,972 - 
2025-09-03 18:52:43,972 - Résultats de la validation croisée
2025-09-03 18:52:43,972 - 
2025-09-03 18:52:43,972 - Accuracy moyenne: 89.64% ± 4.36%
2025-09-03 18:52:43,972 - Loss moyenne: 0.4452 ± 0.1708
2025-09-03 18:52:43,972 - Nombre d'epochs moyen: 153
2025-09-03 18:52:43,972 - Accuracy par fold: ['92.86%', '89.29%', '89.29%', '96.43%', '82.14%', '89.29%', '96.43%', '89.29%', '85.71%', '85.71%']

2025-09-03 18:52:43,972 - Ajout de la variable fBodyAccMag-mad(), mean accuracy - std accuracy: 88.2963

2025-09-03 18:52:43,978 - Variables actuellement selectionnées : ['tBodyGyro-mean()-X', 'angle(tBodyGyroMean,gravityMean)', 'fBodyAccMag-mad()']

2025-09-03 18:52:43,978 - Variable candidate fBodyAcc-bandsEnergy()-1,16 testée
2025-09-03 18:52:43,978 - 
2025-09-03 18:52:43,979 - === Fold 1/10 ===
2025-09-03 18:52:43,998 - Epoch 1/500 - Train Loss: 1.5750, Train Acc: 26.59% - Val loss: 1.1105, Val Acc: 46.43%
2025-09-03 18:52:46,020 - Early stopping à l'epoch 135
2025-09-03 18:52:46,021 - Fold 1 - Accuracy finale: 96.43%
2025-09-03 18:52:46,021 - === Fold 2/10 ===
2025-09-03 18:52:46,040 - Epoch 1/500 - Train Loss: 1.4339, Train Acc: 31.35% - Val loss: 1.0856, Val Acc: 50.00%
2025-09-03 18:52:47,512 - Early stopping à l'epoch 97
2025-09-03 18:52:47,513 - Fold 2 - Accuracy finale: 92.86%
2025-09-03 18:52:47,513 - === Fold 3/10 ===
2025-09-03 18:52:47,533 - Epoch 1/500 - Train Loss: 1.4238, Train Acc: 32.94% - Val loss: 1.1884, Val Acc: 42.86%
2025-09-03 18:52:49,366 - Early stopping à l'epoch 121
2025-09-03 18:52:49,367 - Fold 3 - Accuracy finale: 92.86%
2025-09-03 18:52:49,367 - === Fold 4/10 ===
2025-09-03 18:52:49,385 - Epoch 1/500 - Train Loss: 1.2797, Train Acc: 42.06% - Val loss: 0.8829, Val Acc: 64.29%
2025-09-03 18:52:52,392 - Epoch 201/500 - Train Loss: 0.0029, Train Acc: 100.00% - Val loss: 0.1300, Val Acc: 96.43%
2025-09-03 18:52:52,561 - Early stopping à l'epoch 212
2025-09-03 18:52:52,562 - Fold 4 - Accuracy finale: 96.43%
2025-09-03 18:52:52,562 - === Fold 5/10 ===
2025-09-03 18:52:52,582 - Epoch 1/500 - Train Loss: 1.4564, Train Acc: 36.90% - Val loss: 1.0755, Val Acc: 46.43%
2025-09-03 18:52:55,396 - Early stopping à l'epoch 186
2025-09-03 18:52:55,397 - Fold 5 - Accuracy finale: 92.86%
2025-09-03 18:52:55,397 - === Fold 6/10 ===
2025-09-03 18:52:55,416 - Epoch 1/500 - Train Loss: 1.4655, Train Acc: 34.92% - Val loss: 0.9968, Val Acc: 60.71%
2025-09-03 18:52:57,494 - Early stopping à l'epoch 137
2025-09-03 18:52:57,495 - Fold 6 - Accuracy finale: 89.29%
2025-09-03 18:52:57,495 - === Fold 7/10 ===
2025-09-03 18:52:57,514 - Epoch 1/500 - Train Loss: 1.5005, Train Acc: 30.16% - Val loss: 1.1585, Val Acc: 46.43%
2025-09-03 18:52:59,635 - Early stopping à l'epoch 143
2025-09-03 18:52:59,636 - Fold 7 - Accuracy finale: 92.86%
2025-09-03 18:52:59,636 - === Fold 8/10 ===
2025-09-03 18:52:59,655 - Epoch 1/500 - Train Loss: 1.4525, Train Acc: 34.13% - Val loss: 1.0756, Val Acc: 53.57%
2025-09-03 18:53:02,633 - Epoch 201/500 - Train Loss: 0.0413, Train Acc: 99.21% - Val loss: 0.1928, Val Acc: 89.29%
2025-09-03 18:53:03,409 - Early stopping à l'epoch 253
2025-09-03 18:53:03,410 - Fold 8 - Accuracy finale: 89.29%
2025-09-03 18:53:03,410 - === Fold 9/10 ===
2025-09-03 18:53:03,428 - Epoch 1/500 - Train Loss: 1.3697, Train Acc: 36.11% - Val loss: 1.0961, Val Acc: 50.00%
2025-09-03 18:53:06,408 - Epoch 201/500 - Train Loss: 0.0204, Train Acc: 99.21% - Val loss: 0.4455, Val Acc: 89.29%
2025-09-03 18:53:07,109 - Early stopping à l'epoch 248
2025-09-03 18:53:07,110 - Fold 9 - Accuracy finale: 89.29%
2025-09-03 18:53:07,110 - === Fold 10/10 ===
2025-09-03 18:53:07,128 - Epoch 1/500 - Train Loss: 1.4810, Train Acc: 34.13% - Val loss: 1.1728, Val Acc: 32.14%
2025-09-03 18:53:08,767 - Early stopping à l'epoch 111
2025-09-03 18:53:08,768 - Fold 10 - Accuracy finale: 89.29%
2025-09-03 18:53:08,768 - 
2025-09-03 18:53:08,769 - Résultats de la validation croisée
2025-09-03 18:53:08,769 - 
2025-09-03 18:53:08,769 - Accuracy moyenne: 92.14% ± 2.67%
2025-09-03 18:53:08,769 - Loss moyenne: 0.3370 ± 0.1838
2025-09-03 18:53:08,769 - Nombre d'epochs moyen: 164
2025-09-03 18:53:08,769 - Accuracy par fold: ['96.43%', '92.86%', '92.86%', '96.43%', '92.86%', '89.29%', '92.86%', '89.29%', '89.29%', '89.29%']

2025-09-03 18:53:08,769 - Variable candidate fBodyAccMag-std() testée
2025-09-03 18:53:08,769 - 
2025-09-03 18:53:08,769 - === Fold 1/10 ===
2025-09-03 18:53:08,787 - Epoch 1/500 - Train Loss: 1.5632, Train Acc: 27.38% - Val loss: 1.1363, Val Acc: 42.86%
2025-09-03 18:53:10,567 - Early stopping à l'epoch 118
2025-09-03 18:53:10,568 - Fold 1 - Accuracy finale: 85.71%
2025-09-03 18:53:10,568 - === Fold 2/10 ===
2025-09-03 18:53:10,586 - Epoch 1/500 - Train Loss: 1.4172, Train Acc: 30.56% - Val loss: 1.1152, Val Acc: 46.43%
2025-09-03 18:53:12,845 - Early stopping à l'epoch 149
2025-09-03 18:53:12,846 - Fold 2 - Accuracy finale: 89.29%
2025-09-03 18:53:12,846 - === Fold 3/10 ===
2025-09-03 18:53:12,864 - Epoch 1/500 - Train Loss: 1.3775, Train Acc: 34.13% - Val loss: 1.2198, Val Acc: 42.86%
2025-09-03 18:53:15,287 - Early stopping à l'epoch 160
2025-09-03 18:53:15,288 - Fold 3 - Accuracy finale: 85.71%
2025-09-03 18:53:15,288 - === Fold 4/10 ===
2025-09-03 18:53:15,306 - Epoch 1/500 - Train Loss: 1.3746, Train Acc: 31.35% - Val loss: 1.0627, Val Acc: 50.00%
2025-09-03 18:53:18,336 - Epoch 201/500 - Train Loss: 0.0024, Train Acc: 100.00% - Val loss: 0.3025, Val Acc: 92.86%
2025-09-03 18:53:19,451 - Early stopping à l'epoch 275
2025-09-03 18:53:19,452 - Fold 4 - Accuracy finale: 92.86%
2025-09-03 18:53:19,452 - === Fold 5/10 ===
2025-09-03 18:53:19,470 - Epoch 1/500 - Train Loss: 1.4845, Train Acc: 31.35% - Val loss: 1.1203, Val Acc: 50.00%
2025-09-03 18:53:22,429 - Early stopping à l'epoch 198
2025-09-03 18:53:22,430 - Fold 5 - Accuracy finale: 85.71%
2025-09-03 18:53:22,430 - === Fold 6/10 ===
2025-09-03 18:53:22,448 - Epoch 1/500 - Train Loss: 1.5094, Train Acc: 33.33% - Val loss: 1.1107, Val Acc: 46.43%
2025-09-03 18:53:24,025 - Early stopping à l'epoch 106
2025-09-03 18:53:24,026 - Fold 6 - Accuracy finale: 92.86%
2025-09-03 18:53:24,026 - === Fold 7/10 ===
2025-09-03 18:53:24,045 - Epoch 1/500 - Train Loss: 1.4679, Train Acc: 31.35% - Val loss: 1.1565, Val Acc: 42.86%
2025-09-03 18:53:27,026 - Early stopping à l'epoch 197
2025-09-03 18:53:27,027 - Fold 7 - Accuracy finale: 96.43%
2025-09-03 18:53:27,027 - === Fold 8/10 ===
2025-09-03 18:53:27,046 - Epoch 1/500 - Train Loss: 1.4525, Train Acc: 34.13% - Val loss: 1.1104, Val Acc: 42.86%
2025-09-03 18:53:29,338 - Early stopping à l'epoch 153
2025-09-03 18:53:29,340 - Fold 8 - Accuracy finale: 89.29%
2025-09-03 18:53:29,340 - === Fold 9/10 ===
2025-09-03 18:53:29,361 - Epoch 1/500 - Train Loss: 1.3936, Train Acc: 32.94% - Val loss: 1.1545, Val Acc: 46.43%
2025-09-03 18:53:31,752 - Early stopping à l'epoch 160
2025-09-03 18:53:31,754 - Fold 9 - Accuracy finale: 89.29%
2025-09-03 18:53:31,754 - === Fold 10/10 ===
2025-09-03 18:53:31,772 - Epoch 1/500 - Train Loss: 1.4822, Train Acc: 33.73% - Val loss: 1.1962, Val Acc: 32.14%
2025-09-03 18:53:33,835 - Early stopping à l'epoch 138
2025-09-03 18:53:33,837 - Fold 10 - Accuracy finale: 92.86%
2025-09-03 18:53:33,837 - 
2025-09-03 18:53:33,837 - Résultats de la validation croisée
2025-09-03 18:53:33,837 - 
2025-09-03 18:53:33,837 - Accuracy moyenne: 90.00% ± 3.50%
2025-09-03 18:53:33,837 - Loss moyenne: 0.5094 ± 0.2394
2025-09-03 18:53:33,837 - Nombre d'epochs moyen: 165
2025-09-03 18:53:33,837 - Accuracy par fold: ['85.71%', '89.29%', '85.71%', '92.86%', '85.71%', '92.86%', '96.43%', '89.29%', '89.29%', '92.86%']

2025-09-03 18:53:33,837 - Variable candidate fBodyAcc-bandsEnergy()-49,56 testée
2025-09-03 18:53:33,837 - 
2025-09-03 18:53:33,837 - === Fold 1/10 ===
2025-09-03 18:53:33,857 - Epoch 1/500 - Train Loss: 1.6054, Train Acc: 25.79% - Val loss: 1.1517, Val Acc: 42.86%
2025-09-03 18:53:36,342 - Early stopping à l'epoch 166
2025-09-03 18:53:36,343 - Fold 1 - Accuracy finale: 92.86%
2025-09-03 18:53:36,344 - === Fold 2/10 ===
2025-09-03 18:53:36,362 - Epoch 1/500 - Train Loss: 1.4734, Train Acc: 28.57% - Val loss: 1.1243, Val Acc: 46.43%
2025-09-03 18:53:38,768 - Early stopping à l'epoch 161
2025-09-03 18:53:38,769 - Fold 2 - Accuracy finale: 92.86%
2025-09-03 18:53:38,769 - === Fold 3/10 ===
2025-09-03 18:53:38,787 - Epoch 1/500 - Train Loss: 1.4571, Train Acc: 30.95% - Val loss: 1.2018, Val Acc: 39.29%
2025-09-03 18:53:40,353 - Early stopping à l'epoch 105
2025-09-03 18:53:40,354 - Fold 3 - Accuracy finale: 82.14%
2025-09-03 18:53:40,354 - === Fold 4/10 ===
2025-09-03 18:53:40,372 - Epoch 1/500 - Train Loss: 1.3439, Train Acc: 34.52% - Val loss: 0.9660, Val Acc: 64.29%
2025-09-03 18:53:43,387 - Epoch 201/500 - Train Loss: 0.0290, Train Acc: 99.60% - Val loss: 0.1560, Val Acc: 92.86%
2025-09-03 18:53:45,308 - Early stopping à l'epoch 328
2025-09-03 18:53:45,309 - Fold 4 - Accuracy finale: 100.00%
2025-09-03 18:53:45,309 - === Fold 5/10 ===
2025-09-03 18:53:45,328 - Epoch 1/500 - Train Loss: 1.4909, Train Acc: 30.56% - Val loss: 1.1083, Val Acc: 50.00%
2025-09-03 18:53:47,319 - Early stopping à l'epoch 133
2025-09-03 18:53:47,320 - Fold 5 - Accuracy finale: 89.29%
2025-09-03 18:53:47,320 - === Fold 6/10 ===
2025-09-03 18:53:47,339 - Epoch 1/500 - Train Loss: 1.5007, Train Acc: 34.52% - Val loss: 1.0940, Val Acc: 50.00%
2025-09-03 18:53:49,252 - Early stopping à l'epoch 128
2025-09-03 18:53:49,253 - Fold 6 - Accuracy finale: 92.86%
2025-09-03 18:53:49,253 - === Fold 7/10 ===
2025-09-03 18:53:49,273 - Epoch 1/500 - Train Loss: 1.5163, Train Acc: 28.57% - Val loss: 1.1568, Val Acc: 53.57%
2025-09-03 18:53:52,307 - Epoch 201/500 - Train Loss: 0.0147, Train Acc: 99.60% - Val loss: 0.2700, Val Acc: 92.86%
2025-09-03 18:53:52,307 - Early stopping à l'epoch 201
2025-09-03 18:53:52,308 - Fold 7 - Accuracy finale: 92.86%
2025-09-03 18:53:52,308 - === Fold 8/10 ===
2025-09-03 18:53:52,330 - Epoch 1/500 - Train Loss: 1.4673, Train Acc: 31.35% - Val loss: 1.1039, Val Acc: 46.43%
2025-09-03 18:53:54,020 - Early stopping à l'epoch 112
2025-09-03 18:53:54,022 - Fold 8 - Accuracy finale: 89.29%
2025-09-03 18:53:54,022 - === Fold 9/10 ===
2025-09-03 18:53:54,041 - Epoch 1/500 - Train Loss: 1.3984, Train Acc: 33.73% - Val loss: 1.1488, Val Acc: 46.43%
2025-09-03 18:53:56,727 - Early stopping à l'epoch 181
2025-09-03 18:53:56,728 - Fold 9 - Accuracy finale: 96.43%
2025-09-03 18:53:56,728 - === Fold 10/10 ===
2025-09-03 18:53:56,746 - Epoch 1/500 - Train Loss: 1.5154, Train Acc: 32.94% - Val loss: 1.2007, Val Acc: 32.14%
2025-09-03 18:53:58,653 - Early stopping à l'epoch 127
2025-09-03 18:53:58,654 - Fold 10 - Accuracy finale: 85.71%
2025-09-03 18:53:58,654 - 
2025-09-03 18:53:58,654 - Résultats de la validation croisée
2025-09-03 18:53:58,654 - 
2025-09-03 18:53:58,655 - Accuracy moyenne: 91.43% ± 4.84%
2025-09-03 18:53:58,655 - Loss moyenne: 0.4639 ± 0.2890
2025-09-03 18:53:58,655 - Nombre d'epochs moyen: 164
2025-09-03 18:53:58,655 - Accuracy par fold: ['92.86%', '92.86%', '82.14%', '100.00%', '89.29%', '92.86%', '92.86%', '89.29%', '96.43%', '85.71%']

2025-09-03 18:53:58,655 - Variable candidate tGravityAcc-entropy()-Y testée
2025-09-03 18:53:58,655 - 
2025-09-03 18:53:58,655 - === Fold 1/10 ===
2025-09-03 18:53:58,673 - Epoch 1/500 - Train Loss: 1.6498, Train Acc: 30.95% - Val loss: 1.1404, Val Acc: 46.43%
2025-09-03 18:54:01,032 - Early stopping à l'epoch 157
2025-09-03 18:54:01,033 - Fold 1 - Accuracy finale: 92.86%
2025-09-03 18:54:01,033 - === Fold 2/10 ===
2025-09-03 18:54:01,052 - Epoch 1/500 - Train Loss: 1.5359, Train Acc: 36.90% - Val loss: 1.0212, Val Acc: 67.86%
2025-09-03 18:54:02,927 - Early stopping à l'epoch 125
2025-09-03 18:54:02,928 - Fold 2 - Accuracy finale: 85.71%
2025-09-03 18:54:02,928 - === Fold 3/10 ===
2025-09-03 18:54:02,947 - Epoch 1/500 - Train Loss: 1.4874, Train Acc: 38.10% - Val loss: 1.0070, Val Acc: 57.14%
2025-09-03 18:54:04,682 - Early stopping à l'epoch 116
2025-09-03 18:54:04,683 - Fold 3 - Accuracy finale: 85.71%
2025-09-03 18:54:04,683 - === Fold 4/10 ===
2025-09-03 18:54:04,702 - Epoch 1/500 - Train Loss: 1.3052, Train Acc: 43.25% - Val loss: 0.7962, Val Acc: 64.29%
2025-09-03 18:54:06,595 - Early stopping à l'epoch 128
2025-09-03 18:54:06,596 - Fold 4 - Accuracy finale: 92.86%
2025-09-03 18:54:06,596 - === Fold 5/10 ===
2025-09-03 18:54:06,615 - Epoch 1/500 - Train Loss: 1.4639, Train Acc: 40.87% - Val loss: 0.9130, Val Acc: 60.71%
2025-09-03 18:54:08,346 - Early stopping à l'epoch 117
2025-09-03 18:54:08,347 - Fold 5 - Accuracy finale: 85.71%
2025-09-03 18:54:08,347 - === Fold 6/10 ===
2025-09-03 18:54:08,365 - Epoch 1/500 - Train Loss: 1.4548, Train Acc: 41.27% - Val loss: 0.9153, Val Acc: 71.43%
2025-09-03 18:54:10,259 - Early stopping à l'epoch 127
2025-09-03 18:54:10,261 - Fold 6 - Accuracy finale: 89.29%
2025-09-03 18:54:10,261 - === Fold 7/10 ===
2025-09-03 18:54:10,279 - Epoch 1/500 - Train Loss: 1.6383, Train Acc: 32.14% - Val loss: 1.1234, Val Acc: 57.14%
2025-09-03 18:54:13,281 - Epoch 201/500 - Train Loss: 0.0012, Train Acc: 100.00% - Val loss: 0.0044, Val Acc: 100.00%
2025-09-03 18:54:13,446 - Early stopping à l'epoch 212
2025-09-03 18:54:13,447 - Fold 7 - Accuracy finale: 100.00%
2025-09-03 18:54:13,447 - === Fold 8/10 ===
2025-09-03 18:54:13,465 - Epoch 1/500 - Train Loss: 1.5311, Train Acc: 33.33% - Val loss: 0.9949, Val Acc: 57.14%
2025-09-03 18:54:15,411 - Early stopping à l'epoch 131
2025-09-03 18:54:15,412 - Fold 8 - Accuracy finale: 85.71%
2025-09-03 18:54:15,412 - === Fold 9/10 ===
2025-09-03 18:54:15,430 - Epoch 1/500 - Train Loss: 1.3349, Train Acc: 46.83% - Val loss: 0.7816, Val Acc: 60.71%
2025-09-03 18:54:17,525 - Early stopping à l'epoch 140
2025-09-03 18:54:17,530 - Fold 9 - Accuracy finale: 89.29%
2025-09-03 18:54:17,531 - === Fold 10/10 ===
2025-09-03 18:54:17,550 - Epoch 1/500 - Train Loss: 1.5524, Train Acc: 32.94% - Val loss: 1.1310, Val Acc: 39.29%
2025-09-03 18:54:19,222 - Early stopping à l'epoch 113
2025-09-03 18:54:19,223 - Fold 10 - Accuracy finale: 92.86%
2025-09-03 18:54:19,223 - 
2025-09-03 18:54:19,223 - Résultats de la validation croisée
2025-09-03 18:54:19,223 - 
2025-09-03 18:54:19,223 - Accuracy moyenne: 90.00% ± 4.46%
2025-09-03 18:54:19,223 - Loss moyenne: 0.5917 ± 0.3428
2025-09-03 18:54:19,223 - Nombre d'epochs moyen: 136
2025-09-03 18:54:19,223 - Accuracy par fold: ['92.86%', '85.71%', '85.71%', '92.86%', '85.71%', '89.29%', '100.00%', '85.71%', '89.29%', '92.86%']

2025-09-03 18:54:19,223 - Variable candidate fBodyAcc-bandsEnergy()-41,48 testée
2025-09-03 18:54:19,223 - 
2025-09-03 18:54:19,224 - === Fold 1/10 ===
2025-09-03 18:54:19,242 - Epoch 1/500 - Train Loss: 1.5991, Train Acc: 26.59% - Val loss: 1.1518, Val Acc: 42.86%
2025-09-03 18:54:22,228 - Epoch 201/500 - Train Loss: 0.0058, Train Acc: 100.00% - Val loss: 0.2649, Val Acc: 96.43%
2025-09-03 18:54:22,513 - Early stopping à l'epoch 220
2025-09-03 18:54:22,514 - Fold 1 - Accuracy finale: 96.43%
2025-09-03 18:54:22,515 - === Fold 2/10 ===
2025-09-03 18:54:22,533 - Epoch 1/500 - Train Loss: 1.4598, Train Acc: 29.37% - Val loss: 1.1272, Val Acc: 50.00%
2025-09-03 18:54:24,386 - Early stopping à l'epoch 125
2025-09-03 18:54:24,387 - Fold 2 - Accuracy finale: 82.14%
2025-09-03 18:54:24,387 - === Fold 3/10 ===
2025-09-03 18:54:24,405 - Epoch 1/500 - Train Loss: 1.4410, Train Acc: 31.35% - Val loss: 1.2046, Val Acc: 39.29%
2025-09-03 18:54:27,392 - Epoch 201/500 - Train Loss: 0.0223, Train Acc: 99.21% - Val loss: 0.7485, Val Acc: 89.29%
2025-09-03 18:54:27,572 - Early stopping à l'epoch 213
2025-09-03 18:54:27,573 - Fold 3 - Accuracy finale: 92.86%
2025-09-03 18:54:27,573 - === Fold 4/10 ===
2025-09-03 18:54:27,591 - Epoch 1/500 - Train Loss: 1.3260, Train Acc: 41.67% - Val loss: 0.9314, Val Acc: 64.29%
2025-09-03 18:54:30,581 - Epoch 201/500 - Train Loss: 0.0063, Train Acc: 100.00% - Val loss: 0.0093, Val Acc: 100.00%
2025-09-03 18:54:31,777 - Early stopping à l'epoch 281
2025-09-03 18:54:31,778 - Fold 4 - Accuracy finale: 96.43%
2025-09-03 18:54:31,778 - === Fold 5/10 ===
2025-09-03 18:54:31,796 - Epoch 1/500 - Train Loss: 1.4865, Train Acc: 30.95% - Val loss: 1.1004, Val Acc: 50.00%
2025-09-03 18:54:34,787 - Epoch 201/500 - Train Loss: 0.0035, Train Acc: 100.00% - Val loss: 0.1263, Val Acc: 96.43%
2025-09-03 18:54:34,953 - Early stopping à l'epoch 212
2025-09-03 18:54:34,954 - Fold 5 - Accuracy finale: 96.43%
2025-09-03 18:54:34,954 - === Fold 6/10 ===
2025-09-03 18:54:34,972 - Epoch 1/500 - Train Loss: 1.4939, Train Acc: 33.73% - Val loss: 1.0769, Val Acc: 50.00%
2025-09-03 18:54:36,886 - Early stopping à l'epoch 129
2025-09-03 18:54:36,887 - Fold 6 - Accuracy finale: 85.71%
2025-09-03 18:54:36,887 - === Fold 7/10 ===
2025-09-03 18:54:36,905 - Epoch 1/500 - Train Loss: 1.5084, Train Acc: 30.95% - Val loss: 1.1550, Val Acc: 53.57%
2025-09-03 18:54:39,951 - Epoch 201/500 - Train Loss: 0.0133, Train Acc: 99.21% - Val loss: 0.0883, Val Acc: 96.43%
2025-09-03 18:54:41,877 - Early stopping à l'epoch 327
2025-09-03 18:54:41,878 - Fold 7 - Accuracy finale: 96.43%
2025-09-03 18:54:41,878 - === Fold 8/10 ===
2025-09-03 18:54:41,896 - Epoch 1/500 - Train Loss: 1.4564, Train Acc: 31.35% - Val loss: 1.0884, Val Acc: 46.43%
2025-09-03 18:54:44,647 - Early stopping à l'epoch 184
2025-09-03 18:54:44,648 - Fold 8 - Accuracy finale: 85.71%
2025-09-03 18:54:44,648 - === Fold 9/10 ===
2025-09-03 18:54:44,666 - Epoch 1/500 - Train Loss: 1.3932, Train Acc: 32.94% - Val loss: 1.1362, Val Acc: 46.43%
2025-09-03 18:54:47,659 - Epoch 201/500 - Train Loss: 0.1117, Train Acc: 97.62% - Val loss: 0.3206, Val Acc: 92.86%
2025-09-03 18:54:48,782 - Early stopping à l'epoch 276
2025-09-03 18:54:48,783 - Fold 9 - Accuracy finale: 96.43%
2025-09-03 18:54:48,783 - === Fold 10/10 ===
2025-09-03 18:54:48,801 - Epoch 1/500 - Train Loss: 1.5057, Train Acc: 33.33% - Val loss: 1.1949, Val Acc: 32.14%
2025-09-03 18:54:50,400 - Early stopping à l'epoch 106
2025-09-03 18:54:50,402 - Fold 10 - Accuracy finale: 85.71%
2025-09-03 18:54:50,402 - 
2025-09-03 18:54:50,402 - Résultats de la validation croisée
2025-09-03 18:54:50,402 - 
2025-09-03 18:54:50,402 - Accuracy moyenne: 91.43% ± 5.58%
2025-09-03 18:54:50,402 - Loss moyenne: 0.3936 ± 0.2581
2025-09-03 18:54:50,402 - Nombre d'epochs moyen: 207
2025-09-03 18:54:50,402 - Accuracy par fold: ['96.43%', '82.14%', '92.86%', '96.43%', '96.43%', '85.71%', '96.43%', '85.71%', '96.43%', '85.71%']

2025-09-03 18:54:50,402 - Variable candidate fBodyAccJerk-bandsEnergy()-1,16 testée
2025-09-03 18:54:50,402 - 
2025-09-03 18:54:50,403 - === Fold 1/10 ===
2025-09-03 18:54:50,422 - Epoch 1/500 - Train Loss: 1.5786, Train Acc: 26.59% - Val loss: 1.1240, Val Acc: 42.86%
2025-09-03 18:54:53,427 - Epoch 201/500 - Train Loss: 0.0279, Train Acc: 98.81% - Val loss: 0.4453, Val Acc: 92.86%
2025-09-03 18:54:53,501 - Early stopping à l'epoch 206
2025-09-03 18:54:53,502 - Fold 1 - Accuracy finale: 92.86%
2025-09-03 18:54:53,502 - === Fold 2/10 ===
2025-09-03 18:54:53,520 - Epoch 1/500 - Train Loss: 1.4259, Train Acc: 32.54% - Val loss: 1.1032, Val Acc: 50.00%
2025-09-03 18:54:55,051 - Early stopping à l'epoch 103
2025-09-03 18:54:55,052 - Fold 2 - Accuracy finale: 92.86%
2025-09-03 18:54:55,053 - === Fold 3/10 ===
2025-09-03 18:54:55,071 - Epoch 1/500 - Train Loss: 1.4279, Train Acc: 32.54% - Val loss: 1.1955, Val Acc: 39.29%
2025-09-03 18:54:58,120 - Epoch 201/500 - Train Loss: 0.0055, Train Acc: 100.00% - Val loss: 0.2863, Val Acc: 92.86%
2025-09-03 18:54:58,135 - Early stopping à l'epoch 202
2025-09-03 18:54:58,136 - Fold 3 - Accuracy finale: 92.86%
2025-09-03 18:54:58,136 - === Fold 4/10 ===
2025-09-03 18:54:58,155 - Epoch 1/500 - Train Loss: 1.3339, Train Acc: 36.51% - Val loss: 0.9612, Val Acc: 57.14%
2025-09-03 18:55:00,943 - Early stopping à l'epoch 183
2025-09-03 18:55:00,944 - Fold 4 - Accuracy finale: 100.00%
2025-09-03 18:55:00,944 - === Fold 5/10 ===
2025-09-03 18:55:00,966 - Epoch 1/500 - Train Loss: 1.4574, Train Acc: 38.49% - Val loss: 1.0934, Val Acc: 46.43%
2025-09-03 18:55:04,010 - Epoch 201/500 - Train Loss: 0.0054, Train Acc: 100.00% - Val loss: 0.0840, Val Acc: 92.86%
2025-09-03 18:55:04,509 - Early stopping à l'epoch 234
2025-09-03 18:55:04,510 - Fold 5 - Accuracy finale: 92.86%
2025-09-03 18:55:04,510 - === Fold 6/10 ===
2025-09-03 18:55:04,529 - Epoch 1/500 - Train Loss: 1.4885, Train Acc: 35.32% - Val loss: 1.0554, Val Acc: 53.57%
2025-09-03 18:55:06,057 - Early stopping à l'epoch 101
2025-09-03 18:55:06,059 - Fold 6 - Accuracy finale: 96.43%
2025-09-03 18:55:06,059 - === Fold 7/10 ===
2025-09-03 18:55:06,077 - Epoch 1/500 - Train Loss: 1.4907, Train Acc: 32.14% - Val loss: 1.1684, Val Acc: 50.00%
2025-09-03 18:55:09,118 - Epoch 201/500 - Train Loss: 0.0244, Train Acc: 99.21% - Val loss: 0.0036, Val Acc: 100.00%
2025-09-03 18:55:11,122 - Early stopping à l'epoch 334
2025-09-03 18:55:11,123 - Fold 7 - Accuracy finale: 96.43%
2025-09-03 18:55:11,123 - === Fold 8/10 ===
2025-09-03 18:55:11,141 - Epoch 1/500 - Train Loss: 1.4396, Train Acc: 34.13% - Val loss: 1.0693, Val Acc: 50.00%
2025-09-03 18:55:14,125 - Epoch 201/500 - Train Loss: 0.0059, Train Acc: 100.00% - Val loss: 0.2862, Val Acc: 92.86%
2025-09-03 18:55:14,678 - Early stopping à l'epoch 238
2025-09-03 18:55:14,680 - Fold 8 - Accuracy finale: 89.29%
2025-09-03 18:55:14,680 - === Fold 9/10 ===
2025-09-03 18:55:14,699 - Epoch 1/500 - Train Loss: 1.3766, Train Acc: 36.11% - Val loss: 1.1012, Val Acc: 50.00%
2025-09-03 18:55:16,732 - Early stopping à l'epoch 137
2025-09-03 18:55:16,733 - Fold 9 - Accuracy finale: 85.71%
2025-09-03 18:55:16,734 - === Fold 10/10 ===
2025-09-03 18:55:16,752 - Epoch 1/500 - Train Loss: 1.4742, Train Acc: 36.51% - Val loss: 1.1631, Val Acc: 39.29%
2025-09-03 18:55:18,294 - Early stopping à l'epoch 104
2025-09-03 18:55:18,295 - Fold 10 - Accuracy finale: 82.14%
2025-09-03 18:55:18,295 - 
2025-09-03 18:55:18,307 - Résultats de la validation croisée
2025-09-03 18:55:18,307 - 
2025-09-03 18:55:18,308 - Accuracy moyenne: 92.14% ± 5.00%
2025-09-03 18:55:18,308 - Loss moyenne: 0.3797 ± 0.2281
2025-09-03 18:55:18,308 - Nombre d'epochs moyen: 184
2025-09-03 18:55:18,308 - Accuracy par fold: ['92.86%', '92.86%', '92.86%', '100.00%', '92.86%', '96.43%', '96.43%', '89.29%', '85.71%', '82.14%']

2025-09-03 18:55:18,308 - Variable candidate fBodyAcc-bandsEnergy()-33,48 testée
2025-09-03 18:55:18,308 - 
2025-09-03 18:55:18,308 - === Fold 1/10 ===
2025-09-03 18:55:18,326 - Epoch 1/500 - Train Loss: 1.5900, Train Acc: 26.59% - Val loss: 1.1499, Val Acc: 42.86%
2025-09-03 18:55:20,631 - Early stopping à l'epoch 153
2025-09-03 18:55:20,632 - Fold 1 - Accuracy finale: 92.86%
2025-09-03 18:55:20,632 - === Fold 2/10 ===
2025-09-03 18:55:20,650 - Epoch 1/500 - Train Loss: 1.4533, Train Acc: 28.97% - Val loss: 1.1242, Val Acc: 46.43%
2025-09-03 18:55:22,773 - Early stopping à l'epoch 143
2025-09-03 18:55:22,774 - Fold 2 - Accuracy finale: 92.86%
2025-09-03 18:55:22,774 - === Fold 3/10 ===
2025-09-03 18:55:22,794 - Epoch 1/500 - Train Loss: 1.4284, Train Acc: 31.75% - Val loss: 1.2071, Val Acc: 39.29%
2025-09-03 18:55:25,159 - Early stopping à l'epoch 157
2025-09-03 18:55:25,160 - Fold 3 - Accuracy finale: 92.86%
2025-09-03 18:55:25,160 - === Fold 4/10 ===
2025-09-03 18:55:25,178 - Epoch 1/500 - Train Loss: 1.3321, Train Acc: 39.68% - Val loss: 0.9623, Val Acc: 60.71%
2025-09-03 18:55:28,198 - Epoch 201/500 - Train Loss: 0.0181, Train Acc: 99.60% - Val loss: 0.0732, Val Acc: 96.43%
2025-09-03 18:55:28,633 - Early stopping à l'epoch 230
2025-09-03 18:55:28,634 - Fold 4 - Accuracy finale: 96.43%
2025-09-03 18:55:28,634 - === Fold 5/10 ===
2025-09-03 18:55:28,655 - Epoch 1/500 - Train Loss: 1.4861, Train Acc: 31.75% - Val loss: 1.1011, Val Acc: 50.00%
2025-09-03 18:55:30,631 - Early stopping à l'epoch 131
2025-09-03 18:55:30,632 - Fold 5 - Accuracy finale: 92.86%
2025-09-03 18:55:30,632 - === Fold 6/10 ===
2025-09-03 18:55:30,651 - Epoch 1/500 - Train Loss: 1.4959, Train Acc: 35.32% - Val loss: 1.0868, Val Acc: 50.00%
2025-09-03 18:55:33,132 - Early stopping à l'epoch 165
2025-09-03 18:55:33,133 - Fold 6 - Accuracy finale: 92.86%
2025-09-03 18:55:33,133 - === Fold 7/10 ===
2025-09-03 18:55:33,152 - Epoch 1/500 - Train Loss: 1.5001, Train Acc: 30.16% - Val loss: 1.1521, Val Acc: 53.57%
2025-09-03 18:55:35,928 - Early stopping à l'epoch 183
2025-09-03 18:55:35,929 - Fold 7 - Accuracy finale: 96.43%
2025-09-03 18:55:35,929 - === Fold 8/10 ===
2025-09-03 18:55:35,948 - Epoch 1/500 - Train Loss: 1.4556, Train Acc: 31.35% - Val loss: 1.0966, Val Acc: 46.43%
2025-09-03 18:55:38,536 - Early stopping à l'epoch 172
2025-09-03 18:55:38,537 - Fold 8 - Accuracy finale: 89.29%
2025-09-03 18:55:38,537 - === Fold 9/10 ===
2025-09-03 18:55:38,556 - Epoch 1/500 - Train Loss: 1.3947, Train Acc: 32.54% - Val loss: 1.1473, Val Acc: 46.43%
2025-09-03 18:55:41,585 - Epoch 201/500 - Train Loss: 0.0125, Train Acc: 99.60% - Val loss: 0.3091, Val Acc: 92.86%
2025-09-03 18:55:43,137 - Early stopping à l'epoch 304
2025-09-03 18:55:43,138 - Fold 9 - Accuracy finale: 96.43%
2025-09-03 18:55:43,139 - === Fold 10/10 ===
2025-09-03 18:55:43,157 - Epoch 1/500 - Train Loss: 1.5016, Train Acc: 32.94% - Val loss: 1.1953, Val Acc: 32.14%
2025-09-03 18:55:44,850 - Early stopping à l'epoch 112
2025-09-03 18:55:44,851 - Fold 10 - Accuracy finale: 85.71%
2025-09-03 18:55:44,852 - 
2025-09-03 18:55:44,852 - Résultats de la validation croisée
2025-09-03 18:55:44,852 - 
2025-09-03 18:55:44,852 - Accuracy moyenne: 92.86% ± 3.19%
2025-09-03 18:55:44,852 - Loss moyenne: 0.3487 ± 0.1118
2025-09-03 18:55:44,852 - Nombre d'epochs moyen: 175
2025-09-03 18:55:44,852 - Accuracy par fold: ['92.86%', '92.86%', '92.86%', '96.43%', '92.86%', '92.86%', '96.43%', '89.29%', '96.43%', '85.71%']

2025-09-03 18:55:44,852 - Variable candidate fBodyAcc-bandsEnergy()-9,16 testée
2025-09-03 18:55:44,852 - 
2025-09-03 18:55:44,852 - === Fold 1/10 ===
2025-09-03 18:55:44,871 - Epoch 1/500 - Train Loss: 1.5813, Train Acc: 27.38% - Val loss: 1.1274, Val Acc: 42.86%
2025-09-03 18:55:47,896 - Epoch 201/500 - Train Loss: 0.0085, Train Acc: 100.00% - Val loss: 0.2846, Val Acc: 96.43%
2025-09-03 18:55:48,007 - Early stopping à l'epoch 208
2025-09-03 18:55:48,008 - Fold 1 - Accuracy finale: 92.86%
2025-09-03 18:55:48,008 - === Fold 2/10 ===
2025-09-03 18:55:48,026 - Epoch 1/500 - Train Loss: 1.4296, Train Acc: 34.13% - Val loss: 1.1184, Val Acc: 46.43%
2025-09-03 18:55:49,432 - Early stopping à l'epoch 94
2025-09-03 18:55:49,433 - Fold 2 - Accuracy finale: 85.71%
2025-09-03 18:55:49,433 - === Fold 3/10 ===
2025-09-03 18:55:49,455 - Epoch 1/500 - Train Loss: 1.4547, Train Acc: 32.14% - Val loss: 1.1955, Val Acc: 39.29%
2025-09-03 18:55:51,285 - Early stopping à l'epoch 122
2025-09-03 18:55:51,287 - Fold 3 - Accuracy finale: 89.29%
2025-09-03 18:55:51,287 - === Fold 4/10 ===
2025-09-03 18:55:51,306 - Epoch 1/500 - Train Loss: 1.3707, Train Acc: 34.92% - Val loss: 1.0257, Val Acc: 53.57%
2025-09-03 18:55:54,361 - Epoch 201/500 - Train Loss: 0.0151, Train Acc: 99.60% - Val loss: 0.0276, Val Acc: 96.43%
2025-09-03 18:55:55,441 - Early stopping à l'epoch 273
2025-09-03 18:55:55,442 - Fold 4 - Accuracy finale: 100.00%
2025-09-03 18:55:55,442 - === Fold 5/10 ===
2025-09-03 18:55:55,461 - Epoch 1/500 - Train Loss: 1.4662, Train Acc: 36.90% - Val loss: 1.1053, Val Acc: 42.86%
2025-09-03 18:55:58,512 - Epoch 201/500 - Train Loss: 0.0041, Train Acc: 100.00% - Val loss: 0.0041, Val Acc: 100.00%
2025-09-03 18:55:59,459 - Early stopping à l'epoch 263
2025-09-03 18:55:59,460 - Fold 5 - Accuracy finale: 100.00%
2025-09-03 18:55:59,460 - === Fold 6/10 ===
2025-09-03 18:55:59,480 - Epoch 1/500 - Train Loss: 1.4969, Train Acc: 34.52% - Val loss: 1.0699, Val Acc: 50.00%
2025-09-03 18:56:01,315 - Early stopping à l'epoch 123
2025-09-03 18:56:01,316 - Fold 6 - Accuracy finale: 92.86%
2025-09-03 18:56:01,316 - === Fold 7/10 ===
2025-09-03 18:56:01,335 - Epoch 1/500 - Train Loss: 1.5002, Train Acc: 31.75% - Val loss: 1.1714, Val Acc: 50.00%
2025-09-03 18:56:04,347 - Epoch 201/500 - Train Loss: 0.0112, Train Acc: 100.00% - Val loss: 0.1054, Val Acc: 96.43%
2025-09-03 18:56:05,941 - Early stopping à l'epoch 306
2025-09-03 18:56:05,942 - Fold 7 - Accuracy finale: 96.43%
2025-09-03 18:56:05,992 - === Fold 8/10 ===
2025-09-03 18:56:06,014 - Epoch 1/500 - Train Loss: 1.4322, Train Acc: 36.11% - Val loss: 1.0766, Val Acc: 50.00%
2025-09-03 18:56:07,781 - Early stopping à l'epoch 119
2025-09-03 18:56:07,782 - Fold 8 - Accuracy finale: 89.29%
2025-09-03 18:56:07,782 - === Fold 9/10 ===
2025-09-03 18:56:07,801 - Epoch 1/500 - Train Loss: 1.3717, Train Acc: 36.51% - Val loss: 1.1030, Val Acc: 46.43%
2025-09-03 18:56:10,054 - Early stopping à l'epoch 151
2025-09-03 18:56:10,055 - Fold 9 - Accuracy finale: 96.43%
2025-09-03 18:56:10,055 - === Fold 10/10 ===
2025-09-03 18:56:10,075 - Epoch 1/500 - Train Loss: 1.4773, Train Acc: 35.32% - Val loss: 1.1671, Val Acc: 39.29%
2025-09-03 18:56:11,815 - Early stopping à l'epoch 116
2025-09-03 18:56:11,816 - Fold 10 - Accuracy finale: 89.29%
2025-09-03 18:56:11,816 - 
2025-09-03 18:56:11,816 - Résultats de la validation croisée
2025-09-03 18:56:11,816 - 
2025-09-03 18:56:11,817 - Accuracy moyenne: 93.21% ± 4.64%
2025-09-03 18:56:11,817 - Loss moyenne: 0.3607 ± 0.2662
2025-09-03 18:56:11,817 - Nombre d'epochs moyen: 177
2025-09-03 18:56:11,817 - Accuracy par fold: ['92.86%', '85.71%', '89.29%', '100.00%', '100.00%', '92.86%', '96.43%', '89.29%', '96.43%', '89.29%']

2025-09-03 18:56:11,817 - Variable candidate fBodyAcc-mad()-X testée
2025-09-03 18:56:11,817 - 
2025-09-03 18:56:11,817 - === Fold 1/10 ===
2025-09-03 18:56:11,836 - Epoch 1/500 - Train Loss: 1.5646, Train Acc: 27.38% - Val loss: 1.1514, Val Acc: 39.29%
2025-09-03 18:56:14,590 - Early stopping à l'epoch 185
2025-09-03 18:56:14,591 - Fold 1 - Accuracy finale: 96.43%
2025-09-03 18:56:14,591 - === Fold 2/10 ===
2025-09-03 18:56:14,610 - Epoch 1/500 - Train Loss: 1.4130, Train Acc: 29.37% - Val loss: 1.1221, Val Acc: 46.43%
2025-09-03 18:56:17,350 - Early stopping à l'epoch 182
2025-09-03 18:56:17,351 - Fold 2 - Accuracy finale: 89.29%
2025-09-03 18:56:17,351 - === Fold 3/10 ===
2025-09-03 18:56:17,370 - Epoch 1/500 - Train Loss: 1.3585, Train Acc: 33.73% - Val loss: 1.2175, Val Acc: 35.71%
2025-09-03 18:56:19,254 - Early stopping à l'epoch 125
2025-09-03 18:56:19,255 - Fold 3 - Accuracy finale: 89.29%
2025-09-03 18:56:19,261 - === Fold 4/10 ===
2025-09-03 18:56:19,279 - Epoch 1/500 - Train Loss: 1.3881, Train Acc: 30.95% - Val loss: 1.1025, Val Acc: 53.57%
2025-09-03 18:56:21,755 - Early stopping à l'epoch 165
2025-09-03 18:56:21,757 - Fold 4 - Accuracy finale: 96.43%
2025-09-03 18:56:21,757 - === Fold 5/10 ===
2025-09-03 18:56:21,776 - Epoch 1/500 - Train Loss: 1.4759, Train Acc: 30.56% - Val loss: 1.1284, Val Acc: 50.00%
2025-09-03 18:56:23,899 - Early stopping à l'epoch 143
2025-09-03 18:56:23,900 - Fold 5 - Accuracy finale: 85.71%
2025-09-03 18:56:23,900 - === Fold 6/10 ===
2025-09-03 18:56:23,918 - Epoch 1/500 - Train Loss: 1.5281, Train Acc: 32.14% - Val loss: 1.1432, Val Acc: 46.43%
2025-09-03 18:56:26,920 - Epoch 201/500 - Train Loss: 0.0189, Train Acc: 99.21% - Val loss: 0.2125, Val Acc: 92.86%
2025-09-03 18:56:27,355 - Early stopping à l'epoch 229
2025-09-03 18:56:27,356 - Fold 6 - Accuracy finale: 92.86%
2025-09-03 18:56:27,357 - === Fold 7/10 ===
2025-09-03 18:56:27,374 - Epoch 1/500 - Train Loss: 1.4610, Train Acc: 30.95% - Val loss: 1.1584, Val Acc: 42.86%
2025-09-03 18:56:30,437 - Epoch 201/500 - Train Loss: 0.0510, Train Acc: 98.02% - Val loss: 0.1133, Val Acc: 96.43%
2025-09-03 18:56:31,280 - Early stopping à l'epoch 256
2025-09-03 18:56:31,281 - Fold 7 - Accuracy finale: 96.43%
2025-09-03 18:56:31,281 - === Fold 8/10 ===
2025-09-03 18:56:31,300 - Epoch 1/500 - Train Loss: 1.4361, Train Acc: 34.13% - Val loss: 1.1067, Val Acc: 50.00%
2025-09-03 18:56:33,812 - Early stopping à l'epoch 166
2025-09-03 18:56:33,813 - Fold 8 - Accuracy finale: 92.86%
2025-09-03 18:56:33,813 - === Fold 9/10 ===
2025-09-03 18:56:33,832 - Epoch 1/500 - Train Loss: 1.4040, Train Acc: 32.94% - Val loss: 1.1687, Val Acc: 46.43%
2025-09-03 18:56:36,448 - Early stopping à l'epoch 172
2025-09-03 18:56:36,449 - Fold 9 - Accuracy finale: 89.29%
2025-09-03 18:56:36,450 - === Fold 10/10 ===
2025-09-03 18:56:36,470 - Epoch 1/500 - Train Loss: 1.4691, Train Acc: 33.33% - Val loss: 1.1950, Val Acc: 32.14%
2025-09-03 18:56:37,915 - Early stopping à l'epoch 96
2025-09-03 18:56:37,916 - Fold 10 - Accuracy finale: 89.29%
2025-09-03 18:56:37,916 - 
2025-09-03 18:56:37,916 - Résultats de la validation croisée
2025-09-03 18:56:37,916 - 
2025-09-03 18:56:37,916 - Accuracy moyenne: 91.79% ± 3.59%
2025-09-03 18:56:37,916 - Loss moyenne: 0.5331 ± 0.2599
2025-09-03 18:56:37,916 - Nombre d'epochs moyen: 171
2025-09-03 18:56:37,916 - Accuracy par fold: ['96.43%', '89.29%', '89.29%', '96.43%', '85.71%', '92.86%', '96.43%', '92.86%', '89.29%', '89.29%']

2025-09-03 18:56:37,916 - Variable candidate fBodyAcc-bandsEnergy()-1,24 testée
2025-09-03 18:56:37,916 - 
2025-09-03 18:56:37,917 - === Fold 1/10 ===
2025-09-03 18:56:37,936 - Epoch 1/500 - Train Loss: 1.5750, Train Acc: 26.59% - Val loss: 1.1143, Val Acc: 42.86%
2025-09-03 18:56:40,391 - Early stopping à l'epoch 163
2025-09-03 18:56:40,392 - Fold 1 - Accuracy finale: 92.86%
2025-09-03 18:56:40,392 - === Fold 2/10 ===
2025-09-03 18:56:40,410 - Epoch 1/500 - Train Loss: 1.4318, Train Acc: 31.35% - Val loss: 1.0892, Val Acc: 50.00%
2025-09-03 18:56:41,897 - Early stopping à l'epoch 99
2025-09-03 18:56:41,898 - Fold 2 - Accuracy finale: 89.29%
2025-09-03 18:56:41,898 - === Fold 3/10 ===
2025-09-03 18:56:41,916 - Epoch 1/500 - Train Loss: 1.4186, Train Acc: 32.94% - Val loss: 1.1905, Val Acc: 42.86%
2025-09-03 18:56:43,801 - Early stopping à l'epoch 124
2025-09-03 18:56:43,802 - Fold 3 - Accuracy finale: 96.43%
2025-09-03 18:56:43,802 - === Fold 4/10 ===
2025-09-03 18:56:43,821 - Epoch 1/500 - Train Loss: 1.2879, Train Acc: 41.27% - Val loss: 0.8932, Val Acc: 67.86%
2025-09-03 18:56:46,864 - Epoch 201/500 - Train Loss: 0.0072, Train Acc: 100.00% - Val loss: 0.1441, Val Acc: 96.43%
2025-09-03 18:56:48,159 - Early stopping à l'epoch 286
2025-09-03 18:56:48,160 - Fold 4 - Accuracy finale: 96.43%
2025-09-03 18:56:48,161 - === Fold 5/10 ===
2025-09-03 18:56:48,179 - Epoch 1/500 - Train Loss: 1.4575, Train Acc: 36.90% - Val loss: 1.0800, Val Acc: 46.43%
2025-09-03 18:56:50,978 - Early stopping à l'epoch 186
2025-09-03 18:56:50,980 - Fold 5 - Accuracy finale: 85.71%
2025-09-03 18:56:50,980 - === Fold 6/10 ===
2025-09-03 18:56:51,001 - Epoch 1/500 - Train Loss: 1.4738, Train Acc: 34.52% - Val loss: 1.0127, Val Acc: 60.71%
2025-09-03 18:56:52,675 - Early stopping à l'epoch 110
2025-09-03 18:56:52,676 - Fold 6 - Accuracy finale: 92.86%
2025-09-03 18:56:52,676 - === Fold 7/10 ===
2025-09-03 18:56:52,695 - Epoch 1/500 - Train Loss: 1.4979, Train Acc: 30.95% - Val loss: 1.1601, Val Acc: 50.00%
2025-09-03 18:56:55,710 - Epoch 201/500 - Train Loss: 0.0336, Train Acc: 99.21% - Val loss: 0.0086, Val Acc: 100.00%
2025-09-03 18:56:56,562 - Early stopping à l'epoch 257
2025-09-03 18:56:56,563 - Fold 7 - Accuracy finale: 100.00%
2025-09-03 18:56:56,563 - === Fold 8/10 ===
2025-09-03 18:56:56,582 - Epoch 1/500 - Train Loss: 1.4520, Train Acc: 34.52% - Val loss: 1.0779, Val Acc: 50.00%
2025-09-03 18:56:59,407 - Early stopping à l'epoch 189
2025-09-03 18:56:59,408 - Fold 8 - Accuracy finale: 96.43%
2025-09-03 18:56:59,408 - === Fold 9/10 ===
2025-09-03 18:56:59,431 - Epoch 1/500 - Train Loss: 1.3731, Train Acc: 35.71% - Val loss: 1.1049, Val Acc: 50.00%
2025-09-03 18:57:02,417 - Epoch 201/500 - Train Loss: 0.0786, Train Acc: 97.22% - Val loss: 0.0886, Val Acc: 96.43%
2025-09-03 18:57:03,848 - Early stopping à l'epoch 297
2025-09-03 18:57:03,849 - Fold 9 - Accuracy finale: 89.29%
2025-09-03 18:57:03,849 - === Fold 10/10 ===
2025-09-03 18:57:03,867 - Epoch 1/500 - Train Loss: 1.4790, Train Acc: 34.13% - Val loss: 1.1725, Val Acc: 32.14%
2025-09-03 18:57:05,438 - Early stopping à l'epoch 106
2025-09-03 18:57:05,439 - Fold 10 - Accuracy finale: 85.71%
2025-09-03 18:57:05,439 - 
2025-09-03 18:57:05,439 - Résultats de la validation croisée
2025-09-03 18:57:05,439 - 
2025-09-03 18:57:05,439 - Accuracy moyenne: 92.50% ± 4.64%
2025-09-03 18:57:05,439 - Loss moyenne: 0.4184 ± 0.2215
2025-09-03 18:57:05,439 - Nombre d'epochs moyen: 181
2025-09-03 18:57:05,439 - Accuracy par fold: ['92.86%', '89.29%', '96.43%', '96.43%', '85.71%', '92.86%', '100.00%', '96.43%', '89.29%', '85.71%']

2025-09-03 18:57:05,439 - Variable candidate fBodyAcc-std()-X testée
2025-09-03 18:57:05,439 - 
2025-09-03 18:57:05,440 - === Fold 1/10 ===
2025-09-03 18:57:05,458 - Epoch 1/500 - Train Loss: 1.5638, Train Acc: 26.98% - Val loss: 1.1470, Val Acc: 42.86%
2025-09-03 18:57:08,443 - Epoch 201/500 - Train Loss: 0.0019, Train Acc: 100.00% - Val loss: 0.2651, Val Acc: 96.43%
2025-09-03 18:57:08,518 - Early stopping à l'epoch 206
2025-09-03 18:57:08,519 - Fold 1 - Accuracy finale: 96.43%
2025-09-03 18:57:08,519 - === Fold 2/10 ===
2025-09-03 18:57:08,539 - Epoch 1/500 - Train Loss: 1.4158, Train Acc: 29.76% - Val loss: 1.1166, Val Acc: 50.00%
2025-09-03 18:57:11,212 - Early stopping à l'epoch 180
2025-09-03 18:57:11,213 - Fold 2 - Accuracy finale: 92.86%
2025-09-03 18:57:11,214 - === Fold 3/10 ===
2025-09-03 18:57:11,231 - Epoch 1/500 - Train Loss: 1.3658, Train Acc: 33.73% - Val loss: 1.2174, Val Acc: 35.71%
2025-09-03 18:57:13,973 - Early stopping à l'epoch 185
2025-09-03 18:57:13,974 - Fold 3 - Accuracy finale: 89.29%
2025-09-03 18:57:13,974 - === Fold 4/10 ===
2025-09-03 18:57:13,992 - Epoch 1/500 - Train Loss: 1.3735, Train Acc: 32.14% - Val loss: 1.0767, Val Acc: 57.14%
2025-09-03 18:57:16,975 - Epoch 201/500 - Train Loss: 0.0018, Train Acc: 100.00% - Val loss: 0.2197, Val Acc: 92.86%
2025-09-03 18:57:17,691 - Early stopping à l'epoch 249
2025-09-03 18:57:17,692 - Fold 4 - Accuracy finale: 96.43%
2025-09-03 18:57:17,692 - === Fold 5/10 ===
2025-09-03 18:57:17,710 - Epoch 1/500 - Train Loss: 1.4800, Train Acc: 31.35% - Val loss: 1.1257, Val Acc: 50.00%
2025-09-03 18:57:20,086 - Early stopping à l'epoch 158
2025-09-03 18:57:20,087 - Fold 5 - Accuracy finale: 85.71%
2025-09-03 18:57:20,087 - === Fold 6/10 ===
2025-09-03 18:57:20,106 - Epoch 1/500 - Train Loss: 1.5269, Train Acc: 32.14% - Val loss: 1.1365, Val Acc: 42.86%
2025-09-03 18:57:21,975 - Early stopping à l'epoch 126
2025-09-03 18:57:21,976 - Fold 6 - Accuracy finale: 92.86%
2025-09-03 18:57:21,976 - === Fold 7/10 ===
2025-09-03 18:57:21,999 - Epoch 1/500 - Train Loss: 1.4654, Train Acc: 30.16% - Val loss: 1.1589, Val Acc: 42.86%
2025-09-03 18:57:24,989 - Epoch 201/500 - Train Loss: 0.0105, Train Acc: 99.60% - Val loss: 0.0868, Val Acc: 96.43%
2025-09-03 18:57:25,587 - Early stopping à l'epoch 241
2025-09-03 18:57:25,588 - Fold 7 - Accuracy finale: 96.43%
2025-09-03 18:57:25,588 - === Fold 8/10 ===
2025-09-03 18:57:25,609 - Epoch 1/500 - Train Loss: 1.4490, Train Acc: 32.14% - Val loss: 1.1160, Val Acc: 42.86%
2025-09-03 18:57:28,428 - Early stopping à l'epoch 190
2025-09-03 18:57:28,429 - Fold 8 - Accuracy finale: 92.86%
2025-09-03 18:57:28,429 - === Fold 9/10 ===
2025-09-03 18:57:28,447 - Epoch 1/500 - Train Loss: 1.4065, Train Acc: 32.94% - Val loss: 1.1790, Val Acc: 39.29%
2025-09-03 18:57:30,450 - Early stopping à l'epoch 135
2025-09-03 18:57:30,451 - Fold 9 - Accuracy finale: 92.86%
2025-09-03 18:57:30,451 - === Fold 10/10 ===
2025-09-03 18:57:30,469 - Epoch 1/500 - Train Loss: 1.4731, Train Acc: 32.94% - Val loss: 1.1947, Val Acc: 32.14%
2025-09-03 18:57:31,925 - Early stopping à l'epoch 98
2025-09-03 18:57:31,926 - Fold 10 - Accuracy finale: 85.71%
2025-09-03 18:57:31,926 - 
2025-09-03 18:57:31,926 - Résultats de la validation croisée
2025-09-03 18:57:31,926 - 
2025-09-03 18:57:31,926 - Accuracy moyenne: 92.14% ± 3.85%
2025-09-03 18:57:31,926 - Loss moyenne: 0.4349 ± 0.2335
2025-09-03 18:57:31,927 - Nombre d'epochs moyen: 176
2025-09-03 18:57:31,927 - Accuracy par fold: ['96.43%', '92.86%', '89.29%', '96.43%', '85.71%', '92.86%', '96.43%', '92.86%', '92.86%', '85.71%']

2025-09-03 18:57:31,927 - Variable candidate tBodyAcc-max()-X testée
2025-09-03 18:57:31,927 - 
2025-09-03 18:57:31,927 - === Fold 1/10 ===
2025-09-03 18:57:31,945 - Epoch 1/500 - Train Loss: 1.5635, Train Acc: 27.78% - Val loss: 1.1448, Val Acc: 42.86%
2025-09-03 18:57:34,229 - Early stopping à l'epoch 154
2025-09-03 18:57:34,230 - Fold 1 - Accuracy finale: 92.86%
2025-09-03 18:57:34,231 - === Fold 2/10 ===
2025-09-03 18:57:34,249 - Epoch 1/500 - Train Loss: 1.4147, Train Acc: 30.16% - Val loss: 1.1216, Val Acc: 46.43%
2025-09-03 18:57:36,798 - Early stopping à l'epoch 170
2025-09-03 18:57:36,800 - Fold 2 - Accuracy finale: 92.86%
2025-09-03 18:57:36,800 - === Fold 3/10 ===
2025-09-03 18:57:36,818 - Epoch 1/500 - Train Loss: 1.3638, Train Acc: 34.52% - Val loss: 1.2117, Val Acc: 35.71%
2025-09-03 18:57:39,198 - Early stopping à l'epoch 158
2025-09-03 18:57:39,199 - Fold 3 - Accuracy finale: 89.29%
2025-09-03 18:57:39,199 - === Fold 4/10 ===
2025-09-03 18:57:39,217 - Epoch 1/500 - Train Loss: 1.3808, Train Acc: 31.75% - Val loss: 1.0925, Val Acc: 53.57%
2025-09-03 18:57:42,212 - Epoch 201/500 - Train Loss: 0.0761, Train Acc: 96.83% - Val loss: 0.0102, Val Acc: 100.00%
2025-09-03 18:57:43,765 - Early stopping à l'epoch 305
2025-09-03 18:57:43,766 - Fold 4 - Accuracy finale: 92.86%
2025-09-03 18:57:43,766 - === Fold 5/10 ===
2025-09-03 18:57:43,784 - Epoch 1/500 - Train Loss: 1.4784, Train Acc: 31.35% - Val loss: 1.1260, Val Acc: 50.00%
2025-09-03 18:57:46,143 - Early stopping à l'epoch 159
2025-09-03 18:57:46,144 - Fold 5 - Accuracy finale: 89.29%
2025-09-03 18:57:46,144 - === Fold 6/10 ===
2025-09-03 18:57:46,162 - Epoch 1/500 - Train Loss: 1.5207, Train Acc: 31.75% - Val loss: 1.1343, Val Acc: 46.43%
2025-09-03 18:57:48,096 - Early stopping à l'epoch 130
2025-09-03 18:57:48,097 - Fold 6 - Accuracy finale: 89.29%
2025-09-03 18:57:48,097 - === Fold 7/10 ===
2025-09-03 18:57:48,115 - Epoch 1/500 - Train Loss: 1.4629, Train Acc: 30.95% - Val loss: 1.1593, Val Acc: 46.43%
2025-09-03 18:57:51,106 - Epoch 201/500 - Train Loss: 0.0031, Train Acc: 100.00% - Val loss: 0.0858, Val Acc: 96.43%
2025-09-03 18:57:51,198 - Early stopping à l'epoch 207
2025-09-03 18:57:51,199 - Fold 7 - Accuracy finale: 96.43%
2025-09-03 18:57:51,199 - === Fold 8/10 ===
2025-09-03 18:57:51,217 - Epoch 1/500 - Train Loss: 1.4389, Train Acc: 34.52% - Val loss: 1.1097, Val Acc: 46.43%
2025-09-03 18:57:54,204 - Epoch 201/500 - Train Loss: 0.0144, Train Acc: 99.60% - Val loss: 0.1538, Val Acc: 96.43%
2025-09-03 18:57:54,429 - Early stopping à l'epoch 216
2025-09-03 18:57:54,430 - Fold 8 - Accuracy finale: 89.29%
2025-09-03 18:57:54,430 - === Fold 9/10 ===
2025-09-03 18:57:54,449 - Epoch 1/500 - Train Loss: 1.4002, Train Acc: 33.33% - Val loss: 1.1772, Val Acc: 46.43%
2025-09-03 18:57:56,477 - Early stopping à l'epoch 137
2025-09-03 18:57:56,478 - Fold 9 - Accuracy finale: 85.71%
2025-09-03 18:57:56,479 - === Fold 10/10 ===
2025-09-03 18:57:56,497 - Epoch 1/500 - Train Loss: 1.4718, Train Acc: 33.33% - Val loss: 1.1945, Val Acc: 32.14%
2025-09-03 18:57:58,306 - Early stopping à l'epoch 122
2025-09-03 18:57:58,307 - Fold 10 - Accuracy finale: 85.71%
2025-09-03 18:57:58,307 - 
2025-09-03 18:57:58,307 - Résultats de la validation croisée
2025-09-03 18:57:58,307 - 
2025-09-03 18:57:58,308 - Accuracy moyenne: 90.36% ± 3.21%
2025-09-03 18:57:58,308 - Loss moyenne: 0.4647 ± 0.2006
2025-09-03 18:57:58,308 - Nombre d'epochs moyen: 175
2025-09-03 18:57:58,308 - Accuracy par fold: ['92.86%', '92.86%', '89.29%', '92.86%', '89.29%', '89.29%', '96.43%', '89.29%', '85.71%', '85.71%']

2025-09-03 18:57:58,308 - Variable candidate fBodyAccJerk-bandsEnergy()-1,8 testée
2025-09-03 18:57:58,308 - 
2025-09-03 18:57:58,308 - === Fold 1/10 ===
2025-09-03 18:57:58,326 - Epoch 1/500 - Train Loss: 1.5773, Train Acc: 27.78% - Val loss: 1.1101, Val Acc: 42.86%
2025-09-03 18:58:00,514 - Early stopping à l'epoch 146
2025-09-03 18:58:00,515 - Fold 1 - Accuracy finale: 96.43%
2025-09-03 18:58:00,515 - === Fold 2/10 ===
2025-09-03 18:58:00,533 - Epoch 1/500 - Train Loss: 1.4411, Train Acc: 31.35% - Val loss: 1.0846, Val Acc: 50.00%
2025-09-03 18:58:03,194 - Early stopping à l'epoch 178
2025-09-03 18:58:03,195 - Fold 2 - Accuracy finale: 89.29%
2025-09-03 18:58:03,195 - === Fold 3/10 ===
2025-09-03 18:58:03,213 - Epoch 1/500 - Train Loss: 1.4317, Train Acc: 32.54% - Val loss: 1.1867, Val Acc: 39.29%
2025-09-03 18:58:04,799 - Early stopping à l'epoch 107
2025-09-03 18:58:04,800 - Fold 3 - Accuracy finale: 89.29%
2025-09-03 18:58:04,801 - === Fold 4/10 ===
2025-09-03 18:58:04,818 - Epoch 1/500 - Train Loss: 1.2794, Train Acc: 44.84% - Val loss: 0.8684, Val Acc: 67.86%
2025-09-03 18:58:07,539 - Early stopping à l'epoch 183
2025-09-03 18:58:07,540 - Fold 4 - Accuracy finale: 96.43%
2025-09-03 18:58:07,540 - === Fold 5/10 ===
2025-09-03 18:58:07,558 - Epoch 1/500 - Train Loss: 1.4555, Train Acc: 37.30% - Val loss: 1.0625, Val Acc: 46.43%
2025-09-03 18:58:09,665 - Early stopping à l'epoch 142
2025-09-03 18:58:09,667 - Fold 5 - Accuracy finale: 85.71%
2025-09-03 18:58:09,667 - === Fold 6/10 ===
2025-09-03 18:58:09,685 - Epoch 1/500 - Train Loss: 1.4676, Train Acc: 35.71% - Val loss: 1.0056, Val Acc: 60.71%
2025-09-03 18:58:11,495 - Early stopping à l'epoch 122
2025-09-03 18:58:11,496 - Fold 6 - Accuracy finale: 92.86%
2025-09-03 18:58:11,496 - === Fold 7/10 ===
2025-09-03 18:58:11,514 - Epoch 1/500 - Train Loss: 1.5009, Train Acc: 31.35% - Val loss: 1.1580, Val Acc: 50.00%
2025-09-03 18:58:13,658 - Early stopping à l'epoch 144
2025-09-03 18:58:13,660 - Fold 7 - Accuracy finale: 92.86%
2025-09-03 18:58:13,660 - === Fold 8/10 ===
2025-09-03 18:58:13,678 - Epoch 1/500 - Train Loss: 1.4577, Train Acc: 32.14% - Val loss: 1.0721, Val Acc: 50.00%
2025-09-03 18:58:16,274 - Early stopping à l'epoch 174
2025-09-03 18:58:16,275 - Fold 8 - Accuracy finale: 85.71%
2025-09-03 18:58:16,275 - === Fold 9/10 ===
2025-09-03 18:58:16,293 - Epoch 1/500 - Train Loss: 1.3657, Train Acc: 36.90% - Val loss: 1.0773, Val Acc: 50.00%
2025-09-03 18:58:19,327 - Epoch 201/500 - Train Loss: 0.0096, Train Acc: 99.60% - Val loss: 0.0632, Val Acc: 96.43%
2025-09-03 18:58:20,777 - Early stopping à l'epoch 298
2025-09-03 18:58:20,778 - Fold 9 - Accuracy finale: 96.43%
2025-09-03 18:58:20,778 - === Fold 10/10 ===
2025-09-03 18:58:20,796 - Epoch 1/500 - Train Loss: 1.4840, Train Acc: 35.32% - Val loss: 1.1634, Val Acc: 39.29%
2025-09-03 18:58:22,157 - Early stopping à l'epoch 92
2025-09-03 18:58:22,158 - Fold 10 - Accuracy finale: 78.57%
2025-09-03 18:58:22,159 - 
2025-09-03 18:58:22,159 - Résultats de la validation croisée
2025-09-03 18:58:22,159 - 
2025-09-03 18:58:22,159 - Accuracy moyenne: 90.36% ± 5.54%
2025-09-03 18:58:22,159 - Loss moyenne: 0.4185 ± 0.2692
2025-09-03 18:58:22,159 - Nombre d'epochs moyen: 158
2025-09-03 18:58:22,159 - Accuracy par fold: ['96.43%', '89.29%', '89.29%', '96.43%', '85.71%', '92.86%', '92.86%', '85.71%', '96.43%', '78.57%']

2025-09-03 18:58:22,159 - Variable candidate fBodyAcc-mean()-X testée
2025-09-03 18:58:22,159 - 
2025-09-03 18:58:22,159 - === Fold 1/10 ===
2025-09-03 18:58:22,177 - Epoch 1/500 - Train Loss: 1.5648, Train Acc: 26.98% - Val loss: 1.1527, Val Acc: 39.29%
2025-09-03 18:58:24,204 - Early stopping à l'epoch 137
2025-09-03 18:58:24,205 - Fold 1 - Accuracy finale: 96.43%
2025-09-03 18:58:24,205 - === Fold 2/10 ===
2025-09-03 18:58:24,223 - Epoch 1/500 - Train Loss: 1.4140, Train Acc: 29.76% - Val loss: 1.1246, Val Acc: 46.43%
2025-09-03 18:58:26,950 - Early stopping à l'epoch 182
2025-09-03 18:58:26,951 - Fold 2 - Accuracy finale: 89.29%
2025-09-03 18:58:26,951 - === Fold 3/10 ===
2025-09-03 18:58:26,969 - Epoch 1/500 - Train Loss: 1.3588, Train Acc: 33.73% - Val loss: 1.2188, Val Acc: 35.71%
2025-09-03 18:58:28,731 - Early stopping à l'epoch 116
2025-09-03 18:58:28,732 - Fold 3 - Accuracy finale: 85.71%
2025-09-03 18:58:28,732 - === Fold 4/10 ===
2025-09-03 18:58:28,751 - Epoch 1/500 - Train Loss: 1.3873, Train Acc: 30.95% - Val loss: 1.1055, Val Acc: 50.00%
2025-09-03 18:58:31,736 - Epoch 201/500 - Train Loss: 0.0158, Train Acc: 99.21% - Val loss: 0.0245, Val Acc: 100.00%
2025-09-03 18:58:33,065 - Early stopping à l'epoch 290
2025-09-03 18:58:33,066 - Fold 4 - Accuracy finale: 96.43%
2025-09-03 18:58:33,066 - === Fold 5/10 ===
2025-09-03 18:58:33,085 - Epoch 1/500 - Train Loss: 1.4802, Train Acc: 30.56% - Val loss: 1.1289, Val Acc: 50.00%
2025-09-03 18:58:35,662 - Early stopping à l'epoch 173
2025-09-03 18:58:35,663 - Fold 5 - Accuracy finale: 89.29%
2025-09-03 18:58:35,663 - === Fold 6/10 ===
2025-09-03 18:58:35,682 - Epoch 1/500 - Train Loss: 1.5272, Train Acc: 32.14% - Val loss: 1.1448, Val Acc: 46.43%
2025-09-03 18:58:37,447 - Early stopping à l'epoch 119
2025-09-03 18:58:37,448 - Fold 6 - Accuracy finale: 89.29%
2025-09-03 18:58:37,448 - === Fold 7/10 ===
2025-09-03 18:58:37,468 - Epoch 1/500 - Train Loss: 1.4610, Train Acc: 31.35% - Val loss: 1.1581, Val Acc: 42.86%
2025-09-03 18:58:40,534 - Epoch 201/500 - Train Loss: 0.0098, Train Acc: 99.60% - Val loss: 0.1903, Val Acc: 96.43%
2025-09-03 18:58:40,808 - Early stopping à l'epoch 219
2025-09-03 18:58:40,810 - Fold 7 - Accuracy finale: 96.43%
2025-09-03 18:58:40,810 - === Fold 8/10 ===
2025-09-03 18:58:40,828 - Epoch 1/500 - Train Loss: 1.4366, Train Acc: 33.73% - Val loss: 1.1084, Val Acc: 50.00%
2025-09-03 18:58:42,713 - Early stopping à l'epoch 125
2025-09-03 18:58:42,714 - Fold 8 - Accuracy finale: 85.71%
2025-09-03 18:58:42,715 - === Fold 9/10 ===
2025-09-03 18:58:42,736 - Epoch 1/500 - Train Loss: 1.4065, Train Acc: 31.75% - Val loss: 1.1713, Val Acc: 46.43%
2025-09-03 18:58:45,258 - Early stopping à l'epoch 169
2025-09-03 18:58:45,259 - Fold 9 - Accuracy finale: 92.86%
2025-09-03 18:58:45,259 - === Fold 10/10 ===
2025-09-03 18:58:45,278 - Epoch 1/500 - Train Loss: 1.4703, Train Acc: 33.33% - Val loss: 1.1963, Val Acc: 32.14%
2025-09-03 18:58:46,735 - Early stopping à l'epoch 98
2025-09-03 18:58:46,736 - Fold 10 - Accuracy finale: 85.71%
2025-09-03 18:58:46,736 - 
2025-09-03 18:58:46,736 - Résultats de la validation croisée
2025-09-03 18:58:46,736 - 
2025-09-03 18:58:46,736 - Accuracy moyenne: 90.71% ± 4.29%
2025-09-03 18:58:46,736 - Loss moyenne: 0.5778 ± 0.2643
2025-09-03 18:58:46,736 - Nombre d'epochs moyen: 162
2025-09-03 18:58:46,736 - Accuracy par fold: ['96.43%', '89.29%', '85.71%', '96.43%', '89.29%', '89.29%', '96.43%', '85.71%', '92.86%', '85.71%']

2025-09-03 18:58:46,736 - Variable candidate tBodyAccJerk-mean()-X testée
2025-09-03 18:58:46,736 - 
2025-09-03 18:58:46,737 - === Fold 1/10 ===
2025-09-03 18:58:46,755 - Epoch 1/500 - Train Loss: 1.7089, Train Acc: 24.21% - Val loss: 1.2056, Val Acc: 39.29%
2025-09-03 18:58:49,016 - Early stopping à l'epoch 151
2025-09-03 18:58:49,017 - Fold 1 - Accuracy finale: 89.29%
2025-09-03 18:58:49,017 - === Fold 2/10 ===
2025-09-03 18:58:49,036 - Epoch 1/500 - Train Loss: 1.6024, Train Acc: 29.76% - Val loss: 1.1700, Val Acc: 39.29%
2025-09-03 18:58:51,374 - Early stopping à l'epoch 156
2025-09-03 18:58:51,375 - Fold 2 - Accuracy finale: 89.29%
2025-09-03 18:58:51,375 - === Fold 3/10 ===
2025-09-03 18:58:51,395 - Epoch 1/500 - Train Loss: 1.5911, Train Acc: 30.56% - Val loss: 1.2236, Val Acc: 35.71%
2025-09-03 18:58:54,448 - Epoch 201/500 - Train Loss: 0.0049, Train Acc: 100.00% - Val loss: 0.1477, Val Acc: 96.43%
2025-09-03 18:58:55,963 - Early stopping à l'epoch 301
2025-09-03 18:58:55,964 - Fold 3 - Accuracy finale: 96.43%
2025-09-03 18:58:55,964 - === Fold 4/10 ===
2025-09-03 18:58:55,985 - Epoch 1/500 - Train Loss: 1.4803, Train Acc: 26.98% - Val loss: 1.0988, Val Acc: 42.86%
2025-09-03 18:58:59,003 - Epoch 201/500 - Train Loss: 0.0029, Train Acc: 100.00% - Val loss: 0.0612, Val Acc: 96.43%
2025-09-03 18:58:59,293 - Early stopping à l'epoch 220
2025-09-03 18:58:59,294 - Fold 4 - Accuracy finale: 96.43%
2025-09-03 18:58:59,294 - === Fold 5/10 ===
2025-09-03 18:58:59,312 - Epoch 1/500 - Train Loss: 1.5610, Train Acc: 30.16% - Val loss: 1.1422, Val Acc: 46.43%
2025-09-03 18:59:02,330 - Epoch 201/500 - Train Loss: 0.0009, Train Acc: 100.00% - Val loss: 0.2622, Val Acc: 92.86%
2025-09-03 18:59:02,551 - Early stopping à l'epoch 215
2025-09-03 18:59:02,552 - Fold 5 - Accuracy finale: 89.29%
2025-09-03 18:59:02,552 - === Fold 6/10 ===
2025-09-03 18:59:02,571 - Epoch 1/500 - Train Loss: 1.5861, Train Acc: 28.57% - Val loss: 1.1540, Val Acc: 35.71%
2025-09-03 18:59:04,282 - Early stopping à l'epoch 113
2025-09-03 18:59:04,283 - Fold 6 - Accuracy finale: 92.86%
2025-09-03 18:59:04,284 - === Fold 7/10 ===
2025-09-03 18:59:04,303 - Epoch 1/500 - Train Loss: 1.6350, Train Acc: 28.97% - Val loss: 1.1807, Val Acc: 32.14%
2025-09-03 18:59:07,330 - Epoch 201/500 - Train Loss: 0.0094, Train Acc: 99.60% - Val loss: 0.0755, Val Acc: 96.43%
2025-09-03 18:59:07,723 - Early stopping à l'epoch 227
2025-09-03 18:59:07,724 - Fold 7 - Accuracy finale: 96.43%
2025-09-03 18:59:07,724 - === Fold 8/10 ===
2025-09-03 18:59:07,743 - Epoch 1/500 - Train Loss: 1.5599, Train Acc: 26.19% - Val loss: 1.1640, Val Acc: 35.71%
2025-09-03 18:59:09,268 - Early stopping à l'epoch 102
2025-09-03 18:59:09,270 - Fold 8 - Accuracy finale: 82.14%
2025-09-03 18:59:09,270 - === Fold 9/10 ===
2025-09-03 18:59:09,292 - Epoch 1/500 - Train Loss: 1.4438, Train Acc: 34.13% - Val loss: 1.1551, Val Acc: 39.29%
2025-09-03 18:59:12,348 - Epoch 201/500 - Train Loss: 0.0101, Train Acc: 99.60% - Val loss: 0.2885, Val Acc: 92.86%
2025-09-03 18:59:12,636 - Early stopping à l'epoch 220
2025-09-03 18:59:12,637 - Fold 9 - Accuracy finale: 92.86%
2025-09-03 18:59:12,637 - === Fold 10/10 ===
2025-09-03 18:59:12,656 - Epoch 1/500 - Train Loss: 1.6084, Train Acc: 28.17% - Val loss: 1.2535, Val Acc: 32.14%
2025-09-03 18:59:14,230 - Early stopping à l'epoch 104
2025-09-03 18:59:14,231 - Fold 10 - Accuracy finale: 89.29%
2025-09-03 18:59:14,231 - 
2025-09-03 18:59:14,231 - Résultats de la validation croisée
2025-09-03 18:59:14,231 - 
2025-09-03 18:59:14,231 - Accuracy moyenne: 91.43% ± 4.29%
2025-09-03 18:59:14,231 - Loss moyenne: 0.5059 ± 0.3253
2025-09-03 18:59:14,231 - Nombre d'epochs moyen: 180
2025-09-03 18:59:14,231 - Accuracy par fold: ['89.29%', '89.29%', '96.43%', '96.43%', '89.29%', '92.86%', '96.43%', '82.14%', '92.86%', '89.29%']

2025-09-03 18:59:14,231 - Variable candidate fBodyAcc-max()-X testée
2025-09-03 18:59:14,231 - 
2025-09-03 18:59:14,232 - === Fold 1/10 ===
2025-09-03 18:59:14,250 - Epoch 1/500 - Train Loss: 1.5664, Train Acc: 26.59% - Val loss: 1.1436, Val Acc: 42.86%
2025-09-03 18:59:17,308 - Epoch 201/500 - Train Loss: 0.0154, Train Acc: 99.60% - Val loss: 0.1257, Val Acc: 96.43%
2025-09-03 18:59:18,464 - Early stopping à l'epoch 276
2025-09-03 18:59:18,465 - Fold 1 - Accuracy finale: 96.43%
2025-09-03 18:59:18,465 - === Fold 2/10 ===
2025-09-03 18:59:18,483 - Epoch 1/500 - Train Loss: 1.4235, Train Acc: 29.37% - Val loss: 1.1161, Val Acc: 42.86%
2025-09-03 18:59:20,479 - Early stopping à l'epoch 134
2025-09-03 18:59:20,480 - Fold 2 - Accuracy finale: 89.29%
2025-09-03 18:59:20,480 - === Fold 3/10 ===
2025-09-03 18:59:20,499 - Epoch 1/500 - Train Loss: 1.3804, Train Acc: 33.73% - Val loss: 1.2160, Val Acc: 35.71%
2025-09-03 18:59:22,419 - Early stopping à l'epoch 127
2025-09-03 18:59:22,420 - Fold 3 - Accuracy finale: 85.71%
2025-09-03 18:59:22,421 - === Fold 4/10 ===
2025-09-03 18:59:22,439 - Epoch 1/500 - Train Loss: 1.3567, Train Acc: 32.14% - Val loss: 1.0348, Val Acc: 60.71%
2025-09-03 18:59:25,514 - Epoch 201/500 - Train Loss: 0.0016, Train Acc: 100.00% - Val loss: 0.0851, Val Acc: 96.43%
2025-09-03 18:59:26,052 - Early stopping à l'epoch 236
2025-09-03 18:59:26,053 - Fold 4 - Accuracy finale: 96.43%
2025-09-03 18:59:26,053 - === Fold 5/10 ===
2025-09-03 18:59:26,071 - Epoch 1/500 - Train Loss: 1.4869, Train Acc: 30.56% - Val loss: 1.1266, Val Acc: 50.00%
2025-09-03 18:59:28,306 - Early stopping à l'epoch 148
2025-09-03 18:59:28,307 - Fold 5 - Accuracy finale: 92.86%
2025-09-03 18:59:28,307 - === Fold 6/10 ===
2025-09-03 18:59:28,328 - Epoch 1/500 - Train Loss: 1.5176, Train Acc: 34.92% - Val loss: 1.1093, Val Acc: 42.86%
2025-09-03 18:59:31,343 - Epoch 201/500 - Train Loss: 0.0037, Train Acc: 100.00% - Val loss: 0.2909, Val Acc: 96.43%
2025-09-03 18:59:31,418 - Early stopping à l'epoch 206
2025-09-03 18:59:31,419 - Fold 6 - Accuracy finale: 96.43%
2025-09-03 18:59:31,420 - === Fold 7/10 ===
2025-09-03 18:59:31,438 - Epoch 1/500 - Train Loss: 1.4743, Train Acc: 28.97% - Val loss: 1.1602, Val Acc: 32.14%
2025-09-03 18:59:34,099 - Early stopping à l'epoch 177
2025-09-03 18:59:34,100 - Fold 7 - Accuracy finale: 96.43%
2025-09-03 18:59:34,100 - === Fold 8/10 ===
2025-09-03 18:59:34,119 - Epoch 1/500 - Train Loss: 1.4657, Train Acc: 30.56% - Val loss: 1.1237, Val Acc: 39.29%
2025-09-03 18:59:37,164 - Epoch 201/500 - Train Loss: 0.0027, Train Acc: 100.00% - Val loss: 0.4797, Val Acc: 92.86%
2025-09-03 18:59:37,303 - Early stopping à l'epoch 210
2025-09-03 18:59:37,305 - Fold 8 - Accuracy finale: 89.29%
2025-09-03 18:59:37,305 - === Fold 9/10 ===
2025-09-03 18:59:37,323 - Epoch 1/500 - Train Loss: 1.4055, Train Acc: 32.14% - Val loss: 1.1794, Val Acc: 39.29%
2025-09-03 18:59:40,350 - Epoch 201/500 - Train Loss: 0.0013, Train Acc: 100.00% - Val loss: 0.3051, Val Acc: 85.71%
2025-09-03 18:59:40,665 - Early stopping à l'epoch 222
2025-09-03 18:59:40,666 - Fold 9 - Accuracy finale: 85.71%
2025-09-03 18:59:40,667 - === Fold 10/10 ===
2025-09-03 18:59:40,685 - Epoch 1/500 - Train Loss: 1.4812, Train Acc: 32.54% - Val loss: 1.1970, Val Acc: 32.14%
2025-09-03 18:59:42,594 - Early stopping à l'epoch 127
2025-09-03 18:59:42,595 - Fold 10 - Accuracy finale: 89.29%
2025-09-03 18:59:42,596 - 
2025-09-03 18:59:42,596 - Résultats de la validation croisée
2025-09-03 18:59:42,596 - 
2025-09-03 18:59:42,596 - Accuracy moyenne: 91.79% ± 4.24%
2025-09-03 18:59:42,596 - Loss moyenne: 0.3899 ± 0.1936
2025-09-03 18:59:42,596 - Nombre d'epochs moyen: 186
2025-09-03 18:59:42,596 - Accuracy par fold: ['96.43%', '89.29%', '85.71%', '96.43%', '92.86%', '96.43%', '96.43%', '89.29%', '85.71%', '89.29%']

2025-09-03 18:59:42,596 - Variable candidate fBodyAcc-energy()-X testée
2025-09-03 18:59:42,596 - 
2025-09-03 18:59:42,596 - === Fold 1/10 ===
2025-09-03 18:59:42,615 - Epoch 1/500 - Train Loss: 1.5755, Train Acc: 26.59% - Val loss: 1.1153, Val Acc: 42.86%
2025-09-03 18:59:44,475 - Early stopping à l'epoch 122
2025-09-03 18:59:44,476 - Fold 1 - Accuracy finale: 96.43%
2025-09-03 18:59:44,476 - === Fold 2/10 ===
2025-09-03 18:59:44,496 - Epoch 1/500 - Train Loss: 1.4316, Train Acc: 31.35% - Val loss: 1.0900, Val Acc: 50.00%
2025-09-03 18:59:46,915 - Early stopping à l'epoch 161
2025-09-03 18:59:46,917 - Fold 2 - Accuracy finale: 89.29%
2025-09-03 18:59:46,917 - === Fold 3/10 ===
2025-09-03 18:59:46,935 - Epoch 1/500 - Train Loss: 1.4188, Train Acc: 32.94% - Val loss: 1.1913, Val Acc: 42.86%
2025-09-03 18:59:49,311 - Early stopping à l'epoch 158
2025-09-03 18:59:49,312 - Fold 3 - Accuracy finale: 89.29%
2025-09-03 18:59:49,312 - === Fold 4/10 ===
2025-09-03 18:59:49,330 - Epoch 1/500 - Train Loss: 1.2895, Train Acc: 42.06% - Val loss: 0.8945, Val Acc: 67.86%
2025-09-03 18:59:52,354 - Epoch 201/500 - Train Loss: 0.0023, Train Acc: 100.00% - Val loss: 0.0608, Val Acc: 96.43%
2025-09-03 18:59:52,934 - Early stopping à l'epoch 239
2025-09-03 18:59:52,935 - Fold 4 - Accuracy finale: 96.43%
2025-09-03 18:59:52,986 - === Fold 5/10 ===
2025-09-03 18:59:53,010 - Epoch 1/500 - Train Loss: 1.4582, Train Acc: 36.90% - Val loss: 1.0806, Val Acc: 46.43%
2025-09-03 18:59:55,688 - Early stopping à l'epoch 175
2025-09-03 18:59:55,690 - Fold 5 - Accuracy finale: 78.57%
2025-09-03 18:59:55,690 - === Fold 6/10 ===
2025-09-03 18:59:55,709 - Epoch 1/500 - Train Loss: 1.4747, Train Acc: 34.52% - Val loss: 1.0156, Val Acc: 60.71%
2025-09-03 18:59:57,491 - Early stopping à l'epoch 118
2025-09-03 18:59:57,492 - Fold 6 - Accuracy finale: 96.43%
2025-09-03 18:59:57,492 - === Fold 7/10 ===
2025-09-03 18:59:57,511 - Epoch 1/500 - Train Loss: 1.4971, Train Acc: 30.95% - Val loss: 1.1602, Val Acc: 50.00%
2025-09-03 18:59:59,861 - Early stopping à l'epoch 157
2025-09-03 18:59:59,863 - Fold 7 - Accuracy finale: 96.43%
2025-09-03 18:59:59,863 - === Fold 8/10 ===
2025-09-03 18:59:59,882 - Epoch 1/500 - Train Loss: 1.4518, Train Acc: 34.52% - Val loss: 1.0784, Val Acc: 50.00%
2025-09-03 19:00:02,884 - Epoch 201/500 - Train Loss: 0.0190, Train Acc: 99.60% - Val loss: 0.1951, Val Acc: 89.29%
2025-09-03 19:00:03,691 - Early stopping à l'epoch 254
2025-09-03 19:00:03,692 - Fold 8 - Accuracy finale: 89.29%
2025-09-03 19:00:03,692 - === Fold 9/10 ===
2025-09-03 19:00:03,711 - Epoch 1/500 - Train Loss: 1.3740, Train Acc: 35.71% - Val loss: 1.1080, Val Acc: 50.00%
2025-09-03 19:00:06,483 - Early stopping à l'epoch 186
2025-09-03 19:00:06,484 - Fold 9 - Accuracy finale: 89.29%
2025-09-03 19:00:06,484 - === Fold 10/10 ===
2025-09-03 19:00:06,503 - Epoch 1/500 - Train Loss: 1.4790, Train Acc: 34.13% - Val loss: 1.1729, Val Acc: 32.14%
2025-09-03 19:00:07,979 - Early stopping à l'epoch 97
2025-09-03 19:00:07,980 - Fold 10 - Accuracy finale: 89.29%
2025-09-03 19:00:07,980 - 
2025-09-03 19:00:07,980 - Résultats de la validation croisée
2025-09-03 19:00:07,980 - 
2025-09-03 19:00:07,980 - Accuracy moyenne: 91.07% ± 5.36%
2025-09-03 19:00:07,980 - Loss moyenne: 0.4273 ± 0.2645
2025-09-03 19:00:07,980 - Nombre d'epochs moyen: 166
2025-09-03 19:00:07,980 - Accuracy par fold: ['96.43%', '89.29%', '89.29%', '96.43%', '78.57%', '96.43%', '96.43%', '89.29%', '89.29%', '89.29%']

2025-09-03 19:00:07,980 - Variable candidate fBodyAcc-bandsEnergy()-33,40 testée
2025-09-03 19:00:07,980 - 
2025-09-03 19:00:07,981 - === Fold 1/10 ===
2025-09-03 19:00:07,999 - Epoch 1/500 - Train Loss: 1.5924, Train Acc: 26.59% - Val loss: 1.1532, Val Acc: 42.86%
2025-09-03 19:00:10,935 - Early stopping à l'epoch 194
2025-09-03 19:00:10,936 - Fold 1 - Accuracy finale: 96.43%
2025-09-03 19:00:10,936 - === Fold 2/10 ===
2025-09-03 19:00:10,955 - Epoch 1/500 - Train Loss: 1.4561, Train Acc: 29.76% - Val loss: 1.1238, Val Acc: 46.43%
2025-09-03 19:00:13,344 - Early stopping à l'epoch 159
2025-09-03 19:00:13,346 - Fold 2 - Accuracy finale: 92.86%
2025-09-03 19:00:13,346 - === Fold 3/10 ===
2025-09-03 19:00:13,368 - Epoch 1/500 - Train Loss: 1.4296, Train Acc: 31.75% - Val loss: 1.2088, Val Acc: 39.29%
2025-09-03 19:00:16,045 - Early stopping à l'epoch 177
2025-09-03 19:00:16,046 - Fold 3 - Accuracy finale: 82.14%
2025-09-03 19:00:16,046 - === Fold 4/10 ===
2025-09-03 19:00:16,068 - Epoch 1/500 - Train Loss: 1.3357, Train Acc: 38.49% - Val loss: 0.9754, Val Acc: 53.57%
2025-09-03 19:00:19,125 - Epoch 201/500 - Train Loss: 0.0112, Train Acc: 99.60% - Val loss: 0.1306, Val Acc: 96.43%
2025-09-03 19:00:19,514 - Early stopping à l'epoch 227
2025-09-03 19:00:19,515 - Fold 4 - Accuracy finale: 96.43%
2025-09-03 19:00:19,515 - === Fold 5/10 ===
2025-09-03 19:00:19,534 - Epoch 1/500 - Train Loss: 1.4888, Train Acc: 31.35% - Val loss: 1.1030, Val Acc: 50.00%
2025-09-03 19:00:22,117 - Early stopping à l'epoch 170
2025-09-03 19:00:22,118 - Fold 5 - Accuracy finale: 89.29%
2025-09-03 19:00:22,118 - === Fold 6/10 ===
2025-09-03 19:00:22,138 - Epoch 1/500 - Train Loss: 1.4987, Train Acc: 35.71% - Val loss: 1.0934, Val Acc: 50.00%
2025-09-03 19:00:23,913 - Early stopping à l'epoch 118
2025-09-03 19:00:23,914 - Fold 6 - Accuracy finale: 96.43%
2025-09-03 19:00:23,914 - === Fold 7/10 ===
2025-09-03 19:00:23,937 - Epoch 1/500 - Train Loss: 1.5014, Train Acc: 28.97% - Val loss: 1.1515, Val Acc: 50.00%
2025-09-03 19:00:26,971 - Epoch 201/500 - Train Loss: 0.0063, Train Acc: 100.00% - Val loss: 0.2921, Val Acc: 92.86%
2025-09-03 19:00:27,653 - Early stopping à l'epoch 246
2025-09-03 19:00:27,654 - Fold 7 - Accuracy finale: 92.86%
2025-09-03 19:00:27,654 - === Fold 8/10 ===
2025-09-03 19:00:27,674 - Epoch 1/500 - Train Loss: 1.4594, Train Acc: 30.95% - Val loss: 1.1030, Val Acc: 46.43%
2025-09-03 19:00:29,617 - Early stopping à l'epoch 130
2025-09-03 19:00:29,618 - Fold 8 - Accuracy finale: 85.71%
2025-09-03 19:00:29,618 - === Fold 9/10 ===
2025-09-03 19:00:29,640 - Epoch 1/500 - Train Loss: 1.3950, Train Acc: 33.33% - Val loss: 1.1519, Val Acc: 46.43%
2025-09-03 19:00:31,927 - Early stopping à l'epoch 151
2025-09-03 19:00:31,928 - Fold 9 - Accuracy finale: 89.29%
2025-09-03 19:00:31,928 - === Fold 10/10 ===
2025-09-03 19:00:31,947 - Epoch 1/500 - Train Loss: 1.5050, Train Acc: 32.54% - Val loss: 1.1981, Val Acc: 32.14%
2025-09-03 19:00:33,612 - Early stopping à l'epoch 110
2025-09-03 19:00:33,613 - Fold 10 - Accuracy finale: 85.71%
2025-09-03 19:00:33,613 - 
2025-09-03 19:00:33,613 - Résultats de la validation croisée
2025-09-03 19:00:33,613 - 
2025-09-03 19:00:33,614 - Accuracy moyenne: 90.71% ± 4.84%
2025-09-03 19:00:33,614 - Loss moyenne: 0.5022 ± 0.2608
2025-09-03 19:00:33,614 - Nombre d'epochs moyen: 168
2025-09-03 19:00:33,614 - Accuracy par fold: ['96.43%', '92.86%', '82.14%', '96.43%', '89.29%', '96.43%', '92.86%', '85.71%', '89.29%', '85.71%']

2025-09-03 19:00:33,614 - Variable candidate fBodyAccMag-energy() testée
2025-09-03 19:00:33,614 - 
2025-09-03 19:00:33,614 - === Fold 1/10 ===
2025-09-03 19:00:33,632 - Epoch 1/500 - Train Loss: 1.5613, Train Acc: 28.57% - Val loss: 1.0954, Val Acc: 46.43%
2025-09-03 19:00:36,593 - Early stopping à l'epoch 198
2025-09-03 19:00:36,594 - Fold 1 - Accuracy finale: 96.43%
2025-09-03 19:00:36,594 - === Fold 2/10 ===
2025-09-03 19:00:36,612 - Epoch 1/500 - Train Loss: 1.4261, Train Acc: 30.95% - Val loss: 1.0875, Val Acc: 50.00%
2025-09-03 19:00:39,062 - Early stopping à l'epoch 164
2025-09-03 19:00:39,064 - Fold 2 - Accuracy finale: 92.86%
2025-09-03 19:00:39,064 - === Fold 3/10 ===
2025-09-03 19:00:39,085 - Epoch 1/500 - Train Loss: 1.4265, Train Acc: 32.14% - Val loss: 1.1876, Val Acc: 39.29%
2025-09-03 19:00:40,586 - Early stopping à l'epoch 100
2025-09-03 19:00:40,588 - Fold 3 - Accuracy finale: 92.86%
2025-09-03 19:00:40,588 - === Fold 4/10 ===
2025-09-03 19:00:40,606 - Epoch 1/500 - Train Loss: 1.3072, Train Acc: 41.27% - Val loss: 0.9106, Val Acc: 64.29%
2025-09-03 19:00:43,639 - Epoch 201/500 - Train Loss: 0.0016, Train Acc: 100.00% - Val loss: 0.0435, Val Acc: 96.43%
2025-09-03 19:00:43,938 - Early stopping à l'epoch 221
2025-09-03 19:00:43,939 - Fold 4 - Accuracy finale: 92.86%
2025-09-03 19:00:43,939 - === Fold 5/10 ===
2025-09-03 19:00:43,958 - Epoch 1/500 - Train Loss: 1.4575, Train Acc: 36.11% - Val loss: 1.0705, Val Acc: 46.43%
2025-09-03 19:00:45,638 - Early stopping à l'epoch 111
2025-09-03 19:00:45,639 - Fold 5 - Accuracy finale: 82.14%
2025-09-03 19:00:45,639 - === Fold 6/10 ===
2025-09-03 19:00:45,658 - Epoch 1/500 - Train Loss: 1.4607, Train Acc: 35.32% - Val loss: 0.9907, Val Acc: 64.29%
2025-09-03 19:00:47,433 - Early stopping à l'epoch 118
2025-09-03 19:00:47,434 - Fold 6 - Accuracy finale: 92.86%
2025-09-03 19:00:47,434 - === Fold 7/10 ===
2025-09-03 19:00:47,453 - Epoch 1/500 - Train Loss: 1.5005, Train Acc: 31.75% - Val loss: 1.1438, Val Acc: 53.57%
2025-09-03 19:00:50,462 - Epoch 201/500 - Train Loss: 0.0135, Train Acc: 99.60% - Val loss: 0.0657, Val Acc: 96.43%
2025-09-03 19:00:50,967 - Early stopping à l'epoch 234
2025-09-03 19:00:50,968 - Fold 7 - Accuracy finale: 92.86%
2025-09-03 19:00:50,968 - === Fold 8/10 ===
2025-09-03 19:00:50,987 - Epoch 1/500 - Train Loss: 1.4476, Train Acc: 33.73% - Val loss: 1.0847, Val Acc: 46.43%
2025-09-03 19:00:52,866 - Early stopping à l'epoch 126
2025-09-03 19:00:52,867 - Fold 8 - Accuracy finale: 82.14%
2025-09-03 19:00:52,867 - === Fold 9/10 ===
2025-09-03 19:00:52,885 - Epoch 1/500 - Train Loss: 1.3566, Train Acc: 37.70% - Val loss: 1.0753, Val Acc: 50.00%
2025-09-03 19:00:55,938 - Epoch 201/500 - Train Loss: 0.0157, Train Acc: 99.21% - Val loss: 0.3176, Val Acc: 85.71%
2025-09-03 19:00:55,969 - Early stopping à l'epoch 203
2025-09-03 19:00:55,970 - Fold 9 - Accuracy finale: 92.86%
2025-09-03 19:00:55,970 - === Fold 10/10 ===
2025-09-03 19:00:55,989 - Epoch 1/500 - Train Loss: 1.4818, Train Acc: 34.52% - Val loss: 1.1694, Val Acc: 35.71%
2025-09-03 19:00:57,682 - Early stopping à l'epoch 113
2025-09-03 19:00:57,683 - Fold 10 - Accuracy finale: 85.71%
2025-09-03 19:00:57,683 - 
2025-09-03 19:00:57,683 - Résultats de la validation croisée
2025-09-03 19:00:57,683 - 
2025-09-03 19:00:57,683 - Accuracy moyenne: 90.36% ± 4.80%
2025-09-03 19:00:57,683 - Loss moyenne: 0.4461 ± 0.1699
2025-09-03 19:00:57,683 - Nombre d'epochs moyen: 158
2025-09-03 19:00:57,683 - Accuracy par fold: ['96.43%', '92.86%', '92.86%', '92.86%', '82.14%', '92.86%', '92.86%', '82.14%', '92.86%', '85.71%']

2025-09-03 19:00:57,683 - Variable candidate fBodyAcc-bandsEnergy()-1,8 testée
2025-09-03 19:00:57,683 - 
2025-09-03 19:00:57,684 - === Fold 1/10 ===
2025-09-03 19:00:57,702 - Epoch 1/500 - Train Loss: 1.5787, Train Acc: 26.59% - Val loss: 1.1119, Val Acc: 42.86%
2025-09-03 19:01:00,643 - Early stopping à l'epoch 194
2025-09-03 19:01:00,644 - Fold 1 - Accuracy finale: 92.86%
2025-09-03 19:01:00,644 - === Fold 2/10 ===
2025-09-03 19:01:00,662 - Epoch 1/500 - Train Loss: 1.4449, Train Acc: 30.56% - Val loss: 1.0886, Val Acc: 57.14%
2025-09-03 19:01:02,280 - Early stopping à l'epoch 106
2025-09-03 19:01:02,281 - Fold 2 - Accuracy finale: 85.71%
2025-09-03 19:01:02,281 - === Fold 3/10 ===
2025-09-03 19:01:02,300 - Epoch 1/500 - Train Loss: 1.4273, Train Acc: 32.94% - Val loss: 1.1897, Val Acc: 42.86%
2025-09-03 19:01:04,797 - Early stopping à l'epoch 165
2025-09-03 19:01:04,798 - Fold 3 - Accuracy finale: 89.29%
2025-09-03 19:01:04,798 - === Fold 4/10 ===
2025-09-03 19:01:04,818 - Epoch 1/500 - Train Loss: 1.2677, Train Acc: 42.46% - Val loss: 0.8801, Val Acc: 57.14%
2025-09-03 19:01:07,850 - Epoch 201/500 - Train Loss: 0.0396, Train Acc: 98.81% - Val loss: 0.0483, Val Acc: 96.43%
2025-09-03 19:01:10,829 - Early stopping à l'epoch 396
2025-09-03 19:01:10,831 - Fold 4 - Accuracy finale: 96.43%
2025-09-03 19:01:10,831 - === Fold 5/10 ===
2025-09-03 19:01:10,849 - Epoch 1/500 - Train Loss: 1.4579, Train Acc: 36.90% - Val loss: 1.0699, Val Acc: 46.43%
2025-09-03 19:01:12,970 - Early stopping à l'epoch 140
2025-09-03 19:01:12,971 - Fold 5 - Accuracy finale: 92.86%
2025-09-03 19:01:12,971 - === Fold 6/10 ===
2025-09-03 19:01:12,989 - Epoch 1/500 - Train Loss: 1.4559, Train Acc: 35.32% - Val loss: 0.9866, Val Acc: 53.57%
2025-09-03 19:01:14,966 - Early stopping à l'epoch 133
2025-09-03 19:01:14,967 - Fold 6 - Accuracy finale: 92.86%
2025-09-03 19:01:14,968 - === Fold 7/10 ===
2025-09-03 19:01:14,987 - Epoch 1/500 - Train Loss: 1.5049, Train Acc: 29.76% - Val loss: 1.1563, Val Acc: 35.71%
2025-09-03 19:01:17,984 - Epoch 201/500 - Train Loss: 0.0145, Train Acc: 99.60% - Val loss: 0.2521, Val Acc: 96.43%
2025-09-03 19:01:18,484 - Early stopping à l'epoch 234
2025-09-03 19:01:18,485 - Fold 7 - Accuracy finale: 96.43%
2025-09-03 19:01:18,485 - === Fold 8/10 ===
2025-09-03 19:01:18,504 - Epoch 1/500 - Train Loss: 1.4580, Train Acc: 33.33% - Val loss: 1.0777, Val Acc: 50.00%
2025-09-03 19:01:21,538 - Epoch 201/500 - Train Loss: 0.0588, Train Acc: 98.02% - Val loss: 0.5918, Val Acc: 82.14%
2025-09-03 19:01:22,962 - Early stopping à l'epoch 296
2025-09-03 19:01:22,963 - Fold 8 - Accuracy finale: 92.86%
2025-09-03 19:01:22,963 - === Fold 9/10 ===
2025-09-03 19:01:22,982 - Epoch 1/500 - Train Loss: 1.3648, Train Acc: 35.32% - Val loss: 1.0872, Val Acc: 50.00%
2025-09-03 19:01:24,767 - Early stopping à l'epoch 119
2025-09-03 19:01:24,768 - Fold 9 - Accuracy finale: 89.29%
2025-09-03 19:01:24,768 - === Fold 10/10 ===
2025-09-03 19:01:24,787 - Epoch 1/500 - Train Loss: 1.4874, Train Acc: 33.73% - Val loss: 1.1794, Val Acc: 32.14%
2025-09-03 19:01:26,377 - Early stopping à l'epoch 107
2025-09-03 19:01:26,378 - Fold 10 - Accuracy finale: 89.29%
2025-09-03 19:01:26,379 - 
2025-09-03 19:01:26,379 - Résultats de la validation croisée
2025-09-03 19:01:26,379 - 
2025-09-03 19:01:26,379 - Accuracy moyenne: 91.79% ± 3.21%
2025-09-03 19:01:26,379 - Loss moyenne: 0.4277 ± 0.1980
2025-09-03 19:01:26,379 - Nombre d'epochs moyen: 189
2025-09-03 19:01:26,379 - Accuracy par fold: ['92.86%', '85.71%', '89.29%', '96.43%', '92.86%', '92.86%', '96.43%', '92.86%', '89.29%', '89.29%']

2025-09-03 19:01:26,379 - Variable candidate tBodyAcc-mad()-X testée
2025-09-03 19:01:26,379 - 
2025-09-03 19:01:26,379 - === Fold 1/10 ===
2025-09-03 19:01:26,399 - Epoch 1/500 - Train Loss: 1.5624, Train Acc: 26.98% - Val loss: 1.1490, Val Acc: 39.29%
2025-09-03 19:01:28,465 - Early stopping à l'epoch 139
2025-09-03 19:01:28,466 - Fold 1 - Accuracy finale: 96.43%
2025-09-03 19:01:28,466 - === Fold 2/10 ===
2025-09-03 19:01:28,485 - Epoch 1/500 - Train Loss: 1.4165, Train Acc: 30.56% - Val loss: 1.1201, Val Acc: 46.43%
2025-09-03 19:01:31,507 - Epoch 201/500 - Train Loss: 0.0078, Train Acc: 100.00% - Val loss: 0.6255, Val Acc: 89.29%
2025-09-03 19:01:32,155 - Early stopping à l'epoch 243
2025-09-03 19:01:32,156 - Fold 2 - Accuracy finale: 89.29%
2025-09-03 19:01:32,156 - === Fold 3/10 ===
2025-09-03 19:01:32,178 - Epoch 1/500 - Train Loss: 1.3630, Train Acc: 33.33% - Val loss: 1.2199, Val Acc: 35.71%
2025-09-03 19:01:35,258 - Epoch 201/500 - Train Loss: 0.0013, Train Acc: 100.00% - Val loss: 0.3849, Val Acc: 92.86%
2025-09-03 19:01:35,701 - Early stopping à l'epoch 230
2025-09-03 19:01:35,702 - Fold 3 - Accuracy finale: 96.43%
2025-09-03 19:01:35,702 - === Fold 4/10 ===
2025-09-03 19:01:35,721 - Epoch 1/500 - Train Loss: 1.3774, Train Acc: 32.94% - Val loss: 1.0857, Val Acc: 57.14%
2025-09-03 19:01:38,744 - Epoch 201/500 - Train Loss: 0.0371, Train Acc: 98.41% - Val loss: 0.3386, Val Acc: 96.43%
2025-09-03 19:01:40,166 - Early stopping à l'epoch 296
2025-09-03 19:01:40,167 - Fold 4 - Accuracy finale: 100.00%
2025-09-03 19:01:40,167 - === Fold 5/10 ===
2025-09-03 19:01:40,186 - Epoch 1/500 - Train Loss: 1.4789, Train Acc: 30.56% - Val loss: 1.1236, Val Acc: 50.00%
2025-09-03 19:01:42,930 - Early stopping à l'epoch 184
2025-09-03 19:01:42,932 - Fold 5 - Accuracy finale: 89.29%
2025-09-03 19:01:42,932 - === Fold 6/10 ===
2025-09-03 19:01:42,951 - Epoch 1/500 - Train Loss: 1.5286, Train Acc: 32.14% - Val loss: 1.1410, Val Acc: 42.86%
2025-09-03 19:01:45,793 - Early stopping à l'epoch 190
2025-09-03 19:01:45,795 - Fold 6 - Accuracy finale: 96.43%
2025-09-03 19:01:45,795 - === Fold 7/10 ===
2025-09-03 19:01:45,818 - Epoch 1/500 - Train Loss: 1.4639, Train Acc: 30.56% - Val loss: 1.1586, Val Acc: 42.86%
2025-09-03 19:01:48,872 - Epoch 201/500 - Train Loss: 0.0049, Train Acc: 100.00% - Val loss: 0.1434, Val Acc: 96.43%
2025-09-03 19:01:49,853 - Early stopping à l'epoch 264
2025-09-03 19:01:49,854 - Fold 7 - Accuracy finale: 96.43%
2025-09-03 19:01:49,854 - === Fold 8/10 ===
2025-09-03 19:01:49,873 - Epoch 1/500 - Train Loss: 1.4457, Train Acc: 32.94% - Val loss: 1.1131, Val Acc: 42.86%
2025-09-03 19:01:52,735 - Early stopping à l'epoch 189
2025-09-03 19:01:52,736 - Fold 8 - Accuracy finale: 92.86%
2025-09-03 19:01:52,736 - === Fold 9/10 ===
2025-09-03 19:01:52,755 - Epoch 1/500 - Train Loss: 1.4082, Train Acc: 31.75% - Val loss: 1.1745, Val Acc: 39.29%
2025-09-03 19:01:55,759 - Epoch 201/500 - Train Loss: 0.0141, Train Acc: 99.60% - Val loss: 0.1286, Val Acc: 96.43%
2025-09-03 19:01:57,030 - Early stopping à l'epoch 285
2025-09-03 19:01:57,031 - Fold 9 - Accuracy finale: 96.43%
2025-09-03 19:01:57,031 - === Fold 10/10 ===
2025-09-03 19:01:57,050 - Epoch 1/500 - Train Loss: 1.4718, Train Acc: 32.94% - Val loss: 1.1950, Val Acc: 32.14%
2025-09-03 19:01:58,529 - Early stopping à l'epoch 98
2025-09-03 19:01:58,530 - Fold 10 - Accuracy finale: 89.29%
2025-09-03 19:01:58,530 - 
2025-09-03 19:01:58,530 - Résultats de la validation croisée
2025-09-03 19:01:58,530 - 
2025-09-03 19:01:58,530 - Accuracy moyenne: 94.29% ± 3.64%
2025-09-03 19:01:58,530 - Loss moyenne: 0.3814 ± 0.2474
2025-09-03 19:01:58,530 - Nombre d'epochs moyen: 211
2025-09-03 19:01:58,530 - Accuracy par fold: ['96.43%', '89.29%', '96.43%', '100.00%', '89.29%', '96.43%', '96.43%', '92.86%', '96.43%', '89.29%']

2025-09-03 19:01:58,530 - Variable candidate tBodyAcc-energy()-X testée
2025-09-03 19:01:58,530 - 
2025-09-03 19:01:58,531 - === Fold 1/10 ===
2025-09-03 19:01:58,549 - Epoch 1/500 - Train Loss: 1.5754, Train Acc: 26.59% - Val loss: 1.1152, Val Acc: 42.86%
2025-09-03 19:02:00,663 - Early stopping à l'epoch 140
2025-09-03 19:02:00,664 - Fold 1 - Accuracy finale: 96.43%
2025-09-03 19:02:00,664 - === Fold 2/10 ===
2025-09-03 19:02:00,683 - Epoch 1/500 - Train Loss: 1.4320, Train Acc: 31.35% - Val loss: 1.0899, Val Acc: 50.00%
2025-09-03 19:02:03,075 - Early stopping à l'epoch 156
2025-09-03 19:02:03,076 - Fold 2 - Accuracy finale: 89.29%
2025-09-03 19:02:03,076 - === Fold 3/10 ===
2025-09-03 19:02:03,096 - Epoch 1/500 - Train Loss: 1.4198, Train Acc: 32.94% - Val loss: 1.1927, Val Acc: 42.86%
2025-09-03 19:02:04,679 - Early stopping à l'epoch 106
2025-09-03 19:02:04,680 - Fold 3 - Accuracy finale: 92.86%
2025-09-03 19:02:04,680 - === Fold 4/10 ===
2025-09-03 19:02:04,698 - Epoch 1/500 - Train Loss: 1.2901, Train Acc: 42.06% - Val loss: 0.8943, Val Acc: 67.86%
2025-09-03 19:02:07,784 - Epoch 201/500 - Train Loss: 0.0031, Train Acc: 100.00% - Val loss: 0.1301, Val Acc: 96.43%
2025-09-03 19:02:07,934 - Early stopping à l'epoch 211
2025-09-03 19:02:07,935 - Fold 4 - Accuracy finale: 96.43%
2025-09-03 19:02:07,935 - === Fold 5/10 ===
2025-09-03 19:02:07,958 - Epoch 1/500 - Train Loss: 1.4587, Train Acc: 36.90% - Val loss: 1.0808, Val Acc: 46.43%
2025-09-03 19:02:10,356 - Early stopping à l'epoch 160
2025-09-03 19:02:10,357 - Fold 5 - Accuracy finale: 85.71%
2025-09-03 19:02:10,357 - === Fold 6/10 ===
2025-09-03 19:02:10,375 - Epoch 1/500 - Train Loss: 1.4752, Train Acc: 34.52% - Val loss: 1.0147, Val Acc: 60.71%
2025-09-03 19:02:12,354 - Early stopping à l'epoch 133
2025-09-03 19:02:12,355 - Fold 6 - Accuracy finale: 92.86%
2025-09-03 19:02:12,355 - === Fold 7/10 ===
2025-09-03 19:02:12,374 - Epoch 1/500 - Train Loss: 1.4973, Train Acc: 30.95% - Val loss: 1.1603, Val Acc: 50.00%
2025-09-03 19:02:15,371 - Epoch 201/500 - Train Loss: 0.0054, Train Acc: 100.00% - Val loss: 0.0996, Val Acc: 96.43%
2025-09-03 19:02:15,857 - Early stopping à l'epoch 232
2025-09-03 19:02:15,858 - Fold 7 - Accuracy finale: 96.43%
2025-09-03 19:02:15,858 - === Fold 8/10 ===
2025-09-03 19:02:15,878 - Epoch 1/500 - Train Loss: 1.4523, Train Acc: 34.52% - Val loss: 1.0786, Val Acc: 50.00%
2025-09-03 19:02:18,123 - Early stopping à l'epoch 150
2025-09-03 19:02:18,124 - Fold 8 - Accuracy finale: 82.14%
2025-09-03 19:02:18,124 - === Fold 9/10 ===
2025-09-03 19:02:18,143 - Epoch 1/500 - Train Loss: 1.3744, Train Acc: 35.32% - Val loss: 1.1077, Val Acc: 50.00%
2025-09-03 19:02:21,110 - Early stopping à l'epoch 196
2025-09-03 19:02:21,111 - Fold 9 - Accuracy finale: 89.29%
2025-09-03 19:02:21,111 - === Fold 10/10 ===
2025-09-03 19:02:21,130 - Epoch 1/500 - Train Loss: 1.4794, Train Acc: 33.73% - Val loss: 1.1731, Val Acc: 32.14%
2025-09-03 19:02:22,654 - Early stopping à l'epoch 102
2025-09-03 19:02:22,655 - Fold 10 - Accuracy finale: 85.71%
2025-09-03 19:02:22,655 - 
2025-09-03 19:02:22,655 - Résultats de la validation croisée
2025-09-03 19:02:22,655 - 
2025-09-03 19:02:22,655 - Accuracy moyenne: 90.71% ± 4.84%
2025-09-03 19:02:22,655 - Loss moyenne: 0.4067 ± 0.2262
2025-09-03 19:02:22,655 - Nombre d'epochs moyen: 158
2025-09-03 19:02:22,655 - Accuracy par fold: ['96.43%', '89.29%', '92.86%', '96.43%', '85.71%', '92.86%', '96.43%', '82.14%', '89.29%', '85.71%']

2025-09-03 19:02:22,655 - Variable candidate tBodyAcc-std()-X testée
2025-09-03 19:02:22,655 - 
2025-09-03 19:02:22,656 - === Fold 1/10 ===
2025-09-03 19:02:22,675 - Epoch 1/500 - Train Loss: 1.5638, Train Acc: 27.38% - Val loss: 1.1485, Val Acc: 42.86%
2025-09-03 19:02:25,425 - Early stopping à l'epoch 182
2025-09-03 19:02:25,426 - Fold 1 - Accuracy finale: 96.43%
2025-09-03 19:02:25,426 - === Fold 2/10 ===
2025-09-03 19:02:25,444 - Epoch 1/500 - Train Loss: 1.4153, Train Acc: 29.76% - Val loss: 1.1190, Val Acc: 46.43%
2025-09-03 19:02:28,018 - Early stopping à l'epoch 172
2025-09-03 19:02:28,019 - Fold 2 - Accuracy finale: 92.86%
2025-09-03 19:02:28,019 - === Fold 3/10 ===
2025-09-03 19:02:28,037 - Epoch 1/500 - Train Loss: 1.3636, Train Acc: 32.94% - Val loss: 1.2183, Val Acc: 35.71%
2025-09-03 19:02:29,959 - Early stopping à l'epoch 127
2025-09-03 19:02:29,960 - Fold 3 - Accuracy finale: 89.29%
2025-09-03 19:02:29,960 - === Fold 4/10 ===
2025-09-03 19:02:29,979 - Epoch 1/500 - Train Loss: 1.3780, Train Acc: 32.14% - Val loss: 1.0866, Val Acc: 57.14%
2025-09-03 19:02:33,035 - Epoch 201/500 - Train Loss: 0.0065, Train Acc: 99.60% - Val loss: 0.1043, Val Acc: 96.43%
2025-09-03 19:02:33,756 - Early stopping à l'epoch 248
2025-09-03 19:02:33,757 - Fold 4 - Accuracy finale: 96.43%
2025-09-03 19:02:33,757 - === Fold 5/10 ===
2025-09-03 19:02:33,776 - Epoch 1/500 - Train Loss: 1.4801, Train Acc: 30.16% - Val loss: 1.1262, Val Acc: 50.00%
2025-09-03 19:02:35,841 - Early stopping à l'epoch 138
2025-09-03 19:02:35,842 - Fold 5 - Accuracy finale: 89.29%
2025-09-03 19:02:35,842 - === Fold 6/10 ===
2025-09-03 19:02:35,860 - Epoch 1/500 - Train Loss: 1.5279, Train Acc: 32.14% - Val loss: 1.1403, Val Acc: 46.43%
2025-09-03 19:02:37,727 - Early stopping à l'epoch 124
2025-09-03 19:02:37,728 - Fold 6 - Accuracy finale: 92.86%
2025-09-03 19:02:37,728 - === Fold 7/10 ===
2025-09-03 19:02:37,747 - Epoch 1/500 - Train Loss: 1.4637, Train Acc: 30.95% - Val loss: 1.1587, Val Acc: 42.86%
2025-09-03 19:02:40,754 - Epoch 201/500 - Train Loss: 0.0073, Train Acc: 100.00% - Val loss: 0.0812, Val Acc: 96.43%
2025-09-03 19:02:42,412 - Early stopping à l'epoch 310
2025-09-03 19:02:42,413 - Fold 7 - Accuracy finale: 96.43%
2025-09-03 19:02:42,414 - === Fold 8/10 ===
2025-09-03 19:02:42,433 - Epoch 1/500 - Train Loss: 1.4452, Train Acc: 33.33% - Val loss: 1.1141, Val Acc: 42.86%
2025-09-03 19:02:45,421 - Epoch 201/500 - Train Loss: 0.0044, Train Acc: 100.00% - Val loss: 0.9839, Val Acc: 92.86%
2025-09-03 19:02:45,617 - Early stopping à l'epoch 214
2025-09-03 19:02:45,618 - Fold 8 - Accuracy finale: 89.29%
2025-09-03 19:02:45,618 - === Fold 9/10 ===
2025-09-03 19:02:45,636 - Epoch 1/500 - Train Loss: 1.4079, Train Acc: 32.54% - Val loss: 1.1787, Val Acc: 39.29%
2025-09-03 19:02:48,624 - Epoch 201/500 - Train Loss: 0.0031, Train Acc: 100.00% - Val loss: 0.0637, Val Acc: 96.43%
2025-09-03 19:02:51,018 - Early stopping à l'epoch 361
2025-09-03 19:02:51,019 - Fold 9 - Accuracy finale: 96.43%
2025-09-03 19:02:51,019 - === Fold 10/10 ===
2025-09-03 19:02:51,037 - Epoch 1/500 - Train Loss: 1.4723, Train Acc: 33.73% - Val loss: 1.1950, Val Acc: 32.14%
2025-09-03 19:02:52,519 - Early stopping à l'epoch 100
2025-09-03 19:02:52,521 - Fold 10 - Accuracy finale: 85.71%
2025-09-03 19:02:52,521 - 
2025-09-03 19:02:52,521 - Résultats de la validation croisée
2025-09-03 19:02:52,521 - 
2025-09-03 19:02:52,521 - Accuracy moyenne: 92.50% ± 3.73%
2025-09-03 19:02:52,521 - Loss moyenne: 0.4640 ± 0.3201
2025-09-03 19:02:52,521 - Nombre d'epochs moyen: 197
2025-09-03 19:02:52,521 - Accuracy par fold: ['96.43%', '92.86%', '89.29%', '96.43%', '89.29%', '92.86%', '96.43%', '89.29%', '96.43%', '85.71%']

2025-09-03 19:02:52,521 - Ajout de la variable tBodyAcc-mad()-X, mean accuracy - std accuracy: 90.6436

2025-09-03 19:02:52,526 - Variables actuellement selectionnées : ['tBodyGyro-mean()-X', 'angle(tBodyGyroMean,gravityMean)', 'fBodyAccMag-mad()', 'tBodyAcc-mad()-X']

2025-09-03 19:02:52,526 - Variable candidate fBodyAcc-bandsEnergy()-1,16 testée
2025-09-03 19:02:52,526 - 
2025-09-03 19:02:52,527 - === Fold 1/10 ===
2025-09-03 19:02:52,545 - Epoch 1/500 - Train Loss: 1.3564, Train Acc: 34.13% - Val loss: 1.0736, Val Acc: 46.43%
2025-09-03 19:02:55,433 - Early stopping à l'epoch 191
2025-09-03 19:02:55,435 - Fold 1 - Accuracy finale: 92.86%
2025-09-03 19:02:55,435 - === Fold 2/10 ===
2025-09-03 19:02:55,452 - Epoch 1/500 - Train Loss: 1.3434, Train Acc: 34.13% - Val loss: 1.0701, Val Acc: 46.43%
2025-09-03 19:02:58,432 - Early stopping à l'epoch 200
2025-09-03 19:02:58,433 - Fold 2 - Accuracy finale: 96.43%
2025-09-03 19:02:58,433 - === Fold 3/10 ===
2025-09-03 19:02:58,451 - Epoch 1/500 - Train Loss: 1.3423, Train Acc: 35.32% - Val loss: 1.1105, Val Acc: 39.29%
2025-09-03 19:03:00,528 - Early stopping à l'epoch 140
2025-09-03 19:03:00,529 - Fold 3 - Accuracy finale: 96.43%
2025-09-03 19:03:00,530 - === Fold 4/10 ===
2025-09-03 19:03:00,548 - Epoch 1/500 - Train Loss: 1.4531, Train Acc: 28.17% - Val loss: 1.1832, Val Acc: 39.29%
2025-09-03 19:03:03,313 - Early stopping à l'epoch 186
2025-09-03 19:03:03,314 - Fold 4 - Accuracy finale: 92.86%
2025-09-03 19:03:03,314 - === Fold 5/10 ===
2025-09-03 19:03:03,334 - Epoch 1/500 - Train Loss: 1.4322, Train Acc: 30.56% - Val loss: 1.1472, Val Acc: 42.86%
2025-09-03 19:03:05,629 - Early stopping à l'epoch 154
2025-09-03 19:03:05,630 - Fold 5 - Accuracy finale: 82.14%
2025-09-03 19:03:05,630 - === Fold 6/10 ===
2025-09-03 19:03:05,648 - Epoch 1/500 - Train Loss: 1.4078, Train Acc: 28.57% - Val loss: 1.1136, Val Acc: 46.43%
2025-09-03 19:03:08,227 - Early stopping à l'epoch 173
2025-09-03 19:03:08,228 - Fold 6 - Accuracy finale: 96.43%
2025-09-03 19:03:08,228 - === Fold 7/10 ===
2025-09-03 19:03:08,246 - Epoch 1/500 - Train Loss: 1.3385, Train Acc: 35.32% - Val loss: 1.1190, Val Acc: 35.71%
2025-09-03 19:03:10,692 - Early stopping à l'epoch 164
2025-09-03 19:03:10,693 - Fold 7 - Accuracy finale: 96.43%
2025-09-03 19:03:10,694 - === Fold 8/10 ===
2025-09-03 19:03:10,712 - Epoch 1/500 - Train Loss: 1.3014, Train Acc: 42.06% - Val loss: 0.9801, Val Acc: 53.57%
2025-09-03 19:03:13,703 - Epoch 201/500 - Train Loss: 0.0615, Train Acc: 96.43% - Val loss: 0.0762, Val Acc: 96.43%
2025-09-03 19:03:14,991 - Early stopping à l'epoch 287
2025-09-03 19:03:14,992 - Fold 8 - Accuracy finale: 96.43%
2025-09-03 19:03:14,992 - === Fold 9/10 ===
2025-09-03 19:03:15,010 - Epoch 1/500 - Train Loss: 1.2923, Train Acc: 36.11% - Val loss: 1.0834, Val Acc: 39.29%
2025-09-03 19:03:18,013 - Epoch 201/500 - Train Loss: 0.0021, Train Acc: 100.00% - Val loss: 0.2567, Val Acc: 92.86%
2025-09-03 19:03:18,832 - Early stopping à l'epoch 252
2025-09-03 19:03:18,834 - Fold 9 - Accuracy finale: 85.71%
2025-09-03 19:03:18,834 - === Fold 10/10 ===
2025-09-03 19:03:18,852 - Epoch 1/500 - Train Loss: 1.3678, Train Acc: 32.94% - Val loss: 1.1321, Val Acc: 42.86%
2025-09-03 19:03:20,334 - Early stopping à l'epoch 99
2025-09-03 19:03:20,335 - Fold 10 - Accuracy finale: 85.71%
2025-09-03 19:03:20,335 - 
2025-09-03 19:03:20,335 - Résultats de la validation croisée
2025-09-03 19:03:20,335 - 
2025-09-03 19:03:20,335 - Accuracy moyenne: 92.14% ± 5.25%
2025-09-03 19:03:20,335 - Loss moyenne: 0.3468 ± 0.3030
2025-09-03 19:03:20,335 - Nombre d'epochs moyen: 184
2025-09-03 19:03:20,335 - Accuracy par fold: ['92.86%', '96.43%', '96.43%', '92.86%', '82.14%', '96.43%', '96.43%', '96.43%', '85.71%', '85.71%']

2025-09-03 19:03:20,335 - Variable candidate fBodyAccMag-std() testée
2025-09-03 19:03:20,335 - 
2025-09-03 19:03:20,336 - === Fold 1/10 ===
2025-09-03 19:03:20,355 - Epoch 1/500 - Train Loss: 1.4077, Train Acc: 27.38% - Val loss: 1.1641, Val Acc: 35.71%
2025-09-03 19:03:23,201 - Early stopping à l'epoch 189
2025-09-03 19:03:23,202 - Fold 1 - Accuracy finale: 92.86%
2025-09-03 19:03:23,202 - === Fold 2/10 ===
2025-09-03 19:03:23,221 - Epoch 1/500 - Train Loss: 1.3713, Train Acc: 32.54% - Val loss: 1.1452, Val Acc: 46.43%
2025-09-03 19:03:26,112 - Early stopping à l'epoch 192
2025-09-03 19:03:26,113 - Fold 2 - Accuracy finale: 92.86%
2025-09-03 19:03:26,113 - === Fold 3/10 ===
2025-09-03 19:03:26,133 - Epoch 1/500 - Train Loss: 1.3910, Train Acc: 30.95% - Val loss: 1.1752, Val Acc: 35.71%
2025-09-03 19:03:28,386 - Early stopping à l'epoch 148
2025-09-03 19:03:28,387 - Fold 3 - Accuracy finale: 96.43%
2025-09-03 19:03:28,387 - === Fold 4/10 ===
2025-09-03 19:03:28,406 - Epoch 1/500 - Train Loss: 1.4715, Train Acc: 26.19% - Val loss: 1.2245, Val Acc: 35.71%
2025-09-03 19:03:31,455 - Epoch 201/500 - Train Loss: 0.0007, Train Acc: 100.00% - Val loss: 0.0574, Val Acc: 96.43%
2025-09-03 19:03:32,196 - Early stopping à l'epoch 250
2025-09-03 19:03:32,197 - Fold 4 - Accuracy finale: 96.43%
2025-09-03 19:03:32,197 - === Fold 5/10 ===
2025-09-03 19:03:32,216 - Epoch 1/500 - Train Loss: 1.4617, Train Acc: 29.37% - Val loss: 1.1858, Val Acc: 35.71%
2025-09-03 19:03:35,013 - Early stopping à l'epoch 183
2025-09-03 19:03:35,014 - Fold 5 - Accuracy finale: 85.71%
2025-09-03 19:03:35,015 - === Fold 6/10 ===
2025-09-03 19:03:35,035 - Epoch 1/500 - Train Loss: 1.4230, Train Acc: 27.78% - Val loss: 1.1430, Val Acc: 39.29%
2025-09-03 19:03:36,931 - Early stopping à l'epoch 127
2025-09-03 19:03:36,932 - Fold 6 - Accuracy finale: 92.86%
2025-09-03 19:03:36,932 - === Fold 7/10 ===
2025-09-03 19:03:36,950 - Epoch 1/500 - Train Loss: 1.3866, Train Acc: 32.14% - Val loss: 1.2066, Val Acc: 35.71%
2025-09-03 19:03:39,990 - Epoch 201/500 - Train Loss: 0.1454, Train Acc: 96.03% - Val loss: 0.0082, Val Acc: 100.00%
2025-09-03 19:03:42,355 - Early stopping à l'epoch 356
2025-09-03 19:03:42,356 - Fold 7 - Accuracy finale: 100.00%
2025-09-03 19:03:42,356 - === Fold 8/10 ===
2025-09-03 19:03:42,375 - Epoch 1/500 - Train Loss: 1.3377, Train Acc: 35.32% - Val loss: 1.0980, Val Acc: 39.29%
2025-09-03 19:03:45,399 - Epoch 201/500 - Train Loss: 0.0031, Train Acc: 100.00% - Val loss: 0.3408, Val Acc: 89.29%
2025-09-03 19:03:46,488 - Early stopping à l'epoch 271
2025-09-03 19:03:46,489 - Fold 8 - Accuracy finale: 92.86%
2025-09-03 19:03:46,489 - === Fold 9/10 ===
2025-09-03 19:03:46,508 - Epoch 1/500 - Train Loss: 1.3094, Train Acc: 34.52% - Val loss: 1.1060, Val Acc: 39.29%
2025-09-03 19:03:49,578 - Epoch 201/500 - Train Loss: 0.0008, Train Acc: 100.00% - Val loss: 0.2267, Val Acc: 96.43%
2025-09-03 19:03:49,777 - Early stopping à l'epoch 214
2025-09-03 19:03:49,778 - Fold 9 - Accuracy finale: 96.43%
2025-09-03 19:03:49,778 - === Fold 10/10 ===
2025-09-03 19:03:49,798 - Epoch 1/500 - Train Loss: 1.4003, Train Acc: 31.35% - Val loss: 1.1773, Val Acc: 42.86%
2025-09-03 19:03:51,598 - Early stopping à l'epoch 118
2025-09-03 19:03:51,599 - Fold 10 - Accuracy finale: 85.71%
2025-09-03 19:03:51,599 - 
2025-09-03 19:03:51,599 - Résultats de la validation croisée
2025-09-03 19:03:51,599 - 
2025-09-03 19:03:51,600 - Accuracy moyenne: 93.21% ± 4.36%
2025-09-03 19:03:51,600 - Loss moyenne: 0.3622 ± 0.2633
2025-09-03 19:03:51,600 - Nombre d'epochs moyen: 204
2025-09-03 19:03:51,600 - Accuracy par fold: ['92.86%', '92.86%', '96.43%', '96.43%', '85.71%', '92.86%', '100.00%', '92.86%', '96.43%', '85.71%']

2025-09-03 19:03:51,600 - Variable candidate fBodyAcc-bandsEnergy()-49,56 testée
2025-09-03 19:03:51,600 - 
2025-09-03 19:03:51,600 - === Fold 1/10 ===
2025-09-03 19:03:51,618 - Epoch 1/500 - Train Loss: 1.3768, Train Acc: 33.73% - Val loss: 1.1234, Val Acc: 39.29%
2025-09-03 19:03:54,656 - Epoch 201/500 - Train Loss: 0.0036, Train Acc: 100.00% - Val loss: 0.1876, Val Acc: 96.43%
2025-09-03 19:03:55,591 - Early stopping à l'epoch 260
2025-09-03 19:03:55,592 - Fold 1 - Accuracy finale: 96.43%
2025-09-03 19:03:55,592 - === Fold 2/10 ===
2025-09-03 19:03:55,610 - Epoch 1/500 - Train Loss: 1.3686, Train Acc: 31.75% - Val loss: 1.1604, Val Acc: 46.43%
2025-09-03 19:03:57,937 - Early stopping à l'epoch 153
2025-09-03 19:03:57,938 - Fold 2 - Accuracy finale: 89.29%
2025-09-03 19:03:57,938 - === Fold 3/10 ===
2025-09-03 19:03:57,958 - Epoch 1/500 - Train Loss: 1.3676, Train Acc: 33.33% - Val loss: 1.1430, Val Acc: 39.29%
2025-09-03 19:04:00,996 - Epoch 201/500 - Train Loss: 0.0026, Train Acc: 100.00% - Val loss: 0.0134, Val Acc: 100.00%
2025-09-03 19:04:02,686 - Early stopping à l'epoch 312
2025-09-03 19:04:02,688 - Fold 3 - Accuracy finale: 100.00%
2025-09-03 19:04:02,688 - === Fold 4/10 ===
2025-09-03 19:04:02,709 - Epoch 1/500 - Train Loss: 1.4802, Train Acc: 26.59% - Val loss: 1.2356, Val Acc: 35.71%
2025-09-03 19:04:05,735 - Epoch 201/500 - Train Loss: 0.1251, Train Acc: 96.03% - Val loss: 0.2686, Val Acc: 82.14%
2025-09-03 19:04:06,490 - Early stopping à l'epoch 251
2025-09-03 19:04:06,491 - Fold 4 - Accuracy finale: 100.00%
2025-09-03 19:04:06,492 - === Fold 5/10 ===
2025-09-03 19:04:06,510 - Epoch 1/500 - Train Loss: 1.4688, Train Acc: 29.37% - Val loss: 1.2003, Val Acc: 35.71%
2025-09-03 19:04:08,485 - Early stopping à l'epoch 131
2025-09-03 19:04:08,486 - Fold 5 - Accuracy finale: 85.71%
2025-09-03 19:04:08,486 - === Fold 6/10 ===
2025-09-03 19:04:08,504 - Epoch 1/500 - Train Loss: 1.4207, Train Acc: 28.57% - Val loss: 1.1643, Val Acc: 35.71%
2025-09-03 19:04:10,342 - Early stopping à l'epoch 122
2025-09-03 19:04:10,343 - Fold 6 - Accuracy finale: 89.29%
2025-09-03 19:04:10,343 - === Fold 7/10 ===
2025-09-03 19:04:10,362 - Epoch 1/500 - Train Loss: 1.3962, Train Acc: 30.95% - Val loss: 1.2064, Val Acc: 32.14%
2025-09-03 19:04:12,524 - Early stopping à l'epoch 144
2025-09-03 19:04:12,526 - Fold 7 - Accuracy finale: 92.86%
2025-09-03 19:04:12,526 - === Fold 8/10 ===
2025-09-03 19:04:12,544 - Epoch 1/500 - Train Loss: 1.3371, Train Acc: 37.70% - Val loss: 1.0878, Val Acc: 46.43%
2025-09-03 19:04:15,567 - Epoch 201/500 - Train Loss: 0.0022, Train Acc: 100.00% - Val loss: 0.1453, Val Acc: 89.29%
2025-09-03 19:04:16,167 - Early stopping à l'epoch 240
2025-09-03 19:04:16,168 - Fold 8 - Accuracy finale: 89.29%
2025-09-03 19:04:16,168 - === Fold 9/10 ===
2025-09-03 19:04:16,186 - Epoch 1/500 - Train Loss: 1.3030, Train Acc: 37.70% - Val loss: 1.1409, Val Acc: 53.57%
2025-09-03 19:04:19,178 - Epoch 201/500 - Train Loss: 0.0041, Train Acc: 100.00% - Val loss: 0.0362, Val Acc: 96.43%
2025-09-03 19:04:20,931 - Early stopping à l'epoch 317
2025-09-03 19:04:20,932 - Fold 9 - Accuracy finale: 100.00%
2025-09-03 19:04:20,932 - === Fold 10/10 ===
2025-09-03 19:04:20,951 - Epoch 1/500 - Train Loss: 1.4077, Train Acc: 33.33% - Val loss: 1.1814, Val Acc: 35.71%
2025-09-03 19:04:22,630 - Early stopping à l'epoch 112
2025-09-03 19:04:22,632 - Fold 10 - Accuracy finale: 89.29%
2025-09-03 19:04:22,632 - 
2025-09-03 19:04:22,632 - Résultats de la validation croisée
2025-09-03 19:04:22,632 - 
2025-09-03 19:04:22,632 - Accuracy moyenne: 93.21% ± 5.16%
2025-09-03 19:04:22,632 - Loss moyenne: 0.2617 ± 0.2056
2025-09-03 19:04:22,632 - Nombre d'epochs moyen: 204
2025-09-03 19:04:22,632 - Accuracy par fold: ['96.43%', '89.29%', '100.00%', '100.00%', '85.71%', '89.29%', '92.86%', '89.29%', '100.00%', '89.29%']

2025-09-03 19:04:22,632 - Variable candidate tGravityAcc-entropy()-Y testée
2025-09-03 19:04:22,632 - 
2025-09-03 19:04:22,633 - === Fold 1/10 ===
2025-09-03 19:04:22,652 - Epoch 1/500 - Train Loss: 1.2768, Train Acc: 42.06% - Val loss: 1.1695, Val Acc: 42.86%
2025-09-03 19:04:24,931 - Early stopping à l'epoch 150
2025-09-03 19:04:24,932 - Fold 1 - Accuracy finale: 85.71%
2025-09-03 19:04:24,932 - === Fold 2/10 ===
2025-09-03 19:04:24,951 - Epoch 1/500 - Train Loss: 1.3672, Train Acc: 31.75% - Val loss: 1.0920, Val Acc: 46.43%
2025-09-03 19:04:27,988 - Epoch 201/500 - Train Loss: 0.0012, Train Acc: 100.00% - Val loss: 0.7803, Val Acc: 89.29%
2025-09-03 19:04:28,094 - Early stopping à l'epoch 208
2025-09-03 19:04:28,096 - Fold 2 - Accuracy finale: 89.29%
2025-09-03 19:04:28,096 - === Fold 3/10 ===
2025-09-03 19:04:28,191 - Epoch 1/500 - Train Loss: 1.2968, Train Acc: 37.30% - Val loss: 0.9546, Val Acc: 50.00%
2025-09-03 19:04:30,102 - Early stopping à l'epoch 127
2025-09-03 19:04:30,104 - Fold 3 - Accuracy finale: 89.29%
2025-09-03 19:04:30,104 - === Fold 4/10 ===
2025-09-03 19:04:30,123 - Epoch 1/500 - Train Loss: 1.4863, Train Acc: 33.73% - Val loss: 1.1878, Val Acc: 50.00%
2025-09-03 19:04:31,718 - Early stopping à l'epoch 104
2025-09-03 19:04:31,719 - Fold 4 - Accuracy finale: 92.86%
2025-09-03 19:04:31,719 - === Fold 5/10 ===
2025-09-03 19:04:31,738 - Epoch 1/500 - Train Loss: 1.4510, Train Acc: 32.54% - Val loss: 1.0882, Val Acc: 50.00%
2025-09-03 19:04:34,803 - Epoch 201/500 - Train Loss: 0.0008, Train Acc: 100.00% - Val loss: 0.3882, Val Acc: 92.86%
2025-09-03 19:04:35,097 - Early stopping à l'epoch 220
2025-09-03 19:04:35,098 - Fold 5 - Accuracy finale: 92.86%
2025-09-03 19:04:35,098 - === Fold 6/10 ===
2025-09-03 19:04:35,117 - Epoch 1/500 - Train Loss: 1.4438, Train Acc: 32.14% - Val loss: 1.1265, Val Acc: 46.43%
2025-09-03 19:04:36,850 - Early stopping à l'epoch 116
2025-09-03 19:04:36,851 - Fold 6 - Accuracy finale: 89.29%
2025-09-03 19:04:36,851 - === Fold 7/10 ===
2025-09-03 19:04:36,870 - Epoch 1/500 - Train Loss: 1.4229, Train Acc: 31.75% - Val loss: 1.1671, Val Acc: 32.14%
2025-09-03 19:04:38,806 - Early stopping à l'epoch 128
2025-09-03 19:04:38,807 - Fold 7 - Accuracy finale: 96.43%
2025-09-03 19:04:38,807 - === Fold 8/10 ===
2025-09-03 19:04:38,825 - Epoch 1/500 - Train Loss: 1.3342, Train Acc: 38.89% - Val loss: 1.0424, Val Acc: 53.57%
2025-09-03 19:04:40,664 - Early stopping à l'epoch 123
2025-09-03 19:04:40,665 - Fold 8 - Accuracy finale: 85.71%
2025-09-03 19:04:40,665 - === Fold 9/10 ===
2025-09-03 19:04:40,684 - Epoch 1/500 - Train Loss: 1.3155, Train Acc: 38.49% - Val loss: 1.1524, Val Acc: 53.57%
2025-09-03 19:04:42,174 - Early stopping à l'epoch 100
2025-09-03 19:04:42,175 - Fold 9 - Accuracy finale: 92.86%
2025-09-03 19:04:42,175 - === Fold 10/10 ===
2025-09-03 19:04:42,193 - Epoch 1/500 - Train Loss: 1.3742, Train Acc: 39.29% - Val loss: 1.1439, Val Acc: 57.14%
2025-09-03 19:04:44,707 - Early stopping à l'epoch 169
2025-09-03 19:04:44,708 - Fold 10 - Accuracy finale: 89.29%
2025-09-03 19:04:44,708 - 
2025-09-03 19:04:44,708 - Résultats de la validation croisée
2025-09-03 19:04:44,708 - 
2025-09-03 19:04:44,708 - Accuracy moyenne: 90.36% ± 3.21%
2025-09-03 19:04:44,708 - Loss moyenne: 0.5373 ± 0.1763
2025-09-03 19:04:44,708 - Nombre d'epochs moyen: 144
2025-09-03 19:04:44,708 - Accuracy par fold: ['85.71%', '89.29%', '89.29%', '92.86%', '92.86%', '89.29%', '96.43%', '85.71%', '92.86%', '89.29%']

2025-09-03 19:04:44,708 - Variable candidate fBodyAcc-bandsEnergy()-41,48 testée
2025-09-03 19:04:44,708 - 
2025-09-03 19:04:44,709 - === Fold 1/10 ===
2025-09-03 19:04:44,727 - Epoch 1/500 - Train Loss: 1.3674, Train Acc: 34.52% - Val loss: 1.1325, Val Acc: 39.29%
2025-09-03 19:04:47,735 - Epoch 201/500 - Train Loss: 0.0188, Train Acc: 99.21% - Val loss: 0.3458, Val Acc: 89.29%
2025-09-03 19:04:48,033 - Early stopping à l'epoch 221
2025-09-03 19:04:48,034 - Fold 1 - Accuracy finale: 92.86%
2025-09-03 19:04:48,034 - === Fold 2/10 ===
2025-09-03 19:04:48,053 - Epoch 1/500 - Train Loss: 1.3601, Train Acc: 31.75% - Val loss: 1.1464, Val Acc: 42.86%
2025-09-03 19:04:50,203 - Early stopping à l'epoch 144
2025-09-03 19:04:50,204 - Fold 2 - Accuracy finale: 92.86%
2025-09-03 19:04:50,205 - === Fold 3/10 ===
2025-09-03 19:04:50,223 - Epoch 1/500 - Train Loss: 1.3624, Train Acc: 33.33% - Val loss: 1.1306, Val Acc: 39.29%
2025-09-03 19:04:51,979 - Early stopping à l'epoch 117
2025-09-03 19:04:51,980 - Fold 3 - Accuracy finale: 96.43%
2025-09-03 19:04:51,981 - === Fold 4/10 ===
2025-09-03 19:04:51,999 - Epoch 1/500 - Train Loss: 1.4766, Train Acc: 26.19% - Val loss: 1.2342, Val Acc: 35.71%
2025-09-03 19:04:54,941 - Early stopping à l'epoch 196
2025-09-03 19:04:54,942 - Fold 4 - Accuracy finale: 96.43%
2025-09-03 19:04:54,942 - === Fold 5/10 ===
2025-09-03 19:04:54,961 - Epoch 1/500 - Train Loss: 1.4641, Train Acc: 29.37% - Val loss: 1.1960, Val Acc: 35.71%
2025-09-03 19:04:57,976 - Epoch 201/500 - Train Loss: 0.0022, Train Acc: 100.00% - Val loss: 0.8450, Val Acc: 89.29%
2025-09-03 19:04:58,414 - Early stopping à l'epoch 230
2025-09-03 19:04:58,415 - Fold 5 - Accuracy finale: 89.29%
2025-09-03 19:04:58,415 - === Fold 6/10 ===
2025-09-03 19:04:58,433 - Epoch 1/500 - Train Loss: 1.4115, Train Acc: 27.78% - Val loss: 1.1443, Val Acc: 39.29%
2025-09-03 19:05:00,833 - Early stopping à l'epoch 158
2025-09-03 19:05:00,835 - Fold 6 - Accuracy finale: 85.71%
2025-09-03 19:05:00,835 - === Fold 7/10 ===
2025-09-03 19:05:00,854 - Epoch 1/500 - Train Loss: 1.3835, Train Acc: 32.14% - Val loss: 1.1968, Val Acc: 32.14%
2025-09-03 19:05:02,909 - Early stopping à l'epoch 134
2025-09-03 19:05:02,910 - Fold 7 - Accuracy finale: 92.86%
2025-09-03 19:05:02,910 - === Fold 8/10 ===
2025-09-03 19:05:02,929 - Epoch 1/500 - Train Loss: 1.3380, Train Acc: 38.10% - Val loss: 1.0905, Val Acc: 53.57%
2025-09-03 19:05:05,591 - Early stopping à l'epoch 175
2025-09-03 19:05:05,592 - Fold 8 - Accuracy finale: 92.86%
2025-09-03 19:05:05,592 - === Fold 9/10 ===
2025-09-03 19:05:05,611 - Epoch 1/500 - Train Loss: 1.3035, Train Acc: 34.92% - Val loss: 1.1032, Val Acc: 42.86%
2025-09-03 19:05:08,625 - Epoch 201/500 - Train Loss: 0.0018, Train Acc: 100.00% - Val loss: 0.1352, Val Acc: 96.43%
2025-09-03 19:05:09,334 - Early stopping à l'epoch 248
2025-09-03 19:05:09,335 - Fold 9 - Accuracy finale: 92.86%
2025-09-03 19:05:09,335 - === Fold 10/10 ===
2025-09-03 19:05:09,353 - Epoch 1/500 - Train Loss: 1.3979, Train Acc: 31.35% - Val loss: 1.1612, Val Acc: 42.86%
2025-09-03 19:05:11,207 - Early stopping à l'epoch 124
2025-09-03 19:05:11,208 - Fold 10 - Accuracy finale: 89.29%
2025-09-03 19:05:11,208 - 
2025-09-03 19:05:11,208 - Résultats de la validation croisée
2025-09-03 19:05:11,208 - 
2025-09-03 19:05:11,208 - Accuracy moyenne: 92.14% ± 3.11%
2025-09-03 19:05:11,209 - Loss moyenne: 0.4108 ± 0.2688
2025-09-03 19:05:11,209 - Nombre d'epochs moyen: 174
2025-09-03 19:05:11,209 - Accuracy par fold: ['92.86%', '92.86%', '96.43%', '96.43%', '89.29%', '85.71%', '92.86%', '92.86%', '92.86%', '89.29%']

2025-09-03 19:05:11,209 - Variable candidate fBodyAccJerk-bandsEnergy()-1,16 testée
2025-09-03 19:05:11,209 - 
2025-09-03 19:05:11,209 - === Fold 1/10 ===
2025-09-03 19:05:11,227 - Epoch 1/500 - Train Loss: 1.3691, Train Acc: 32.94% - Val loss: 1.1211, Val Acc: 35.71%
2025-09-03 19:05:13,634 - Early stopping à l'epoch 160
2025-09-03 19:05:13,635 - Fold 1 - Accuracy finale: 92.86%
2025-09-03 19:05:13,635 - === Fold 2/10 ===
2025-09-03 19:05:13,654 - Epoch 1/500 - Train Loss: 1.3563, Train Acc: 32.54% - Val loss: 1.1302, Val Acc: 46.43%
2025-09-03 19:05:16,348 - Early stopping à l'epoch 180
2025-09-03 19:05:16,349 - Fold 2 - Accuracy finale: 92.86%
2025-09-03 19:05:16,349 - === Fold 3/10 ===
2025-09-03 19:05:16,369 - Epoch 1/500 - Train Loss: 1.3564, Train Acc: 35.71% - Val loss: 1.1431, Val Acc: 35.71%
2025-09-03 19:05:19,332 - Early stopping à l'epoch 195
2025-09-03 19:05:19,333 - Fold 3 - Accuracy finale: 100.00%
2025-09-03 19:05:19,333 - === Fold 4/10 ===
2025-09-03 19:05:19,351 - Epoch 1/500 - Train Loss: 1.4731, Train Acc: 26.19% - Val loss: 1.2397, Val Acc: 35.71%
2025-09-03 19:05:22,381 - Epoch 201/500 - Train Loss: 0.0011, Train Acc: 100.00% - Val loss: 0.1573, Val Acc: 96.43%
2025-09-03 19:05:22,986 - Early stopping à l'epoch 240
2025-09-03 19:05:22,987 - Fold 4 - Accuracy finale: 96.43%
2025-09-03 19:05:22,987 - === Fold 5/10 ===
2025-09-03 19:05:23,006 - Epoch 1/500 - Train Loss: 1.4510, Train Acc: 29.37% - Val loss: 1.1960, Val Acc: 35.71%
2025-09-03 19:05:25,856 - Early stopping à l'epoch 188
2025-09-03 19:05:25,857 - Fold 5 - Accuracy finale: 92.86%
2025-09-03 19:05:25,857 - === Fold 6/10 ===
2025-09-03 19:05:25,876 - Epoch 1/500 - Train Loss: 1.4176, Train Acc: 28.97% - Val loss: 1.1520, Val Acc: 39.29%
2025-09-03 19:05:27,654 - Early stopping à l'epoch 117
2025-09-03 19:05:27,655 - Fold 6 - Accuracy finale: 92.86%
2025-09-03 19:05:27,655 - === Fold 7/10 ===
2025-09-03 19:05:27,674 - Epoch 1/500 - Train Loss: 1.3755, Train Acc: 33.33% - Val loss: 1.1743, Val Acc: 35.71%
2025-09-03 19:05:30,324 - Early stopping à l'epoch 174
2025-09-03 19:05:30,325 - Fold 7 - Accuracy finale: 92.86%
2025-09-03 19:05:30,325 - === Fold 8/10 ===
2025-09-03 19:05:30,348 - Epoch 1/500 - Train Loss: 1.3373, Train Acc: 39.29% - Val loss: 1.0839, Val Acc: 53.57%
2025-09-03 19:05:33,219 - Early stopping à l'epoch 187
2025-09-03 19:05:33,220 - Fold 8 - Accuracy finale: 92.86%
2025-09-03 19:05:33,220 - === Fold 9/10 ===
2025-09-03 19:05:33,240 - Epoch 1/500 - Train Loss: 1.3130, Train Acc: 35.71% - Val loss: 1.0989, Val Acc: 42.86%
2025-09-03 19:05:35,681 - Early stopping à l'epoch 161
2025-09-03 19:05:35,682 - Fold 9 - Accuracy finale: 92.86%
2025-09-03 19:05:35,682 - === Fold 10/10 ===
2025-09-03 19:05:35,701 - Epoch 1/500 - Train Loss: 1.3886, Train Acc: 31.75% - Val loss: 1.1480, Val Acc: 42.86%
2025-09-03 19:05:37,250 - Early stopping à l'epoch 102
2025-09-03 19:05:37,251 - Fold 10 - Accuracy finale: 82.14%
2025-09-03 19:05:37,251 - 
2025-09-03 19:05:37,251 - Résultats de la validation croisée
2025-09-03 19:05:37,251 - 
2025-09-03 19:05:37,251 - Accuracy moyenne: 92.86% ± 4.23%
2025-09-03 19:05:37,251 - Loss moyenne: 0.3188 ± 0.2706
2025-09-03 19:05:37,251 - Nombre d'epochs moyen: 170
2025-09-03 19:05:37,251 - Accuracy par fold: ['92.86%', '92.86%', '100.00%', '96.43%', '92.86%', '92.86%', '92.86%', '92.86%', '92.86%', '82.14%']

2025-09-03 19:05:37,251 - Variable candidate fBodyAcc-bandsEnergy()-33,48 testée
2025-09-03 19:05:37,251 - 
2025-09-03 19:05:37,252 - === Fold 1/10 ===
2025-09-03 19:05:37,271 - Epoch 1/500 - Train Loss: 1.3718, Train Acc: 33.73% - Val loss: 1.1532, Val Acc: 35.71%
2025-09-03 19:05:40,322 - Epoch 201/500 - Train Loss: 0.0010, Train Acc: 100.00% - Val loss: 0.0060, Val Acc: 100.00%
2025-09-03 19:05:41,232 - Early stopping à l'epoch 261
2025-09-03 19:05:41,233 - Fold 1 - Accuracy finale: 96.43%
2025-09-03 19:05:41,233 - === Fold 2/10 ===
2025-09-03 19:05:41,252 - Epoch 1/500 - Train Loss: 1.3622, Train Acc: 31.75% - Val loss: 1.1482, Val Acc: 42.86%
2025-09-03 19:05:43,132 - Early stopping à l'epoch 126
2025-09-03 19:05:43,133 - Fold 2 - Accuracy finale: 89.29%
2025-09-03 19:05:43,133 - === Fold 3/10 ===
2025-09-03 19:05:43,152 - Epoch 1/500 - Train Loss: 1.3636, Train Acc: 32.94% - Val loss: 1.1381, Val Acc: 39.29%
2025-09-03 19:05:45,619 - Early stopping à l'epoch 166
2025-09-03 19:05:45,620 - Fold 3 - Accuracy finale: 96.43%
2025-09-03 19:05:45,620 - === Fold 4/10 ===
2025-09-03 19:05:45,639 - Epoch 1/500 - Train Loss: 1.4755, Train Acc: 26.59% - Val loss: 1.2376, Val Acc: 35.71%
2025-09-03 19:05:48,629 - Epoch 201/500 - Train Loss: 0.0042, Train Acc: 100.00% - Val loss: 0.0666, Val Acc: 96.43%
2025-09-03 19:05:49,048 - Early stopping à l'epoch 229
2025-09-03 19:05:49,050 - Fold 4 - Accuracy finale: 96.43%
2025-09-03 19:05:49,050 - === Fold 5/10 ===
2025-09-03 19:05:49,068 - Epoch 1/500 - Train Loss: 1.4625, Train Acc: 28.97% - Val loss: 1.1913, Val Acc: 35.71%
2025-09-03 19:05:51,044 - Early stopping à l'epoch 133
2025-09-03 19:05:51,045 - Fold 5 - Accuracy finale: 92.86%
2025-09-03 19:05:51,045 - === Fold 6/10 ===
2025-09-03 19:05:51,063 - Epoch 1/500 - Train Loss: 1.4105, Train Acc: 27.78% - Val loss: 1.1434, Val Acc: 39.29%
2025-09-03 19:05:52,787 - Early stopping à l'epoch 115
2025-09-03 19:05:52,788 - Fold 6 - Accuracy finale: 96.43%
2025-09-03 19:05:52,789 - === Fold 7/10 ===
2025-09-03 19:05:52,807 - Epoch 1/500 - Train Loss: 1.3857, Train Acc: 32.14% - Val loss: 1.1917, Val Acc: 32.14%
2025-09-03 19:05:55,871 - Epoch 201/500 - Train Loss: 0.0073, Train Acc: 99.60% - Val loss: 0.0105, Val Acc: 100.00%
2025-09-03 19:05:56,603 - Early stopping à l'epoch 249
2025-09-03 19:05:56,604 - Fold 7 - Accuracy finale: 100.00%
2025-09-03 19:05:56,604 - === Fold 8/10 ===
2025-09-03 19:05:56,622 - Epoch 1/500 - Train Loss: 1.3426, Train Acc: 38.49% - Val loss: 1.1028, Val Acc: 50.00%
2025-09-03 19:05:59,270 - Early stopping à l'epoch 176
2025-09-03 19:05:59,271 - Fold 8 - Accuracy finale: 92.86%
2025-09-03 19:05:59,271 - === Fold 9/10 ===
2025-09-03 19:05:59,293 - Epoch 1/500 - Train Loss: 1.3081, Train Acc: 34.13% - Val loss: 1.1045, Val Acc: 42.86%
2025-09-03 19:06:02,289 - Epoch 201/500 - Train Loss: 0.0074, Train Acc: 100.00% - Val loss: 0.1461, Val Acc: 96.43%
2025-09-03 19:06:02,977 - Early stopping à l'epoch 247
2025-09-03 19:06:02,978 - Fold 9 - Accuracy finale: 89.29%
2025-09-03 19:06:02,978 - === Fold 10/10 ===
2025-09-03 19:06:02,996 - Epoch 1/500 - Train Loss: 1.3970, Train Acc: 31.75% - Val loss: 1.1605, Val Acc: 39.29%
2025-09-03 19:06:04,947 - Early stopping à l'epoch 131
2025-09-03 19:06:04,949 - Fold 10 - Accuracy finale: 85.71%
2025-09-03 19:06:04,949 - 
2025-09-03 19:06:04,949 - Résultats de la validation croisée
2025-09-03 19:06:04,949 - 
2025-09-03 19:06:04,949 - Accuracy moyenne: 93.57% ± 4.16%
2025-09-03 19:06:04,949 - Loss moyenne: 0.3174 ± 0.2838
2025-09-03 19:06:04,949 - Nombre d'epochs moyen: 183
2025-09-03 19:06:04,949 - Accuracy par fold: ['96.43%', '89.29%', '96.43%', '96.43%', '92.86%', '96.43%', '100.00%', '92.86%', '89.29%', '85.71%']

2025-09-03 19:06:04,949 - Variable candidate fBodyAcc-bandsEnergy()-9,16 testée
2025-09-03 19:06:04,949 - 
2025-09-03 19:06:04,949 - === Fold 1/10 ===
2025-09-03 19:06:04,968 - Epoch 1/500 - Train Loss: 1.3727, Train Acc: 33.33% - Val loss: 1.1295, Val Acc: 35.71%
2025-09-03 19:06:07,891 - Early stopping à l'epoch 196
2025-09-03 19:06:07,892 - Fold 1 - Accuracy finale: 92.86%
2025-09-03 19:06:07,892 - === Fold 2/10 ===
2025-09-03 19:06:07,911 - Epoch 1/500 - Train Loss: 1.3584, Train Acc: 32.94% - Val loss: 1.1707, Val Acc: 46.43%
2025-09-03 19:06:10,094 - Early stopping à l'epoch 147
2025-09-03 19:06:10,095 - Fold 2 - Accuracy finale: 89.29%
2025-09-03 19:06:10,095 - === Fold 3/10 ===
2025-09-03 19:06:10,113 - Epoch 1/500 - Train Loss: 1.3650, Train Acc: 35.32% - Val loss: 1.1399, Val Acc: 35.71%
2025-09-03 19:06:12,252 - Early stopping à l'epoch 143
2025-09-03 19:06:12,253 - Fold 3 - Accuracy finale: 96.43%
2025-09-03 19:06:12,253 - === Fold 4/10 ===
2025-09-03 19:06:12,272 - Epoch 1/500 - Train Loss: 1.4771, Train Acc: 26.59% - Val loss: 1.2409, Val Acc: 35.71%
2025-09-03 19:06:15,298 - Epoch 201/500 - Train Loss: 0.0020, Train Acc: 100.00% - Val loss: 0.0420, Val Acc: 96.43%
2025-09-03 19:06:16,625 - Early stopping à l'epoch 288
2025-09-03 19:06:16,626 - Fold 4 - Accuracy finale: 96.43%
2025-09-03 19:06:16,626 - === Fold 5/10 ===
2025-09-03 19:06:16,645 - Epoch 1/500 - Train Loss: 1.4628, Train Acc: 29.37% - Val loss: 1.2064, Val Acc: 35.71%
2025-09-03 19:06:18,536 - Early stopping à l'epoch 125
2025-09-03 19:06:18,537 - Fold 5 - Accuracy finale: 92.86%
2025-09-03 19:06:18,537 - === Fold 6/10 ===
2025-09-03 19:06:18,556 - Epoch 1/500 - Train Loss: 1.4193, Train Acc: 28.57% - Val loss: 1.1635, Val Acc: 35.71%
2025-09-03 19:06:20,309 - Early stopping à l'epoch 118
2025-09-03 19:06:20,310 - Fold 6 - Accuracy finale: 89.29%
2025-09-03 19:06:20,310 - === Fold 7/10 ===
2025-09-03 19:06:20,329 - Epoch 1/500 - Train Loss: 1.3852, Train Acc: 32.94% - Val loss: 1.1932, Val Acc: 32.14%
2025-09-03 19:06:22,909 - Early stopping à l'epoch 172
2025-09-03 19:06:22,910 - Fold 7 - Accuracy finale: 96.43%
2025-09-03 19:06:22,910 - === Fold 8/10 ===
2025-09-03 19:06:22,929 - Epoch 1/500 - Train Loss: 1.3391, Train Acc: 40.87% - Val loss: 1.0929, Val Acc: 46.43%
2025-09-03 19:06:25,933 - Epoch 201/500 - Train Loss: 0.0019, Train Acc: 100.00% - Val loss: 0.2756, Val Acc: 96.43%
2025-09-03 19:06:26,308 - Early stopping à l'epoch 226
2025-09-03 19:06:26,309 - Fold 8 - Accuracy finale: 96.43%
2025-09-03 19:06:26,309 - === Fold 9/10 ===
2025-09-03 19:06:26,331 - Epoch 1/500 - Train Loss: 1.3129, Train Acc: 34.92% - Val loss: 1.0905, Val Acc: 46.43%
2025-09-03 19:06:28,818 - Early stopping à l'epoch 167
2025-09-03 19:06:28,819 - Fold 9 - Accuracy finale: 96.43%
2025-09-03 19:06:28,819 - === Fold 10/10 ===
2025-09-03 19:06:28,837 - Epoch 1/500 - Train Loss: 1.3963, Train Acc: 31.75% - Val loss: 1.1692, Val Acc: 39.29%
2025-09-03 19:06:30,349 - Early stopping à l'epoch 102
2025-09-03 19:06:30,350 - Fold 10 - Accuracy finale: 92.86%
2025-09-03 19:06:30,350 - 
2025-09-03 19:06:30,350 - Résultats de la validation croisée
2025-09-03 19:06:30,350 - 
2025-09-03 19:06:30,350 - Accuracy moyenne: 93.93% ± 2.79%
2025-09-03 19:06:30,350 - Loss moyenne: 0.4224 ± 0.2770
2025-09-03 19:06:30,350 - Nombre d'epochs moyen: 168
2025-09-03 19:06:30,350 - Accuracy par fold: ['92.86%', '89.29%', '96.43%', '96.43%', '92.86%', '89.29%', '96.43%', '96.43%', '96.43%', '92.86%']

2025-09-03 19:06:30,350 - Variable candidate fBodyAcc-mad()-X testée
2025-09-03 19:06:30,350 - 
2025-09-03 19:06:30,351 - === Fold 1/10 ===
2025-09-03 19:06:30,369 - Epoch 1/500 - Train Loss: 1.4153, Train Acc: 27.78% - Val loss: 1.1862, Val Acc: 35.71%
2025-09-03 19:06:32,836 - Early stopping à l'epoch 164
2025-09-03 19:06:32,837 - Fold 1 - Accuracy finale: 89.29%
2025-09-03 19:06:32,837 - === Fold 2/10 ===
2025-09-03 19:06:32,856 - Epoch 1/500 - Train Loss: 1.3866, Train Acc: 30.56% - Val loss: 1.1936, Val Acc: 46.43%
2025-09-03 19:06:34,714 - Early stopping à l'epoch 125
2025-09-03 19:06:34,715 - Fold 2 - Accuracy finale: 85.71%
2025-09-03 19:06:34,715 - === Fold 3/10 ===
2025-09-03 19:06:34,734 - Epoch 1/500 - Train Loss: 1.3983, Train Acc: 30.16% - Val loss: 1.1765, Val Acc: 35.71%
2025-09-03 19:06:37,178 - Early stopping à l'epoch 163
2025-09-03 19:06:37,179 - Fold 3 - Accuracy finale: 92.86%
2025-09-03 19:06:37,179 - === Fold 4/10 ===
2025-09-03 19:06:37,198 - Epoch 1/500 - Train Loss: 1.4759, Train Acc: 26.19% - Val loss: 1.2420, Val Acc: 35.71%
2025-09-03 19:06:40,267 - Epoch 201/500 - Train Loss: 0.0303, Train Acc: 99.21% - Val loss: 0.1673, Val Acc: 96.43%
2025-09-03 19:06:41,002 - Early stopping à l'epoch 248
2025-09-03 19:06:41,004 - Fold 4 - Accuracy finale: 96.43%
2025-09-03 19:06:41,004 - === Fold 5/10 ===
2025-09-03 19:06:41,022 - Epoch 1/500 - Train Loss: 1.4641, Train Acc: 29.76% - Val loss: 1.2080, Val Acc: 35.71%
2025-09-03 19:06:43,702 - Early stopping à l'epoch 180
2025-09-03 19:06:43,703 - Fold 5 - Accuracy finale: 85.71%
2025-09-03 19:06:43,703 - === Fold 6/10 ===
2025-09-03 19:06:43,721 - Epoch 1/500 - Train Loss: 1.4264, Train Acc: 28.97% - Val loss: 1.1714, Val Acc: 35.71%
2025-09-03 19:06:45,578 - Early stopping à l'epoch 125
2025-09-03 19:06:45,579 - Fold 6 - Accuracy finale: 82.14%
2025-09-03 19:06:45,580 - === Fold 7/10 ===
2025-09-03 19:06:45,598 - Epoch 1/500 - Train Loss: 1.3911, Train Acc: 32.14% - Val loss: 1.2249, Val Acc: 32.14%
2025-09-03 19:06:47,548 - Early stopping à l'epoch 131
2025-09-03 19:06:47,550 - Fold 7 - Accuracy finale: 92.86%
2025-09-03 19:06:47,550 - === Fold 8/10 ===
2025-09-03 19:06:47,568 - Epoch 1/500 - Train Loss: 1.3615, Train Acc: 34.52% - Val loss: 1.1470, Val Acc: 39.29%
2025-09-03 19:06:50,302 - Early stopping à l'epoch 183
2025-09-03 19:06:50,303 - Fold 8 - Accuracy finale: 92.86%
2025-09-03 19:06:50,303 - === Fold 9/10 ===
2025-09-03 19:06:50,322 - Epoch 1/500 - Train Loss: 1.3184, Train Acc: 32.54% - Val loss: 1.1079, Val Acc: 42.86%
2025-09-03 19:06:53,135 - Early stopping à l'epoch 185
2025-09-03 19:06:53,136 - Fold 9 - Accuracy finale: 92.86%
2025-09-03 19:06:53,136 - === Fold 10/10 ===
2025-09-03 19:06:53,155 - Epoch 1/500 - Train Loss: 1.4039, Train Acc: 30.95% - Val loss: 1.1935, Val Acc: 32.14%
2025-09-03 19:06:55,055 - Early stopping à l'epoch 127
2025-09-03 19:06:55,056 - Fold 10 - Accuracy finale: 89.29%
2025-09-03 19:06:55,056 - 
2025-09-03 19:06:55,056 - Résultats de la validation croisée
2025-09-03 19:06:55,057 - 
2025-09-03 19:06:55,057 - Accuracy moyenne: 90.00% ± 4.16%
2025-09-03 19:06:55,057 - Loss moyenne: 0.5071 ± 0.1964
2025-09-03 19:06:55,057 - Nombre d'epochs moyen: 163
2025-09-03 19:06:55,057 - Accuracy par fold: ['89.29%', '85.71%', '92.86%', '96.43%', '85.71%', '82.14%', '92.86%', '92.86%', '92.86%', '89.29%']

2025-09-03 19:06:55,057 - Variable candidate fBodyAcc-bandsEnergy()-1,24 testée
2025-09-03 19:06:55,057 - 
2025-09-03 19:06:55,057 - === Fold 1/10 ===
2025-09-03 19:06:55,076 - Epoch 1/500 - Train Loss: 1.3597, Train Acc: 33.73% - Val loss: 1.0900, Val Acc: 42.86%
2025-09-03 19:06:57,663 - Early stopping à l'epoch 174
2025-09-03 19:06:57,664 - Fold 1 - Accuracy finale: 89.29%
2025-09-03 19:06:57,664 - === Fold 2/10 ===
2025-09-03 19:06:57,682 - Epoch 1/500 - Train Loss: 1.3455, Train Acc: 34.13% - Val loss: 1.0769, Val Acc: 46.43%
2025-09-03 19:07:00,738 - Epoch 201/500 - Train Loss: 0.0010, Train Acc: 100.00% - Val loss: 0.1674, Val Acc: 92.86%
2025-09-03 19:07:01,093 - Early stopping à l'epoch 224
2025-09-03 19:07:01,094 - Fold 2 - Accuracy finale: 92.86%
2025-09-03 19:07:01,094 - === Fold 3/10 ===
2025-09-03 19:07:01,113 - Epoch 1/500 - Train Loss: 1.3458, Train Acc: 34.92% - Val loss: 1.1181, Val Acc: 39.29%
2025-09-03 19:07:03,403 - Early stopping à l'epoch 154
2025-09-03 19:07:03,405 - Fold 3 - Accuracy finale: 96.43%
2025-09-03 19:07:03,405 - === Fold 4/10 ===
2025-09-03 19:07:03,423 - Epoch 1/500 - Train Loss: 1.4576, Train Acc: 26.19% - Val loss: 1.2020, Val Acc: 39.29%
2025-09-03 19:07:05,830 - Early stopping à l'epoch 161
2025-09-03 19:07:05,831 - Fold 4 - Accuracy finale: 96.43%
2025-09-03 19:07:05,832 - === Fold 5/10 ===
2025-09-03 19:07:05,850 - Epoch 1/500 - Train Loss: 1.4369, Train Acc: 29.76% - Val loss: 1.1516, Val Acc: 39.29%
2025-09-03 19:07:08,164 - Early stopping à l'epoch 155
2025-09-03 19:07:08,166 - Fold 5 - Accuracy finale: 89.29%
2025-09-03 19:07:08,166 - === Fold 6/10 ===
2025-09-03 19:07:08,184 - Epoch 1/500 - Train Loss: 1.4090, Train Acc: 28.17% - Val loss: 1.1176, Val Acc: 42.86%
2025-09-03 19:07:11,161 - Early stopping à l'epoch 200
2025-09-03 19:07:11,163 - Fold 6 - Accuracy finale: 92.86%
2025-09-03 19:07:11,163 - === Fold 7/10 ===
2025-09-03 19:07:11,181 - Epoch 1/500 - Train Loss: 1.3426, Train Acc: 35.32% - Val loss: 1.1292, Val Acc: 35.71%
2025-09-03 19:07:13,215 - Early stopping à l'epoch 137
2025-09-03 19:07:13,216 - Fold 7 - Accuracy finale: 96.43%
2025-09-03 19:07:13,216 - === Fold 8/10 ===
2025-09-03 19:07:13,235 - Epoch 1/500 - Train Loss: 1.3059, Train Acc: 41.27% - Val loss: 0.9972, Val Acc: 57.14%
2025-09-03 19:07:16,222 - Epoch 201/500 - Train Loss: 0.0748, Train Acc: 96.43% - Val loss: 0.3584, Val Acc: 89.29%
2025-09-03 19:07:17,355 - Early stopping à l'epoch 273
2025-09-03 19:07:17,356 - Fold 8 - Accuracy finale: 92.86%
2025-09-03 19:07:17,356 - === Fold 9/10 ===
2025-09-03 19:07:17,376 - Epoch 1/500 - Train Loss: 1.2958, Train Acc: 36.11% - Val loss: 1.0863, Val Acc: 39.29%
2025-09-03 19:07:20,427 - Epoch 201/500 - Train Loss: 0.0013, Train Acc: 100.00% - Val loss: 0.0722, Val Acc: 96.43%
2025-09-03 19:07:20,487 - Early stopping à l'epoch 205
2025-09-03 19:07:20,488 - Fold 9 - Accuracy finale: 96.43%
2025-09-03 19:07:20,489 - === Fold 10/10 ===
2025-09-03 19:07:20,508 - Epoch 1/500 - Train Loss: 1.3738, Train Acc: 32.54% - Val loss: 1.1246, Val Acc: 42.86%
2025-09-03 19:07:22,630 - Early stopping à l'epoch 141
2025-09-03 19:07:22,632 - Fold 10 - Accuracy finale: 89.29%
2025-09-03 19:07:22,632 - 
2025-09-03 19:07:22,632 - Résultats de la validation croisée
2025-09-03 19:07:22,632 - 
2025-09-03 19:07:22,632 - Accuracy moyenne: 93.21% ± 2.97%
2025-09-03 19:07:22,632 - Loss moyenne: 0.2983 ± 0.2356
2025-09-03 19:07:22,632 - Nombre d'epochs moyen: 182
2025-09-03 19:07:22,632 - Accuracy par fold: ['89.29%', '92.86%', '96.43%', '96.43%', '89.29%', '92.86%', '96.43%', '92.86%', '96.43%', '89.29%']

2025-09-03 19:07:22,632 - Variable candidate fBodyAcc-std()-X testée
2025-09-03 19:07:22,632 - 
2025-09-03 19:07:22,633 - === Fold 1/10 ===
2025-09-03 19:07:22,651 - Epoch 1/500 - Train Loss: 1.4128, Train Acc: 27.78% - Val loss: 1.1786, Val Acc: 35.71%
2025-09-03 19:07:25,726 - Epoch 201/500 - Train Loss: 0.0145, Train Acc: 99.60% - Val loss: 0.0575, Val Acc: 96.43%
2025-09-03 19:07:26,369 - Early stopping à l'epoch 243
2025-09-03 19:07:26,371 - Fold 1 - Accuracy finale: 96.43%
2025-09-03 19:07:26,371 - === Fold 2/10 ===
2025-09-03 19:07:26,389 - Epoch 1/500 - Train Loss: 1.3828, Train Acc: 31.75% - Val loss: 1.1719, Val Acc: 46.43%
2025-09-03 19:07:29,029 - Early stopping à l'epoch 175
2025-09-03 19:07:29,030 - Fold 2 - Accuracy finale: 92.86%
2025-09-03 19:07:29,030 - === Fold 3/10 ===
2025-09-03 19:07:29,049 - Epoch 1/500 - Train Loss: 1.3939, Train Acc: 29.76% - Val loss: 1.1734, Val Acc: 35.71%
2025-09-03 19:07:31,390 - Early stopping à l'epoch 154
2025-09-03 19:07:31,391 - Fold 3 - Accuracy finale: 92.86%
2025-09-03 19:07:31,392 - === Fold 4/10 ===
2025-09-03 19:07:31,410 - Epoch 1/500 - Train Loss: 1.4726, Train Acc: 26.19% - Val loss: 1.2358, Val Acc: 35.71%
2025-09-03 19:07:34,428 - Epoch 201/500 - Train Loss: 0.0239, Train Acc: 98.81% - Val loss: 0.2542, Val Acc: 92.86%
2025-09-03 19:07:34,698 - Early stopping à l'epoch 219
2025-09-03 19:07:34,699 - Fold 4 - Accuracy finale: 96.43%
2025-09-03 19:07:34,700 - === Fold 5/10 ===
2025-09-03 19:07:34,719 - Epoch 1/500 - Train Loss: 1.4616, Train Acc: 29.76% - Val loss: 1.2071, Val Acc: 35.71%
2025-09-03 19:07:36,376 - Early stopping à l'epoch 110
2025-09-03 19:07:36,377 - Fold 5 - Accuracy finale: 89.29%
2025-09-03 19:07:36,428 - === Fold 6/10 ===
2025-09-03 19:07:36,450 - Epoch 1/500 - Train Loss: 1.4256, Train Acc: 28.97% - Val loss: 1.1561, Val Acc: 39.29%
2025-09-03 19:07:38,276 - Early stopping à l'epoch 120
2025-09-03 19:07:38,278 - Fold 6 - Accuracy finale: 92.86%
2025-09-03 19:07:38,278 - === Fold 7/10 ===
2025-09-03 19:07:38,299 - Epoch 1/500 - Train Loss: 1.3891, Train Acc: 31.75% - Val loss: 1.2231, Val Acc: 32.14%
2025-09-03 19:07:40,543 - Early stopping à l'epoch 148
2025-09-03 19:07:40,544 - Fold 7 - Accuracy finale: 96.43%
2025-09-03 19:07:40,544 - === Fold 8/10 ===
2025-09-03 19:07:40,563 - Epoch 1/500 - Train Loss: 1.3532, Train Acc: 34.13% - Val loss: 1.1315, Val Acc: 39.29%
2025-09-03 19:07:43,024 - Early stopping à l'epoch 165
2025-09-03 19:07:43,025 - Fold 8 - Accuracy finale: 85.71%
2025-09-03 19:07:43,025 - === Fold 9/10 ===
2025-09-03 19:07:43,044 - Epoch 1/500 - Train Loss: 1.3151, Train Acc: 35.32% - Val loss: 1.0949, Val Acc: 42.86%
2025-09-03 19:07:46,038 - Epoch 201/500 - Train Loss: 0.0139, Train Acc: 99.60% - Val loss: 0.2528, Val Acc: 96.43%
2025-09-03 19:07:46,053 - Early stopping à l'epoch 202
2025-09-03 19:07:46,054 - Fold 9 - Accuracy finale: 92.86%
2025-09-03 19:07:46,055 - === Fold 10/10 ===
2025-09-03 19:07:46,073 - Epoch 1/500 - Train Loss: 1.3989, Train Acc: 31.35% - Val loss: 1.1828, Val Acc: 39.29%
2025-09-03 19:07:47,886 - Early stopping à l'epoch 121
2025-09-03 19:07:47,887 - Fold 10 - Accuracy finale: 85.71%
2025-09-03 19:07:47,888 - 
2025-09-03 19:07:47,888 - Résultats de la validation croisée
2025-09-03 19:07:47,888 - 
2025-09-03 19:07:47,888 - Accuracy moyenne: 92.14% ± 3.85%
2025-09-03 19:07:47,888 - Loss moyenne: 0.3441 ± 0.1809
2025-09-03 19:07:47,888 - Nombre d'epochs moyen: 165
2025-09-03 19:07:47,888 - Accuracy par fold: ['96.43%', '92.86%', '92.86%', '96.43%', '89.29%', '92.86%', '96.43%', '85.71%', '92.86%', '85.71%']

2025-09-03 19:07:47,888 - Variable candidate tBodyAcc-max()-X testée
2025-09-03 19:07:47,888 - 
2025-09-03 19:07:47,888 - === Fold 1/10 ===
2025-09-03 19:07:47,907 - Epoch 1/500 - Train Loss: 1.4147, Train Acc: 26.98% - Val loss: 1.1848, Val Acc: 35.71%
2025-09-03 19:07:50,936 - Epoch 201/500 - Train Loss: 0.0838, Train Acc: 97.22% - Val loss: 0.2866, Val Acc: 96.43%
2025-09-03 19:07:51,570 - Early stopping à l'epoch 243
2025-09-03 19:07:51,571 - Fold 1 - Accuracy finale: 89.29%
2025-09-03 19:07:51,571 - === Fold 2/10 ===
2025-09-03 19:07:51,589 - Epoch 1/500 - Train Loss: 1.3829, Train Acc: 30.95% - Val loss: 1.1771, Val Acc: 46.43%
2025-09-03 19:07:53,605 - Early stopping à l'epoch 133
2025-09-03 19:07:53,606 - Fold 2 - Accuracy finale: 96.43%
2025-09-03 19:07:53,607 - === Fold 3/10 ===
2025-09-03 19:07:53,626 - Epoch 1/500 - Train Loss: 1.3914, Train Acc: 30.56% - Val loss: 1.1710, Val Acc: 35.71%
2025-09-03 19:07:55,887 - Early stopping à l'epoch 149
2025-09-03 19:07:55,888 - Fold 3 - Accuracy finale: 85.71%
2025-09-03 19:07:55,888 - === Fold 4/10 ===
2025-09-03 19:07:55,907 - Epoch 1/500 - Train Loss: 1.4744, Train Acc: 26.19% - Val loss: 1.2454, Val Acc: 35.71%
2025-09-03 19:07:58,671 - Early stopping à l'epoch 183
2025-09-03 19:07:58,672 - Fold 4 - Accuracy finale: 92.86%
2025-09-03 19:07:58,672 - === Fold 5/10 ===
2025-09-03 19:07:58,691 - Epoch 1/500 - Train Loss: 1.4629, Train Acc: 29.76% - Val loss: 1.2084, Val Acc: 35.71%
2025-09-03 19:08:00,967 - Early stopping à l'epoch 151
2025-09-03 19:08:00,969 - Fold 5 - Accuracy finale: 82.14%
2025-09-03 19:08:00,969 - === Fold 6/10 ===
2025-09-03 19:08:00,987 - Epoch 1/500 - Train Loss: 1.4272, Train Acc: 29.37% - Val loss: 1.1600, Val Acc: 35.71%
2025-09-03 19:08:02,653 - Early stopping à l'epoch 111
2025-09-03 19:08:02,654 - Fold 6 - Accuracy finale: 92.86%
2025-09-03 19:08:02,654 - === Fold 7/10 ===
2025-09-03 19:08:02,673 - Epoch 1/500 - Train Loss: 1.3914, Train Acc: 32.14% - Val loss: 1.2311, Val Acc: 32.14%
2025-09-03 19:08:05,277 - Early stopping à l'epoch 173
2025-09-03 19:08:05,278 - Fold 7 - Accuracy finale: 96.43%
2025-09-03 19:08:05,278 - === Fold 8/10 ===
2025-09-03 19:08:05,296 - Epoch 1/500 - Train Loss: 1.3612, Train Acc: 33.33% - Val loss: 1.1505, Val Acc: 39.29%
2025-09-03 19:08:08,299 - Epoch 201/500 - Train Loss: 0.0010, Train Acc: 100.00% - Val loss: 0.0858, Val Acc: 96.43%
2025-09-03 19:08:09,752 - Early stopping à l'epoch 298
2025-09-03 19:08:09,753 - Fold 8 - Accuracy finale: 96.43%
2025-09-03 19:08:09,753 - === Fold 9/10 ===
2025-09-03 19:08:09,771 - Epoch 1/500 - Train Loss: 1.3165, Train Acc: 33.33% - Val loss: 1.1078, Val Acc: 35.71%
2025-09-03 19:08:12,767 - Epoch 201/500 - Train Loss: 0.0016, Train Acc: 100.00% - Val loss: 0.1430, Val Acc: 96.43%
2025-09-03 19:08:13,635 - Early stopping à l'epoch 259
2025-09-03 19:08:13,637 - Fold 9 - Accuracy finale: 92.86%
2025-09-03 19:08:13,637 - === Fold 10/10 ===
2025-09-03 19:08:13,655 - Epoch 1/500 - Train Loss: 1.4059, Train Acc: 30.56% - Val loss: 1.1915, Val Acc: 32.14%
2025-09-03 19:08:15,363 - Early stopping à l'epoch 115
2025-09-03 19:08:15,365 - Fold 10 - Accuracy finale: 85.71%
2025-09-03 19:08:15,365 - 
2025-09-03 19:08:15,365 - Résultats de la validation croisée
2025-09-03 19:08:15,365 - 
2025-09-03 19:08:15,365 - Accuracy moyenne: 91.07% ± 4.86%
2025-09-03 19:08:15,365 - Loss moyenne: 0.4392 ± 0.2717
2025-09-03 19:08:15,365 - Nombre d'epochs moyen: 181
2025-09-03 19:08:15,365 - Accuracy par fold: ['89.29%', '96.43%', '85.71%', '92.86%', '82.14%', '92.86%', '96.43%', '96.43%', '92.86%', '85.71%']

2025-09-03 19:08:15,365 - Variable candidate fBodyAccJerk-bandsEnergy()-1,8 testée
2025-09-03 19:08:15,365 - 
2025-09-03 19:08:15,365 - === Fold 1/10 ===
2025-09-03 19:08:15,383 - Epoch 1/500 - Train Loss: 1.3443, Train Acc: 35.71% - Val loss: 1.0385, Val Acc: 50.00%
2025-09-03 19:08:18,380 - Epoch 201/500 - Train Loss: 0.0075, Train Acc: 99.60% - Val loss: 0.0116, Val Acc: 100.00%
2025-09-03 19:08:20,965 - Early stopping à l'epoch 373
2025-09-03 19:08:20,966 - Fold 1 - Accuracy finale: 100.00%
2025-09-03 19:08:20,966 - === Fold 2/10 ===
2025-09-03 19:08:20,984 - Epoch 1/500 - Train Loss: 1.3434, Train Acc: 34.13% - Val loss: 1.0709, Val Acc: 46.43%
2025-09-03 19:08:23,408 - Early stopping à l'epoch 163
2025-09-03 19:08:23,409 - Fold 2 - Accuracy finale: 89.29%
2025-09-03 19:08:23,409 - === Fold 3/10 ===
2025-09-03 19:08:23,428 - Epoch 1/500 - Train Loss: 1.3375, Train Acc: 35.32% - Val loss: 1.1092, Val Acc: 39.29%
2025-09-03 19:08:25,706 - Early stopping à l'epoch 152
2025-09-03 19:08:25,708 - Fold 3 - Accuracy finale: 92.86%
2025-09-03 19:08:25,708 - === Fold 4/10 ===
2025-09-03 19:08:25,727 - Epoch 1/500 - Train Loss: 1.4563, Train Acc: 26.19% - Val loss: 1.1945, Val Acc: 39.29%
2025-09-03 19:08:28,736 - Epoch 201/500 - Train Loss: 0.0010, Train Acc: 100.00% - Val loss: 0.0198, Val Acc: 100.00%
2025-09-03 19:08:29,558 - Early stopping à l'epoch 255
2025-09-03 19:08:29,559 - Fold 4 - Accuracy finale: 96.43%
2025-09-03 19:08:29,559 - === Fold 5/10 ===
2025-09-03 19:08:29,577 - Epoch 1/500 - Train Loss: 1.4304, Train Acc: 30.16% - Val loss: 1.1531, Val Acc: 39.29%
2025-09-03 19:08:31,709 - Early stopping à l'epoch 141
2025-09-03 19:08:31,710 - Fold 5 - Accuracy finale: 82.14%
2025-09-03 19:08:31,710 - === Fold 6/10 ===
2025-09-03 19:08:31,730 - Epoch 1/500 - Train Loss: 1.4048, Train Acc: 28.17% - Val loss: 1.1130, Val Acc: 42.86%
2025-09-03 19:08:33,676 - Early stopping à l'epoch 130
2025-09-03 19:08:33,677 - Fold 6 - Accuracy finale: 92.86%
2025-09-03 19:08:33,678 - === Fold 7/10 ===
2025-09-03 19:08:33,696 - Epoch 1/500 - Train Loss: 1.3369, Train Acc: 35.32% - Val loss: 1.1011, Val Acc: 35.71%
2025-09-03 19:08:36,702 - Epoch 201/500 - Train Loss: 0.0100, Train Acc: 99.60% - Val loss: 0.1604, Val Acc: 96.43%
2025-09-03 19:08:38,652 - Early stopping à l'epoch 331
2025-09-03 19:08:38,653 - Fold 7 - Accuracy finale: 100.00%
2025-09-03 19:08:38,653 - === Fold 8/10 ===
2025-09-03 19:08:38,672 - Epoch 1/500 - Train Loss: 1.3104, Train Acc: 40.48% - Val loss: 0.9963, Val Acc: 57.14%
2025-09-03 19:08:41,676 - Epoch 201/500 - Train Loss: 0.0064, Train Acc: 100.00% - Val loss: 0.0347, Val Acc: 96.43%
2025-09-03 19:08:43,641 - Early stopping à l'epoch 332
2025-09-03 19:08:43,642 - Fold 8 - Accuracy finale: 100.00%
2025-09-03 19:08:43,642 - === Fold 9/10 ===
2025-09-03 19:08:43,660 - Epoch 1/500 - Train Loss: 1.2885, Train Acc: 38.49% - Val loss: 1.0734, Val Acc: 46.43%
2025-09-03 19:08:46,664 - Epoch 201/500 - Train Loss: 0.0010, Train Acc: 100.00% - Val loss: 0.0811, Val Acc: 96.43%
2025-09-03 19:08:47,538 - Early stopping à l'epoch 259
2025-09-03 19:08:47,539 - Fold 9 - Accuracy finale: 96.43%
2025-09-03 19:08:47,539 - === Fold 10/10 ===
2025-09-03 19:08:47,557 - Epoch 1/500 - Train Loss: 1.3669, Train Acc: 34.52% - Val loss: 1.1353, Val Acc: 42.86%
2025-09-03 19:08:49,067 - Early stopping à l'epoch 101
2025-09-03 19:08:49,068 - Fold 10 - Accuracy finale: 89.29%
2025-09-03 19:08:49,068 - 
2025-09-03 19:08:49,068 - Résultats de la validation croisée
2025-09-03 19:08:49,068 - 
2025-09-03 19:08:49,069 - Accuracy moyenne: 93.93% ± 5.54%
2025-09-03 19:08:49,069 - Loss moyenne: 0.2976 ± 0.3202
2025-09-03 19:08:49,069 - Nombre d'epochs moyen: 223
2025-09-03 19:08:49,069 - Accuracy par fold: ['100.00%', '89.29%', '92.86%', '96.43%', '82.14%', '92.86%', '100.00%', '100.00%', '96.43%', '89.29%']

2025-09-03 19:08:49,069 - Variable candidate fBodyAcc-mean()-X testée
2025-09-03 19:08:49,069 - 
2025-09-03 19:08:49,069 - === Fold 1/10 ===
2025-09-03 19:08:49,087 - Epoch 1/500 - Train Loss: 1.4156, Train Acc: 27.78% - Val loss: 1.1876, Val Acc: 35.71%
2025-09-03 19:08:51,276 - Early stopping à l'epoch 147
2025-09-03 19:08:51,277 - Fold 1 - Accuracy finale: 92.86%
2025-09-03 19:08:51,277 - === Fold 2/10 ===
2025-09-03 19:08:51,296 - Epoch 1/500 - Train Loss: 1.3877, Train Acc: 30.16% - Val loss: 1.1935, Val Acc: 46.43%
2025-09-03 19:08:53,289 - Early stopping à l'epoch 133
2025-09-03 19:08:53,290 - Fold 2 - Accuracy finale: 96.43%
2025-09-03 19:08:53,290 - === Fold 3/10 ===
2025-09-03 19:08:53,309 - Epoch 1/500 - Train Loss: 1.3989, Train Acc: 30.56% - Val loss: 1.1775, Val Acc: 35.71%
2025-09-03 19:08:55,278 - Early stopping à l'epoch 130
2025-09-03 19:08:55,279 - Fold 3 - Accuracy finale: 96.43%
2025-09-03 19:08:55,279 - === Fold 4/10 ===
2025-09-03 19:08:55,297 - Epoch 1/500 - Train Loss: 1.4754, Train Acc: 25.00% - Val loss: 1.2421, Val Acc: 35.71%
2025-09-03 19:08:58,142 - Early stopping à l'epoch 189
2025-09-03 19:08:58,143 - Fold 4 - Accuracy finale: 96.43%
2025-09-03 19:08:58,143 - === Fold 5/10 ===
2025-09-03 19:08:58,164 - Epoch 1/500 - Train Loss: 1.4641, Train Acc: 29.76% - Val loss: 1.2068, Val Acc: 35.71%
2025-09-03 19:08:59,825 - Early stopping à l'epoch 110
2025-09-03 19:08:59,826 - Fold 5 - Accuracy finale: 89.29%
2025-09-03 19:08:59,826 - === Fold 6/10 ===
2025-09-03 19:08:59,845 - Epoch 1/500 - Train Loss: 1.4249, Train Acc: 28.97% - Val loss: 1.1708, Val Acc: 35.71%
2025-09-03 19:09:02,097 - Early stopping à l'epoch 149
2025-09-03 19:09:02,099 - Fold 6 - Accuracy finale: 92.86%
2025-09-03 19:09:02,099 - === Fold 7/10 ===
2025-09-03 19:09:02,117 - Epoch 1/500 - Train Loss: 1.3928, Train Acc: 32.14% - Val loss: 1.2154, Val Acc: 32.14%
2025-09-03 19:09:05,129 - Epoch 201/500 - Train Loss: 0.0018, Train Acc: 100.00% - Val loss: 0.0145, Val Acc: 100.00%
2025-09-03 19:09:05,129 - Early stopping à l'epoch 201
2025-09-03 19:09:05,131 - Fold 7 - Accuracy finale: 100.00%
2025-09-03 19:09:05,131 - === Fold 8/10 ===
2025-09-03 19:09:05,150 - Epoch 1/500 - Train Loss: 1.3621, Train Acc: 35.32% - Val loss: 1.1480, Val Acc: 39.29%
2025-09-03 19:09:07,899 - Early stopping à l'epoch 181
2025-09-03 19:09:07,901 - Fold 8 - Accuracy finale: 92.86%
2025-09-03 19:09:07,901 - === Fold 9/10 ===
2025-09-03 19:09:07,919 - Epoch 1/500 - Train Loss: 1.3187, Train Acc: 32.94% - Val loss: 1.1149, Val Acc: 42.86%
2025-09-03 19:09:10,947 - Epoch 201/500 - Train Loss: 0.0031, Train Acc: 100.00% - Val loss: 0.1320, Val Acc: 96.43%
2025-09-03 19:09:12,280 - Early stopping à l'epoch 289
2025-09-03 19:09:12,281 - Fold 9 - Accuracy finale: 96.43%
2025-09-03 19:09:12,281 - === Fold 10/10 ===
2025-09-03 19:09:12,299 - Epoch 1/500 - Train Loss: 1.4044, Train Acc: 30.95% - Val loss: 1.1944, Val Acc: 32.14%
2025-09-03 19:09:14,353 - Early stopping à l'epoch 137
2025-09-03 19:09:14,354 - Fold 10 - Accuracy finale: 89.29%
2025-09-03 19:09:14,354 - 
2025-09-03 19:09:14,354 - Résultats de la validation croisée
2025-09-03 19:09:14,354 - 
2025-09-03 19:09:14,354 - Accuracy moyenne: 94.29% ± 3.27%
2025-09-03 19:09:14,354 - Loss moyenne: 0.3514 ± 0.2367
2025-09-03 19:09:14,354 - Nombre d'epochs moyen: 166
2025-09-03 19:09:14,354 - Accuracy par fold: ['92.86%', '96.43%', '96.43%', '96.43%', '89.29%', '92.86%', '100.00%', '92.86%', '96.43%', '89.29%']

2025-09-03 19:09:14,354 - Variable candidate tBodyAccJerk-mean()-X testée
2025-09-03 19:09:14,354 - 
2025-09-03 19:09:14,355 - === Fold 1/10 ===
2025-09-03 19:09:14,373 - Epoch 1/500 - Train Loss: 1.3511, Train Acc: 37.70% - Val loss: 1.0901, Val Acc: 46.43%
2025-09-03 19:09:16,361 - Early stopping à l'epoch 132
2025-09-03 19:09:16,362 - Fold 1 - Accuracy finale: 96.43%
2025-09-03 19:09:16,362 - === Fold 2/10 ===
2025-09-03 19:09:16,380 - Epoch 1/500 - Train Loss: 1.3995, Train Acc: 30.56% - Val loss: 1.2108, Val Acc: 46.43%
2025-09-03 19:09:18,286 - Early stopping à l'epoch 126
2025-09-03 19:09:18,287 - Fold 2 - Accuracy finale: 89.29%
2025-09-03 19:09:18,287 - === Fold 3/10 ===
2025-09-03 19:09:18,307 - Epoch 1/500 - Train Loss: 1.3798, Train Acc: 30.16% - Val loss: 1.1644, Val Acc: 32.14%
2025-09-03 19:09:20,062 - Early stopping à l'epoch 117
2025-09-03 19:09:20,063 - Fold 3 - Accuracy finale: 92.86%
2025-09-03 19:09:20,063 - === Fold 4/10 ===
2025-09-03 19:09:20,081 - Epoch 1/500 - Train Loss: 1.5009, Train Acc: 26.98% - Val loss: 1.2226, Val Acc: 35.71%
2025-09-03 19:09:23,106 - Epoch 201/500 - Train Loss: 0.0049, Train Acc: 100.00% - Val loss: 0.2719, Val Acc: 96.43%
2025-09-03 19:09:23,748 - Early stopping à l'epoch 243
2025-09-03 19:09:23,749 - Fold 4 - Accuracy finale: 96.43%
2025-09-03 19:09:23,749 - === Fold 5/10 ===
2025-09-03 19:09:23,768 - Epoch 1/500 - Train Loss: 1.4966, Train Acc: 29.37% - Val loss: 1.2116, Val Acc: 35.71%
2025-09-03 19:09:26,350 - Early stopping à l'epoch 172
2025-09-03 19:09:26,351 - Fold 5 - Accuracy finale: 92.86%
2025-09-03 19:09:26,351 - === Fold 6/10 ===
2025-09-03 19:09:26,370 - Epoch 1/500 - Train Loss: 1.4538, Train Acc: 29.37% - Val loss: 1.2028, Val Acc: 35.71%
2025-09-03 19:09:28,493 - Early stopping à l'epoch 141
2025-09-03 19:09:28,494 - Fold 6 - Accuracy finale: 96.43%
2025-09-03 19:09:28,494 - === Fold 7/10 ===
2025-09-03 19:09:28,512 - Epoch 1/500 - Train Loss: 1.4239, Train Acc: 29.37% - Val loss: 1.2077, Val Acc: 32.14%
2025-09-03 19:09:31,189 - Early stopping à l'epoch 178
2025-09-03 19:09:31,190 - Fold 7 - Accuracy finale: 92.86%
2025-09-03 19:09:31,191 - === Fold 8/10 ===
2025-09-03 19:09:31,209 - Epoch 1/500 - Train Loss: 1.3209, Train Acc: 40.08% - Val loss: 1.0442, Val Acc: 53.57%
2025-09-03 19:09:34,228 - Epoch 201/500 - Train Loss: 0.0004, Train Acc: 100.00% - Val loss: 0.4288, Val Acc: 89.29%
2025-09-03 19:09:34,546 - Early stopping à l'epoch 222
2025-09-03 19:09:34,548 - Fold 8 - Accuracy finale: 89.29%
2025-09-03 19:09:34,548 - === Fold 9/10 ===
2025-09-03 19:09:34,566 - Epoch 1/500 - Train Loss: 1.3542, Train Acc: 28.57% - Val loss: 1.3065, Val Acc: 32.14%
2025-09-03 19:09:37,090 - Early stopping à l'epoch 168
2025-09-03 19:09:37,091 - Fold 9 - Accuracy finale: 92.86%
2025-09-03 19:09:37,091 - === Fold 10/10 ===
2025-09-03 19:09:37,110 - Epoch 1/500 - Train Loss: 1.4292, Train Acc: 30.16% - Val loss: 1.2068, Val Acc: 42.86%
2025-09-03 19:09:38,639 - Early stopping à l'epoch 102
2025-09-03 19:09:38,640 - Fold 10 - Accuracy finale: 89.29%
2025-09-03 19:09:38,640 - 
2025-09-03 19:09:38,640 - Résultats de la validation croisée
2025-09-03 19:09:38,640 - 
2025-09-03 19:09:38,640 - Accuracy moyenne: 92.86% ± 2.77%
2025-09-03 19:09:38,640 - Loss moyenne: 0.4085 ± 0.1806
2025-09-03 19:09:38,640 - Nombre d'epochs moyen: 160
2025-09-03 19:09:38,640 - Accuracy par fold: ['96.43%', '89.29%', '92.86%', '96.43%', '92.86%', '96.43%', '92.86%', '89.29%', '92.86%', '89.29%']

2025-09-03 19:09:38,640 - Variable candidate fBodyAcc-max()-X testée
2025-09-03 19:09:38,640 - 
2025-09-03 19:09:38,641 - === Fold 1/10 ===
2025-09-03 19:09:38,659 - Epoch 1/500 - Train Loss: 1.4116, Train Acc: 28.17% - Val loss: 1.1632, Val Acc: 35.71%
2025-09-03 19:09:41,681 - Epoch 201/500 - Train Loss: 0.0059, Train Acc: 100.00% - Val loss: 0.0311, Val Acc: 96.43%
2025-09-03 19:09:43,949 - Early stopping à l'epoch 350
2025-09-03 19:09:43,951 - Fold 1 - Accuracy finale: 100.00%
2025-09-03 19:09:43,951 - === Fold 2/10 ===
2025-09-03 19:09:43,969 - Epoch 1/500 - Train Loss: 1.3788, Train Acc: 31.75% - Val loss: 1.1406, Val Acc: 46.43%
2025-09-03 19:09:46,075 - Early stopping à l'epoch 140
2025-09-03 19:09:46,077 - Fold 2 - Accuracy finale: 89.29%
2025-09-03 19:09:46,077 - === Fold 3/10 ===
2025-09-03 19:09:46,095 - Epoch 1/500 - Train Loss: 1.3898, Train Acc: 30.56% - Val loss: 1.1765, Val Acc: 35.71%
2025-09-03 19:09:48,783 - Early stopping à l'epoch 179
2025-09-03 19:09:48,784 - Fold 3 - Accuracy finale: 92.86%
2025-09-03 19:09:48,784 - === Fold 4/10 ===
2025-09-03 19:09:48,802 - Epoch 1/500 - Train Loss: 1.4685, Train Acc: 26.19% - Val loss: 1.2215, Val Acc: 35.71%
2025-09-03 19:09:51,811 - Epoch 201/500 - Train Loss: 0.0022, Train Acc: 100.00% - Val loss: 0.1678, Val Acc: 92.86%
2025-09-03 19:09:53,221 - Early stopping à l'epoch 295
2025-09-03 19:09:53,222 - Fold 4 - Accuracy finale: 92.86%
2025-09-03 19:09:53,222 - === Fold 5/10 ===
2025-09-03 19:09:53,241 - Epoch 1/500 - Train Loss: 1.4591, Train Acc: 29.76% - Val loss: 1.2064, Val Acc: 35.71%
2025-09-03 19:09:55,447 - Early stopping à l'epoch 148
2025-09-03 19:09:55,448 - Fold 5 - Accuracy finale: 85.71%
2025-09-03 19:09:55,448 - === Fold 6/10 ===
2025-09-03 19:09:55,466 - Epoch 1/500 - Train Loss: 1.4226, Train Acc: 28.17% - Val loss: 1.1372, Val Acc: 39.29%
2025-09-03 19:09:57,236 - Early stopping à l'epoch 118
2025-09-03 19:09:57,237 - Fold 6 - Accuracy finale: 92.86%
2025-09-03 19:09:57,237 - === Fold 7/10 ===
2025-09-03 19:09:57,255 - Epoch 1/500 - Train Loss: 1.3845, Train Acc: 31.35% - Val loss: 1.2081, Val Acc: 35.71%
2025-09-03 19:09:59,692 - Early stopping à l'epoch 163
2025-09-03 19:09:59,693 - Fold 7 - Accuracy finale: 92.86%
2025-09-03 19:09:59,693 - === Fold 8/10 ===
2025-09-03 19:09:59,712 - Epoch 1/500 - Train Loss: 1.3420, Train Acc: 35.32% - Val loss: 1.0951, Val Acc: 39.29%
2025-09-03 19:10:01,809 - Early stopping à l'epoch 141
2025-09-03 19:10:01,810 - Fold 8 - Accuracy finale: 82.14%
2025-09-03 19:10:01,810 - === Fold 9/10 ===
2025-09-03 19:10:01,829 - Epoch 1/500 - Train Loss: 1.3133, Train Acc: 34.52% - Val loss: 1.0882, Val Acc: 50.00%
2025-09-03 19:10:04,438 - Early stopping à l'epoch 175
2025-09-03 19:10:04,439 - Fold 9 - Accuracy finale: 89.29%
2025-09-03 19:10:04,440 - === Fold 10/10 ===
2025-09-03 19:10:04,459 - Epoch 1/500 - Train Loss: 1.3912, Train Acc: 31.35% - Val loss: 1.1665, Val Acc: 42.86%
2025-09-03 19:10:06,172 - Early stopping à l'epoch 115
2025-09-03 19:10:06,173 - Fold 10 - Accuracy finale: 85.71%
2025-09-03 19:10:06,173 - 
2025-09-03 19:10:06,173 - Résultats de la validation croisée
2025-09-03 19:10:06,173 - 
2025-09-03 19:10:06,173 - Accuracy moyenne: 90.36% ± 4.80%
2025-09-03 19:10:06,173 - Loss moyenne: 0.4387 ± 0.2571
2025-09-03 19:10:06,173 - Nombre d'epochs moyen: 182
2025-09-03 19:10:06,173 - Accuracy par fold: ['100.00%', '89.29%', '92.86%', '92.86%', '85.71%', '92.86%', '92.86%', '82.14%', '89.29%', '85.71%']

2025-09-03 19:10:06,173 - Variable candidate fBodyAcc-energy()-X testée
2025-09-03 19:10:06,173 - 
2025-09-03 19:10:06,174 - === Fold 1/10 ===
2025-09-03 19:10:06,192 - Epoch 1/500 - Train Loss: 1.3598, Train Acc: 33.73% - Val loss: 1.0927, Val Acc: 42.86%
2025-09-03 19:10:09,190 - Epoch 201/500 - Train Loss: 0.0049, Train Acc: 100.00% - Val loss: 0.1349, Val Acc: 96.43%
2025-09-03 19:10:09,926 - Early stopping à l'epoch 250
2025-09-03 19:10:09,927 - Fold 1 - Accuracy finale: 96.43%
2025-09-03 19:10:09,927 - === Fold 2/10 ===
2025-09-03 19:10:09,945 - Epoch 1/500 - Train Loss: 1.3459, Train Acc: 34.13% - Val loss: 1.0780, Val Acc: 46.43%
2025-09-03 19:10:12,456 - Early stopping à l'epoch 168
2025-09-03 19:10:12,457 - Fold 2 - Accuracy finale: 89.29%
2025-09-03 19:10:12,457 - === Fold 3/10 ===
2025-09-03 19:10:12,475 - Epoch 1/500 - Train Loss: 1.3462, Train Acc: 34.92% - Val loss: 1.1187, Val Acc: 39.29%
2025-09-03 19:10:15,477 - Epoch 201/500 - Train Loss: 0.0028, Train Acc: 100.00% - Val loss: 0.4034, Val Acc: 96.43%
2025-09-03 19:10:17,176 - Early stopping à l'epoch 313
2025-09-03 19:10:17,177 - Fold 3 - Accuracy finale: 96.43%
2025-09-03 19:10:17,228 - === Fold 4/10 ===
2025-09-03 19:10:17,247 - Epoch 1/500 - Train Loss: 1.4585, Train Acc: 26.19% - Val loss: 1.2045, Val Acc: 39.29%
2025-09-03 19:10:20,261 - Epoch 201/500 - Train Loss: 0.0033, Train Acc: 100.00% - Val loss: 0.2498, Val Acc: 92.86%
2025-09-03 19:10:20,837 - Early stopping à l'epoch 239
2025-09-03 19:10:20,838 - Fold 4 - Accuracy finale: 96.43%
2025-09-03 19:10:20,838 - === Fold 5/10 ===
2025-09-03 19:10:20,861 - Epoch 1/500 - Train Loss: 1.4377, Train Acc: 29.37% - Val loss: 1.1514, Val Acc: 39.29%
2025-09-03 19:10:22,706 - Early stopping à l'epoch 122
2025-09-03 19:10:22,707 - Fold 5 - Accuracy finale: 89.29%
2025-09-03 19:10:22,707 - === Fold 6/10 ===
2025-09-03 19:10:22,726 - Epoch 1/500 - Train Loss: 1.4086, Train Acc: 28.57% - Val loss: 1.1176, Val Acc: 42.86%
2025-09-03 19:10:25,779 - Epoch 201/500 - Train Loss: 0.0012, Train Acc: 100.00% - Val loss: 0.3983, Val Acc: 92.86%
2025-09-03 19:10:25,961 - Early stopping à l'epoch 213
2025-09-03 19:10:25,962 - Fold 6 - Accuracy finale: 92.86%
2025-09-03 19:10:25,962 - === Fold 7/10 ===
2025-09-03 19:10:25,981 - Epoch 1/500 - Train Loss: 1.3439, Train Acc: 35.32% - Val loss: 1.1316, Val Acc: 35.71%
2025-09-03 19:10:28,429 - Early stopping à l'epoch 163
2025-09-03 19:10:28,430 - Fold 7 - Accuracy finale: 96.43%
2025-09-03 19:10:28,430 - === Fold 8/10 ===
2025-09-03 19:10:28,449 - Epoch 1/500 - Train Loss: 1.3070, Train Acc: 41.67% - Val loss: 1.0013, Val Acc: 57.14%
2025-09-03 19:10:31,482 - Epoch 201/500 - Train Loss: 0.0011, Train Acc: 100.00% - Val loss: 0.0234, Val Acc: 100.00%
2025-09-03 19:10:31,906 - Early stopping à l'epoch 229
2025-09-03 19:10:31,907 - Fold 8 - Accuracy finale: 100.00%
2025-09-03 19:10:31,907 - === Fold 9/10 ===
2025-09-03 19:10:31,925 - Epoch 1/500 - Train Loss: 1.2965, Train Acc: 36.11% - Val loss: 1.0883, Val Acc: 39.29%
2025-09-03 19:10:34,975 - Epoch 201/500 - Train Loss: 0.0101, Train Acc: 100.00% - Val loss: 0.1794, Val Acc: 92.86%
2025-09-03 19:10:35,097 - Early stopping à l'epoch 209
2025-09-03 19:10:35,098 - Fold 9 - Accuracy finale: 85.71%
2025-09-03 19:10:35,098 - === Fold 10/10 ===
2025-09-03 19:10:35,116 - Epoch 1/500 - Train Loss: 1.3745, Train Acc: 32.54% - Val loss: 1.1248, Val Acc: 42.86%
2025-09-03 19:10:36,902 - Early stopping à l'epoch 119
2025-09-03 19:10:36,903 - Fold 10 - Accuracy finale: 89.29%
2025-09-03 19:10:36,903 - 
2025-09-03 19:10:36,903 - Résultats de la validation croisée
2025-09-03 19:10:36,903 - 
2025-09-03 19:10:36,903 - Accuracy moyenne: 93.21% ± 4.36%
2025-09-03 19:10:36,903 - Loss moyenne: 0.3484 ± 0.2726
2025-09-03 19:10:36,903 - Nombre d'epochs moyen: 202
2025-09-03 19:10:36,903 - Accuracy par fold: ['96.43%', '89.29%', '96.43%', '96.43%', '89.29%', '92.86%', '96.43%', '100.00%', '85.71%', '89.29%']

2025-09-03 19:10:36,903 - Variable candidate fBodyAcc-bandsEnergy()-33,40 testée
2025-09-03 19:10:36,903 - 
2025-09-03 19:10:36,904 - === Fold 1/10 ===
2025-09-03 19:10:36,922 - Epoch 1/500 - Train Loss: 1.3758, Train Acc: 33.33% - Val loss: 1.1578, Val Acc: 35.71%
2025-09-03 19:10:39,963 - Early stopping à l'epoch 199
2025-09-03 19:10:39,964 - Fold 1 - Accuracy finale: 96.43%
2025-09-03 19:10:39,964 - === Fold 2/10 ===
2025-09-03 19:10:39,983 - Epoch 1/500 - Train Loss: 1.3663, Train Acc: 31.75% - Val loss: 1.1588, Val Acc: 42.86%
2025-09-03 19:10:42,612 - Early stopping à l'epoch 172
2025-09-03 19:10:42,614 - Fold 2 - Accuracy finale: 92.86%
2025-09-03 19:10:42,614 - === Fold 3/10 ===
2025-09-03 19:10:42,632 - Epoch 1/500 - Train Loss: 1.3663, Train Acc: 32.94% - Val loss: 1.1432, Val Acc: 39.29%
2025-09-03 19:10:45,701 - Epoch 201/500 - Train Loss: 0.0014, Train Acc: 100.00% - Val loss: 0.3537, Val Acc: 92.86%
2025-09-03 19:10:45,807 - Early stopping à l'epoch 208
2025-09-03 19:10:45,809 - Fold 3 - Accuracy finale: 96.43%
2025-09-03 19:10:45,809 - === Fold 4/10 ===
2025-09-03 19:10:45,828 - Epoch 1/500 - Train Loss: 1.4760, Train Acc: 25.79% - Val loss: 1.2382, Val Acc: 35.71%
2025-09-03 19:10:47,854 - Early stopping à l'epoch 136
2025-09-03 19:10:47,856 - Fold 4 - Accuracy finale: 92.86%
2025-09-03 19:10:47,856 - === Fold 5/10 ===
2025-09-03 19:10:47,874 - Epoch 1/500 - Train Loss: 1.4651, Train Acc: 29.37% - Val loss: 1.1915, Val Acc: 35.71%
2025-09-03 19:10:49,521 - Early stopping à l'epoch 110
2025-09-03 19:10:49,523 - Fold 5 - Accuracy finale: 89.29%
2025-09-03 19:10:49,523 - === Fold 6/10 ===
2025-09-03 19:10:49,541 - Epoch 1/500 - Train Loss: 1.4120, Train Acc: 27.78% - Val loss: 1.1484, Val Acc: 39.29%
2025-09-03 19:10:51,427 - Early stopping à l'epoch 127
2025-09-03 19:10:51,429 - Fold 6 - Accuracy finale: 89.29%
2025-09-03 19:10:51,429 - === Fold 7/10 ===
2025-09-03 19:10:51,447 - Epoch 1/500 - Train Loss: 1.3896, Train Acc: 31.75% - Val loss: 1.1916, Val Acc: 32.14%
2025-09-03 19:10:53,301 - Early stopping à l'epoch 125
2025-09-03 19:10:53,302 - Fold 7 - Accuracy finale: 92.86%
2025-09-03 19:10:53,302 - === Fold 8/10 ===
2025-09-03 19:10:53,320 - Epoch 1/500 - Train Loss: 1.3431, Train Acc: 38.49% - Val loss: 1.1046, Val Acc: 50.00%
2025-09-03 19:10:55,686 - Early stopping à l'epoch 158
2025-09-03 19:10:55,688 - Fold 8 - Accuracy finale: 96.43%
2025-09-03 19:10:55,688 - === Fold 9/10 ===
2025-09-03 19:10:55,706 - Epoch 1/500 - Train Loss: 1.3082, Train Acc: 34.92% - Val loss: 1.1078, Val Acc: 42.86%
2025-09-03 19:10:58,670 - Early stopping à l'epoch 199
2025-09-03 19:10:58,671 - Fold 9 - Accuracy finale: 96.43%
2025-09-03 19:10:58,671 - === Fold 10/10 ===
2025-09-03 19:10:58,689 - Epoch 1/500 - Train Loss: 1.3986, Train Acc: 32.14% - Val loss: 1.1643, Val Acc: 42.86%
2025-09-03 19:11:00,406 - Early stopping à l'epoch 114
2025-09-03 19:11:00,408 - Fold 10 - Accuracy finale: 85.71%
2025-09-03 19:11:00,408 - 
2025-09-03 19:11:00,408 - Résultats de la validation croisée
2025-09-03 19:11:00,408 - 
2025-09-03 19:11:00,408 - Accuracy moyenne: 92.86% ± 3.57%
2025-09-03 19:11:00,408 - Loss moyenne: 0.4643 ± 0.2574
2025-09-03 19:11:00,408 - Nombre d'epochs moyen: 154
2025-09-03 19:11:00,408 - Accuracy par fold: ['96.43%', '92.86%', '96.43%', '92.86%', '89.29%', '89.29%', '92.86%', '96.43%', '96.43%', '85.71%']

2025-09-03 19:11:00,408 - Variable candidate fBodyAccMag-energy() testée
2025-09-03 19:11:00,408 - 
2025-09-03 19:11:00,409 - === Fold 1/10 ===
2025-09-03 19:11:00,427 - Epoch 1/500 - Train Loss: 1.3466, Train Acc: 36.11% - Val loss: 1.0391, Val Acc: 46.43%
2025-09-03 19:11:03,284 - Early stopping à l'epoch 192
2025-09-03 19:11:03,285 - Fold 1 - Accuracy finale: 92.86%
2025-09-03 19:11:03,285 - === Fold 2/10 ===
2025-09-03 19:11:03,304 - Epoch 1/500 - Train Loss: 1.3502, Train Acc: 33.73% - Val loss: 1.0866, Val Acc: 46.43%
2025-09-03 19:11:04,790 - Early stopping à l'epoch 99
2025-09-03 19:11:04,791 - Fold 2 - Accuracy finale: 92.86%
2025-09-03 19:11:04,791 - === Fold 3/10 ===
2025-09-03 19:11:04,810 - Epoch 1/500 - Train Loss: 1.3388, Train Acc: 37.70% - Val loss: 1.1104, Val Acc: 39.29%
2025-09-03 19:11:07,444 - Early stopping à l'epoch 175
2025-09-03 19:11:07,445 - Fold 3 - Accuracy finale: 96.43%
2025-09-03 19:11:07,445 - === Fold 4/10 ===
2025-09-03 19:11:07,465 - Epoch 1/500 - Train Loss: 1.4553, Train Acc: 27.38% - Val loss: 1.1932, Val Acc: 39.29%
2025-09-03 19:11:10,488 - Epoch 201/500 - Train Loss: 0.0012, Train Acc: 100.00% - Val loss: 0.1947, Val Acc: 92.86%
2025-09-03 19:11:10,883 - Early stopping à l'epoch 227
2025-09-03 19:11:10,884 - Fold 4 - Accuracy finale: 92.86%
2025-09-03 19:11:10,884 - === Fold 5/10 ===
2025-09-03 19:11:10,902 - Epoch 1/500 - Train Loss: 1.4264, Train Acc: 30.56% - Val loss: 1.1407, Val Acc: 42.86%
2025-09-03 19:11:12,586 - Early stopping à l'epoch 112
2025-09-03 19:11:12,587 - Fold 5 - Accuracy finale: 89.29%
2025-09-03 19:11:12,587 - === Fold 6/10 ===
2025-09-03 19:11:12,606 - Epoch 1/500 - Train Loss: 1.3976, Train Acc: 28.57% - Val loss: 1.1219, Val Acc: 42.86%
2025-09-03 19:11:14,838 - Early stopping à l'epoch 148
2025-09-03 19:11:14,839 - Fold 6 - Accuracy finale: 92.86%
2025-09-03 19:11:14,840 - === Fold 7/10 ===
2025-09-03 19:11:14,858 - Epoch 1/500 - Train Loss: 1.3370, Train Acc: 36.90% - Val loss: 1.0823, Val Acc: 35.71%
2025-09-03 19:11:17,684 - Early stopping à l'epoch 188
2025-09-03 19:11:17,685 - Fold 7 - Accuracy finale: 96.43%
2025-09-03 19:11:17,685 - === Fold 8/10 ===
2025-09-03 19:11:17,704 - Epoch 1/500 - Train Loss: 1.2909, Train Acc: 45.24% - Val loss: 1.0071, Val Acc: 50.00%
2025-09-03 19:11:20,735 - Epoch 201/500 - Train Loss: 0.0009, Train Acc: 100.00% - Val loss: 0.4707, Val Acc: 92.86%
2025-09-03 19:11:21,060 - Early stopping à l'epoch 222
2025-09-03 19:11:21,061 - Fold 8 - Accuracy finale: 92.86%
2025-09-03 19:11:21,061 - === Fold 9/10 ===
2025-09-03 19:11:21,079 - Epoch 1/500 - Train Loss: 1.2901, Train Acc: 36.11% - Val loss: 1.0924, Val Acc: 39.29%
2025-09-03 19:11:24,122 - Epoch 201/500 - Train Loss: 0.0025, Train Acc: 100.00% - Val loss: 0.1597, Val Acc: 96.43%
2025-09-03 19:11:24,637 - Early stopping à l'epoch 235
2025-09-03 19:11:24,638 - Fold 9 - Accuracy finale: 96.43%
2025-09-03 19:11:24,638 - === Fold 10/10 ===
2025-09-03 19:11:24,656 - Epoch 1/500 - Train Loss: 1.3677, Train Acc: 33.73% - Val loss: 1.1178, Val Acc: 46.43%
2025-09-03 19:11:26,122 - Early stopping à l'epoch 96
2025-09-03 19:11:26,123 - Fold 10 - Accuracy finale: 78.57%
2025-09-03 19:11:26,124 - 
2025-09-03 19:11:26,124 - Résultats de la validation croisée
2025-09-03 19:11:26,124 - 
2025-09-03 19:11:26,124 - Accuracy moyenne: 92.14% ± 5.00%
2025-09-03 19:11:26,124 - Loss moyenne: 0.3774 ± 0.2374
2025-09-03 19:11:26,124 - Nombre d'epochs moyen: 169
2025-09-03 19:11:26,124 - Accuracy par fold: ['92.86%', '92.86%', '96.43%', '92.86%', '89.29%', '92.86%', '96.43%', '92.86%', '96.43%', '78.57%']

2025-09-03 19:11:26,124 - Variable candidate fBodyAcc-bandsEnergy()-1,8 testée
2025-09-03 19:11:26,124 - 
2025-09-03 19:11:26,124 - === Fold 1/10 ===
2025-09-03 19:11:26,143 - Epoch 1/500 - Train Loss: 1.3534, Train Acc: 34.92% - Val loss: 1.0596, Val Acc: 46.43%
2025-09-03 19:11:28,881 - Early stopping à l'epoch 184
2025-09-03 19:11:28,883 - Fold 1 - Accuracy finale: 96.43%
2025-09-03 19:11:28,883 - === Fold 2/10 ===
2025-09-03 19:11:28,902 - Epoch 1/500 - Train Loss: 1.3427, Train Acc: 34.92% - Val loss: 1.0618, Val Acc: 46.43%
2025-09-03 19:11:31,173 - Early stopping à l'epoch 151
2025-09-03 19:11:31,174 - Fold 2 - Accuracy finale: 96.43%
2025-09-03 19:11:31,174 - === Fold 3/10 ===
2025-09-03 19:11:31,193 - Epoch 1/500 - Train Loss: 1.3394, Train Acc: 34.52% - Val loss: 1.1084, Val Acc: 39.29%
2025-09-03 19:11:34,199 - Epoch 201/500 - Train Loss: 0.0011, Train Acc: 100.00% - Val loss: 0.0180, Val Acc: 100.00%
2025-09-03 19:11:36,332 - Early stopping à l'epoch 342
2025-09-03 19:11:36,333 - Fold 3 - Accuracy finale: 96.43%
2025-09-03 19:11:36,333 - === Fold 4/10 ===
2025-09-03 19:11:36,352 - Epoch 1/500 - Train Loss: 1.4450, Train Acc: 28.17% - Val loss: 1.1620, Val Acc: 42.86%
2025-09-03 19:11:39,418 - Epoch 201/500 - Train Loss: 0.0040, Train Acc: 100.00% - Val loss: 0.2047, Val Acc: 92.86%
2025-09-03 19:11:39,882 - Early stopping à l'epoch 232
2025-09-03 19:11:39,884 - Fold 4 - Accuracy finale: 92.86%
2025-09-03 19:11:39,884 - === Fold 5/10 ===
2025-09-03 19:11:39,903 - Epoch 1/500 - Train Loss: 1.4284, Train Acc: 30.95% - Val loss: 1.1417, Val Acc: 42.86%
2025-09-03 19:11:42,939 - Epoch 201/500 - Train Loss: 0.0017, Train Acc: 100.00% - Val loss: 0.3172, Val Acc: 89.29%
2025-09-03 19:11:43,136 - Early stopping à l'epoch 214
2025-09-03 19:11:43,137 - Fold 5 - Accuracy finale: 89.29%
2025-09-03 19:11:43,137 - === Fold 6/10 ===
2025-09-03 19:11:43,155 - Epoch 1/500 - Train Loss: 1.4057, Train Acc: 29.37% - Val loss: 1.1116, Val Acc: 42.86%
2025-09-03 19:11:44,924 - Early stopping à l'epoch 117
2025-09-03 19:11:44,925 - Fold 6 - Accuracy finale: 89.29%
2025-09-03 19:11:44,925 - === Fold 7/10 ===
2025-09-03 19:11:44,944 - Epoch 1/500 - Train Loss: 1.3299, Train Acc: 34.92% - Val loss: 1.1020, Val Acc: 35.71%
2025-09-03 19:11:47,720 - Early stopping à l'epoch 182
2025-09-03 19:11:47,721 - Fold 7 - Accuracy finale: 96.43%
2025-09-03 19:11:47,721 - === Fold 8/10 ===
2025-09-03 19:11:47,740 - Epoch 1/500 - Train Loss: 1.2978, Train Acc: 40.87% - Val loss: 0.9653, Val Acc: 50.00%
2025-09-03 19:11:50,791 - Epoch 201/500 - Train Loss: 0.0008, Train Acc: 100.00% - Val loss: 0.0112, Val Acc: 100.00%
2025-09-03 19:11:53,276 - Early stopping à l'epoch 365
2025-09-03 19:11:53,277 - Fold 8 - Accuracy finale: 96.43%
2025-09-03 19:11:53,277 - === Fold 9/10 ===
2025-09-03 19:11:53,296 - Epoch 1/500 - Train Loss: 1.2876, Train Acc: 35.71% - Val loss: 1.0747, Val Acc: 42.86%
2025-09-03 19:11:56,364 - Epoch 201/500 - Train Loss: 0.0018, Train Acc: 100.00% - Val loss: 0.1907, Val Acc: 92.86%
2025-09-03 19:11:56,956 - Early stopping à l'epoch 240
2025-09-03 19:11:56,957 - Fold 9 - Accuracy finale: 92.86%
2025-09-03 19:11:56,957 - === Fold 10/10 ===
2025-09-03 19:11:56,976 - Epoch 1/500 - Train Loss: 1.3645, Train Acc: 33.73% - Val loss: 1.1485, Val Acc: 42.86%
2025-09-03 19:11:59,577 - Early stopping à l'epoch 172
2025-09-03 19:11:59,578 - Fold 10 - Accuracy finale: 89.29%
2025-09-03 19:11:59,579 - 
2025-09-03 19:11:59,579 - Résultats de la validation croisée
2025-09-03 19:11:59,579 - 
2025-09-03 19:11:59,579 - Accuracy moyenne: 93.57% ± 3.11%
2025-09-03 19:11:59,579 - Loss moyenne: 0.3227 ± 0.2571
2025-09-03 19:11:59,579 - Nombre d'epochs moyen: 219
2025-09-03 19:11:59,579 - Accuracy par fold: ['96.43%', '96.43%', '96.43%', '92.86%', '89.29%', '89.29%', '96.43%', '96.43%', '92.86%', '89.29%']

2025-09-03 19:11:59,579 - Variable candidate tBodyAcc-energy()-X testée
2025-09-03 19:11:59,579 - 
2025-09-03 19:11:59,579 - === Fold 1/10 ===
2025-09-03 19:11:59,598 - Epoch 1/500 - Train Loss: 1.3601, Train Acc: 33.73% - Val loss: 1.0926, Val Acc: 42.86%
2025-09-03 19:12:02,072 - Early stopping à l'epoch 163
2025-09-03 19:12:02,073 - Fold 1 - Accuracy finale: 96.43%
2025-09-03 19:12:02,074 - === Fold 2/10 ===
2025-09-03 19:12:02,092 - Epoch 1/500 - Train Loss: 1.3460, Train Acc: 34.13% - Val loss: 1.0779, Val Acc: 46.43%
2025-09-03 19:12:04,033 - Early stopping à l'epoch 128
2025-09-03 19:12:04,034 - Fold 2 - Accuracy finale: 92.86%
2025-09-03 19:12:04,034 - === Fold 3/10 ===
2025-09-03 19:12:04,053 - Epoch 1/500 - Train Loss: 1.3462, Train Acc: 34.92% - Val loss: 1.1189, Val Acc: 39.29%
2025-09-03 19:12:06,510 - Early stopping à l'epoch 163
2025-09-03 19:12:06,511 - Fold 3 - Accuracy finale: 96.43%
2025-09-03 19:12:06,511 - === Fold 4/10 ===
2025-09-03 19:12:06,530 - Epoch 1/500 - Train Loss: 1.4583, Train Acc: 26.19% - Val loss: 1.2038, Val Acc: 39.29%
2025-09-03 19:12:09,590 - Epoch 201/500 - Train Loss: 0.0008, Train Acc: 100.00% - Val loss: 0.3083, Val Acc: 92.86%
2025-09-03 19:12:10,126 - Early stopping à l'epoch 236
2025-09-03 19:12:10,127 - Fold 4 - Accuracy finale: 92.86%
2025-09-03 19:12:10,128 - === Fold 5/10 ===
2025-09-03 19:12:10,150 - Epoch 1/500 - Train Loss: 1.4377, Train Acc: 29.76% - Val loss: 1.1510, Val Acc: 39.29%
2025-09-03 19:12:12,626 - Early stopping à l'epoch 162
2025-09-03 19:12:12,627 - Fold 5 - Accuracy finale: 85.71%
2025-09-03 19:12:12,627 - === Fold 6/10 ===
2025-09-03 19:12:12,648 - Epoch 1/500 - Train Loss: 1.4087, Train Acc: 28.17% - Val loss: 1.1181, Val Acc: 42.86%
2025-09-03 19:12:15,133 - Early stopping à l'epoch 162
2025-09-03 19:12:15,134 - Fold 6 - Accuracy finale: 85.71%
2025-09-03 19:12:15,135 - === Fold 7/10 ===
2025-09-03 19:12:15,154 - Epoch 1/500 - Train Loss: 1.3439, Train Acc: 35.32% - Val loss: 1.1315, Val Acc: 35.71%
2025-09-03 19:12:17,527 - Early stopping à l'epoch 155
2025-09-03 19:12:17,528 - Fold 7 - Accuracy finale: 96.43%
2025-09-03 19:12:17,528 - === Fold 8/10 ===
2025-09-03 19:12:17,547 - Epoch 1/500 - Train Loss: 1.3064, Train Acc: 41.67% - Val loss: 1.0010, Val Acc: 57.14%
2025-09-03 19:12:20,557 - Early stopping à l'epoch 199
2025-09-03 19:12:20,558 - Fold 8 - Accuracy finale: 96.43%
2025-09-03 19:12:20,558 - === Fold 9/10 ===
2025-09-03 19:12:20,581 - Epoch 1/500 - Train Loss: 1.2964, Train Acc: 36.11% - Val loss: 1.0882, Val Acc: 39.29%
2025-09-03 19:12:23,619 - Epoch 201/500 - Train Loss: 0.0015, Train Acc: 100.00% - Val loss: 0.0720, Val Acc: 96.43%
2025-09-03 19:12:24,442 - Early stopping à l'epoch 254
2025-09-03 19:12:24,443 - Fold 9 - Accuracy finale: 96.43%
2025-09-03 19:12:24,443 - === Fold 10/10 ===
2025-09-03 19:12:24,462 - Epoch 1/500 - Train Loss: 1.3743, Train Acc: 32.54% - Val loss: 1.1248, Val Acc: 42.86%
2025-09-03 19:12:26,009 - Early stopping à l'epoch 103
2025-09-03 19:12:26,010 - Fold 10 - Accuracy finale: 89.29%
2025-09-03 19:12:26,010 - 
2025-09-03 19:12:26,010 - Résultats de la validation croisée
2025-09-03 19:12:26,010 - 
2025-09-03 19:12:26,011 - Accuracy moyenne: 92.86% ± 4.23%
2025-09-03 19:12:26,011 - Loss moyenne: 0.3345 ± 0.2597
2025-09-03 19:12:26,011 - Nombre d'epochs moyen: 172
2025-09-03 19:12:26,011 - Accuracy par fold: ['96.43%', '92.86%', '96.43%', '92.86%', '85.71%', '85.71%', '96.43%', '96.43%', '96.43%', '89.29%']

2025-09-03 19:12:26,011 - Variable candidate tBodyAcc-std()-X testée
2025-09-03 19:12:26,011 - 
2025-09-03 19:12:26,011 - === Fold 1/10 ===
2025-09-03 19:12:26,034 - Epoch 1/500 - Train Loss: 1.4137, Train Acc: 27.38% - Val loss: 1.1817, Val Acc: 35.71%
2025-09-03 19:12:29,106 - Epoch 201/500 - Train Loss: 0.0021, Train Acc: 100.00% - Val loss: 0.4007, Val Acc: 96.43%
2025-09-03 19:12:29,349 - Early stopping à l'epoch 217
2025-09-03 19:12:29,350 - Fold 1 - Accuracy finale: 96.43%
2025-09-03 19:12:29,350 - === Fold 2/10 ===
2025-09-03 19:12:29,368 - Epoch 1/500 - Train Loss: 1.3839, Train Acc: 30.95% - Val loss: 1.1806, Val Acc: 46.43%
2025-09-03 19:12:31,907 - Early stopping à l'epoch 170
2025-09-03 19:12:31,908 - Fold 2 - Accuracy finale: 89.29%
2025-09-03 19:12:31,908 - === Fold 3/10 ===
2025-09-03 19:12:31,926 - Epoch 1/500 - Train Loss: 1.3956, Train Acc: 29.76% - Val loss: 1.1750, Val Acc: 35.71%
2025-09-03 19:12:34,671 - Early stopping à l'epoch 183
2025-09-03 19:12:34,672 - Fold 3 - Accuracy finale: 92.86%
2025-09-03 19:12:34,672 - === Fold 4/10 ===
2025-09-03 19:12:34,690 - Epoch 1/500 - Train Loss: 1.4735, Train Acc: 26.19% - Val loss: 1.2381, Val Acc: 35.71%
2025-09-03 19:12:36,870 - Early stopping à l'epoch 146
2025-09-03 19:12:36,871 - Fold 4 - Accuracy finale: 92.86%
2025-09-03 19:12:36,871 - === Fold 5/10 ===
2025-09-03 19:12:36,890 - Epoch 1/500 - Train Loss: 1.4626, Train Acc: 29.76% - Val loss: 1.2069, Val Acc: 35.71%
2025-09-03 19:12:39,386 - Early stopping à l'epoch 167
2025-09-03 19:12:39,387 - Fold 5 - Accuracy finale: 82.14%
2025-09-03 19:12:39,387 - === Fold 6/10 ===
2025-09-03 19:12:39,405 - Epoch 1/500 - Train Loss: 1.4252, Train Acc: 29.37% - Val loss: 1.1611, Val Acc: 35.71%
2025-09-03 19:12:41,250 - Early stopping à l'epoch 124
2025-09-03 19:12:41,252 - Fold 6 - Accuracy finale: 92.86%
2025-09-03 19:12:41,252 - === Fold 7/10 ===
2025-09-03 19:12:41,271 - Epoch 1/500 - Train Loss: 1.3895, Train Acc: 32.54% - Val loss: 1.2226, Val Acc: 32.14%
2025-09-03 19:12:44,331 - Epoch 201/500 - Train Loss: 0.0049, Train Acc: 100.00% - Val loss: 0.0487, Val Acc: 96.43%
2025-09-03 19:12:44,903 - Early stopping à l'epoch 239
2025-09-03 19:12:44,904 - Fold 7 - Accuracy finale: 96.43%
2025-09-03 19:12:44,904 - === Fold 8/10 ===
2025-09-03 19:12:44,923 - Epoch 1/500 - Train Loss: 1.3564, Train Acc: 34.13% - Val loss: 1.1389, Val Acc: 39.29%
2025-09-03 19:12:47,508 - Early stopping à l'epoch 170
2025-09-03 19:12:47,509 - Fold 8 - Accuracy finale: 96.43%
2025-09-03 19:12:47,509 - === Fold 9/10 ===
2025-09-03 19:12:47,528 - Epoch 1/500 - Train Loss: 1.3158, Train Acc: 34.13% - Val loss: 1.1014, Val Acc: 42.86%
2025-09-03 19:12:50,561 - Epoch 201/500 - Train Loss: 0.0044, Train Acc: 100.00% - Val loss: 0.3342, Val Acc: 92.86%
2025-09-03 19:12:50,714 - Early stopping à l'epoch 211
2025-09-03 19:12:50,715 - Fold 9 - Accuracy finale: 96.43%
2025-09-03 19:12:50,715 - === Fold 10/10 ===
2025-09-03 19:12:50,736 - Epoch 1/500 - Train Loss: 1.4007, Train Acc: 30.95% - Val loss: 1.1869, Val Acc: 35.71%
2025-09-03 19:12:52,845 - Early stopping à l'epoch 137
2025-09-03 19:12:52,846 - Fold 10 - Accuracy finale: 89.29%
2025-09-03 19:12:52,846 - 
2025-09-03 19:12:52,846 - Résultats de la validation croisée
2025-09-03 19:12:52,846 - 
2025-09-03 19:12:52,846 - Accuracy moyenne: 92.50% ± 4.36%
2025-09-03 19:12:52,846 - Loss moyenne: 0.3563 ± 0.2546
2025-09-03 19:12:52,846 - Nombre d'epochs moyen: 176
2025-09-03 19:12:52,846 - Accuracy par fold: ['96.43%', '89.29%', '92.86%', '92.86%', '82.14%', '92.86%', '96.43%', '96.43%', '96.43%', '89.29%']

2025-09-03 19:12:52,847 - Ajout de la variable fBodyAcc-bandsEnergy()-9,16, mean accuracy - std accuracy: 91.1392

2025-09-03 19:12:52,851 - Variables actuellement selectionnées : ['tBodyGyro-mean()-X', 'angle(tBodyGyroMean,gravityMean)', 'fBodyAccMag-mad()', 'tBodyAcc-mad()-X', 'fBodyAcc-bandsEnergy()-9,16']

2025-09-03 19:12:52,852 - Variable candidate fBodyAcc-bandsEnergy()-1,16 testée
2025-09-03 19:12:52,852 - 
2025-09-03 19:12:52,852 - === Fold 1/10 ===
2025-09-03 19:12:52,871 - Epoch 1/500 - Train Loss: 1.3436, Train Acc: 33.73% - Val loss: 0.9814, Val Acc: 60.71%
2025-09-03 19:12:54,906 - Early stopping à l'epoch 136
2025-09-03 19:12:54,907 - Fold 1 - Accuracy finale: 96.43%
2025-09-03 19:12:54,907 - === Fold 2/10 ===
2025-09-03 19:12:54,926 - Epoch 1/500 - Train Loss: 1.3890, Train Acc: 31.35% - Val loss: 1.1497, Val Acc: 42.86%
2025-09-03 19:12:57,125 - Early stopping à l'epoch 143
2025-09-03 19:12:57,126 - Fold 2 - Accuracy finale: 89.29%
2025-09-03 19:12:57,126 - === Fold 3/10 ===
2025-09-03 19:12:57,148 - Epoch 1/500 - Train Loss: 1.4618, Train Acc: 29.37% - Val loss: 1.1594, Val Acc: 35.71%
2025-09-03 19:13:00,232 - Epoch 201/500 - Train Loss: 0.0308, Train Acc: 98.81% - Val loss: 0.0853, Val Acc: 96.43%
2025-09-03 19:13:01,392 - Early stopping à l'epoch 276
2025-09-03 19:13:01,393 - Fold 3 - Accuracy finale: 100.00%
2025-09-03 19:13:01,393 - === Fold 4/10 ===
2025-09-03 19:13:01,412 - Epoch 1/500 - Train Loss: 1.3753, Train Acc: 34.52% - Val loss: 1.0217, Val Acc: 53.57%
2025-09-03 19:13:04,384 - Early stopping à l'epoch 195
2025-09-03 19:13:04,385 - Fold 4 - Accuracy finale: 92.86%
2025-09-03 19:13:04,385 - === Fold 5/10 ===
2025-09-03 19:13:04,408 - Epoch 1/500 - Train Loss: 1.3542, Train Acc: 37.30% - Val loss: 1.1546, Val Acc: 35.71%
2025-09-03 19:13:06,781 - Early stopping à l'epoch 156
2025-09-03 19:13:06,782 - Fold 5 - Accuracy finale: 96.43%
2025-09-03 19:13:06,782 - === Fold 6/10 ===
2025-09-03 19:13:06,801 - Epoch 1/500 - Train Loss: 1.5162, Train Acc: 26.59% - Val loss: 1.1280, Val Acc: 42.86%
2025-09-03 19:13:08,563 - Early stopping à l'epoch 119
2025-09-03 19:13:08,564 - Fold 6 - Accuracy finale: 82.14%
2025-09-03 19:13:08,564 - === Fold 7/10 ===
2025-09-03 19:13:08,582 - Epoch 1/500 - Train Loss: 1.2769, Train Acc: 41.67% - Val loss: 0.9357, Val Acc: 64.29%
2025-09-03 19:13:10,963 - Early stopping à l'epoch 159
2025-09-03 19:13:10,964 - Fold 7 - Accuracy finale: 89.29%
2025-09-03 19:13:10,964 - === Fold 8/10 ===
2025-09-03 19:13:10,983 - Epoch 1/500 - Train Loss: 1.3727, Train Acc: 34.13% - Val loss: 1.0320, Val Acc: 46.43%
2025-09-03 19:13:13,964 - Epoch 201/500 - Train Loss: 0.0254, Train Acc: 98.81% - Val loss: 0.2312, Val Acc: 96.43%
2025-09-03 19:13:15,444 - Early stopping à l'epoch 300
2025-09-03 19:13:15,445 - Fold 8 - Accuracy finale: 96.43%
2025-09-03 19:13:15,445 - === Fold 9/10 ===
2025-09-03 19:13:15,464 - Epoch 1/500 - Train Loss: 1.3211, Train Acc: 42.06% - Val loss: 1.0213, Val Acc: 42.86%
2025-09-03 19:13:18,471 - Epoch 201/500 - Train Loss: 0.0096, Train Acc: 99.60% - Val loss: 0.1269, Val Acc: 92.86%
2025-09-03 19:13:20,175 - Early stopping à l'epoch 315
2025-09-03 19:13:20,177 - Fold 9 - Accuracy finale: 92.86%
2025-09-03 19:13:20,177 - === Fold 10/10 ===
2025-09-03 19:13:20,195 - Epoch 1/500 - Train Loss: 1.3396, Train Acc: 41.27% - Val loss: 1.0813, Val Acc: 50.00%
2025-09-03 19:13:21,664 - Early stopping à l'epoch 99
2025-09-03 19:13:21,665 - Fold 10 - Accuracy finale: 89.29%
2025-09-03 19:13:21,665 - 
2025-09-03 19:13:21,666 - Résultats de la validation croisée
2025-09-03 19:13:21,666 - 
2025-09-03 19:13:21,666 - Accuracy moyenne: 92.50% ± 4.91%
2025-09-03 19:13:21,666 - Loss moyenne: 0.3664 ± 0.2487
2025-09-03 19:13:21,666 - Nombre d'epochs moyen: 189
2025-09-03 19:13:21,666 - Accuracy par fold: ['96.43%', '89.29%', '100.00%', '92.86%', '96.43%', '82.14%', '89.29%', '96.43%', '92.86%', '89.29%']

2025-09-03 19:13:21,666 - Variable candidate fBodyAccMag-std() testée
2025-09-03 19:13:21,666 - 
2025-09-03 19:13:21,666 - === Fold 1/10 ===
2025-09-03 19:13:21,684 - Epoch 1/500 - Train Loss: 1.3382, Train Acc: 34.13% - Val loss: 1.0186, Val Acc: 42.86%
2025-09-03 19:13:24,497 - Early stopping à l'epoch 185
2025-09-03 19:13:24,498 - Fold 1 - Accuracy finale: 96.43%
2025-09-03 19:13:24,498 - === Fold 2/10 ===
2025-09-03 19:13:24,516 - Epoch 1/500 - Train Loss: 1.3932, Train Acc: 30.95% - Val loss: 1.1623, Val Acc: 39.29%
2025-09-03 19:13:26,671 - Early stopping à l'epoch 145
2025-09-03 19:13:26,672 - Fold 2 - Accuracy finale: 92.86%
2025-09-03 19:13:26,672 - === Fold 3/10 ===
2025-09-03 19:13:26,690 - Epoch 1/500 - Train Loss: 1.4686, Train Acc: 29.37% - Val loss: 1.1888, Val Acc: 28.57%
2025-09-03 19:13:29,675 - Epoch 201/500 - Train Loss: 0.0014, Train Acc: 100.00% - Val loss: 0.0223, Val Acc: 100.00%
2025-09-03 19:13:29,885 - Early stopping à l'epoch 215
2025-09-03 19:13:29,886 - Fold 3 - Accuracy finale: 100.00%
2025-09-03 19:13:29,886 - === Fold 4/10 ===
2025-09-03 19:13:29,904 - Epoch 1/500 - Train Loss: 1.3920, Train Acc: 32.14% - Val loss: 1.0541, Val Acc: 50.00%
2025-09-03 19:13:32,556 - Early stopping à l'epoch 178
2025-09-03 19:13:32,557 - Fold 4 - Accuracy finale: 92.86%
2025-09-03 19:13:32,557 - === Fold 5/10 ===
2025-09-03 19:13:32,576 - Epoch 1/500 - Train Loss: 1.3724, Train Acc: 34.92% - Val loss: 1.1614, Val Acc: 35.71%
2025-09-03 19:13:35,392 - Early stopping à l'epoch 188
2025-09-03 19:13:35,393 - Fold 5 - Accuracy finale: 89.29%
2025-09-03 19:13:35,393 - === Fold 6/10 ===
2025-09-03 19:13:35,412 - Epoch 1/500 - Train Loss: 1.5193, Train Acc: 25.79% - Val loss: 1.1534, Val Acc: 35.71%
2025-09-03 19:13:38,447 - Epoch 201/500 - Train Loss: 0.0013, Train Acc: 100.00% - Val loss: 0.2067, Val Acc: 92.86%
2025-09-03 19:13:38,463 - Early stopping à l'epoch 202
2025-09-03 19:13:38,464 - Fold 6 - Accuracy finale: 92.86%
2025-09-03 19:13:38,464 - === Fold 7/10 ===
2025-09-03 19:13:38,483 - Epoch 1/500 - Train Loss: 1.2969, Train Acc: 40.48% - Val loss: 0.9635, Val Acc: 57.14%
2025-09-03 19:13:41,352 - Early stopping à l'epoch 189
2025-09-03 19:13:41,353 - Fold 7 - Accuracy finale: 96.43%
2025-09-03 19:13:41,354 - === Fold 8/10 ===
2025-09-03 19:13:41,372 - Epoch 1/500 - Train Loss: 1.3816, Train Acc: 32.14% - Val loss: 1.0701, Val Acc: 39.29%
2025-09-03 19:13:43,844 - Early stopping à l'epoch 165
2025-09-03 19:13:43,846 - Fold 8 - Accuracy finale: 92.86%
2025-09-03 19:13:43,846 - === Fold 9/10 ===
2025-09-03 19:13:43,864 - Epoch 1/500 - Train Loss: 1.3400, Train Acc: 39.68% - Val loss: 1.0405, Val Acc: 42.86%
2025-09-03 19:13:46,095 - Early stopping à l'epoch 148
2025-09-03 19:13:46,096 - Fold 9 - Accuracy finale: 85.71%
2025-09-03 19:13:46,096 - === Fold 10/10 ===
2025-09-03 19:13:46,115 - Epoch 1/500 - Train Loss: 1.3572, Train Acc: 40.87% - Val loss: 1.1355, Val Acc: 46.43%
2025-09-03 19:13:47,613 - Early stopping à l'epoch 99
2025-09-03 19:13:47,614 - Fold 10 - Accuracy finale: 89.29%
2025-09-03 19:13:47,614 - 
2025-09-03 19:13:47,614 - Résultats de la validation croisée
2025-09-03 19:13:47,614 - 
2025-09-03 19:13:47,614 - Accuracy moyenne: 92.86% ± 3.91%
2025-09-03 19:13:47,614 - Loss moyenne: 0.2810 ± 0.1497
2025-09-03 19:13:47,614 - Nombre d'epochs moyen: 171
2025-09-03 19:13:47,614 - Accuracy par fold: ['96.43%', '92.86%', '100.00%', '92.86%', '89.29%', '92.86%', '96.43%', '92.86%', '85.71%', '89.29%']

2025-09-03 19:13:47,614 - Variable candidate fBodyAcc-bandsEnergy()-49,56 testée
2025-09-03 19:13:47,614 - 
2025-09-03 19:13:47,615 - === Fold 1/10 ===
2025-09-03 19:13:47,636 - Epoch 1/500 - Train Loss: 1.3484, Train Acc: 33.73% - Val loss: 1.0210, Val Acc: 46.43%
2025-09-03 19:13:49,424 - Early stopping à l'epoch 118
2025-09-03 19:13:49,425 - Fold 1 - Accuracy finale: 96.43%
2025-09-03 19:13:49,425 - === Fold 2/10 ===
2025-09-03 19:13:49,444 - Epoch 1/500 - Train Loss: 1.4055, Train Acc: 31.75% - Val loss: 1.1694, Val Acc: 39.29%
2025-09-03 19:13:51,695 - Early stopping à l'epoch 146
2025-09-03 19:13:51,696 - Fold 2 - Accuracy finale: 92.86%
2025-09-03 19:13:51,696 - === Fold 3/10 ===
2025-09-03 19:13:51,715 - Epoch 1/500 - Train Loss: 1.4762, Train Acc: 27.78% - Val loss: 1.1885, Val Acc: 28.57%
2025-09-03 19:13:54,244 - Early stopping à l'epoch 165
2025-09-03 19:13:54,245 - Fold 3 - Accuracy finale: 92.86%
2025-09-03 19:13:54,245 - === Fold 4/10 ===
2025-09-03 19:13:54,264 - Epoch 1/500 - Train Loss: 1.4007, Train Acc: 30.16% - Val loss: 1.0591, Val Acc: 53.57%
2025-09-03 19:13:57,106 - Early stopping à l'epoch 187
2025-09-03 19:13:57,107 - Fold 4 - Accuracy finale: 89.29%
2025-09-03 19:13:57,107 - === Fold 5/10 ===
2025-09-03 19:13:57,126 - Epoch 1/500 - Train Loss: 1.3761, Train Acc: 34.92% - Val loss: 1.1622, Val Acc: 35.71%
2025-09-03 19:13:59,153 - Early stopping à l'epoch 135
2025-09-03 19:13:59,154 - Fold 5 - Accuracy finale: 92.86%
2025-09-03 19:13:59,154 - === Fold 6/10 ===
2025-09-03 19:13:59,173 - Epoch 1/500 - Train Loss: 1.5251, Train Acc: 25.00% - Val loss: 1.1499, Val Acc: 39.29%
2025-09-03 19:14:01,627 - Early stopping à l'epoch 165
2025-09-03 19:14:01,629 - Fold 6 - Accuracy finale: 85.71%
2025-09-03 19:14:01,629 - === Fold 7/10 ===
2025-09-03 19:14:01,648 - Epoch 1/500 - Train Loss: 1.3023, Train Acc: 37.70% - Val loss: 0.9658, Val Acc: 53.57%
2025-09-03 19:14:04,186 - Early stopping à l'epoch 170
2025-09-03 19:14:04,187 - Fold 7 - Accuracy finale: 92.86%
2025-09-03 19:14:04,187 - === Fold 8/10 ===
2025-09-03 19:14:04,205 - Epoch 1/500 - Train Loss: 1.3953, Train Acc: 32.94% - Val loss: 1.0939, Val Acc: 39.29%
2025-09-03 19:14:06,596 - Early stopping à l'epoch 160
2025-09-03 19:14:06,597 - Fold 8 - Accuracy finale: 85.71%
2025-09-03 19:14:06,597 - === Fold 9/10 ===
2025-09-03 19:14:06,616 - Epoch 1/500 - Train Loss: 1.3400, Train Acc: 40.87% - Val loss: 1.0492, Val Acc: 42.86%
2025-09-03 19:14:09,189 - Early stopping à l'epoch 171
2025-09-03 19:14:09,190 - Fold 9 - Accuracy finale: 82.14%
2025-09-03 19:14:09,190 - === Fold 10/10 ===
2025-09-03 19:14:09,209 - Epoch 1/500 - Train Loss: 1.3592, Train Acc: 40.87% - Val loss: 1.1283, Val Acc: 42.86%
2025-09-03 19:14:10,812 - Early stopping à l'epoch 107
2025-09-03 19:14:10,813 - Fold 10 - Accuracy finale: 92.86%
2025-09-03 19:14:10,813 - 
2025-09-03 19:14:10,813 - Résultats de la validation croisée
2025-09-03 19:14:10,813 - 
2025-09-03 19:14:10,813 - Accuracy moyenne: 90.36% ± 4.24%
2025-09-03 19:14:10,813 - Loss moyenne: 0.4587 ± 0.2048
2025-09-03 19:14:10,813 - Nombre d'epochs moyen: 152
2025-09-03 19:14:10,813 - Accuracy par fold: ['96.43%', '92.86%', '92.86%', '89.29%', '92.86%', '85.71%', '92.86%', '85.71%', '82.14%', '92.86%']

2025-09-03 19:14:10,813 - Variable candidate tGravityAcc-entropy()-Y testée
2025-09-03 19:14:10,813 - 
2025-09-03 19:14:10,814 - === Fold 1/10 ===
2025-09-03 19:14:10,832 - Epoch 1/500 - Train Loss: 1.3324, Train Acc: 34.92% - Val loss: 1.1191, Val Acc: 53.57%
2025-09-03 19:14:12,515 - Early stopping à l'epoch 113
2025-09-03 19:14:12,516 - Fold 1 - Accuracy finale: 85.71%
2025-09-03 19:14:12,516 - === Fold 2/10 ===
2025-09-03 19:14:12,534 - Epoch 1/500 - Train Loss: 1.3955, Train Acc: 36.11% - Val loss: 1.1139, Val Acc: 50.00%
2025-09-03 19:14:14,481 - Early stopping à l'epoch 130
2025-09-03 19:14:14,482 - Fold 2 - Accuracy finale: 85.71%
2025-09-03 19:14:14,482 - === Fold 3/10 ===
2025-09-03 19:14:14,501 - Epoch 1/500 - Train Loss: 1.4703, Train Acc: 28.17% - Val loss: 1.1488, Val Acc: 46.43%
2025-09-03 19:14:16,351 - Early stopping à l'epoch 124
2025-09-03 19:14:16,352 - Fold 3 - Accuracy finale: 85.71%
2025-09-03 19:14:16,352 - === Fold 4/10 ===
2025-09-03 19:14:16,371 - Epoch 1/500 - Train Loss: 1.3830, Train Acc: 36.11% - Val loss: 1.0187, Val Acc: 60.71%
2025-09-03 19:14:18,567 - Early stopping à l'epoch 146
2025-09-03 19:14:18,568 - Fold 4 - Accuracy finale: 96.43%
2025-09-03 19:14:18,568 - === Fold 5/10 ===
2025-09-03 19:14:18,588 - Epoch 1/500 - Train Loss: 1.3747, Train Acc: 37.70% - Val loss: 1.1332, Val Acc: 42.86%
2025-09-03 19:14:20,182 - Early stopping à l'epoch 106
2025-09-03 19:14:20,183 - Fold 5 - Accuracy finale: 92.86%
2025-09-03 19:14:20,183 - === Fold 6/10 ===
2025-09-03 19:14:20,202 - Epoch 1/500 - Train Loss: 1.5204, Train Acc: 27.38% - Val loss: 1.1543, Val Acc: 35.71%
2025-09-03 19:14:22,497 - Early stopping à l'epoch 150
2025-09-03 19:14:22,498 - Fold 6 - Accuracy finale: 89.29%
2025-09-03 19:14:22,498 - === Fold 7/10 ===
2025-09-03 19:14:22,516 - Epoch 1/500 - Train Loss: 1.3019, Train Acc: 45.63% - Val loss: 0.8557, Val Acc: 57.14%
2025-09-03 19:14:24,980 - Early stopping à l'epoch 165
2025-09-03 19:14:24,981 - Fold 7 - Accuracy finale: 96.43%
2025-09-03 19:14:24,981 - === Fold 8/10 ===
2025-09-03 19:14:25,000 - Epoch 1/500 - Train Loss: 1.3557, Train Acc: 36.90% - Val loss: 1.0474, Val Acc: 42.86%
2025-09-03 19:14:27,038 - Early stopping à l'epoch 136
2025-09-03 19:14:27,040 - Fold 8 - Accuracy finale: 92.86%
2025-09-03 19:14:27,040 - === Fold 9/10 ===
2025-09-03 19:14:27,059 - Epoch 1/500 - Train Loss: 1.3341, Train Acc: 43.25% - Val loss: 0.9913, Val Acc: 42.86%
2025-09-03 19:14:29,464 - Early stopping à l'epoch 159
2025-09-03 19:14:29,465 - Fold 9 - Accuracy finale: 96.43%
2025-09-03 19:14:29,465 - === Fold 10/10 ===
2025-09-03 19:14:29,484 - Epoch 1/500 - Train Loss: 1.3619, Train Acc: 42.86% - Val loss: 1.1100, Val Acc: 53.57%
2025-09-03 19:14:32,070 - Early stopping à l'epoch 171
2025-09-03 19:14:32,071 - Fold 10 - Accuracy finale: 96.43%
2025-09-03 19:14:32,071 - 
2025-09-03 19:14:32,071 - Résultats de la validation croisée
2025-09-03 19:14:32,071 - 
2025-09-03 19:14:32,071 - Accuracy moyenne: 91.79% ± 4.53%
2025-09-03 19:14:32,071 - Loss moyenne: 0.5861 ± 0.3728
2025-09-03 19:14:32,071 - Nombre d'epochs moyen: 140
2025-09-03 19:14:32,071 - Accuracy par fold: ['85.71%', '85.71%', '85.71%', '96.43%', '92.86%', '89.29%', '96.43%', '92.86%', '96.43%', '96.43%']

2025-09-03 19:14:32,071 - Variable candidate fBodyAcc-bandsEnergy()-41,48 testée
2025-09-03 19:14:32,071 - 
2025-09-03 19:14:32,072 - === Fold 1/10 ===
2025-09-03 19:14:32,090 - Epoch 1/500 - Train Loss: 1.3520, Train Acc: 32.14% - Val loss: 1.0222, Val Acc: 53.57%
2025-09-03 19:14:34,212 - Early stopping à l'epoch 141
2025-09-03 19:14:34,213 - Fold 1 - Accuracy finale: 92.86%
2025-09-03 19:14:34,213 - === Fold 2/10 ===
2025-09-03 19:14:34,233 - Epoch 1/500 - Train Loss: 1.4036, Train Acc: 32.14% - Val loss: 1.1705, Val Acc: 39.29%
2025-09-03 19:14:36,028 - Early stopping à l'epoch 121
2025-09-03 19:14:36,029 - Fold 2 - Accuracy finale: 85.71%
2025-09-03 19:14:36,029 - === Fold 3/10 ===
2025-09-03 19:14:36,051 - Epoch 1/500 - Train Loss: 1.4735, Train Acc: 28.17% - Val loss: 1.1837, Val Acc: 28.57%
2025-09-03 19:14:38,620 - Early stopping à l'epoch 168
2025-09-03 19:14:38,621 - Fold 3 - Accuracy finale: 96.43%
2025-09-03 19:14:38,621 - === Fold 4/10 ===
2025-09-03 19:14:38,639 - Epoch 1/500 - Train Loss: 1.3980, Train Acc: 30.16% - Val loss: 1.0483, Val Acc: 53.57%
2025-09-03 19:14:41,659 - Epoch 201/500 - Train Loss: 0.0010, Train Acc: 100.00% - Val loss: 0.3071, Val Acc: 89.29%
2025-09-03 19:14:41,963 - Early stopping à l'epoch 221
2025-09-03 19:14:41,964 - Fold 4 - Accuracy finale: 89.29%
2025-09-03 19:14:41,964 - === Fold 5/10 ===
2025-09-03 19:14:41,983 - Epoch 1/500 - Train Loss: 1.3753, Train Acc: 35.32% - Val loss: 1.1648, Val Acc: 35.71%
2025-09-03 19:14:45,005 - Epoch 201/500 - Train Loss: 0.0027, Train Acc: 100.00% - Val loss: 0.0380, Val Acc: 96.43%
2025-09-03 19:14:45,178 - Early stopping à l'epoch 212
2025-09-03 19:14:45,179 - Fold 5 - Accuracy finale: 96.43%
2025-09-03 19:14:45,179 - === Fold 6/10 ===
2025-09-03 19:14:45,198 - Epoch 1/500 - Train Loss: 1.5236, Train Acc: 25.40% - Val loss: 1.1468, Val Acc: 42.86%
2025-09-03 19:14:48,233 - Epoch 201/500 - Train Loss: 0.0011, Train Acc: 100.00% - Val loss: 0.3076, Val Acc: 92.86%
2025-09-03 19:14:48,713 - Early stopping à l'epoch 233
2025-09-03 19:14:48,714 - Fold 6 - Accuracy finale: 92.86%
2025-09-03 19:14:48,714 - === Fold 7/10 ===
2025-09-03 19:14:48,733 - Epoch 1/500 - Train Loss: 1.2975, Train Acc: 37.30% - Val loss: 0.9628, Val Acc: 53.57%
2025-09-03 19:14:50,294 - Early stopping à l'epoch 105
2025-09-03 19:14:50,295 - Fold 7 - Accuracy finale: 85.71%
2025-09-03 19:14:50,295 - === Fold 8/10 ===
2025-09-03 19:14:50,314 - Epoch 1/500 - Train Loss: 1.3953, Train Acc: 33.33% - Val loss: 1.0909, Val Acc: 35.71%
2025-09-03 19:14:52,410 - Early stopping à l'epoch 141
2025-09-03 19:14:52,411 - Fold 8 - Accuracy finale: 89.29%
2025-09-03 19:14:52,411 - === Fold 9/10 ===
2025-09-03 19:14:52,430 - Epoch 1/500 - Train Loss: 1.3364, Train Acc: 40.87% - Val loss: 1.0340, Val Acc: 42.86%
2025-09-03 19:14:55,189 - Early stopping à l'epoch 185
2025-09-03 19:14:55,190 - Fold 9 - Accuracy finale: 96.43%
2025-09-03 19:14:55,190 - === Fold 10/10 ===
2025-09-03 19:14:55,209 - Epoch 1/500 - Train Loss: 1.3509, Train Acc: 42.06% - Val loss: 1.1331, Val Acc: 42.86%
2025-09-03 19:14:56,809 - Early stopping à l'epoch 108
2025-09-03 19:14:56,810 - Fold 10 - Accuracy finale: 92.86%
2025-09-03 19:14:56,810 - 
2025-09-03 19:14:56,810 - Résultats de la validation croisée
2025-09-03 19:14:56,810 - 
2025-09-03 19:14:56,811 - Accuracy moyenne: 91.79% ± 3.93%
2025-09-03 19:14:56,811 - Loss moyenne: 0.3368 ± 0.1929
2025-09-03 19:14:56,811 - Nombre d'epochs moyen: 163
2025-09-03 19:14:56,811 - Accuracy par fold: ['92.86%', '85.71%', '96.43%', '89.29%', '96.43%', '92.86%', '85.71%', '89.29%', '96.43%', '92.86%']

2025-09-03 19:14:56,811 - Variable candidate fBodyAccJerk-bandsEnergy()-1,16 testée
2025-09-03 19:14:56,811 - 
2025-09-03 19:14:56,811 - === Fold 1/10 ===
2025-09-03 19:14:56,830 - Epoch 1/500 - Train Loss: 1.3668, Train Acc: 31.75% - Val loss: 1.0212, Val Acc: 71.43%
2025-09-03 19:14:58,756 - Early stopping à l'epoch 128
2025-09-03 19:14:58,757 - Fold 1 - Accuracy finale: 96.43%
2025-09-03 19:14:58,757 - === Fold 2/10 ===
2025-09-03 19:14:58,775 - Epoch 1/500 - Train Loss: 1.3970, Train Acc: 32.14% - Val loss: 1.1692, Val Acc: 39.29%
2025-09-03 19:15:00,530 - Early stopping à l'epoch 118
2025-09-03 19:15:00,531 - Fold 2 - Accuracy finale: 89.29%
2025-09-03 19:15:00,531 - === Fold 3/10 ===
2025-09-03 19:15:00,550 - Epoch 1/500 - Train Loss: 1.4601, Train Acc: 28.97% - Val loss: 1.1642, Val Acc: 28.57%
2025-09-03 19:15:02,625 - Early stopping à l'epoch 139
2025-09-03 19:15:02,626 - Fold 3 - Accuracy finale: 96.43%
2025-09-03 19:15:02,626 - === Fold 4/10 ===
2025-09-03 19:15:02,644 - Epoch 1/500 - Train Loss: 1.3859, Train Acc: 33.33% - Val loss: 1.0353, Val Acc: 50.00%
2025-09-03 19:15:05,010 - Early stopping à l'epoch 156
2025-09-03 19:15:05,011 - Fold 4 - Accuracy finale: 96.43%
2025-09-03 19:15:05,011 - === Fold 5/10 ===
2025-09-03 19:15:05,029 - Epoch 1/500 - Train Loss: 1.3592, Train Acc: 35.32% - Val loss: 1.1945, Val Acc: 35.71%
2025-09-03 19:15:06,751 - Early stopping à l'epoch 115
2025-09-03 19:15:06,753 - Fold 5 - Accuracy finale: 92.86%
2025-09-03 19:15:06,753 - === Fold 6/10 ===
2025-09-03 19:15:06,771 - Epoch 1/500 - Train Loss: 1.5236, Train Acc: 25.79% - Val loss: 1.1380, Val Acc: 42.86%
2025-09-03 19:15:08,750 - Early stopping à l'epoch 132
2025-09-03 19:15:08,751 - Fold 6 - Accuracy finale: 92.86%
2025-09-03 19:15:08,751 - === Fold 7/10 ===
2025-09-03 19:15:08,769 - Epoch 1/500 - Train Loss: 1.2890, Train Acc: 39.29% - Val loss: 0.9506, Val Acc: 53.57%
2025-09-03 19:15:11,068 - Early stopping à l'epoch 153
2025-09-03 19:15:11,069 - Fold 7 - Accuracy finale: 96.43%
2025-09-03 19:15:11,069 - === Fold 8/10 ===
2025-09-03 19:15:11,087 - Epoch 1/500 - Train Loss: 1.3933, Train Acc: 33.33% - Val loss: 1.0908, Val Acc: 39.29%
2025-09-03 19:15:13,868 - Early stopping à l'epoch 186
2025-09-03 19:15:13,869 - Fold 8 - Accuracy finale: 92.86%
2025-09-03 19:15:13,869 - === Fold 9/10 ===
2025-09-03 19:15:13,888 - Epoch 1/500 - Train Loss: 1.3302, Train Acc: 40.08% - Val loss: 1.0436, Val Acc: 42.86%
2025-09-03 19:15:16,909 - Epoch 201/500 - Train Loss: 0.0012, Train Acc: 100.00% - Val loss: 0.1831, Val Acc: 92.86%
2025-09-03 19:15:17,035 - Early stopping à l'epoch 209
2025-09-03 19:15:17,036 - Fold 9 - Accuracy finale: 92.86%
2025-09-03 19:15:17,036 - === Fold 10/10 ===
2025-09-03 19:15:17,055 - Epoch 1/500 - Train Loss: 1.3536, Train Acc: 40.48% - Val loss: 1.1073, Val Acc: 46.43%
2025-09-03 19:15:18,887 - Early stopping à l'epoch 123
2025-09-03 19:15:18,889 - Fold 10 - Accuracy finale: 92.86%
2025-09-03 19:15:18,889 - 
2025-09-03 19:15:18,889 - Résultats de la validation croisée
2025-09-03 19:15:18,889 - 
2025-09-03 19:15:18,889 - Accuracy moyenne: 93.93% ± 2.29%
2025-09-03 19:15:18,889 - Loss moyenne: 0.3144 ± 0.1356
2025-09-03 19:15:18,889 - Nombre d'epochs moyen: 145
2025-09-03 19:15:18,889 - Accuracy par fold: ['96.43%', '89.29%', '96.43%', '96.43%', '92.86%', '92.86%', '96.43%', '92.86%', '92.86%', '92.86%']

2025-09-03 19:15:18,889 - Variable candidate fBodyAcc-bandsEnergy()-33,48 testée
2025-09-03 19:15:18,889 - 
2025-09-03 19:15:18,890 - === Fold 1/10 ===
2025-09-03 19:15:18,913 - Epoch 1/500 - Train Loss: 1.3607, Train Acc: 31.35% - Val loss: 1.0270, Val Acc: 67.86%
2025-09-03 19:15:21,054 - Early stopping à l'epoch 142
2025-09-03 19:15:21,055 - Fold 1 - Accuracy finale: 89.29%
2025-09-03 19:15:21,055 - === Fold 2/10 ===
2025-09-03 19:15:21,074 - Epoch 1/500 - Train Loss: 1.4056, Train Acc: 32.54% - Val loss: 1.1717, Val Acc: 39.29%
2025-09-03 19:15:23,357 - Early stopping à l'epoch 149
2025-09-03 19:15:23,358 - Fold 2 - Accuracy finale: 92.86%
2025-09-03 19:15:23,358 - === Fold 3/10 ===
2025-09-03 19:15:23,377 - Epoch 1/500 - Train Loss: 1.4709, Train Acc: 28.17% - Val loss: 1.1832, Val Acc: 28.57%
2025-09-03 19:15:26,141 - Early stopping à l'epoch 185
2025-09-03 19:15:26,142 - Fold 3 - Accuracy finale: 89.29%
2025-09-03 19:15:26,143 - === Fold 4/10 ===
2025-09-03 19:15:26,161 - Epoch 1/500 - Train Loss: 1.3972, Train Acc: 30.56% - Val loss: 1.0538, Val Acc: 53.57%
2025-09-03 19:15:29,192 - Epoch 201/500 - Train Loss: 0.0009, Train Acc: 100.00% - Val loss: 0.1965, Val Acc: 96.43%
2025-09-03 19:15:29,223 - Early stopping à l'epoch 203
2025-09-03 19:15:29,224 - Fold 4 - Accuracy finale: 96.43%
2025-09-03 19:15:29,224 - === Fold 5/10 ===
2025-09-03 19:15:29,243 - Epoch 1/500 - Train Loss: 1.3748, Train Acc: 35.32% - Val loss: 1.1620, Val Acc: 35.71%
2025-09-03 19:15:31,702 - Early stopping à l'epoch 164
2025-09-03 19:15:31,704 - Fold 5 - Accuracy finale: 85.71%
2025-09-03 19:15:31,704 - === Fold 6/10 ===
2025-09-03 19:15:31,722 - Epoch 1/500 - Train Loss: 1.5239, Train Acc: 25.40% - Val loss: 1.1477, Val Acc: 42.86%
2025-09-03 19:15:33,752 - Early stopping à l'epoch 133
2025-09-03 19:15:33,753 - Fold 6 - Accuracy finale: 85.71%
2025-09-03 19:15:33,753 - === Fold 7/10 ===
2025-09-03 19:15:33,772 - Epoch 1/500 - Train Loss: 1.2972, Train Acc: 38.10% - Val loss: 0.9632, Val Acc: 53.57%
2025-09-03 19:15:36,795 - Early stopping à l'epoch 197
2025-09-03 19:15:36,796 - Fold 7 - Accuracy finale: 96.43%
2025-09-03 19:15:36,796 - === Fold 8/10 ===
2025-09-03 19:15:36,814 - Epoch 1/500 - Train Loss: 1.3983, Train Acc: 33.33% - Val loss: 1.0967, Val Acc: 39.29%
2025-09-03 19:15:38,664 - Early stopping à l'epoch 123
2025-09-03 19:15:38,666 - Fold 8 - Accuracy finale: 89.29%
2025-09-03 19:15:38,666 - === Fold 9/10 ===
2025-09-03 19:15:38,685 - Epoch 1/500 - Train Loss: 1.3371, Train Acc: 40.48% - Val loss: 1.0374, Val Acc: 42.86%
2025-09-03 19:15:41,741 - Epoch 201/500 - Train Loss: 0.0012, Train Acc: 100.00% - Val loss: 0.5046, Val Acc: 85.71%
2025-09-03 19:15:41,996 - Early stopping à l'epoch 217
2025-09-03 19:15:41,998 - Fold 9 - Accuracy finale: 85.71%
2025-09-03 19:15:41,998 - === Fold 10/10 ===
2025-09-03 19:15:42,016 - Epoch 1/500 - Train Loss: 1.3499, Train Acc: 40.48% - Val loss: 1.1246, Val Acc: 42.86%
2025-09-03 19:15:43,594 - Early stopping à l'epoch 104
2025-09-03 19:15:43,595 - Fold 10 - Accuracy finale: 85.71%
2025-09-03 19:15:43,595 - 
2025-09-03 19:15:43,595 - Résultats de la validation croisée
2025-09-03 19:15:43,595 - 
2025-09-03 19:15:43,595 - Accuracy moyenne: 89.64% ± 4.06%
2025-09-03 19:15:43,595 - Loss moyenne: 0.4597 ± 0.2058
2025-09-03 19:15:43,595 - Nombre d'epochs moyen: 161
2025-09-03 19:15:43,595 - Accuracy par fold: ['89.29%', '92.86%', '89.29%', '96.43%', '85.71%', '85.71%', '96.43%', '89.29%', '85.71%', '85.71%']

2025-09-03 19:15:43,595 - Variable candidate fBodyAcc-mad()-X testée
2025-09-03 19:15:43,596 - 
2025-09-03 19:15:43,596 - === Fold 1/10 ===
2025-09-03 19:15:43,615 - Epoch 1/500 - Train Loss: 1.3479, Train Acc: 33.33% - Val loss: 1.0303, Val Acc: 46.43%
2025-09-03 19:15:46,409 - Early stopping à l'epoch 184
2025-09-03 19:15:46,410 - Fold 1 - Accuracy finale: 96.43%
2025-09-03 19:15:46,410 - === Fold 2/10 ===
2025-09-03 19:15:46,432 - Epoch 1/500 - Train Loss: 1.3926, Train Acc: 32.14% - Val loss: 1.1675, Val Acc: 39.29%
2025-09-03 19:15:48,422 - Early stopping à l'epoch 130
2025-09-03 19:15:48,424 - Fold 2 - Accuracy finale: 92.86%
2025-09-03 19:15:48,424 - === Fold 3/10 ===
2025-09-03 19:15:48,443 - Epoch 1/500 - Train Loss: 1.4666, Train Acc: 28.17% - Val loss: 1.1804, Val Acc: 28.57%
2025-09-03 19:15:51,412 - Early stopping à l'epoch 196
2025-09-03 19:15:51,413 - Fold 3 - Accuracy finale: 96.43%
2025-09-03 19:15:51,413 - === Fold 4/10 ===
2025-09-03 19:15:51,432 - Epoch 1/500 - Train Loss: 1.3872, Train Acc: 35.32% - Val loss: 1.0515, Val Acc: 53.57%
2025-09-03 19:15:54,401 - Early stopping à l'epoch 197
2025-09-03 19:15:54,402 - Fold 4 - Accuracy finale: 92.86%
2025-09-03 19:15:54,402 - === Fold 5/10 ===
2025-09-03 19:15:54,421 - Epoch 1/500 - Train Loss: 1.3711, Train Acc: 34.92% - Val loss: 1.1565, Val Acc: 35.71%
2025-09-03 19:15:57,503 - Epoch 201/500 - Train Loss: 0.0015, Train Acc: 100.00% - Val loss: 0.0547, Val Acc: 100.00%
2025-09-03 19:15:57,872 - Early stopping à l'epoch 225
2025-09-03 19:15:57,874 - Fold 5 - Accuracy finale: 96.43%
2025-09-03 19:15:57,874 - === Fold 6/10 ===
2025-09-03 19:15:57,893 - Epoch 1/500 - Train Loss: 1.5158, Train Acc: 25.79% - Val loss: 1.1657, Val Acc: 32.14%
2025-09-03 19:16:00,383 - Early stopping à l'epoch 164
2025-09-03 19:16:00,384 - Fold 6 - Accuracy finale: 78.57%
2025-09-03 19:16:00,384 - === Fold 7/10 ===
2025-09-03 19:16:00,403 - Epoch 1/500 - Train Loss: 1.2983, Train Acc: 40.48% - Val loss: 0.9720, Val Acc: 53.57%
2025-09-03 19:16:02,836 - Early stopping à l'epoch 161
2025-09-03 19:16:02,837 - Fold 7 - Accuracy finale: 92.86%
2025-09-03 19:16:02,837 - === Fold 8/10 ===
2025-09-03 19:16:02,856 - Epoch 1/500 - Train Loss: 1.3894, Train Acc: 34.13% - Val loss: 1.0995, Val Acc: 35.71%
2025-09-03 19:16:05,229 - Early stopping à l'epoch 156
2025-09-03 19:16:05,231 - Fold 8 - Accuracy finale: 82.14%
2025-09-03 19:16:05,231 - === Fold 9/10 ===
2025-09-03 19:16:05,249 - Epoch 1/500 - Train Loss: 1.3386, Train Acc: 40.08% - Val loss: 1.0496, Val Acc: 42.86%
2025-09-03 19:16:08,083 - Early stopping à l'epoch 186
2025-09-03 19:16:08,085 - Fold 9 - Accuracy finale: 89.29%
2025-09-03 19:16:08,085 - === Fold 10/10 ===
2025-09-03 19:16:08,104 - Epoch 1/500 - Train Loss: 1.3521, Train Acc: 39.68% - Val loss: 1.1523, Val Acc: 42.86%
2025-09-03 19:16:09,741 - Early stopping à l'epoch 109
2025-09-03 19:16:09,742 - Fold 10 - Accuracy finale: 92.86%
2025-09-03 19:16:09,742 - 
2025-09-03 19:16:09,742 - Résultats de la validation croisée
2025-09-03 19:16:09,742 - 
2025-09-03 19:16:09,742 - Accuracy moyenne: 91.07% ± 5.81%
2025-09-03 19:16:09,742 - Loss moyenne: 0.3711 ± 0.2707
2025-09-03 19:16:09,742 - Nombre d'epochs moyen: 170
2025-09-03 19:16:09,742 - Accuracy par fold: ['96.43%', '92.86%', '96.43%', '92.86%', '96.43%', '78.57%', '92.86%', '82.14%', '89.29%', '92.86%']

2025-09-03 19:16:09,742 - Variable candidate fBodyAcc-bandsEnergy()-1,24 testée
2025-09-03 19:16:09,742 - 
2025-09-03 19:16:09,743 - === Fold 1/10 ===
2025-09-03 19:16:09,762 - Epoch 1/500 - Train Loss: 1.3466, Train Acc: 33.33% - Val loss: 0.9892, Val Acc: 64.29%
2025-09-03 19:16:11,542 - Early stopping à l'epoch 116
2025-09-03 19:16:11,543 - Fold 1 - Accuracy finale: 92.86%
2025-09-03 19:16:11,543 - === Fold 2/10 ===
2025-09-03 19:16:11,562 - Epoch 1/500 - Train Loss: 1.3903, Train Acc: 31.75% - Val loss: 1.1538, Val Acc: 42.86%
2025-09-03 19:16:13,209 - Early stopping à l'epoch 109
2025-09-03 19:16:13,211 - Fold 2 - Accuracy finale: 85.71%
2025-09-03 19:16:13,211 - === Fold 3/10 ===
2025-09-03 19:16:13,229 - Epoch 1/500 - Train Loss: 1.4622, Train Acc: 29.37% - Val loss: 1.1610, Val Acc: 32.14%
2025-09-03 19:16:15,721 - Early stopping à l'epoch 165
2025-09-03 19:16:15,752 - Fold 3 - Accuracy finale: 89.29%
2025-09-03 19:16:15,752 - === Fold 4/10 ===
2025-09-03 19:16:15,772 - Epoch 1/500 - Train Loss: 1.3769, Train Acc: 34.13% - Val loss: 1.0241, Val Acc: 50.00%
2025-09-03 19:16:18,814 - Epoch 201/500 - Train Loss: 0.0006, Train Acc: 100.00% - Val loss: 0.4607, Val Acc: 85.71%
2025-09-03 19:16:18,951 - Early stopping à l'epoch 210
2025-09-03 19:16:18,952 - Fold 4 - Accuracy finale: 89.29%
2025-09-03 19:16:18,952 - === Fold 5/10 ===
2025-09-03 19:16:18,971 - Epoch 1/500 - Train Loss: 1.3563, Train Acc: 36.11% - Val loss: 1.1587, Val Acc: 35.71%
2025-09-03 19:16:21,298 - Early stopping à l'epoch 154
2025-09-03 19:16:21,299 - Fold 5 - Accuracy finale: 96.43%
2025-09-03 19:16:21,300 - === Fold 6/10 ===
2025-09-03 19:16:21,319 - Epoch 1/500 - Train Loss: 1.5171, Train Acc: 26.59% - Val loss: 1.1296, Val Acc: 42.86%
2025-09-03 19:16:23,012 - Early stopping à l'epoch 113
2025-09-03 19:16:23,013 - Fold 6 - Accuracy finale: 75.00%
2025-09-03 19:16:23,013 - === Fold 7/10 ===
2025-09-03 19:16:23,032 - Epoch 1/500 - Train Loss: 1.2777, Train Acc: 39.68% - Val loss: 0.9380, Val Acc: 64.29%
2025-09-03 19:16:25,730 - Early stopping à l'epoch 178
2025-09-03 19:16:25,731 - Fold 7 - Accuracy finale: 96.43%
2025-09-03 19:16:25,731 - === Fold 8/10 ===
2025-09-03 19:16:25,752 - Epoch 1/500 - Train Loss: 1.3753, Train Acc: 34.13% - Val loss: 1.0390, Val Acc: 46.43%
2025-09-03 19:16:27,803 - Early stopping à l'epoch 135
2025-09-03 19:16:27,804 - Fold 8 - Accuracy finale: 92.86%
2025-09-03 19:16:27,804 - === Fold 9/10 ===
2025-09-03 19:16:27,823 - Epoch 1/500 - Train Loss: 1.3244, Train Acc: 42.06% - Val loss: 1.0236, Val Acc: 42.86%
2025-09-03 19:16:30,907 - Epoch 201/500 - Train Loss: 0.0474, Train Acc: 98.81% - Val loss: 0.4119, Val Acc: 92.86%
2025-09-03 19:16:31,620 - Early stopping à l'epoch 248
2025-09-03 19:16:31,621 - Fold 9 - Accuracy finale: 96.43%
2025-09-03 19:16:31,622 - === Fold 10/10 ===
2025-09-03 19:16:31,640 - Epoch 1/500 - Train Loss: 1.3414, Train Acc: 41.67% - Val loss: 1.0842, Val Acc: 50.00%
2025-09-03 19:16:33,168 - Early stopping à l'epoch 101
2025-09-03 19:16:33,169 - Fold 10 - Accuracy finale: 89.29%
2025-09-03 19:16:33,169 - 
2025-09-03 19:16:33,169 - Résultats de la validation croisée
2025-09-03 19:16:33,169 - 
2025-09-03 19:16:33,169 - Accuracy moyenne: 90.36% ± 6.20%
2025-09-03 19:16:33,169 - Loss moyenne: 0.4579 ± 0.2672
2025-09-03 19:16:33,169 - Nombre d'epochs moyen: 152
2025-09-03 19:16:33,169 - Accuracy par fold: ['92.86%', '85.71%', '89.29%', '89.29%', '96.43%', '75.00%', '96.43%', '92.86%', '96.43%', '89.29%']

2025-09-03 19:16:33,169 - Variable candidate fBodyAcc-std()-X testée
2025-09-03 19:16:33,169 - 
2025-09-03 19:16:33,170 - === Fold 1/10 ===
2025-09-03 19:16:33,189 - Epoch 1/500 - Train Loss: 1.3404, Train Acc: 34.13% - Val loss: 1.0257, Val Acc: 46.43%
2025-09-03 19:16:34,787 - Early stopping à l'epoch 106
2025-09-03 19:16:34,788 - Fold 1 - Accuracy finale: 96.43%
2025-09-03 19:16:34,788 - === Fold 2/10 ===
2025-09-03 19:16:34,807 - Epoch 1/500 - Train Loss: 1.3923, Train Acc: 32.14% - Val loss: 1.1674, Val Acc: 39.29%
2025-09-03 19:16:36,372 - Early stopping à l'epoch 104
2025-09-03 19:16:36,373 - Fold 2 - Accuracy finale: 85.71%
2025-09-03 19:16:36,373 - === Fold 3/10 ===
2025-09-03 19:16:36,392 - Epoch 1/500 - Train Loss: 1.4680, Train Acc: 29.76% - Val loss: 1.1812, Val Acc: 28.57%
2025-09-03 19:16:39,425 - Epoch 201/500 - Train Loss: 0.0280, Train Acc: 98.41% - Val loss: 0.1668, Val Acc: 92.86%
2025-09-03 19:16:40,193 - Early stopping à l'epoch 252
2025-09-03 19:16:40,194 - Fold 3 - Accuracy finale: 92.86%
2025-09-03 19:16:40,195 - === Fold 4/10 ===
2025-09-03 19:16:40,214 - Epoch 1/500 - Train Loss: 1.3864, Train Acc: 34.92% - Val loss: 1.0535, Val Acc: 53.57%
2025-09-03 19:16:43,247 - Epoch 201/500 - Train Loss: 0.0011, Train Acc: 100.00% - Val loss: 0.0356, Val Acc: 96.43%
2025-09-03 19:16:43,699 - Early stopping à l'epoch 231
2025-09-03 19:16:43,700 - Fold 4 - Accuracy finale: 96.43%
2025-09-03 19:16:43,700 - === Fold 5/10 ===
2025-09-03 19:16:43,718 - Epoch 1/500 - Train Loss: 1.3721, Train Acc: 34.92% - Val loss: 1.1536, Val Acc: 32.14%
2025-09-03 19:16:46,723 - Epoch 201/500 - Train Loss: 0.0008, Train Acc: 100.00% - Val loss: 0.0658, Val Acc: 96.43%
2025-09-03 19:16:47,089 - Early stopping à l'epoch 225
2025-09-03 19:16:47,090 - Fold 5 - Accuracy finale: 96.43%
2025-09-03 19:16:47,090 - === Fold 6/10 ===
2025-09-03 19:16:47,109 - Epoch 1/500 - Train Loss: 1.5158, Train Acc: 25.79% - Val loss: 1.1625, Val Acc: 32.14%
2025-09-03 19:16:49,165 - Early stopping à l'epoch 137
2025-09-03 19:16:49,166 - Fold 6 - Accuracy finale: 89.29%
2025-09-03 19:16:49,166 - === Fold 7/10 ===
2025-09-03 19:16:49,184 - Epoch 1/500 - Train Loss: 1.2962, Train Acc: 40.87% - Val loss: 0.9650, Val Acc: 57.14%
2025-09-03 19:16:51,511 - Early stopping à l'epoch 156
2025-09-03 19:16:51,512 - Fold 7 - Accuracy finale: 92.86%
2025-09-03 19:16:51,512 - === Fold 8/10 ===
2025-09-03 19:16:51,531 - Epoch 1/500 - Train Loss: 1.3805, Train Acc: 32.54% - Val loss: 1.0791, Val Acc: 39.29%
2025-09-03 19:16:54,187 - Early stopping à l'epoch 178
2025-09-03 19:16:54,188 - Fold 8 - Accuracy finale: 89.29%
2025-09-03 19:16:54,188 - === Fold 9/10 ===
2025-09-03 19:16:54,206 - Epoch 1/500 - Train Loss: 1.3389, Train Acc: 39.29% - Val loss: 1.0431, Val Acc: 42.86%
2025-09-03 19:16:56,689 - Early stopping à l'epoch 164
2025-09-03 19:16:56,691 - Fold 9 - Accuracy finale: 89.29%
2025-09-03 19:16:56,691 - === Fold 10/10 ===
2025-09-03 19:16:56,709 - Epoch 1/500 - Train Loss: 1.3528, Train Acc: 41.27% - Val loss: 1.1471, Val Acc: 42.86%
2025-09-03 19:16:58,269 - Early stopping à l'epoch 103
2025-09-03 19:16:58,270 - Fold 10 - Accuracy finale: 92.86%
2025-09-03 19:16:58,270 - 
2025-09-03 19:16:58,270 - Résultats de la validation croisée
2025-09-03 19:16:58,270 - 
2025-09-03 19:16:58,270 - Accuracy moyenne: 92.14% ± 3.50%
2025-09-03 19:16:58,270 - Loss moyenne: 0.3408 ± 0.2308
2025-09-03 19:16:58,270 - Nombre d'epochs moyen: 165
2025-09-03 19:16:58,271 - Accuracy par fold: ['96.43%', '85.71%', '92.86%', '96.43%', '96.43%', '89.29%', '92.86%', '89.29%', '89.29%', '92.86%']

2025-09-03 19:16:58,271 - Variable candidate tBodyAcc-max()-X testée
2025-09-03 19:16:58,271 - 
2025-09-03 19:16:58,271 - === Fold 1/10 ===
2025-09-03 19:16:58,289 - Epoch 1/500 - Train Loss: 1.3475, Train Acc: 32.54% - Val loss: 1.0275, Val Acc: 46.43%
2025-09-03 19:17:00,419 - Early stopping à l'epoch 141
2025-09-03 19:17:00,420 - Fold 1 - Accuracy finale: 92.86%
2025-09-03 19:17:00,420 - === Fold 2/10 ===
2025-09-03 19:17:00,438 - Epoch 1/500 - Train Loss: 1.3923, Train Acc: 32.14% - Val loss: 1.1702, Val Acc: 39.29%
2025-09-03 19:17:02,190 - Early stopping à l'epoch 118
2025-09-03 19:17:02,191 - Fold 2 - Accuracy finale: 82.14%
2025-09-03 19:17:02,191 - === Fold 3/10 ===
2025-09-03 19:17:02,209 - Epoch 1/500 - Train Loss: 1.4689, Train Acc: 28.57% - Val loss: 1.1805, Val Acc: 28.57%
2025-09-03 19:17:04,200 - Early stopping à l'epoch 134
2025-09-03 19:17:04,201 - Fold 3 - Accuracy finale: 92.86%
2025-09-03 19:17:04,201 - === Fold 4/10 ===
2025-09-03 19:17:04,220 - Epoch 1/500 - Train Loss: 1.3876, Train Acc: 34.13% - Val loss: 1.0510, Val Acc: 53.57%
2025-09-03 19:17:07,237 - Early stopping à l'epoch 200
2025-09-03 19:17:07,239 - Fold 4 - Accuracy finale: 96.43%
2025-09-03 19:17:07,239 - === Fold 5/10 ===
2025-09-03 19:17:07,257 - Epoch 1/500 - Train Loss: 1.3711, Train Acc: 34.92% - Val loss: 1.1562, Val Acc: 35.71%
2025-09-03 19:17:10,292 - Epoch 201/500 - Train Loss: 0.0014, Train Acc: 100.00% - Val loss: 0.1333, Val Acc: 96.43%
2025-09-03 19:17:10,321 - Early stopping à l'epoch 203
2025-09-03 19:17:10,322 - Fold 5 - Accuracy finale: 96.43%
2025-09-03 19:17:10,323 - === Fold 6/10 ===
2025-09-03 19:17:10,341 - Epoch 1/500 - Train Loss: 1.5170, Train Acc: 25.79% - Val loss: 1.1631, Val Acc: 32.14%
2025-09-03 19:17:12,158 - Early stopping à l'epoch 121
2025-09-03 19:17:12,159 - Fold 6 - Accuracy finale: 85.71%
2025-09-03 19:17:12,159 - === Fold 7/10 ===
2025-09-03 19:17:12,178 - Epoch 1/500 - Train Loss: 1.2991, Train Acc: 41.27% - Val loss: 0.9717, Val Acc: 53.57%
2025-09-03 19:17:15,111 - Early stopping à l'epoch 192
2025-09-03 19:17:15,112 - Fold 7 - Accuracy finale: 96.43%
2025-09-03 19:17:15,112 - === Fold 8/10 ===
2025-09-03 19:17:15,134 - Epoch 1/500 - Train Loss: 1.3904, Train Acc: 33.33% - Val loss: 1.0987, Val Acc: 39.29%
2025-09-03 19:17:17,552 - Early stopping à l'epoch 159
2025-09-03 19:17:17,553 - Fold 8 - Accuracy finale: 85.71%
2025-09-03 19:17:17,553 - === Fold 9/10 ===
2025-09-03 19:17:17,576 - Epoch 1/500 - Train Loss: 1.3390, Train Acc: 40.08% - Val loss: 1.0380, Val Acc: 46.43%
2025-09-03 19:17:20,618 - Epoch 201/500 - Train Loss: 0.0063, Train Acc: 99.60% - Val loss: 0.4007, Val Acc: 92.86%
2025-09-03 19:17:20,710 - Early stopping à l'epoch 207
2025-09-03 19:17:20,711 - Fold 9 - Accuracy finale: 92.86%
2025-09-03 19:17:20,711 - === Fold 10/10 ===
2025-09-03 19:17:20,729 - Epoch 1/500 - Train Loss: 1.3535, Train Acc: 40.48% - Val loss: 1.1591, Val Acc: 39.29%
2025-09-03 19:17:22,304 - Early stopping à l'epoch 103
2025-09-03 19:17:22,305 - Fold 10 - Accuracy finale: 89.29%
2025-09-03 19:17:22,305 - 
2025-09-03 19:17:22,305 - Résultats de la validation croisée
2025-09-03 19:17:22,305 - 
2025-09-03 19:17:22,305 - Accuracy moyenne: 91.07% ± 4.86%
2025-09-03 19:17:22,305 - Loss moyenne: 0.3647 ± 0.2280
2025-09-03 19:17:22,305 - Nombre d'epochs moyen: 157
2025-09-03 19:17:22,305 - Accuracy par fold: ['92.86%', '82.14%', '92.86%', '96.43%', '96.43%', '85.71%', '96.43%', '85.71%', '92.86%', '89.29%']

2025-09-03 19:17:22,305 - Variable candidate fBodyAccJerk-bandsEnergy()-1,8 testée
2025-09-03 19:17:22,305 - 
2025-09-03 19:17:22,306 - === Fold 1/10 ===
2025-09-03 19:17:22,324 - Epoch 1/500 - Train Loss: 1.3397, Train Acc: 33.73% - Val loss: 0.9836, Val Acc: 64.29%
2025-09-03 19:17:24,150 - Early stopping à l'epoch 121
2025-09-03 19:17:24,151 - Fold 1 - Accuracy finale: 92.86%
2025-09-03 19:17:24,151 - === Fold 2/10 ===
2025-09-03 19:17:24,169 - Epoch 1/500 - Train Loss: 1.3910, Train Acc: 31.35% - Val loss: 1.1479, Val Acc: 42.86%
2025-09-03 19:17:26,289 - Early stopping à l'epoch 142
2025-09-03 19:17:26,290 - Fold 2 - Accuracy finale: 85.71%
2025-09-03 19:17:26,291 - === Fold 3/10 ===
2025-09-03 19:17:26,310 - Epoch 1/500 - Train Loss: 1.4593, Train Acc: 29.76% - Val loss: 1.1509, Val Acc: 35.71%
2025-09-03 19:17:28,455 - Early stopping à l'epoch 143
2025-09-03 19:17:28,456 - Fold 3 - Accuracy finale: 96.43%
2025-09-03 19:17:28,457 - === Fold 4/10 ===
2025-09-03 19:17:28,476 - Epoch 1/500 - Train Loss: 1.3735, Train Acc: 33.33% - Val loss: 1.0178, Val Acc: 50.00%
2025-09-03 19:17:31,035 - Early stopping à l'epoch 169
2025-09-03 19:17:31,036 - Fold 4 - Accuracy finale: 92.86%
2025-09-03 19:17:31,036 - === Fold 5/10 ===
2025-09-03 19:17:31,056 - Epoch 1/500 - Train Loss: 1.3551, Train Acc: 36.90% - Val loss: 1.1566, Val Acc: 35.71%
2025-09-03 19:17:33,194 - Early stopping à l'epoch 142
2025-09-03 19:17:33,196 - Fold 5 - Accuracy finale: 96.43%
2025-09-03 19:17:33,196 - === Fold 6/10 ===
2025-09-03 19:17:33,214 - Epoch 1/500 - Train Loss: 1.5152, Train Acc: 26.98% - Val loss: 1.1287, Val Acc: 42.86%
2025-09-03 19:17:35,147 - Early stopping à l'epoch 130
2025-09-03 19:17:35,148 - Fold 6 - Accuracy finale: 85.71%
2025-09-03 19:17:35,148 - === Fold 7/10 ===
2025-09-03 19:17:35,167 - Epoch 1/500 - Train Loss: 1.2766, Train Acc: 38.89% - Val loss: 0.9382, Val Acc: 53.57%
2025-09-03 19:17:37,730 - Early stopping à l'epoch 168
2025-09-03 19:17:37,732 - Fold 7 - Accuracy finale: 92.86%
2025-09-03 19:17:37,732 - === Fold 8/10 ===
2025-09-03 19:17:37,751 - Epoch 1/500 - Train Loss: 1.3735, Train Acc: 34.13% - Val loss: 1.0325, Val Acc: 46.43%
2025-09-03 19:17:40,748 - Epoch 201/500 - Train Loss: 0.0036, Train Acc: 100.00% - Val loss: 0.1592, Val Acc: 96.43%
2025-09-03 19:17:41,304 - Early stopping à l'epoch 237
2025-09-03 19:17:41,305 - Fold 8 - Accuracy finale: 96.43%
2025-09-03 19:17:41,305 - === Fold 9/10 ===
2025-09-03 19:17:41,324 - Epoch 1/500 - Train Loss: 1.3190, Train Acc: 41.67% - Val loss: 1.0221, Val Acc: 42.86%
2025-09-03 19:17:43,925 - Early stopping à l'epoch 170
2025-09-03 19:17:43,926 - Fold 9 - Accuracy finale: 92.86%
2025-09-03 19:17:43,926 - === Fold 10/10 ===
2025-09-03 19:17:43,946 - Epoch 1/500 - Train Loss: 1.3341, Train Acc: 41.27% - Val loss: 1.0681, Val Acc: 50.00%
2025-09-03 19:17:45,477 - Early stopping à l'epoch 103
2025-09-03 19:17:45,478 - Fold 10 - Accuracy finale: 92.86%
2025-09-03 19:17:45,478 - 
2025-09-03 19:17:45,478 - Résultats de la validation croisée
2025-09-03 19:17:45,479 - 
2025-09-03 19:17:45,479 - Accuracy moyenne: 92.50% ± 3.73%
2025-09-03 19:17:45,479 - Loss moyenne: 0.4124 ± 0.2034
2025-09-03 19:17:45,479 - Nombre d'epochs moyen: 152
2025-09-03 19:17:45,479 - Accuracy par fold: ['92.86%', '85.71%', '96.43%', '92.86%', '96.43%', '85.71%', '92.86%', '96.43%', '92.86%', '92.86%']

2025-09-03 19:17:45,479 - Variable candidate fBodyAcc-mean()-X testée
2025-09-03 19:17:45,479 - 
2025-09-03 19:17:45,479 - === Fold 1/10 ===
2025-09-03 19:17:45,497 - Epoch 1/500 - Train Loss: 1.3499, Train Acc: 33.33% - Val loss: 1.0301, Val Acc: 50.00%
2025-09-03 19:17:48,293 - Early stopping à l'epoch 185
2025-09-03 19:17:48,294 - Fold 1 - Accuracy finale: 96.43%
2025-09-03 19:17:48,294 - === Fold 2/10 ===
2025-09-03 19:17:48,312 - Epoch 1/500 - Train Loss: 1.3940, Train Acc: 32.54% - Val loss: 1.1684, Val Acc: 39.29%
2025-09-03 19:17:50,850 - Early stopping à l'epoch 166
2025-09-03 19:17:50,852 - Fold 2 - Accuracy finale: 89.29%
2025-09-03 19:17:50,852 - === Fold 3/10 ===
2025-09-03 19:17:50,870 - Epoch 1/500 - Train Loss: 1.4672, Train Acc: 28.57% - Val loss: 1.1821, Val Acc: 28.57%
2025-09-03 19:17:53,234 - Early stopping à l'epoch 156
2025-09-03 19:17:53,236 - Fold 3 - Accuracy finale: 92.86%
2025-09-03 19:17:53,236 - === Fold 4/10 ===
2025-09-03 19:17:53,254 - Epoch 1/500 - Train Loss: 1.3883, Train Acc: 35.32% - Val loss: 1.0526, Val Acc: 53.57%
2025-09-03 19:17:56,293 - Epoch 201/500 - Train Loss: 0.0006, Train Acc: 100.00% - Val loss: 0.2149, Val Acc: 96.43%
2025-09-03 19:17:56,353 - Early stopping à l'epoch 205
2025-09-03 19:17:56,354 - Fold 4 - Accuracy finale: 96.43%
2025-09-03 19:17:56,355 - === Fold 5/10 ===
2025-09-03 19:17:56,374 - Epoch 1/500 - Train Loss: 1.3723, Train Acc: 34.92% - Val loss: 1.1527, Val Acc: 35.71%
2025-09-03 19:17:59,086 - Early stopping à l'epoch 182
2025-09-03 19:17:59,087 - Fold 5 - Accuracy finale: 96.43%
2025-09-03 19:17:59,087 - === Fold 6/10 ===
2025-09-03 19:17:59,105 - Epoch 1/500 - Train Loss: 1.5155, Train Acc: 26.19% - Val loss: 1.1664, Val Acc: 32.14%
2025-09-03 19:18:01,398 - Early stopping à l'epoch 152
2025-09-03 19:18:01,399 - Fold 6 - Accuracy finale: 85.71%
2025-09-03 19:18:01,399 - === Fold 7/10 ===
2025-09-03 19:18:01,418 - Epoch 1/500 - Train Loss: 1.2985, Train Acc: 40.48% - Val loss: 0.9715, Val Acc: 53.57%
2025-09-03 19:18:03,751 - Early stopping à l'epoch 156
2025-09-03 19:18:03,752 - Fold 7 - Accuracy finale: 96.43%
2025-09-03 19:18:03,752 - === Fold 8/10 ===
2025-09-03 19:18:03,771 - Epoch 1/500 - Train Loss: 1.3918, Train Acc: 33.73% - Val loss: 1.1050, Val Acc: 35.71%
2025-09-03 19:18:06,481 - Early stopping à l'epoch 179
2025-09-03 19:18:06,483 - Fold 8 - Accuracy finale: 85.71%
2025-09-03 19:18:06,483 - === Fold 9/10 ===
2025-09-03 19:18:06,502 - Epoch 1/500 - Train Loss: 1.3383, Train Acc: 40.08% - Val loss: 1.0556, Val Acc: 42.86%
2025-09-03 19:18:09,347 - Early stopping à l'epoch 189
2025-09-03 19:18:09,348 - Fold 9 - Accuracy finale: 89.29%
2025-09-03 19:18:09,348 - === Fold 10/10 ===
2025-09-03 19:18:09,367 - Epoch 1/500 - Train Loss: 1.3521, Train Acc: 38.89% - Val loss: 1.1539, Val Acc: 42.86%
2025-09-03 19:18:10,817 - Early stopping à l'epoch 96
2025-09-03 19:18:10,818 - Fold 10 - Accuracy finale: 92.86%
2025-09-03 19:18:10,818 - 
2025-09-03 19:18:10,818 - Résultats de la validation croisée
2025-09-03 19:18:10,818 - 
2025-09-03 19:18:10,819 - Accuracy moyenne: 92.14% ± 4.16%
2025-09-03 19:18:10,819 - Loss moyenne: 0.4289 ± 0.2063
2025-09-03 19:18:10,819 - Nombre d'epochs moyen: 166
2025-09-03 19:18:10,819 - Accuracy par fold: ['96.43%', '89.29%', '92.86%', '96.43%', '96.43%', '85.71%', '96.43%', '85.71%', '89.29%', '92.86%']

2025-09-03 19:18:10,819 - Variable candidate tBodyAccJerk-mean()-X testée
2025-09-03 19:18:10,819 - 
2025-09-03 19:18:10,819 - === Fold 1/10 ===
2025-09-03 19:18:10,837 - Epoch 1/500 - Train Loss: 1.3371, Train Acc: 34.13% - Val loss: 1.0372, Val Acc: 46.43%
2025-09-03 19:18:12,825 - Early stopping à l'epoch 131
2025-09-03 19:18:12,827 - Fold 1 - Accuracy finale: 92.86%
2025-09-03 19:18:12,827 - === Fold 2/10 ===
2025-09-03 19:18:12,847 - Epoch 1/500 - Train Loss: 1.4084, Train Acc: 31.75% - Val loss: 1.1681, Val Acc: 42.86%
2025-09-03 19:18:14,365 - Early stopping à l'epoch 100
2025-09-03 19:18:14,366 - Fold 2 - Accuracy finale: 89.29%
2025-09-03 19:18:14,366 - === Fold 3/10 ===
2025-09-03 19:18:14,385 - Epoch 1/500 - Train Loss: 1.4904, Train Acc: 26.98% - Val loss: 1.1967, Val Acc: 28.57%
2025-09-03 19:18:17,314 - Early stopping à l'epoch 194
2025-09-03 19:18:17,315 - Fold 3 - Accuracy finale: 96.43%
2025-09-03 19:18:17,315 - === Fold 4/10 ===
2025-09-03 19:18:17,333 - Epoch 1/500 - Train Loss: 1.4143, Train Acc: 28.97% - Val loss: 1.0700, Val Acc: 50.00%
2025-09-03 19:18:20,360 - Epoch 201/500 - Train Loss: 0.0017, Train Acc: 100.00% - Val loss: 0.1968, Val Acc: 96.43%
2025-09-03 19:18:20,452 - Early stopping à l'epoch 207
2025-09-03 19:18:20,453 - Fold 4 - Accuracy finale: 96.43%
2025-09-03 19:18:20,453 - === Fold 5/10 ===
2025-09-03 19:18:20,473 - Epoch 1/500 - Train Loss: 1.3917, Train Acc: 34.92% - Val loss: 1.1807, Val Acc: 25.00%
2025-09-03 19:18:22,788 - Early stopping à l'epoch 153
2025-09-03 19:18:22,790 - Fold 5 - Accuracy finale: 89.29%
2025-09-03 19:18:22,790 - === Fold 6/10 ===
2025-09-03 19:18:22,810 - Epoch 1/500 - Train Loss: 1.5358, Train Acc: 24.60% - Val loss: 1.1572, Val Acc: 39.29%
2025-09-03 19:18:24,376 - Early stopping à l'epoch 105
2025-09-03 19:18:24,377 - Fold 6 - Accuracy finale: 85.71%
2025-09-03 19:18:24,377 - === Fold 7/10 ===
2025-09-03 19:18:24,395 - Epoch 1/500 - Train Loss: 1.3298, Train Acc: 36.11% - Val loss: 1.0045, Val Acc: 53.57%
2025-09-03 19:18:27,369 - Early stopping à l'epoch 198
2025-09-03 19:18:27,370 - Fold 7 - Accuracy finale: 92.86%
2025-09-03 19:18:27,370 - === Fold 8/10 ===
2025-09-03 19:18:27,389 - Epoch 1/500 - Train Loss: 1.3880, Train Acc: 30.56% - Val loss: 1.0857, Val Acc: 35.71%
2025-09-03 19:18:30,340 - Early stopping à l'epoch 196
2025-09-03 19:18:30,341 - Fold 8 - Accuracy finale: 89.29%
2025-09-03 19:18:30,342 - === Fold 9/10 ===
2025-09-03 19:18:30,363 - Epoch 1/500 - Train Loss: 1.3558, Train Acc: 39.68% - Val loss: 1.0563, Val Acc: 46.43%
2025-09-03 19:18:33,367 - Epoch 201/500 - Train Loss: 0.0028, Train Acc: 100.00% - Val loss: 0.1028, Val Acc: 92.86%
2025-09-03 19:18:34,859 - Early stopping à l'epoch 299
2025-09-03 19:18:34,860 - Fold 9 - Accuracy finale: 92.86%
2025-09-03 19:18:34,861 - === Fold 10/10 ===
2025-09-03 19:18:34,879 - Epoch 1/500 - Train Loss: 1.3852, Train Acc: 38.89% - Val loss: 1.1187, Val Acc: 46.43%
2025-09-03 19:18:36,797 - Early stopping à l'epoch 126
2025-09-03 19:18:36,798 - Fold 10 - Accuracy finale: 92.86%
2025-09-03 19:18:36,798 - 
2025-09-03 19:18:36,798 - Résultats de la validation croisée
2025-09-03 19:18:36,798 - 
2025-09-03 19:18:36,798 - Accuracy moyenne: 91.79% ± 3.21%
2025-09-03 19:18:36,798 - Loss moyenne: 0.4168 ± 0.2563
2025-09-03 19:18:36,798 - Nombre d'epochs moyen: 170
2025-09-03 19:18:36,798 - Accuracy par fold: ['92.86%', '89.29%', '96.43%', '96.43%', '89.29%', '85.71%', '92.86%', '89.29%', '92.86%', '92.86%']

2025-09-03 19:18:36,798 - Variable candidate fBodyAcc-max()-X testée
2025-09-03 19:18:36,798 - 
2025-09-03 19:18:36,799 - === Fold 1/10 ===
2025-09-03 19:18:36,821 - Epoch 1/500 - Train Loss: 1.3299, Train Acc: 34.92% - Val loss: 1.0117, Val Acc: 42.86%
2025-09-03 19:18:39,703 - Early stopping à l'epoch 191
2025-09-03 19:18:39,704 - Fold 1 - Accuracy finale: 92.86%
2025-09-03 19:18:39,704 - === Fold 2/10 ===
2025-09-03 19:18:39,723 - Epoch 1/500 - Train Loss: 1.3909, Train Acc: 32.14% - Val loss: 1.1623, Val Acc: 39.29%
2025-09-03 19:18:41,525 - Early stopping à l'epoch 119
2025-09-03 19:18:41,526 - Fold 2 - Accuracy finale: 89.29%
2025-09-03 19:18:41,526 - === Fold 3/10 ===
2025-09-03 19:18:41,545 - Epoch 1/500 - Train Loss: 1.4697, Train Acc: 28.97% - Val loss: 1.1811, Val Acc: 28.57%
2025-09-03 19:18:44,213 - Early stopping à l'epoch 174
2025-09-03 19:18:44,214 - Fold 3 - Accuracy finale: 92.86%
2025-09-03 19:18:44,214 - === Fold 4/10 ===
2025-09-03 19:18:44,233 - Epoch 1/500 - Train Loss: 1.3869, Train Acc: 33.33% - Val loss: 1.0553, Val Acc: 53.57%
2025-09-03 19:18:46,494 - Early stopping à l'epoch 148
2025-09-03 19:18:46,495 - Fold 4 - Accuracy finale: 92.86%
2025-09-03 19:18:46,495 - === Fold 5/10 ===
2025-09-03 19:18:46,515 - Epoch 1/500 - Train Loss: 1.3714, Train Acc: 36.11% - Val loss: 1.1542, Val Acc: 32.14%
2025-09-03 19:18:48,250 - Early stopping à l'epoch 116
2025-09-03 19:18:48,251 - Fold 5 - Accuracy finale: 92.86%
2025-09-03 19:18:48,251 - === Fold 6/10 ===
2025-09-03 19:18:48,270 - Epoch 1/500 - Train Loss: 1.5172, Train Acc: 25.79% - Val loss: 1.1554, Val Acc: 35.71%
2025-09-03 19:18:50,681 - Early stopping à l'epoch 160
2025-09-03 19:18:50,683 - Fold 6 - Accuracy finale: 89.29%
2025-09-03 19:18:50,683 - === Fold 7/10 ===
2025-09-03 19:18:50,701 - Epoch 1/500 - Train Loss: 1.2938, Train Acc: 41.67% - Val loss: 0.9508, Val Acc: 64.29%
2025-09-03 19:18:53,416 - Early stopping à l'epoch 180
2025-09-03 19:18:53,417 - Fold 7 - Accuracy finale: 96.43%
2025-09-03 19:18:53,418 - === Fold 8/10 ===
2025-09-03 19:18:53,436 - Epoch 1/500 - Train Loss: 1.3729, Train Acc: 32.14% - Val loss: 1.0574, Val Acc: 39.29%
2025-09-03 19:18:55,208 - Early stopping à l'epoch 118
2025-09-03 19:18:55,209 - Fold 8 - Accuracy finale: 92.86%
2025-09-03 19:18:55,209 - === Fold 9/10 ===
2025-09-03 19:18:55,227 - Epoch 1/500 - Train Loss: 1.3383, Train Acc: 39.68% - Val loss: 1.0396, Val Acc: 42.86%
2025-09-03 19:18:58,245 - Epoch 201/500 - Train Loss: 0.0096, Train Acc: 99.60% - Val loss: 0.2311, Val Acc: 92.86%
2025-09-03 19:18:59,152 - Early stopping à l'epoch 261
2025-09-03 19:18:59,153 - Fold 9 - Accuracy finale: 96.43%
2025-09-03 19:18:59,153 - === Fold 10/10 ===
2025-09-03 19:18:59,171 - Epoch 1/500 - Train Loss: 1.3546, Train Acc: 41.67% - Val loss: 1.1271, Val Acc: 46.43%
2025-09-03 19:19:01,359 - Early stopping à l'epoch 145
2025-09-03 19:19:01,360 - Fold 10 - Accuracy finale: 92.86%
2025-09-03 19:19:01,360 - 
2025-09-03 19:19:01,360 - Résultats de la validation croisée
2025-09-03 19:19:01,360 - 
2025-09-03 19:19:01,360 - Accuracy moyenne: 92.86% ± 2.26%
2025-09-03 19:19:01,360 - Loss moyenne: 0.3522 ± 0.1914
2025-09-03 19:19:01,360 - Nombre d'epochs moyen: 161
2025-09-03 19:19:01,360 - Accuracy par fold: ['92.86%', '89.29%', '92.86%', '92.86%', '92.86%', '89.29%', '96.43%', '92.86%', '96.43%', '92.86%']

2025-09-03 19:19:01,360 - Variable candidate fBodyAcc-energy()-X testée
2025-09-03 19:19:01,360 - 
2025-09-03 19:19:01,361 - === Fold 1/10 ===
2025-09-03 19:19:01,379 - Epoch 1/500 - Train Loss: 1.3468, Train Acc: 33.33% - Val loss: 0.9900, Val Acc: 64.29%
2025-09-03 19:19:03,311 - Early stopping à l'epoch 129
2025-09-03 19:19:03,312 - Fold 1 - Accuracy finale: 92.86%
2025-09-03 19:19:03,312 - === Fold 2/10 ===
2025-09-03 19:19:03,330 - Epoch 1/500 - Train Loss: 1.3907, Train Acc: 31.75% - Val loss: 1.1544, Val Acc: 42.86%
2025-09-03 19:19:04,996 - Early stopping à l'epoch 111
2025-09-03 19:19:04,997 - Fold 2 - Accuracy finale: 89.29%
2025-09-03 19:19:04,997 - === Fold 3/10 ===
2025-09-03 19:19:05,015 - Epoch 1/500 - Train Loss: 1.4624, Train Acc: 29.37% - Val loss: 1.1615, Val Acc: 32.14%
2025-09-03 19:19:07,352 - Early stopping à l'epoch 154
2025-09-03 19:19:07,362 - Fold 3 - Accuracy finale: 92.86%
2025-09-03 19:19:07,362 - === Fold 4/10 ===
2025-09-03 19:19:07,381 - Epoch 1/500 - Train Loss: 1.3773, Train Acc: 34.13% - Val loss: 1.0245, Val Acc: 50.00%
2025-09-03 19:19:10,414 - Epoch 201/500 - Train Loss: 0.0012, Train Acc: 100.00% - Val loss: 0.4173, Val Acc: 85.71%
2025-09-03 19:19:10,567 - Early stopping à l'epoch 211
2025-09-03 19:19:10,568 - Fold 4 - Accuracy finale: 89.29%
2025-09-03 19:19:10,568 - === Fold 5/10 ===
2025-09-03 19:19:10,587 - Epoch 1/500 - Train Loss: 1.3569, Train Acc: 36.11% - Val loss: 1.1591, Val Acc: 35.71%
2025-09-03 19:19:12,657 - Early stopping à l'epoch 137
2025-09-03 19:19:12,658 - Fold 5 - Accuracy finale: 96.43%
2025-09-03 19:19:12,658 - === Fold 6/10 ===
2025-09-03 19:19:12,676 - Epoch 1/500 - Train Loss: 1.5174, Train Acc: 26.59% - Val loss: 1.1302, Val Acc: 42.86%
2025-09-03 19:19:14,283 - Early stopping à l'epoch 107
2025-09-03 19:19:14,284 - Fold 6 - Accuracy finale: 82.14%
2025-09-03 19:19:14,284 - === Fold 7/10 ===
2025-09-03 19:19:14,302 - Epoch 1/500 - Train Loss: 1.2776, Train Acc: 40.08% - Val loss: 0.9383, Val Acc: 64.29%
2025-09-03 19:19:16,151 - Early stopping à l'epoch 123
2025-09-03 19:19:16,152 - Fold 7 - Accuracy finale: 96.43%
2025-09-03 19:19:16,152 - === Fold 8/10 ===
2025-09-03 19:19:16,171 - Epoch 1/500 - Train Loss: 1.3757, Train Acc: 33.73% - Val loss: 1.0400, Val Acc: 46.43%
2025-09-03 19:19:19,227 - Epoch 201/500 - Train Loss: 0.0273, Train Acc: 98.81% - Val loss: 0.7850, Val Acc: 89.29%
2025-09-03 19:19:20,120 - Early stopping à l'epoch 259
2025-09-03 19:19:20,121 - Fold 8 - Accuracy finale: 96.43%
2025-09-03 19:19:20,121 - === Fold 9/10 ===
2025-09-03 19:19:20,140 - Epoch 1/500 - Train Loss: 1.3247, Train Acc: 42.06% - Val loss: 1.0246, Val Acc: 42.86%
2025-09-03 19:19:23,146 - Epoch 201/500 - Train Loss: 0.0042, Train Acc: 100.00% - Val loss: 0.1478, Val Acc: 92.86%
2025-09-03 19:19:25,318 - Early stopping à l'epoch 344
2025-09-03 19:19:25,319 - Fold 9 - Accuracy finale: 92.86%
2025-09-03 19:19:25,319 - === Fold 10/10 ===
2025-09-03 19:19:25,337 - Epoch 1/500 - Train Loss: 1.3417, Train Acc: 41.27% - Val loss: 1.0851, Val Acc: 50.00%
2025-09-03 19:19:26,899 - Early stopping à l'epoch 103
2025-09-03 19:19:26,900 - Fold 10 - Accuracy finale: 96.43%
2025-09-03 19:19:26,900 - 
2025-09-03 19:19:26,900 - Résultats de la validation croisée
2025-09-03 19:19:26,900 - 
2025-09-03 19:19:26,900 - Accuracy moyenne: 92.50% ± 4.36%
2025-09-03 19:19:26,900 - Loss moyenne: 0.3409 ± 0.2263
2025-09-03 19:19:26,900 - Nombre d'epochs moyen: 167
2025-09-03 19:19:26,901 - Accuracy par fold: ['92.86%', '89.29%', '92.86%', '89.29%', '96.43%', '82.14%', '96.43%', '96.43%', '92.86%', '96.43%']

2025-09-03 19:19:26,901 - Variable candidate fBodyAcc-bandsEnergy()-33,40 testée
2025-09-03 19:19:26,901 - 
2025-09-03 19:19:26,901 - === Fold 1/10 ===
2025-09-03 19:19:26,920 - Epoch 1/500 - Train Loss: 1.3663, Train Acc: 31.35% - Val loss: 1.0308, Val Acc: 71.43%
2025-09-03 19:19:28,864 - Early stopping à l'epoch 128
2025-09-03 19:19:28,865 - Fold 1 - Accuracy finale: 96.43%
2025-09-03 19:19:28,865 - === Fold 2/10 ===
2025-09-03 19:19:28,883 - Epoch 1/500 - Train Loss: 1.4078, Train Acc: 32.54% - Val loss: 1.1723, Val Acc: 39.29%
2025-09-03 19:19:30,880 - Early stopping à l'epoch 134
2025-09-03 19:19:30,882 - Fold 2 - Accuracy finale: 92.86%
2025-09-03 19:19:30,882 - === Fold 3/10 ===
2025-09-03 19:19:30,900 - Epoch 1/500 - Train Loss: 1.4718, Train Acc: 28.17% - Val loss: 1.1846, Val Acc: 28.57%
2025-09-03 19:19:33,903 - Epoch 201/500 - Train Loss: 0.0023, Train Acc: 100.00% - Val loss: 0.2975, Val Acc: 89.29%
2025-09-03 19:19:34,336 - Early stopping à l'epoch 229
2025-09-03 19:19:34,337 - Fold 3 - Accuracy finale: 89.29%
2025-09-03 19:19:34,337 - === Fold 4/10 ===
2025-09-03 19:19:34,356 - Epoch 1/500 - Train Loss: 1.3987, Train Acc: 30.56% - Val loss: 1.0600, Val Acc: 53.57%
2025-09-03 19:19:37,102 - Early stopping à l'epoch 182
2025-09-03 19:19:37,104 - Fold 4 - Accuracy finale: 85.71%
2025-09-03 19:19:37,104 - === Fold 5/10 ===
2025-09-03 19:19:37,122 - Epoch 1/500 - Train Loss: 1.3760, Train Acc: 34.92% - Val loss: 1.1614, Val Acc: 35.71%
2025-09-03 19:19:39,016 - Early stopping à l'epoch 124
2025-09-03 19:19:39,017 - Fold 5 - Accuracy finale: 92.86%
2025-09-03 19:19:39,017 - === Fold 6/10 ===
2025-09-03 19:19:39,036 - Epoch 1/500 - Train Loss: 1.5256, Train Acc: 25.40% - Val loss: 1.1503, Val Acc: 39.29%
2025-09-03 19:19:40,555 - Early stopping à l'epoch 101
2025-09-03 19:19:40,556 - Fold 6 - Accuracy finale: 92.86%
2025-09-03 19:19:40,556 - === Fold 7/10 ===
2025-09-03 19:19:40,574 - Epoch 1/500 - Train Loss: 1.2997, Train Acc: 38.49% - Val loss: 0.9677, Val Acc: 53.57%
2025-09-03 19:19:43,093 - Early stopping à l'epoch 167
2025-09-03 19:19:43,094 - Fold 7 - Accuracy finale: 92.86%
2025-09-03 19:19:43,094 - === Fold 8/10 ===
2025-09-03 19:19:43,113 - Epoch 1/500 - Train Loss: 1.3983, Train Acc: 33.73% - Val loss: 1.0966, Val Acc: 39.29%
2025-09-03 19:19:45,762 - Early stopping à l'epoch 174
2025-09-03 19:19:45,763 - Fold 8 - Accuracy finale: 82.14%
2025-09-03 19:19:45,763 - === Fold 9/10 ===
2025-09-03 19:19:45,783 - Epoch 1/500 - Train Loss: 1.3385, Train Acc: 40.48% - Val loss: 1.0396, Val Acc: 42.86%
2025-09-03 19:19:48,863 - Epoch 201/500 - Train Loss: 0.0019, Train Acc: 100.00% - Val loss: 0.1766, Val Acc: 89.29%
2025-09-03 19:19:49,097 - Early stopping à l'epoch 216
2025-09-03 19:19:49,098 - Fold 9 - Accuracy finale: 89.29%
2025-09-03 19:19:49,098 - === Fold 10/10 ===
2025-09-03 19:19:49,116 - Epoch 1/500 - Train Loss: 1.3509, Train Acc: 40.08% - Val loss: 1.1216, Val Acc: 42.86%
2025-09-03 19:19:50,823 - Early stopping à l'epoch 113
2025-09-03 19:19:50,824 - Fold 10 - Accuracy finale: 89.29%
2025-09-03 19:19:50,824 - 
2025-09-03 19:19:50,824 - Résultats de la validation croisée
2025-09-03 19:19:50,824 - 
2025-09-03 19:19:50,824 - Accuracy moyenne: 90.36% ± 3.93%
2025-09-03 19:19:50,824 - Loss moyenne: 0.4896 ± 0.2294
2025-09-03 19:19:50,825 - Nombre d'epochs moyen: 156
2025-09-03 19:19:50,825 - Accuracy par fold: ['96.43%', '92.86%', '89.29%', '85.71%', '92.86%', '92.86%', '92.86%', '82.14%', '89.29%', '89.29%']

2025-09-03 19:19:50,825 - Variable candidate fBodyAccMag-energy() testée
2025-09-03 19:19:50,825 - 
2025-09-03 19:19:50,825 - === Fold 1/10 ===
2025-09-03 19:19:50,843 - Epoch 1/500 - Train Loss: 1.3494, Train Acc: 33.73% - Val loss: 0.9794, Val Acc: 67.86%
2025-09-03 19:19:52,496 - Early stopping à l'epoch 110
2025-09-03 19:19:52,497 - Fold 1 - Accuracy finale: 96.43%
2025-09-03 19:19:52,497 - === Fold 2/10 ===
2025-09-03 19:19:52,515 - Epoch 1/500 - Train Loss: 1.3886, Train Acc: 31.75% - Val loss: 1.1533, Val Acc: 42.86%
2025-09-03 19:19:54,320 - Early stopping à l'epoch 120
2025-09-03 19:19:54,322 - Fold 2 - Accuracy finale: 85.71%
2025-09-03 19:19:54,322 - === Fold 3/10 ===
2025-09-03 19:19:54,340 - Epoch 1/500 - Train Loss: 1.4570, Train Acc: 30.16% - Val loss: 1.1540, Val Acc: 35.71%
2025-09-03 19:19:57,380 - Epoch 201/500 - Train Loss: 0.0260, Train Acc: 99.21% - Val loss: 0.0934, Val Acc: 92.86%
2025-09-03 19:19:58,350 - Early stopping à l'epoch 265
2025-09-03 19:19:58,351 - Fold 3 - Accuracy finale: 96.43%
2025-09-03 19:19:58,352 - === Fold 4/10 ===
2025-09-03 19:19:58,370 - Epoch 1/500 - Train Loss: 1.3822, Train Acc: 32.14% - Val loss: 1.0118, Val Acc: 53.57%
2025-09-03 19:20:00,410 - Early stopping à l'epoch 136
2025-09-03 19:20:00,411 - Fold 4 - Accuracy finale: 92.86%
2025-09-03 19:20:00,411 - === Fold 5/10 ===
2025-09-03 19:20:00,430 - Epoch 1/500 - Train Loss: 1.3497, Train Acc: 35.71% - Val loss: 1.1577, Val Acc: 35.71%
2025-09-03 19:20:02,231 - Early stopping à l'epoch 119
2025-09-03 19:20:02,232 - Fold 5 - Accuracy finale: 89.29%
2025-09-03 19:20:02,232 - === Fold 6/10 ===
2025-09-03 19:20:02,251 - Epoch 1/500 - Train Loss: 1.5160, Train Acc: 26.59% - Val loss: 1.1261, Val Acc: 50.00%
2025-09-03 19:20:03,746 - Early stopping à l'epoch 98
2025-09-03 19:20:03,747 - Fold 6 - Accuracy finale: 89.29%
2025-09-03 19:20:03,747 - === Fold 7/10 ===
2025-09-03 19:20:03,766 - Epoch 1/500 - Train Loss: 1.2787, Train Acc: 42.86% - Val loss: 0.9363, Val Acc: 64.29%
2025-09-03 19:20:05,915 - Early stopping à l'epoch 144
2025-09-03 19:20:05,916 - Fold 7 - Accuracy finale: 96.43%
2025-09-03 19:20:05,916 - === Fold 8/10 ===
2025-09-03 19:20:05,936 - Epoch 1/500 - Train Loss: 1.3775, Train Acc: 33.73% - Val loss: 1.0496, Val Acc: 46.43%
2025-09-03 19:20:07,659 - Early stopping à l'epoch 116
2025-09-03 19:20:07,661 - Fold 8 - Accuracy finale: 85.71%
2025-09-03 19:20:07,661 - === Fold 9/10 ===
2025-09-03 19:20:07,680 - Epoch 1/500 - Train Loss: 1.3218, Train Acc: 41.67% - Val loss: 1.0183, Val Acc: 42.86%
2025-09-03 19:20:10,682 - Epoch 201/500 - Train Loss: 0.0040, Train Acc: 100.00% - Val loss: 0.1544, Val Acc: 96.43%
2025-09-03 19:20:11,330 - Early stopping à l'epoch 244
2025-09-03 19:20:11,332 - Fold 9 - Accuracy finale: 96.43%
2025-09-03 19:20:11,332 - === Fold 10/10 ===
2025-09-03 19:20:11,353 - Epoch 1/500 - Train Loss: 1.3433, Train Acc: 40.87% - Val loss: 1.0800, Val Acc: 50.00%
2025-09-03 19:20:12,777 - Early stopping à l'epoch 96
2025-09-03 19:20:12,778 - Fold 10 - Accuracy finale: 92.86%
2025-09-03 19:20:12,778 - 
2025-09-03 19:20:12,778 - Résultats de la validation croisée
2025-09-03 19:20:12,778 - 
2025-09-03 19:20:12,778 - Accuracy moyenne: 92.14% ± 4.16%
2025-09-03 19:20:12,778 - Loss moyenne: 0.4137 ± 0.2585
2025-09-03 19:20:12,778 - Nombre d'epochs moyen: 144
2025-09-03 19:20:12,779 - Accuracy par fold: ['96.43%', '85.71%', '96.43%', '92.86%', '89.29%', '89.29%', '96.43%', '85.71%', '96.43%', '92.86%']

2025-09-03 19:20:12,779 - Variable candidate fBodyAcc-bandsEnergy()-1,8 testée
2025-09-03 19:20:12,779 - 
2025-09-03 19:20:12,779 - === Fold 1/10 ===
2025-09-03 19:20:12,798 - Epoch 1/500 - Train Loss: 1.3332, Train Acc: 34.13% - Val loss: 0.9665, Val Acc: 64.29%
2025-09-03 19:20:14,479 - Early stopping à l'epoch 113
2025-09-03 19:20:14,480 - Fold 1 - Accuracy finale: 92.86%
2025-09-03 19:20:14,480 - === Fold 2/10 ===
2025-09-03 19:20:14,499 - Epoch 1/500 - Train Loss: 1.3878, Train Acc: 31.35% - Val loss: 1.1439, Val Acc: 42.86%
2025-09-03 19:20:16,200 - Early stopping à l'epoch 111
2025-09-03 19:20:16,202 - Fold 2 - Accuracy finale: 89.29%
2025-09-03 19:20:16,202 - === Fold 3/10 ===
2025-09-03 19:20:16,221 - Epoch 1/500 - Train Loss: 1.4633, Train Acc: 29.37% - Val loss: 1.1603, Val Acc: 35.71%
2025-09-03 19:20:18,537 - Early stopping à l'epoch 155
2025-09-03 19:20:18,538 - Fold 3 - Accuracy finale: 96.43%
2025-09-03 19:20:18,538 - === Fold 4/10 ===
2025-09-03 19:20:18,557 - Epoch 1/500 - Train Loss: 1.3749, Train Acc: 35.32% - Val loss: 1.0240, Val Acc: 57.14%
2025-09-03 19:20:21,608 - Epoch 201/500 - Train Loss: 0.0009, Train Acc: 100.00% - Val loss: 0.0540, Val Acc: 96.43%
2025-09-03 19:20:22,569 - Early stopping à l'epoch 265
2025-09-03 19:20:22,570 - Fold 4 - Accuracy finale: 100.00%
2025-09-03 19:20:22,570 - === Fold 5/10 ===
2025-09-03 19:20:22,589 - Epoch 1/500 - Train Loss: 1.3566, Train Acc: 38.10% - Val loss: 1.1396, Val Acc: 35.71%
2025-09-03 19:20:24,736 - Early stopping à l'epoch 144
2025-09-03 19:20:24,737 - Fold 5 - Accuracy finale: 96.43%
2025-09-03 19:20:24,737 - === Fold 6/10 ===
2025-09-03 19:20:24,756 - Epoch 1/500 - Train Loss: 1.5147, Train Acc: 26.98% - Val loss: 1.1270, Val Acc: 50.00%
2025-09-03 19:20:26,575 - Early stopping à l'epoch 122
2025-09-03 19:20:26,576 - Fold 6 - Accuracy finale: 89.29%
2025-09-03 19:20:26,576 - === Fold 7/10 ===
2025-09-03 19:20:26,595 - Epoch 1/500 - Train Loss: 1.2739, Train Acc: 40.87% - Val loss: 0.9337, Val Acc: 64.29%
2025-09-03 19:20:29,607 - Epoch 201/500 - Train Loss: 0.0039, Train Acc: 100.00% - Val loss: 0.0102, Val Acc: 100.00%
2025-09-03 19:20:29,778 - Early stopping à l'epoch 212
2025-09-03 19:20:29,780 - Fold 7 - Accuracy finale: 100.00%
2025-09-03 19:20:29,780 - === Fold 8/10 ===
2025-09-03 19:20:29,799 - Epoch 1/500 - Train Loss: 1.3667, Train Acc: 34.13% - Val loss: 1.0176, Val Acc: 46.43%
2025-09-03 19:20:32,795 - Epoch 201/500 - Train Loss: 0.0037, Train Acc: 100.00% - Val loss: 0.0246, Val Acc: 100.00%
2025-09-03 19:20:34,814 - Early stopping à l'epoch 335
2025-09-03 19:20:34,815 - Fold 8 - Accuracy finale: 100.00%
2025-09-03 19:20:34,815 - === Fold 9/10 ===
2025-09-03 19:20:34,834 - Epoch 1/500 - Train Loss: 1.3198, Train Acc: 42.46% - Val loss: 1.0172, Val Acc: 42.86%
2025-09-03 19:20:37,409 - Early stopping à l'epoch 168
2025-09-03 19:20:37,410 - Fold 9 - Accuracy finale: 92.86%
2025-09-03 19:20:37,410 - === Fold 10/10 ===
2025-09-03 19:20:37,429 - Epoch 1/500 - Train Loss: 1.3347, Train Acc: 40.87% - Val loss: 1.0663, Val Acc: 50.00%
2025-09-03 19:20:38,895 - Early stopping à l'epoch 97
2025-09-03 19:20:38,896 - Fold 10 - Accuracy finale: 92.86%
2025-09-03 19:20:38,897 - 
2025-09-03 19:20:38,897 - Résultats de la validation croisée
2025-09-03 19:20:38,897 - 
2025-09-03 19:20:38,897 - Accuracy moyenne: 95.00% ± 3.98%
2025-09-03 19:20:38,897 - Loss moyenne: 0.3015 ± 0.2469
2025-09-03 19:20:38,897 - Nombre d'epochs moyen: 172
2025-09-03 19:20:38,897 - Accuracy par fold: ['92.86%', '89.29%', '96.43%', '100.00%', '96.43%', '89.29%', '100.00%', '100.00%', '92.86%', '92.86%']

2025-09-03 19:20:38,897 - Variable candidate tBodyAcc-energy()-X testée
2025-09-03 19:20:38,897 - 
2025-09-03 19:20:38,897 - === Fold 1/10 ===
2025-09-03 19:20:38,916 - Epoch 1/500 - Train Loss: 1.3473, Train Acc: 33.33% - Val loss: 0.9900, Val Acc: 64.29%
2025-09-03 19:20:40,735 - Early stopping à l'epoch 118
2025-09-03 19:20:40,736 - Fold 1 - Accuracy finale: 96.43%
2025-09-03 19:20:40,737 - === Fold 2/10 ===
2025-09-03 19:20:40,755 - Epoch 1/500 - Train Loss: 1.3909, Train Acc: 31.75% - Val loss: 1.1546, Val Acc: 42.86%
2025-09-03 19:20:42,365 - Early stopping à l'epoch 106
2025-09-03 19:20:42,366 - Fold 2 - Accuracy finale: 85.71%
2025-09-03 19:20:42,366 - === Fold 3/10 ===
2025-09-03 19:20:42,385 - Epoch 1/500 - Train Loss: 1.4623, Train Acc: 29.37% - Val loss: 1.1615, Val Acc: 32.14%
2025-09-03 19:20:44,258 - Early stopping à l'epoch 124
2025-09-03 19:20:44,260 - Fold 3 - Accuracy finale: 89.29%
2025-09-03 19:20:44,260 - === Fold 4/10 ===
2025-09-03 19:20:44,278 - Epoch 1/500 - Train Loss: 1.3777, Train Acc: 34.13% - Val loss: 1.0249, Val Acc: 50.00%
2025-09-03 19:20:47,313 - Epoch 201/500 - Train Loss: 0.0084, Train Acc: 100.00% - Val loss: 0.4779, Val Acc: 89.29%
2025-09-03 19:20:47,994 - Early stopping à l'epoch 246
2025-09-03 19:20:47,996 - Fold 4 - Accuracy finale: 89.29%
2025-09-03 19:20:47,996 - === Fold 5/10 ===
2025-09-03 19:20:48,014 - Epoch 1/500 - Train Loss: 1.3570, Train Acc: 36.11% - Val loss: 1.1590, Val Acc: 35.71%
2025-09-03 19:20:50,851 - Early stopping à l'epoch 184
2025-09-03 19:20:50,852 - Fold 5 - Accuracy finale: 96.43%
2025-09-03 19:20:50,852 - === Fold 6/10 ===
2025-09-03 19:20:50,870 - Epoch 1/500 - Train Loss: 1.5171, Train Acc: 26.59% - Val loss: 1.1301, Val Acc: 42.86%
2025-09-03 19:20:52,685 - Early stopping à l'epoch 119
2025-09-03 19:20:52,686 - Fold 6 - Accuracy finale: 85.71%
2025-09-03 19:20:52,686 - === Fold 7/10 ===
2025-09-03 19:20:52,705 - Epoch 1/500 - Train Loss: 1.2775, Train Acc: 40.08% - Val loss: 0.9382, Val Acc: 64.29%
2025-09-03 19:20:55,480 - Early stopping à l'epoch 185
2025-09-03 19:20:55,481 - Fold 7 - Accuracy finale: 89.29%
2025-09-03 19:20:55,481 - === Fold 8/10 ===
2025-09-03 19:20:55,499 - Epoch 1/500 - Train Loss: 1.3754, Train Acc: 34.13% - Val loss: 1.0388, Val Acc: 46.43%
2025-09-03 19:20:58,516 - Epoch 201/500 - Train Loss: 0.0184, Train Acc: 99.21% - Val loss: 0.2417, Val Acc: 92.86%
2025-09-03 19:20:59,111 - Early stopping à l'epoch 240
2025-09-03 19:20:59,112 - Fold 8 - Accuracy finale: 92.86%
2025-09-03 19:20:59,112 - === Fold 9/10 ===
2025-09-03 19:20:59,130 - Epoch 1/500 - Train Loss: 1.3251, Train Acc: 42.06% - Val loss: 1.0244, Val Acc: 42.86%
2025-09-03 19:21:01,597 - Early stopping à l'epoch 164
2025-09-03 19:21:01,598 - Fold 9 - Accuracy finale: 92.86%
2025-09-03 19:21:01,598 - === Fold 10/10 ===
2025-09-03 19:21:01,616 - Epoch 1/500 - Train Loss: 1.3418, Train Acc: 41.27% - Val loss: 1.0849, Val Acc: 50.00%
2025-09-03 19:21:03,117 - Early stopping à l'epoch 101
2025-09-03 19:21:03,119 - Fold 10 - Accuracy finale: 89.29%
2025-09-03 19:21:03,119 - 
2025-09-03 19:21:03,119 - Résultats de la validation croisée
2025-09-03 19:21:03,119 - 
2025-09-03 19:21:03,119 - Accuracy moyenne: 90.71% ± 3.64%
2025-09-03 19:21:03,119 - Loss moyenne: 0.4508 ± 0.1792
2025-09-03 19:21:03,119 - Nombre d'epochs moyen: 158
2025-09-03 19:21:03,119 - Accuracy par fold: ['96.43%', '85.71%', '89.29%', '89.29%', '96.43%', '85.71%', '89.29%', '92.86%', '92.86%', '89.29%']

2025-09-03 19:21:03,119 - Variable candidate tBodyAcc-std()-X testée
2025-09-03 19:21:03,119 - 
2025-09-03 19:21:03,120 - === Fold 1/10 ===
2025-09-03 19:21:03,138 - Epoch 1/500 - Train Loss: 1.3426, Train Acc: 33.33% - Val loss: 1.0288, Val Acc: 46.43%
2025-09-03 19:21:05,263 - Early stopping à l'epoch 142
2025-09-03 19:21:05,264 - Fold 1 - Accuracy finale: 96.43%
2025-09-03 19:21:05,264 - === Fold 2/10 ===
2025-09-03 19:21:05,283 - Epoch 1/500 - Train Loss: 1.3931, Train Acc: 32.54% - Val loss: 1.1685, Val Acc: 39.29%
2025-09-03 19:21:07,184 - Early stopping à l'epoch 127
2025-09-03 19:21:07,185 - Fold 2 - Accuracy finale: 92.86%
2025-09-03 19:21:07,185 - === Fold 3/10 ===
2025-09-03 19:21:07,204 - Epoch 1/500 - Train Loss: 1.4675, Train Acc: 29.37% - Val loss: 1.1814, Val Acc: 28.57%
2025-09-03 19:21:09,940 - Early stopping à l'epoch 183
2025-09-03 19:21:09,941 - Fold 3 - Accuracy finale: 92.86%
2025-09-03 19:21:09,941 - === Fold 4/10 ===
2025-09-03 19:21:09,960 - Epoch 1/500 - Train Loss: 1.3868, Train Acc: 35.32% - Val loss: 1.0532, Val Acc: 53.57%
2025-09-03 19:21:12,569 - Early stopping à l'epoch 173
2025-09-03 19:21:12,570 - Fold 4 - Accuracy finale: 92.86%
2025-09-03 19:21:12,571 - === Fold 5/10 ===
2025-09-03 19:21:12,589 - Epoch 1/500 - Train Loss: 1.3727, Train Acc: 34.92% - Val loss: 1.1534, Val Acc: 35.71%
2025-09-03 19:21:14,525 - Early stopping à l'epoch 130
2025-09-03 19:21:14,526 - Fold 5 - Accuracy finale: 71.43%
2025-09-03 19:21:14,526 - === Fold 6/10 ===
2025-09-03 19:21:14,544 - Epoch 1/500 - Train Loss: 1.5158, Train Acc: 25.79% - Val loss: 1.1634, Val Acc: 32.14%
2025-09-03 19:21:16,400 - Early stopping à l'epoch 121
2025-09-03 19:21:16,402 - Fold 6 - Accuracy finale: 85.71%
2025-09-03 19:21:16,402 - === Fold 7/10 ===
2025-09-03 19:21:16,420 - Epoch 1/500 - Train Loss: 1.2971, Train Acc: 40.87% - Val loss: 0.9677, Val Acc: 53.57%
2025-09-03 19:21:19,424 - Early stopping à l'epoch 198
2025-09-03 19:21:19,425 - Fold 7 - Accuracy finale: 96.43%
2025-09-03 19:21:19,425 - === Fold 8/10 ===
2025-09-03 19:21:19,443 - Epoch 1/500 - Train Loss: 1.3843, Train Acc: 32.94% - Val loss: 1.0873, Val Acc: 39.29%
2025-09-03 19:21:22,445 - Epoch 201/500 - Train Loss: 0.0029, Train Acc: 100.00% - Val loss: 0.1382, Val Acc: 92.86%
2025-09-03 19:21:22,716 - Early stopping à l'epoch 219
2025-09-03 19:21:22,717 - Fold 8 - Accuracy finale: 96.43%
2025-09-03 19:21:22,717 - === Fold 9/10 ===
2025-09-03 19:21:22,735 - Epoch 1/500 - Train Loss: 1.3392, Train Acc: 39.68% - Val loss: 1.0465, Val Acc: 42.86%
2025-09-03 19:21:25,781 - Epoch 201/500 - Train Loss: 0.0010, Train Acc: 100.00% - Val loss: 0.5603, Val Acc: 92.86%
2025-09-03 19:21:25,887 - Early stopping à l'epoch 208
2025-09-03 19:21:25,888 - Fold 9 - Accuracy finale: 92.86%
2025-09-03 19:21:25,889 - === Fold 10/10 ===
2025-09-03 19:21:25,907 - Epoch 1/500 - Train Loss: 1.3526, Train Acc: 40.48% - Val loss: 1.1506, Val Acc: 42.86%
2025-09-03 19:21:27,383 - Early stopping à l'epoch 99
2025-09-03 19:21:27,384 - Fold 10 - Accuracy finale: 92.86%
2025-09-03 19:21:27,384 - 
2025-09-03 19:21:27,384 - Résultats de la validation croisée
2025-09-03 19:21:27,384 - 
2025-09-03 19:21:27,384 - Accuracy moyenne: 91.07% ± 7.19%
2025-09-03 19:21:27,384 - Loss moyenne: 0.4919 ± 0.4392
2025-09-03 19:21:27,384 - Nombre d'epochs moyen: 160
2025-09-03 19:21:27,384 - Accuracy par fold: ['96.43%', '92.86%', '92.86%', '92.86%', '71.43%', '85.71%', '96.43%', '96.43%', '92.86%', '92.86%']

2025-09-03 19:21:27,385 - Ajout de la variable fBodyAccJerk-bandsEnergy()-1,16, mean accuracy - std accuracy: 91.6417

2025-09-03 19:21:27,389 - Variables actuellement selectionnées : ['tBodyGyro-mean()-X', 'angle(tBodyGyroMean,gravityMean)', 'fBodyAccMag-mad()', 'tBodyAcc-mad()-X', 'fBodyAcc-bandsEnergy()-9,16', 'fBodyAccJerk-bandsEnergy()-1,16']

2025-09-03 19:21:27,389 - Variable candidate fBodyAcc-bandsEnergy()-1,16 testée
2025-09-03 19:21:27,389 - 
2025-09-03 19:21:27,390 - === Fold 1/10 ===
2025-09-03 19:21:27,408 - Epoch 1/500 - Train Loss: 1.3971, Train Acc: 39.29% - Val loss: 1.0968, Val Acc: 42.86%
2025-09-03 19:21:29,186 - Early stopping à l'epoch 118
2025-09-03 19:21:29,187 - Fold 1 - Accuracy finale: 96.43%
2025-09-03 19:21:29,187 - === Fold 2/10 ===
2025-09-03 19:21:29,206 - Epoch 1/500 - Train Loss: 1.2790, Train Acc: 38.89% - Val loss: 1.0988, Val Acc: 46.43%
2025-09-03 19:21:31,477 - Early stopping à l'epoch 150
2025-09-03 19:21:31,478 - Fold 2 - Accuracy finale: 92.86%
2025-09-03 19:21:31,478 - === Fold 3/10 ===
2025-09-03 19:21:31,497 - Epoch 1/500 - Train Loss: 1.3945, Train Acc: 35.71% - Val loss: 1.1439, Val Acc: 35.71%
2025-09-03 19:21:34,485 - Epoch 201/500 - Train Loss: 0.0012, Train Acc: 100.00% - Val loss: 0.1268, Val Acc: 96.43%
2025-09-03 19:21:34,621 - Early stopping à l'epoch 210
2025-09-03 19:21:34,622 - Fold 3 - Accuracy finale: 96.43%
2025-09-03 19:21:34,622 - === Fold 4/10 ===
2025-09-03 19:21:34,641 - Epoch 1/500 - Train Loss: 1.4182, Train Acc: 38.10% - Val loss: 1.1478, Val Acc: 39.29%
2025-09-03 19:21:37,629 - Epoch 201/500 - Train Loss: 0.0028, Train Acc: 100.00% - Val loss: 0.0415, Val Acc: 100.00%
2025-09-03 19:21:38,188 - Early stopping à l'epoch 238
2025-09-03 19:21:38,189 - Fold 4 - Accuracy finale: 96.43%
2025-09-03 19:21:38,189 - === Fold 5/10 ===
2025-09-03 19:21:38,208 - Epoch 1/500 - Train Loss: 1.4593, Train Acc: 32.94% - Val loss: 1.1774, Val Acc: 39.29%
2025-09-03 19:21:40,866 - Early stopping à l'epoch 179
2025-09-03 19:21:40,867 - Fold 5 - Accuracy finale: 92.86%
2025-09-03 19:21:40,867 - === Fold 6/10 ===
2025-09-03 19:21:40,887 - Epoch 1/500 - Train Loss: 1.3281, Train Acc: 38.89% - Val loss: 1.0981, Val Acc: 32.14%
2025-09-03 19:21:43,066 - Early stopping à l'epoch 147
2025-09-03 19:21:43,067 - Fold 6 - Accuracy finale: 96.43%
2025-09-03 19:21:43,067 - === Fold 7/10 ===
2025-09-03 19:21:43,086 - Epoch 1/500 - Train Loss: 1.3784, Train Acc: 40.87% - Val loss: 1.1343, Val Acc: 50.00%
2025-09-03 19:21:45,754 - Early stopping à l'epoch 179
2025-09-03 19:21:45,755 - Fold 7 - Accuracy finale: 96.43%
2025-09-03 19:21:45,755 - === Fold 8/10 ===
2025-09-03 19:21:45,773 - Epoch 1/500 - Train Loss: 1.5307, Train Acc: 33.73% - Val loss: 1.2099, Val Acc: 35.71%
2025-09-03 19:21:48,764 - Epoch 201/500 - Train Loss: 0.0006, Train Acc: 100.00% - Val loss: 0.0374, Val Acc: 100.00%
2025-09-03 19:21:50,012 - Early stopping à l'epoch 284
2025-09-03 19:21:50,013 - Fold 8 - Accuracy finale: 100.00%
2025-09-03 19:21:50,013 - === Fold 9/10 ===
2025-09-03 19:21:50,031 - Epoch 1/500 - Train Loss: 1.3989, Train Acc: 37.70% - Val loss: 1.0728, Val Acc: 60.71%
2025-09-03 19:21:52,555 - Early stopping à l'epoch 170
2025-09-03 19:21:52,556 - Fold 9 - Accuracy finale: 92.86%
2025-09-03 19:21:52,556 - === Fold 10/10 ===
2025-09-03 19:21:52,574 - Epoch 1/500 - Train Loss: 1.4209, Train Acc: 35.32% - Val loss: 1.1110, Val Acc: 35.71%
2025-09-03 19:21:53,967 - Early stopping à l'epoch 94
2025-09-03 19:21:53,968 - Fold 10 - Accuracy finale: 92.86%
2025-09-03 19:21:53,968 - 
2025-09-03 19:21:53,968 - Résultats de la validation croisée
2025-09-03 19:21:53,968 - 
2025-09-03 19:21:53,968 - Accuracy moyenne: 95.36% ± 2.29%
2025-09-03 19:21:53,968 - Loss moyenne: 0.2621 ± 0.1640
2025-09-03 19:21:53,968 - Nombre d'epochs moyen: 176
2025-09-03 19:21:53,968 - Accuracy par fold: ['96.43%', '92.86%', '96.43%', '96.43%', '92.86%', '96.43%', '96.43%', '100.00%', '92.86%', '92.86%']

2025-09-03 19:21:53,969 - Variable candidate fBodyAccMag-std() testée
2025-09-03 19:21:53,969 - 
2025-09-03 19:21:53,969 - === Fold 1/10 ===
2025-09-03 19:21:53,987 - Epoch 1/500 - Train Loss: 1.3953, Train Acc: 39.29% - Val loss: 1.1058, Val Acc: 46.43%
2025-09-03 19:21:56,233 - Early stopping à l'epoch 151
2025-09-03 19:21:56,234 - Fold 1 - Accuracy finale: 96.43%
2025-09-03 19:21:56,234 - === Fold 2/10 ===
2025-09-03 19:21:56,252 - Epoch 1/500 - Train Loss: 1.2903, Train Acc: 40.87% - Val loss: 1.2056, Val Acc: 42.86%
2025-09-03 19:21:58,135 - Early stopping à l'epoch 127
2025-09-03 19:21:58,136 - Fold 2 - Accuracy finale: 96.43%
2025-09-03 19:21:58,136 - === Fold 3/10 ===
2025-09-03 19:21:58,158 - Epoch 1/500 - Train Loss: 1.3948, Train Acc: 36.51% - Val loss: 1.1352, Val Acc: 35.71%
2025-09-03 19:22:00,666 - Early stopping à l'epoch 167
2025-09-03 19:22:00,668 - Fold 3 - Accuracy finale: 92.86%
2025-09-03 19:22:00,668 - === Fold 4/10 ===
2025-09-03 19:22:00,686 - Epoch 1/500 - Train Loss: 1.4145, Train Acc: 38.10% - Val loss: 1.1478, Val Acc: 39.29%
2025-09-03 19:22:03,401 - Early stopping à l'epoch 183
2025-09-03 19:22:03,402 - Fold 4 - Accuracy finale: 96.43%
2025-09-03 19:22:03,403 - === Fold 5/10 ===
2025-09-03 19:22:03,421 - Epoch 1/500 - Train Loss: 1.4486, Train Acc: 34.13% - Val loss: 1.1750, Val Acc: 39.29%
2025-09-03 19:22:06,240 - Early stopping à l'epoch 189
2025-09-03 19:22:06,253 - Fold 5 - Accuracy finale: 89.29%
2025-09-03 19:22:06,253 - === Fold 6/10 ===
2025-09-03 19:22:06,271 - Epoch 1/500 - Train Loss: 1.3270, Train Acc: 38.49% - Val loss: 1.1023, Val Acc: 32.14%
2025-09-03 19:22:08,241 - Early stopping à l'epoch 133
2025-09-03 19:22:08,242 - Fold 6 - Accuracy finale: 92.86%
2025-09-03 19:22:08,243 - === Fold 7/10 ===
2025-09-03 19:22:08,260 - Epoch 1/500 - Train Loss: 1.3772, Train Acc: 40.87% - Val loss: 1.1219, Val Acc: 50.00%
2025-09-03 19:22:10,517 - Early stopping à l'epoch 151
2025-09-03 19:22:10,518 - Fold 7 - Accuracy finale: 96.43%
2025-09-03 19:22:10,518 - === Fold 8/10 ===
2025-09-03 19:22:10,541 - Epoch 1/500 - Train Loss: 1.5278, Train Acc: 32.94% - Val loss: 1.2120, Val Acc: 35.71%
2025-09-03 19:22:13,610 - Epoch 201/500 - Train Loss: 0.0009, Train Acc: 100.00% - Val loss: 0.1759, Val Acc: 92.86%
2025-09-03 19:22:14,063 - Early stopping à l'epoch 230
2025-09-03 19:22:14,064 - Fold 8 - Accuracy finale: 92.86%
2025-09-03 19:22:14,064 - === Fold 9/10 ===
2025-09-03 19:22:14,083 - Epoch 1/500 - Train Loss: 1.3934, Train Acc: 38.10% - Val loss: 1.0611, Val Acc: 60.71%
2025-09-03 19:22:16,590 - Early stopping à l'epoch 165
2025-09-03 19:22:16,591 - Fold 9 - Accuracy finale: 100.00%
2025-09-03 19:22:16,592 - === Fold 10/10 ===
2025-09-03 19:22:16,610 - Epoch 1/500 - Train Loss: 1.4191, Train Acc: 36.51% - Val loss: 1.1223, Val Acc: 35.71%
2025-09-03 19:22:18,396 - Early stopping à l'epoch 119
2025-09-03 19:22:18,397 - Fold 10 - Accuracy finale: 89.29%
2025-09-03 19:22:18,397 - 
2025-09-03 19:22:18,397 - Résultats de la validation croisée
2025-09-03 19:22:18,397 - 
2025-09-03 19:22:18,398 - Accuracy moyenne: 94.29% ± 3.27%
2025-09-03 19:22:18,398 - Loss moyenne: 0.2683 ± 0.1848
2025-09-03 19:22:18,398 - Nombre d'epochs moyen: 161
2025-09-03 19:22:18,398 - Accuracy par fold: ['96.43%', '96.43%', '92.86%', '96.43%', '89.29%', '92.86%', '96.43%', '92.86%', '100.00%', '89.29%']

2025-09-03 19:22:18,398 - Variable candidate fBodyAcc-bandsEnergy()-49,56 testée
2025-09-03 19:22:18,398 - 
2025-09-03 19:22:18,398 - === Fold 1/10 ===
2025-09-03 19:22:18,416 - Epoch 1/500 - Train Loss: 1.3976, Train Acc: 37.70% - Val loss: 1.1101, Val Acc: 39.29%
2025-09-03 19:22:20,561 - Early stopping à l'epoch 141
2025-09-03 19:22:20,562 - Fold 1 - Accuracy finale: 89.29%
2025-09-03 19:22:20,562 - === Fold 2/10 ===
2025-09-03 19:22:20,580 - Epoch 1/500 - Train Loss: 1.2961, Train Acc: 38.89% - Val loss: 1.2134, Val Acc: 32.14%
2025-09-03 19:22:22,190 - Early stopping à l'epoch 107
2025-09-03 19:22:22,192 - Fold 2 - Accuracy finale: 92.86%
2025-09-03 19:22:22,192 - === Fold 3/10 ===
2025-09-03 19:22:22,210 - Epoch 1/500 - Train Loss: 1.3992, Train Acc: 34.13% - Val loss: 1.1567, Val Acc: 35.71%
2025-09-03 19:22:25,206 - Epoch 201/500 - Train Loss: 0.0010, Train Acc: 100.00% - Val loss: 0.0025, Val Acc: 100.00%
2025-09-03 19:22:28,200 - Epoch 401/500 - Train Loss: 0.0004, Train Acc: 100.00% - Val loss: 0.0008, Val Acc: 100.00%
2025-09-03 19:22:29,472 - Early stopping à l'epoch 486
2025-09-03 19:22:29,474 - Fold 3 - Accuracy finale: 100.00%
2025-09-03 19:22:29,474 - === Fold 4/10 ===
2025-09-03 19:22:29,492 - Epoch 1/500 - Train Loss: 1.4197, Train Acc: 38.10% - Val loss: 1.1579, Val Acc: 35.71%
2025-09-03 19:22:31,356 - Early stopping à l'epoch 124
2025-09-03 19:22:31,357 - Fold 4 - Accuracy finale: 92.86%
2025-09-03 19:22:31,357 - === Fold 5/10 ===
2025-09-03 19:22:31,375 - Epoch 1/500 - Train Loss: 1.4568, Train Acc: 32.54% - Val loss: 1.1714, Val Acc: 39.29%
2025-09-03 19:22:33,277 - Early stopping à l'epoch 127
2025-09-03 19:22:33,278 - Fold 5 - Accuracy finale: 92.86%
2025-09-03 19:22:33,278 - === Fold 6/10 ===
2025-09-03 19:22:33,297 - Epoch 1/500 - Train Loss: 1.3563, Train Acc: 32.94% - Val loss: 1.1415, Val Acc: 32.14%
2025-09-03 19:22:34,989 - Early stopping à l'epoch 113
2025-09-03 19:22:34,990 - Fold 6 - Accuracy finale: 92.86%
2025-09-03 19:22:34,990 - === Fold 7/10 ===
2025-09-03 19:22:35,008 - Epoch 1/500 - Train Loss: 1.3797, Train Acc: 39.29% - Val loss: 1.1187, Val Acc: 53.57%
2025-09-03 19:22:36,930 - Early stopping à l'epoch 128
2025-09-03 19:22:36,932 - Fold 7 - Accuracy finale: 92.86%
2025-09-03 19:22:36,932 - === Fold 8/10 ===
2025-09-03 19:22:36,950 - Epoch 1/500 - Train Loss: 1.5267, Train Acc: 32.94% - Val loss: 1.2100, Val Acc: 35.71%
2025-09-03 19:22:40,004 - Early stopping à l'epoch 200
2025-09-03 19:22:40,006 - Fold 8 - Accuracy finale: 92.86%
2025-09-03 19:22:40,006 - === Fold 9/10 ===
2025-09-03 19:22:40,024 - Epoch 1/500 - Train Loss: 1.4013, Train Acc: 35.71% - Val loss: 1.0825, Val Acc: 53.57%
2025-09-03 19:22:42,494 - Early stopping à l'epoch 162
2025-09-03 19:22:42,495 - Fold 9 - Accuracy finale: 85.71%
2025-09-03 19:22:42,495 - === Fold 10/10 ===
2025-09-03 19:22:42,514 - Epoch 1/500 - Train Loss: 1.4328, Train Acc: 34.52% - Val loss: 1.1279, Val Acc: 35.71%
2025-09-03 19:22:43,894 - Early stopping à l'epoch 93
2025-09-03 19:22:43,895 - Fold 10 - Accuracy finale: 89.29%
2025-09-03 19:22:43,895 - 
2025-09-03 19:22:43,895 - Résultats de la validation croisée
2025-09-03 19:22:43,895 - 
2025-09-03 19:22:43,895 - Accuracy moyenne: 92.14% ± 3.50%
2025-09-03 19:22:43,895 - Loss moyenne: 0.3795 ± 0.1891
2025-09-03 19:22:43,895 - Nombre d'epochs moyen: 168
2025-09-03 19:22:43,895 - Accuracy par fold: ['89.29%', '92.86%', '100.00%', '92.86%', '92.86%', '92.86%', '92.86%', '92.86%', '85.71%', '89.29%']

2025-09-03 19:22:43,895 - Variable candidate tGravityAcc-entropy()-Y testée
2025-09-03 19:22:43,895 - 
2025-09-03 19:22:43,896 - === Fold 1/10 ===
2025-09-03 19:22:43,914 - Epoch 1/500 - Train Loss: 1.3802, Train Acc: 37.30% - Val loss: 1.0619, Val Acc: 53.57%
2025-09-03 19:22:45,820 - Early stopping à l'epoch 128
2025-09-03 19:22:45,821 - Fold 1 - Accuracy finale: 85.71%
2025-09-03 19:22:45,821 - === Fold 2/10 ===
2025-09-03 19:22:45,839 - Epoch 1/500 - Train Loss: 1.2892, Train Acc: 40.08% - Val loss: 1.0729, Val Acc: 32.14%
2025-09-03 19:22:47,749 - Early stopping à l'epoch 128
2025-09-03 19:22:47,750 - Fold 2 - Accuracy finale: 92.86%
2025-09-03 19:22:47,750 - === Fold 3/10 ===
2025-09-03 19:22:47,768 - Epoch 1/500 - Train Loss: 1.3779, Train Acc: 36.11% - Val loss: 1.0691, Val Acc: 35.71%
2025-09-03 19:22:50,688 - Early stopping à l'epoch 196
2025-09-03 19:22:50,689 - Fold 3 - Accuracy finale: 96.43%
2025-09-03 19:22:50,689 - === Fold 4/10 ===
2025-09-03 19:22:50,707 - Epoch 1/500 - Train Loss: 1.4347, Train Acc: 36.11% - Val loss: 1.1761, Val Acc: 35.71%
2025-09-03 19:22:53,704 - Epoch 201/500 - Train Loss: 0.0006, Train Acc: 100.00% - Val loss: 0.3968, Val Acc: 92.86%
2025-09-03 19:22:53,841 - Early stopping à l'epoch 210
2025-09-03 19:22:53,842 - Fold 4 - Accuracy finale: 92.86%
2025-09-03 19:22:53,842 - === Fold 5/10 ===
2025-09-03 19:22:53,860 - Epoch 1/500 - Train Loss: 1.4097, Train Acc: 32.94% - Val loss: 1.1932, Val Acc: 39.29%
2025-09-03 19:22:56,466 - Early stopping à l'epoch 175
2025-09-03 19:22:56,467 - Fold 5 - Accuracy finale: 89.29%
2025-09-03 19:22:56,467 - === Fold 6/10 ===
2025-09-03 19:22:56,485 - Epoch 1/500 - Train Loss: 1.3389, Train Acc: 39.68% - Val loss: 1.0570, Val Acc: 35.71%
2025-09-03 19:22:58,147 - Early stopping à l'epoch 112
2025-09-03 19:22:58,148 - Fold 6 - Accuracy finale: 89.29%
2025-09-03 19:22:58,149 - === Fold 7/10 ===
2025-09-03 19:22:58,167 - Epoch 1/500 - Train Loss: 1.3579, Train Acc: 38.89% - Val loss: 0.9893, Val Acc: 64.29%
2025-09-03 19:23:01,092 - Early stopping à l'epoch 193
2025-09-03 19:23:01,093 - Fold 7 - Accuracy finale: 92.86%
2025-09-03 19:23:01,093 - === Fold 8/10 ===
2025-09-03 19:23:01,112 - Epoch 1/500 - Train Loss: 1.4596, Train Acc: 31.75% - Val loss: 1.1569, Val Acc: 35.71%
2025-09-03 19:23:03,970 - Early stopping à l'epoch 187
2025-09-03 19:23:03,971 - Fold 8 - Accuracy finale: 92.86%
2025-09-03 19:23:03,971 - === Fold 9/10 ===
2025-09-03 19:23:03,990 - Epoch 1/500 - Train Loss: 1.3939, Train Acc: 34.92% - Val loss: 1.0576, Val Acc: 42.86%
2025-09-03 19:23:05,479 - Early stopping à l'epoch 100
2025-09-03 19:23:05,480 - Fold 9 - Accuracy finale: 92.86%
2025-09-03 19:23:05,480 - === Fold 10/10 ===
2025-09-03 19:23:05,498 - Epoch 1/500 - Train Loss: 1.3755, Train Acc: 36.51% - Val loss: 1.1367, Val Acc: 35.71%
2025-09-03 19:23:07,100 - Early stopping à l'epoch 108
2025-09-03 19:23:07,102 - Fold 10 - Accuracy finale: 92.86%
2025-09-03 19:23:07,102 - 
2025-09-03 19:23:07,102 - Résultats de la validation croisée
2025-09-03 19:23:07,102 - 
2025-09-03 19:23:07,102 - Accuracy moyenne: 91.79% ± 2.79%
2025-09-03 19:23:07,102 - Loss moyenne: 0.4313 ± 0.1577
2025-09-03 19:23:07,102 - Nombre d'epochs moyen: 153
2025-09-03 19:23:07,102 - Accuracy par fold: ['85.71%', '92.86%', '96.43%', '92.86%', '89.29%', '89.29%', '92.86%', '92.86%', '92.86%', '92.86%']

2025-09-03 19:23:07,102 - Variable candidate fBodyAcc-bandsEnergy()-41,48 testée
2025-09-03 19:23:07,102 - 
2025-09-03 19:23:07,102 - === Fold 1/10 ===
2025-09-03 19:23:07,121 - Epoch 1/500 - Train Loss: 1.3999, Train Acc: 39.68% - Val loss: 1.1150, Val Acc: 42.86%
2025-09-03 19:23:08,902 - Early stopping à l'epoch 120
2025-09-03 19:23:08,903 - Fold 1 - Accuracy finale: 92.86%
2025-09-03 19:23:08,903 - === Fold 2/10 ===
2025-09-03 19:23:08,921 - Epoch 1/500 - Train Loss: 1.2867, Train Acc: 39.68% - Val loss: 1.2118, Val Acc: 32.14%
2025-09-03 19:23:10,578 - Early stopping à l'epoch 111
2025-09-03 19:23:10,579 - Fold 2 - Accuracy finale: 89.29%
2025-09-03 19:23:10,579 - === Fold 3/10 ===
2025-09-03 19:23:10,597 - Epoch 1/500 - Train Loss: 1.3958, Train Acc: 35.32% - Val loss: 1.1552, Val Acc: 35.71%
2025-09-03 19:23:13,088 - Early stopping à l'epoch 165
2025-09-03 19:23:13,089 - Fold 3 - Accuracy finale: 96.43%
2025-09-03 19:23:13,089 - === Fold 4/10 ===
2025-09-03 19:23:13,110 - Epoch 1/500 - Train Loss: 1.4237, Train Acc: 37.30% - Val loss: 1.1596, Val Acc: 35.71%
2025-09-03 19:23:16,198 - Epoch 201/500 - Train Loss: 0.0520, Train Acc: 97.22% - Val loss: 0.4852, Val Acc: 92.86%
2025-09-03 19:23:17,274 - Early stopping à l'epoch 272
2025-09-03 19:23:17,275 - Fold 4 - Accuracy finale: 92.86%
2025-09-03 19:23:17,275 - === Fold 5/10 ===
2025-09-03 19:23:17,294 - Epoch 1/500 - Train Loss: 1.4584, Train Acc: 32.54% - Val loss: 1.1723, Val Acc: 39.29%
2025-09-03 19:23:18,979 - Early stopping à l'epoch 113
2025-09-03 19:23:18,980 - Fold 5 - Accuracy finale: 89.29%
2025-09-03 19:23:18,980 - === Fold 6/10 ===
2025-09-03 19:23:18,999 - Epoch 1/500 - Train Loss: 1.3466, Train Acc: 34.13% - Val loss: 1.1209, Val Acc: 35.71%
2025-09-03 19:23:20,891 - Early stopping à l'epoch 127
2025-09-03 19:23:20,892 - Fold 6 - Accuracy finale: 85.71%
2025-09-03 19:23:20,892 - === Fold 7/10 ===
2025-09-03 19:23:20,911 - Epoch 1/500 - Train Loss: 1.3798, Train Acc: 39.29% - Val loss: 1.1208, Val Acc: 50.00%
2025-09-03 19:23:23,193 - Early stopping à l'epoch 153
2025-09-03 19:23:23,194 - Fold 7 - Accuracy finale: 96.43%
2025-09-03 19:23:23,194 - === Fold 8/10 ===
2025-09-03 19:23:23,213 - Epoch 1/500 - Train Loss: 1.5259, Train Acc: 33.33% - Val loss: 1.2088, Val Acc: 35.71%
2025-09-03 19:23:26,239 - Epoch 201/500 - Train Loss: 0.0012, Train Acc: 100.00% - Val loss: 0.1308, Val Acc: 92.86%
2025-09-03 19:23:26,886 - Early stopping à l'epoch 244
2025-09-03 19:23:26,887 - Fold 8 - Accuracy finale: 100.00%
2025-09-03 19:23:26,887 - === Fold 9/10 ===
2025-09-03 19:23:26,906 - Epoch 1/500 - Train Loss: 1.4021, Train Acc: 35.71% - Val loss: 1.0775, Val Acc: 53.57%
2025-09-03 19:23:29,957 - Epoch 201/500 - Train Loss: 0.0217, Train Acc: 99.21% - Val loss: 0.1665, Val Acc: 92.86%
2025-09-03 19:23:30,653 - Early stopping à l'epoch 247
2025-09-03 19:23:30,654 - Fold 9 - Accuracy finale: 89.29%
2025-09-03 19:23:30,654 - === Fold 10/10 ===
2025-09-03 19:23:30,672 - Epoch 1/500 - Train Loss: 1.4274, Train Acc: 34.52% - Val loss: 1.1244, Val Acc: 35.71%
2025-09-03 19:23:32,124 - Early stopping à l'epoch 96
2025-09-03 19:23:32,125 - Fold 10 - Accuracy finale: 92.86%
2025-09-03 19:23:32,125 - 
2025-09-03 19:23:32,125 - Résultats de la validation croisée
2025-09-03 19:23:32,125 - 
2025-09-03 19:23:32,125 - Accuracy moyenne: 92.50% ± 4.06%
2025-09-03 19:23:32,125 - Loss moyenne: 0.3439 ± 0.2574
2025-09-03 19:23:32,125 - Nombre d'epochs moyen: 164
2025-09-03 19:23:32,125 - Accuracy par fold: ['92.86%', '89.29%', '96.43%', '92.86%', '89.29%', '85.71%', '96.43%', '100.00%', '89.29%', '92.86%']

2025-09-03 19:23:32,125 - Variable candidate fBodyAcc-bandsEnergy()-33,48 testée
2025-09-03 19:23:32,126 - 
2025-09-03 19:23:32,126 - === Fold 1/10 ===
2025-09-03 19:23:32,145 - Epoch 1/500 - Train Loss: 1.4012, Train Acc: 39.68% - Val loss: 1.1196, Val Acc: 42.86%
2025-09-03 19:23:33,991 - Early stopping à l'epoch 123
2025-09-03 19:23:33,992 - Fold 1 - Accuracy finale: 92.86%
2025-09-03 19:23:33,992 - === Fold 2/10 ===
2025-09-03 19:23:34,011 - Epoch 1/500 - Train Loss: 1.2856, Train Acc: 40.08% - Val loss: 1.2147, Val Acc: 35.71%
2025-09-03 19:23:35,733 - Early stopping à l'epoch 113
2025-09-03 19:23:35,734 - Fold 2 - Accuracy finale: 92.86%
2025-09-03 19:23:35,734 - === Fold 3/10 ===
2025-09-03 19:23:35,753 - Epoch 1/500 - Train Loss: 1.3958, Train Acc: 35.32% - Val loss: 1.1536, Val Acc: 35.71%
2025-09-03 19:23:38,183 - Early stopping à l'epoch 161
2025-09-03 19:23:38,184 - Fold 3 - Accuracy finale: 96.43%
2025-09-03 19:23:38,184 - === Fold 4/10 ===
2025-09-03 19:23:38,206 - Epoch 1/500 - Train Loss: 1.4202, Train Acc: 36.90% - Val loss: 1.1564, Val Acc: 35.71%
2025-09-03 19:23:40,686 - Early stopping à l'epoch 164
2025-09-03 19:23:40,687 - Fold 4 - Accuracy finale: 92.86%
2025-09-03 19:23:40,687 - === Fold 5/10 ===
2025-09-03 19:23:40,707 - Epoch 1/500 - Train Loss: 1.4572, Train Acc: 32.54% - Val loss: 1.1725, Val Acc: 39.29%
2025-09-03 19:23:43,482 - Early stopping à l'epoch 184
2025-09-03 19:23:43,483 - Fold 5 - Accuracy finale: 89.29%
2025-09-03 19:23:43,483 - === Fold 6/10 ===
2025-09-03 19:23:43,502 - Epoch 1/500 - Train Loss: 1.3493, Train Acc: 34.13% - Val loss: 1.1275, Val Acc: 35.71%
2025-09-03 19:23:46,531 - Epoch 201/500 - Train Loss: 0.0006, Train Acc: 100.00% - Val loss: 0.3218, Val Acc: 92.86%
2025-09-03 19:23:46,563 - Early stopping à l'epoch 203
2025-09-03 19:23:46,564 - Fold 6 - Accuracy finale: 92.86%
2025-09-03 19:23:46,564 - === Fold 7/10 ===
2025-09-03 19:23:46,582 - Epoch 1/500 - Train Loss: 1.3811, Train Acc: 38.49% - Val loss: 1.1251, Val Acc: 50.00%
2025-09-03 19:23:49,633 - Epoch 201/500 - Train Loss: 0.0007, Train Acc: 100.00% - Val loss: 0.1552, Val Acc: 96.43%
2025-09-03 19:23:49,789 - Early stopping à l'epoch 211
2025-09-03 19:23:49,790 - Fold 7 - Accuracy finale: 92.86%
2025-09-03 19:23:49,790 - === Fold 8/10 ===
2025-09-03 19:23:49,809 - Epoch 1/500 - Train Loss: 1.5275, Train Acc: 33.33% - Val loss: 1.2095, Val Acc: 35.71%
2025-09-03 19:23:52,884 - Epoch 201/500 - Train Loss: 0.0022, Train Acc: 100.00% - Val loss: 0.4783, Val Acc: 89.29%
2025-09-03 19:23:53,038 - Early stopping à l'epoch 211
2025-09-03 19:23:53,040 - Fold 8 - Accuracy finale: 89.29%
2025-09-03 19:23:53,040 - === Fold 9/10 ===
2025-09-03 19:23:53,059 - Epoch 1/500 - Train Loss: 1.4022, Train Acc: 34.92% - Val loss: 1.0758, Val Acc: 57.14%
2025-09-03 19:23:56,073 - Epoch 201/500 - Train Loss: 0.0010, Train Acc: 100.00% - Val loss: 0.1673, Val Acc: 92.86%
2025-09-03 19:23:56,784 - Early stopping à l'epoch 248
2025-09-03 19:23:56,785 - Fold 9 - Accuracy finale: 92.86%
2025-09-03 19:23:56,785 - === Fold 10/10 ===
2025-09-03 19:23:56,803 - Epoch 1/500 - Train Loss: 1.4238, Train Acc: 35.71% - Val loss: 1.1205, Val Acc: 35.71%
2025-09-03 19:23:58,276 - Early stopping à l'epoch 99
2025-09-03 19:23:58,278 - Fold 10 - Accuracy finale: 92.86%
2025-09-03 19:23:58,278 - 
2025-09-03 19:23:58,278 - Résultats de la validation croisée
2025-09-03 19:23:58,278 - 
2025-09-03 19:23:58,278 - Accuracy moyenne: 92.50% ± 1.92%
2025-09-03 19:23:58,278 - Loss moyenne: 0.3383 ± 0.1913
2025-09-03 19:23:58,278 - Nombre d'epochs moyen: 171
2025-09-03 19:23:58,278 - Accuracy par fold: ['92.86%', '92.86%', '96.43%', '92.86%', '89.29%', '92.86%', '92.86%', '89.29%', '92.86%', '92.86%']

2025-09-03 19:23:58,278 - Variable candidate fBodyAcc-mad()-X testée
2025-09-03 19:23:58,278 - 
2025-09-03 19:23:58,278 - === Fold 1/10 ===
2025-09-03 19:23:58,297 - Epoch 1/500 - Train Loss: 1.3969, Train Acc: 36.90% - Val loss: 1.1112, Val Acc: 46.43%
2025-09-03 19:24:00,694 - Early stopping à l'epoch 160
2025-09-03 19:24:00,695 - Fold 1 - Accuracy finale: 96.43%
2025-09-03 19:24:00,695 - === Fold 2/10 ===
2025-09-03 19:24:00,713 - Epoch 1/500 - Train Loss: 1.2984, Train Acc: 39.68% - Val loss: 1.1806, Val Acc: 28.57%
2025-09-03 19:24:02,691 - Early stopping à l'epoch 131
2025-09-03 19:24:02,692 - Fold 2 - Accuracy finale: 89.29%
2025-09-03 19:24:02,692 - === Fold 3/10 ===
2025-09-03 19:24:02,710 - Epoch 1/500 - Train Loss: 1.3922, Train Acc: 37.30% - Val loss: 1.1365, Val Acc: 32.14%
2025-09-03 19:24:05,718 - Epoch 201/500 - Train Loss: 0.0010, Train Acc: 100.00% - Val loss: 0.0592, Val Acc: 96.43%
2025-09-03 19:24:05,997 - Early stopping à l'epoch 219
2025-09-03 19:24:05,998 - Fold 3 - Accuracy finale: 96.43%
2025-09-03 19:24:05,998 - === Fold 4/10 ===
2025-09-03 19:24:06,019 - Epoch 1/500 - Train Loss: 1.3984, Train Acc: 37.30% - Val loss: 1.1285, Val Acc: 46.43%
2025-09-03 19:24:08,240 - Early stopping à l'epoch 148
2025-09-03 19:24:08,241 - Fold 4 - Accuracy finale: 92.86%
2025-09-03 19:24:08,241 - === Fold 5/10 ===
2025-09-03 19:24:08,259 - Epoch 1/500 - Train Loss: 1.4420, Train Acc: 34.13% - Val loss: 1.1687, Val Acc: 35.71%
2025-09-03 19:24:11,271 - Epoch 201/500 - Train Loss: 0.0023, Train Acc: 100.00% - Val loss: 0.1658, Val Acc: 92.86%
2025-09-03 19:24:11,332 - Early stopping à l'epoch 205
2025-09-03 19:24:11,333 - Fold 5 - Accuracy finale: 92.86%
2025-09-03 19:24:11,333 - === Fold 6/10 ===
2025-09-03 19:24:11,353 - Epoch 1/500 - Train Loss: 1.3348, Train Acc: 36.11% - Val loss: 1.1195, Val Acc: 32.14%
2025-09-03 19:24:13,606 - Early stopping à l'epoch 150
2025-09-03 19:24:13,608 - Fold 6 - Accuracy finale: 92.86%
2025-09-03 19:24:13,608 - === Fold 7/10 ===
2025-09-03 19:24:13,627 - Epoch 1/500 - Train Loss: 1.3774, Train Acc: 40.48% - Val loss: 1.1252, Val Acc: 50.00%
2025-09-03 19:24:16,506 - Early stopping à l'epoch 189
2025-09-03 19:24:16,507 - Fold 7 - Accuracy finale: 96.43%
2025-09-03 19:24:16,507 - === Fold 8/10 ===
2025-09-03 19:24:16,526 - Epoch 1/500 - Train Loss: 1.5287, Train Acc: 32.94% - Val loss: 1.2140, Val Acc: 35.71%
2025-09-03 19:24:19,240 - Early stopping à l'epoch 179
2025-09-03 19:24:19,241 - Fold 8 - Accuracy finale: 89.29%
2025-09-03 19:24:19,241 - === Fold 9/10 ===
2025-09-03 19:24:19,259 - Epoch 1/500 - Train Loss: 1.3930, Train Acc: 37.70% - Val loss: 1.0605, Val Acc: 60.71%
2025-09-03 19:24:22,235 - Early stopping à l'epoch 197
2025-09-03 19:24:22,236 - Fold 9 - Accuracy finale: 92.86%
2025-09-03 19:24:22,236 - === Fold 10/10 ===
2025-09-03 19:24:22,254 - Epoch 1/500 - Train Loss: 1.4086, Train Acc: 35.71% - Val loss: 1.1115, Val Acc: 35.71%
2025-09-03 19:24:23,708 - Early stopping à l'epoch 97
2025-09-03 19:24:23,709 - Fold 10 - Accuracy finale: 92.86%
2025-09-03 19:24:23,709 - 
2025-09-03 19:24:23,709 - Résultats de la validation croisée
2025-09-03 19:24:23,709 - 
2025-09-03 19:24:23,709 - Accuracy moyenne: 93.21% ± 2.50%
2025-09-03 19:24:23,709 - Loss moyenne: 0.3584 ± 0.2469
2025-09-03 19:24:23,709 - Nombre d'epochs moyen: 167
2025-09-03 19:24:23,709 - Accuracy par fold: ['96.43%', '89.29%', '96.43%', '92.86%', '92.86%', '92.86%', '96.43%', '89.29%', '92.86%', '92.86%']

2025-09-03 19:24:23,709 - Variable candidate fBodyAcc-bandsEnergy()-1,24 testée
2025-09-03 19:24:23,709 - 
2025-09-03 19:24:23,710 - === Fold 1/10 ===
2025-09-03 19:24:23,728 - Epoch 1/500 - Train Loss: 1.3993, Train Acc: 40.08% - Val loss: 1.1027, Val Acc: 46.43%
2025-09-03 19:24:25,959 - Early stopping à l'epoch 148
2025-09-03 19:24:25,960 - Fold 1 - Accuracy finale: 96.43%
2025-09-03 19:24:25,960 - === Fold 2/10 ===
2025-09-03 19:24:25,978 - Epoch 1/500 - Train Loss: 1.2785, Train Acc: 39.29% - Val loss: 1.1148, Val Acc: 42.86%
2025-09-03 19:24:27,974 - Early stopping à l'epoch 132
2025-09-03 19:24:27,976 - Fold 2 - Accuracy finale: 92.86%
2025-09-03 19:24:27,976 - === Fold 3/10 ===
2025-09-03 19:24:27,994 - Epoch 1/500 - Train Loss: 1.3958, Train Acc: 34.92% - Val loss: 1.1438, Val Acc: 35.71%
2025-09-03 19:24:31,047 - Epoch 201/500 - Train Loss: 0.0012, Train Acc: 100.00% - Val loss: 0.2005, Val Acc: 96.43%
2025-09-03 19:24:31,332 - Early stopping à l'epoch 219
2025-09-03 19:24:31,333 - Fold 3 - Accuracy finale: 96.43%
2025-09-03 19:24:31,333 - === Fold 4/10 ===
2025-09-03 19:24:31,351 - Epoch 1/500 - Train Loss: 1.4181, Train Acc: 38.10% - Val loss: 1.1485, Val Acc: 39.29%
2025-09-03 19:24:33,711 - Early stopping à l'epoch 155
2025-09-03 19:24:33,713 - Fold 4 - Accuracy finale: 92.86%
2025-09-03 19:24:33,713 - === Fold 5/10 ===
2025-09-03 19:24:33,733 - Epoch 1/500 - Train Loss: 1.4592, Train Acc: 32.54% - Val loss: 1.1776, Val Acc: 39.29%
2025-09-03 19:24:35,640 - Early stopping à l'epoch 127
2025-09-03 19:24:35,641 - Fold 5 - Accuracy finale: 92.86%
2025-09-03 19:24:35,641 - === Fold 6/10 ===
2025-09-03 19:24:35,660 - Epoch 1/500 - Train Loss: 1.3309, Train Acc: 38.10% - Val loss: 1.1016, Val Acc: 32.14%
2025-09-03 19:24:37,117 - Early stopping à l'epoch 96
2025-09-03 19:24:37,118 - Fold 6 - Accuracy finale: 89.29%
2025-09-03 19:24:37,118 - === Fold 7/10 ===
2025-09-03 19:24:37,136 - Epoch 1/500 - Train Loss: 1.3791, Train Acc: 40.87% - Val loss: 1.1360, Val Acc: 50.00%
2025-09-03 19:24:39,622 - Early stopping à l'epoch 164
2025-09-03 19:24:39,623 - Fold 7 - Accuracy finale: 92.86%
2025-09-03 19:24:39,623 - === Fold 8/10 ===
2025-09-03 19:24:39,642 - Epoch 1/500 - Train Loss: 1.5311, Train Acc: 33.73% - Val loss: 1.2106, Val Acc: 35.71%
2025-09-03 19:24:42,683 - Epoch 201/500 - Train Loss: 0.0007, Train Acc: 100.00% - Val loss: 0.0128, Val Acc: 100.00%
2025-09-03 19:24:42,839 - Early stopping à l'epoch 211
2025-09-03 19:24:42,840 - Fold 8 - Accuracy finale: 100.00%
2025-09-03 19:24:42,840 - === Fold 9/10 ===
2025-09-03 19:24:42,860 - Epoch 1/500 - Train Loss: 1.3983, Train Acc: 37.70% - Val loss: 1.0731, Val Acc: 60.71%
2025-09-03 19:24:45,911 - Epoch 201/500 - Train Loss: 0.0016, Train Acc: 100.00% - Val loss: 0.0731, Val Acc: 96.43%
2025-09-03 19:24:46,254 - Early stopping à l'epoch 223
2025-09-03 19:24:46,255 - Fold 9 - Accuracy finale: 89.29%
2025-09-03 19:24:46,255 - === Fold 10/10 ===
2025-09-03 19:24:46,273 - Epoch 1/500 - Train Loss: 1.4189, Train Acc: 34.92% - Val loss: 1.1102, Val Acc: 35.71%
2025-09-03 19:24:47,939 - Early stopping à l'epoch 110
2025-09-03 19:24:47,940 - Fold 10 - Accuracy finale: 89.29%
2025-09-03 19:24:47,940 - 
2025-09-03 19:24:47,940 - Résultats de la validation croisée
2025-09-03 19:24:47,940 - 
2025-09-03 19:24:47,940 - Accuracy moyenne: 93.21% ± 3.37%
2025-09-03 19:24:47,940 - Loss moyenne: 0.2735 ± 0.1515
2025-09-03 19:24:47,940 - Nombre d'epochs moyen: 158
2025-09-03 19:24:47,940 - Accuracy par fold: ['96.43%', '92.86%', '96.43%', '92.86%', '92.86%', '89.29%', '92.86%', '100.00%', '89.29%', '89.29%']

2025-09-03 19:24:47,940 - Variable candidate fBodyAcc-std()-X testée
2025-09-03 19:24:47,940 - 
2025-09-03 19:24:47,941 - === Fold 1/10 ===
2025-09-03 19:24:47,959 - Epoch 1/500 - Train Loss: 1.3942, Train Acc: 37.70% - Val loss: 1.1050, Val Acc: 46.43%
2025-09-03 19:24:50,027 - Early stopping à l'epoch 137
2025-09-03 19:24:50,029 - Fold 1 - Accuracy finale: 96.43%
2025-09-03 19:24:50,029 - === Fold 2/10 ===
2025-09-03 19:24:50,047 - Epoch 1/500 - Train Loss: 1.2895, Train Acc: 41.67% - Val loss: 1.2072, Val Acc: 35.71%
2025-09-03 19:24:51,808 - Early stopping à l'epoch 117
2025-09-03 19:24:51,809 - Fold 2 - Accuracy finale: 89.29%
2025-09-03 19:24:51,809 - === Fold 3/10 ===
2025-09-03 19:24:51,827 - Epoch 1/500 - Train Loss: 1.3930, Train Acc: 37.30% - Val loss: 1.1391, Val Acc: 32.14%
2025-09-03 19:24:54,415 - Early stopping à l'epoch 173
2025-09-03 19:24:54,416 - Fold 3 - Accuracy finale: 96.43%
2025-09-03 19:24:54,416 - === Fold 4/10 ===
2025-09-03 19:24:54,434 - Epoch 1/500 - Train Loss: 1.4044, Train Acc: 38.49% - Val loss: 1.1343, Val Acc: 42.86%
2025-09-03 19:24:57,333 - Early stopping à l'epoch 194
2025-09-03 19:24:57,335 - Fold 4 - Accuracy finale: 96.43%
2025-09-03 19:24:57,335 - === Fold 5/10 ===
2025-09-03 19:24:57,353 - Epoch 1/500 - Train Loss: 1.4468, Train Acc: 34.13% - Val loss: 1.1733, Val Acc: 39.29%
2025-09-03 19:24:59,568 - Early stopping à l'epoch 144
2025-09-03 19:24:59,569 - Fold 5 - Accuracy finale: 92.86%
2025-09-03 19:24:59,569 - === Fold 6/10 ===
2025-09-03 19:24:59,590 - Epoch 1/500 - Train Loss: 1.3237, Train Acc: 38.10% - Val loss: 1.1032, Val Acc: 32.14%
2025-09-03 19:25:01,606 - Early stopping à l'epoch 135
2025-09-03 19:25:01,607 - Fold 6 - Accuracy finale: 92.86%
2025-09-03 19:25:01,607 - === Fold 7/10 ===
2025-09-03 19:25:01,625 - Epoch 1/500 - Train Loss: 1.3785, Train Acc: 40.87% - Val loss: 1.1178, Val Acc: 50.00%
2025-09-03 19:25:03,586 - Early stopping à l'epoch 130
2025-09-03 19:25:03,587 - Fold 7 - Accuracy finale: 96.43%
2025-09-03 19:25:03,587 - === Fold 8/10 ===
2025-09-03 19:25:03,605 - Epoch 1/500 - Train Loss: 1.5300, Train Acc: 32.54% - Val loss: 1.2143, Val Acc: 35.71%
2025-09-03 19:25:05,243 - Early stopping à l'epoch 110
2025-09-03 19:25:05,244 - Fold 8 - Accuracy finale: 85.71%
2025-09-03 19:25:05,244 - === Fold 9/10 ===
2025-09-03 19:25:05,262 - Epoch 1/500 - Train Loss: 1.3931, Train Acc: 37.70% - Val loss: 1.0593, Val Acc: 57.14%
2025-09-03 19:25:07,537 - Early stopping à l'epoch 153
2025-09-03 19:25:07,538 - Fold 9 - Accuracy finale: 92.86%
2025-09-03 19:25:07,538 - === Fold 10/10 ===
2025-09-03 19:25:07,556 - Epoch 1/500 - Train Loss: 1.4113, Train Acc: 36.11% - Val loss: 1.1161, Val Acc: 35.71%
2025-09-03 19:25:09,025 - Early stopping à l'epoch 99
2025-09-03 19:25:09,026 - Fold 10 - Accuracy finale: 85.71%
2025-09-03 19:25:09,026 - 
2025-09-03 19:25:09,026 - Résultats de la validation croisée
2025-09-03 19:25:09,026 - 
2025-09-03 19:25:09,026 - Accuracy moyenne: 92.50% ± 4.06%
2025-09-03 19:25:09,026 - Loss moyenne: 0.3292 ± 0.2204
2025-09-03 19:25:09,026 - Nombre d'epochs moyen: 139
2025-09-03 19:25:09,026 - Accuracy par fold: ['96.43%', '89.29%', '96.43%', '96.43%', '92.86%', '92.86%', '96.43%', '85.71%', '92.86%', '85.71%']

2025-09-03 19:25:09,026 - Variable candidate tBodyAcc-max()-X testée
2025-09-03 19:25:09,026 - 
2025-09-03 19:25:09,027 - === Fold 1/10 ===
2025-09-03 19:25:09,045 - Epoch 1/500 - Train Loss: 1.3959, Train Acc: 37.30% - Val loss: 1.1122, Val Acc: 46.43%
2025-09-03 19:25:11,070 - Early stopping à l'epoch 136
2025-09-03 19:25:11,071 - Fold 1 - Accuracy finale: 92.86%
2025-09-03 19:25:11,071 - === Fold 2/10 ===
2025-09-03 19:25:11,090 - Epoch 1/500 - Train Loss: 1.2964, Train Acc: 38.89% - Val loss: 1.2060, Val Acc: 35.71%
2025-09-03 19:25:13,721 - Early stopping à l'epoch 176
2025-09-03 19:25:13,722 - Fold 2 - Accuracy finale: 92.86%
2025-09-03 19:25:13,722 - === Fold 3/10 ===
2025-09-03 19:25:13,740 - Epoch 1/500 - Train Loss: 1.3950, Train Acc: 37.30% - Val loss: 1.1437, Val Acc: 35.71%
2025-09-03 19:25:16,742 - Epoch 201/500 - Train Loss: 0.0012, Train Acc: 100.00% - Val loss: 0.0488, Val Acc: 96.43%
2025-09-03 19:25:17,225 - Early stopping à l'epoch 233
2025-09-03 19:25:17,226 - Fold 3 - Accuracy finale: 96.43%
2025-09-03 19:25:17,226 - === Fold 4/10 ===
2025-09-03 19:25:17,244 - Epoch 1/500 - Train Loss: 1.3997, Train Acc: 38.89% - Val loss: 1.1317, Val Acc: 42.86%
2025-09-03 19:25:20,267 - Epoch 201/500 - Train Loss: 0.0009, Train Acc: 100.00% - Val loss: 0.0787, Val Acc: 96.43%
2025-09-03 19:25:20,441 - Early stopping à l'epoch 212
2025-09-03 19:25:20,442 - Fold 4 - Accuracy finale: 96.43%
2025-09-03 19:25:20,442 - === Fold 5/10 ===
2025-09-03 19:25:20,460 - Epoch 1/500 - Train Loss: 1.4480, Train Acc: 33.73% - Val loss: 1.1744, Val Acc: 39.29%
2025-09-03 19:25:23,473 - Epoch 201/500 - Train Loss: 0.0009, Train Acc: 100.00% - Val loss: 0.1659, Val Acc: 96.43%
2025-09-03 19:25:23,895 - Early stopping à l'epoch 229
2025-09-03 19:25:23,896 - Fold 5 - Accuracy finale: 96.43%
2025-09-03 19:25:23,896 - === Fold 6/10 ===
2025-09-03 19:25:23,914 - Epoch 1/500 - Train Loss: 1.3344, Train Acc: 36.11% - Val loss: 1.1200, Val Acc: 32.14%
2025-09-03 19:25:25,822 - Early stopping à l'epoch 128
2025-09-03 19:25:25,824 - Fold 6 - Accuracy finale: 89.29%
2025-09-03 19:25:25,824 - === Fold 7/10 ===
2025-09-03 19:25:25,842 - Epoch 1/500 - Train Loss: 1.3776, Train Acc: 40.48% - Val loss: 1.1342, Val Acc: 50.00%
2025-09-03 19:25:28,860 - Early stopping à l'epoch 197
2025-09-03 19:25:28,862 - Fold 7 - Accuracy finale: 96.43%
2025-09-03 19:25:28,862 - === Fold 8/10 ===
2025-09-03 19:25:28,881 - Epoch 1/500 - Train Loss: 1.5284, Train Acc: 32.54% - Val loss: 1.2142, Val Acc: 35.71%
2025-09-03 19:25:31,439 - Early stopping à l'epoch 171
2025-09-03 19:25:31,440 - Fold 8 - Accuracy finale: 85.71%
2025-09-03 19:25:31,440 - === Fold 9/10 ===
2025-09-03 19:25:31,458 - Epoch 1/500 - Train Loss: 1.3945, Train Acc: 37.70% - Val loss: 1.0624, Val Acc: 57.14%
2025-09-03 19:25:33,262 - Early stopping à l'epoch 121
2025-09-03 19:25:33,263 - Fold 9 - Accuracy finale: 92.86%
2025-09-03 19:25:33,263 - === Fold 10/10 ===
2025-09-03 19:25:33,281 - Epoch 1/500 - Train Loss: 1.4130, Train Acc: 36.90% - Val loss: 1.1165, Val Acc: 35.71%
2025-09-03 19:25:34,815 - Early stopping à l'epoch 103
2025-09-03 19:25:34,816 - Fold 10 - Accuracy finale: 89.29%
2025-09-03 19:25:34,816 - 
2025-09-03 19:25:34,816 - Résultats de la validation croisée
2025-09-03 19:25:34,816 - 
2025-09-03 19:25:34,817 - Accuracy moyenne: 92.86% ± 3.57%
2025-09-03 19:25:34,817 - Loss moyenne: 0.3503 ± 0.2445
2025-09-03 19:25:34,817 - Nombre d'epochs moyen: 170
2025-09-03 19:25:34,817 - Accuracy par fold: ['92.86%', '92.86%', '96.43%', '96.43%', '96.43%', '89.29%', '96.43%', '85.71%', '92.86%', '89.29%']

2025-09-03 19:25:34,817 - Variable candidate fBodyAccJerk-bandsEnergy()-1,8 testée
2025-09-03 19:25:34,817 - 
2025-09-03 19:25:34,817 - === Fold 1/10 ===
2025-09-03 19:25:34,835 - Epoch 1/500 - Train Loss: 1.3983, Train Acc: 38.89% - Val loss: 1.1051, Val Acc: 46.43%
2025-09-03 19:25:36,910 - Early stopping à l'epoch 139
2025-09-03 19:25:36,911 - Fold 1 - Accuracy finale: 96.43%
2025-09-03 19:25:36,911 - === Fold 2/10 ===
2025-09-03 19:25:36,929 - Epoch 1/500 - Train Loss: 1.2809, Train Acc: 39.68% - Val loss: 1.1059, Val Acc: 39.29%
2025-09-03 19:25:38,481 - Early stopping à l'epoch 104
2025-09-03 19:25:38,482 - Fold 2 - Accuracy finale: 89.29%
2025-09-03 19:25:38,483 - === Fold 3/10 ===
2025-09-03 19:25:38,501 - Epoch 1/500 - Train Loss: 1.3923, Train Acc: 34.92% - Val loss: 1.1436, Val Acc: 35.71%
2025-09-03 19:25:41,473 - Early stopping à l'epoch 199
2025-09-03 19:25:41,474 - Fold 3 - Accuracy finale: 96.43%
2025-09-03 19:25:41,474 - === Fold 4/10 ===
2025-09-03 19:25:41,492 - Epoch 1/500 - Train Loss: 1.4195, Train Acc: 38.10% - Val loss: 1.1503, Val Acc: 39.29%
2025-09-03 19:25:44,202 - Early stopping à l'epoch 181
2025-09-03 19:25:44,203 - Fold 4 - Accuracy finale: 96.43%
2025-09-03 19:25:44,203 - === Fold 5/10 ===
2025-09-03 19:25:44,221 - Epoch 1/500 - Train Loss: 1.4594, Train Acc: 32.94% - Val loss: 1.1741, Val Acc: 39.29%
2025-09-03 19:25:47,041 - Early stopping à l'epoch 184
2025-09-03 19:25:47,042 - Fold 5 - Accuracy finale: 96.43%
2025-09-03 19:25:47,042 - === Fold 6/10 ===
2025-09-03 19:25:47,061 - Epoch 1/500 - Train Loss: 1.3279, Train Acc: 40.48% - Val loss: 1.0954, Val Acc: 32.14%
2025-09-03 19:25:48,778 - Early stopping à l'epoch 112
2025-09-03 19:25:48,779 - Fold 6 - Accuracy finale: 89.29%
2025-09-03 19:25:48,779 - === Fold 7/10 ===
2025-09-03 19:25:48,798 - Epoch 1/500 - Train Loss: 1.3766, Train Acc: 40.87% - Val loss: 1.1247, Val Acc: 53.57%
2025-09-03 19:25:50,620 - Early stopping à l'epoch 120
2025-09-03 19:25:50,621 - Fold 7 - Accuracy finale: 96.43%
2025-09-03 19:25:50,621 - === Fold 8/10 ===
2025-09-03 19:25:50,640 - Epoch 1/500 - Train Loss: 1.5318, Train Acc: 33.73% - Val loss: 1.2102, Val Acc: 35.71%
2025-09-03 19:25:53,670 - Epoch 201/500 - Train Loss: 0.0006, Train Acc: 100.00% - Val loss: 0.1181, Val Acc: 96.43%
2025-09-03 19:25:54,277 - Early stopping à l'epoch 240
2025-09-03 19:25:54,278 - Fold 8 - Accuracy finale: 96.43%
2025-09-03 19:25:54,278 - === Fold 9/10 ===
2025-09-03 19:25:54,297 - Epoch 1/500 - Train Loss: 1.4018, Train Acc: 36.51% - Val loss: 1.0763, Val Acc: 57.14%
2025-09-03 19:25:57,340 - Epoch 201/500 - Train Loss: 0.0017, Train Acc: 100.00% - Val loss: 0.0738, Val Acc: 96.43%
2025-09-03 19:25:58,001 - Early stopping à l'epoch 245
2025-09-03 19:25:58,002 - Fold 9 - Accuracy finale: 96.43%
2025-09-03 19:25:58,002 - === Fold 10/10 ===
2025-09-03 19:25:58,021 - Epoch 1/500 - Train Loss: 1.4182, Train Acc: 34.92% - Val loss: 1.1089, Val Acc: 35.71%
2025-09-03 19:25:59,994 - Early stopping à l'epoch 131
2025-09-03 19:25:59,996 - Fold 10 - Accuracy finale: 92.86%
2025-09-03 19:25:59,996 - 
2025-09-03 19:25:59,996 - Résultats de la validation croisée
2025-09-03 19:25:59,996 - 
2025-09-03 19:25:59,996 - Accuracy moyenne: 94.64% ± 2.88%
2025-09-03 19:25:59,996 - Loss moyenne: 0.2832 ± 0.2112
2025-09-03 19:25:59,996 - Nombre d'epochs moyen: 165
2025-09-03 19:25:59,996 - Accuracy par fold: ['96.43%', '89.29%', '96.43%', '96.43%', '96.43%', '89.29%', '96.43%', '96.43%', '96.43%', '92.86%']

2025-09-03 19:25:59,996 - Variable candidate fBodyAcc-mean()-X testée
2025-09-03 19:25:59,996 - 
2025-09-03 19:25:59,997 - === Fold 1/10 ===
2025-09-03 19:26:00,015 - Epoch 1/500 - Train Loss: 1.3979, Train Acc: 36.90% - Val loss: 1.1120, Val Acc: 46.43%
2025-09-03 19:26:02,395 - Early stopping à l'epoch 156
2025-09-03 19:26:02,396 - Fold 1 - Accuracy finale: 89.29%
2025-09-03 19:26:02,396 - === Fold 2/10 ===
2025-09-03 19:26:02,414 - Epoch 1/500 - Train Loss: 1.3003, Train Acc: 39.68% - Val loss: 1.1738, Val Acc: 28.57%
2025-09-03 19:26:04,306 - Early stopping à l'epoch 127
2025-09-03 19:26:04,308 - Fold 2 - Accuracy finale: 92.86%
2025-09-03 19:26:04,308 - === Fold 3/10 ===
2025-09-03 19:26:04,327 - Epoch 1/500 - Train Loss: 1.3923, Train Acc: 37.70% - Val loss: 1.1398, Val Acc: 35.71%
2025-09-03 19:26:06,463 - Early stopping à l'epoch 141
2025-09-03 19:26:06,464 - Fold 3 - Accuracy finale: 92.86%
2025-09-03 19:26:06,464 - === Fold 4/10 ===
2025-09-03 19:26:06,483 - Epoch 1/500 - Train Loss: 1.3980, Train Acc: 38.10% - Val loss: 1.1273, Val Acc: 46.43%
2025-09-03 19:26:08,966 - Early stopping à l'epoch 164
2025-09-03 19:26:08,967 - Fold 4 - Accuracy finale: 85.71%
2025-09-03 19:26:08,968 - === Fold 5/10 ===
2025-09-03 19:26:08,986 - Epoch 1/500 - Train Loss: 1.4406, Train Acc: 33.73% - Val loss: 1.1660, Val Acc: 32.14%
2025-09-03 19:26:10,753 - Early stopping à l'epoch 118
2025-09-03 19:26:10,754 - Fold 5 - Accuracy finale: 96.43%
2025-09-03 19:26:10,754 - === Fold 6/10 ===
2025-09-03 19:26:10,773 - Epoch 1/500 - Train Loss: 1.3394, Train Acc: 36.11% - Val loss: 1.1241, Val Acc: 32.14%
2025-09-03 19:26:13,401 - Early stopping à l'epoch 176
2025-09-03 19:26:13,402 - Fold 6 - Accuracy finale: 96.43%
2025-09-03 19:26:13,402 - === Fold 7/10 ===
2025-09-03 19:26:13,420 - Epoch 1/500 - Train Loss: 1.3774, Train Acc: 40.08% - Val loss: 1.1231, Val Acc: 50.00%
2025-09-03 19:26:15,902 - Early stopping à l'epoch 166
2025-09-03 19:26:15,903 - Fold 7 - Accuracy finale: 92.86%
2025-09-03 19:26:15,903 - === Fold 8/10 ===
2025-09-03 19:26:15,922 - Epoch 1/500 - Train Loss: 1.5276, Train Acc: 33.33% - Val loss: 1.2136, Val Acc: 35.71%
2025-09-03 19:26:18,422 - Early stopping à l'epoch 163
2025-09-03 19:26:18,423 - Fold 8 - Accuracy finale: 85.71%
2025-09-03 19:26:18,423 - === Fold 9/10 ===
2025-09-03 19:26:18,441 - Epoch 1/500 - Train Loss: 1.3934, Train Acc: 37.30% - Val loss: 1.0646, Val Acc: 60.71%
2025-09-03 19:26:20,521 - Early stopping à l'epoch 138
2025-09-03 19:26:20,522 - Fold 9 - Accuracy finale: 92.86%
2025-09-03 19:26:20,522 - === Fold 10/10 ===
2025-09-03 19:26:20,541 - Epoch 1/500 - Train Loss: 1.4070, Train Acc: 34.92% - Val loss: 1.1094, Val Acc: 35.71%
2025-09-03 19:26:22,096 - Early stopping à l'epoch 103
2025-09-03 19:26:22,097 - Fold 10 - Accuracy finale: 92.86%
2025-09-03 19:26:22,098 - 
2025-09-03 19:26:22,098 - Résultats de la validation croisée
2025-09-03 19:26:22,098 - 
2025-09-03 19:26:22,098 - Accuracy moyenne: 91.79% ± 3.59%
2025-09-03 19:26:22,098 - Loss moyenne: 0.3582 ± 0.2140
2025-09-03 19:26:22,098 - Nombre d'epochs moyen: 145
2025-09-03 19:26:22,098 - Accuracy par fold: ['89.29%', '92.86%', '92.86%', '85.71%', '96.43%', '96.43%', '92.86%', '85.71%', '92.86%', '92.86%']

2025-09-03 19:26:22,098 - Variable candidate tBodyAccJerk-mean()-X testée
2025-09-03 19:26:22,098 - 
2025-09-03 19:26:22,098 - === Fold 1/10 ===
2025-09-03 19:26:22,116 - Epoch 1/500 - Train Loss: 1.3914, Train Acc: 39.29% - Val loss: 1.0954, Val Acc: 46.43%
2025-09-03 19:26:24,805 - Early stopping à l'epoch 178
2025-09-03 19:26:24,806 - Fold 1 - Accuracy finale: 96.43%
2025-09-03 19:26:24,806 - === Fold 2/10 ===
2025-09-03 19:26:24,825 - Epoch 1/500 - Train Loss: 1.3232, Train Acc: 36.11% - Val loss: 1.1377, Val Acc: 35.71%
2025-09-03 19:26:26,564 - Early stopping à l'epoch 115
2025-09-03 19:26:26,565 - Fold 2 - Accuracy finale: 89.29%
2025-09-03 19:26:26,566 - === Fold 3/10 ===
2025-09-03 19:26:26,584 - Epoch 1/500 - Train Loss: 1.3962, Train Acc: 35.32% - Val loss: 1.1538, Val Acc: 42.86%
2025-09-03 19:26:28,440 - Early stopping à l'epoch 122
2025-09-03 19:26:28,441 - Fold 3 - Accuracy finale: 96.43%
2025-09-03 19:26:28,441 - === Fold 4/10 ===
2025-09-03 19:26:28,459 - Epoch 1/500 - Train Loss: 1.4406, Train Acc: 36.11% - Val loss: 1.1705, Val Acc: 35.71%
2025-09-03 19:26:30,326 - Early stopping à l'epoch 124
2025-09-03 19:26:30,327 - Fold 4 - Accuracy finale: 89.29%
2025-09-03 19:26:30,327 - === Fold 5/10 ===
2025-09-03 19:26:30,345 - Epoch 1/500 - Train Loss: 1.4326, Train Acc: 31.35% - Val loss: 1.1746, Val Acc: 35.71%
2025-09-03 19:26:32,739 - Early stopping à l'epoch 159
2025-09-03 19:26:32,740 - Fold 5 - Accuracy finale: 92.86%
2025-09-03 19:26:32,740 - === Fold 6/10 ===
2025-09-03 19:26:32,758 - Epoch 1/500 - Train Loss: 1.3463, Train Acc: 37.70% - Val loss: 1.1321, Val Acc: 32.14%
2025-09-03 19:26:34,351 - Early stopping à l'epoch 106
2025-09-03 19:26:34,352 - Fold 6 - Accuracy finale: 89.29%
2025-09-03 19:26:34,352 - === Fold 7/10 ===
2025-09-03 19:26:34,370 - Epoch 1/500 - Train Loss: 1.3776, Train Acc: 37.70% - Val loss: 1.0828, Val Acc: 50.00%
2025-09-03 19:26:36,251 - Early stopping à l'epoch 124
2025-09-03 19:26:36,252 - Fold 7 - Accuracy finale: 96.43%
2025-09-03 19:26:36,252 - === Fold 8/10 ===
2025-09-03 19:26:36,271 - Epoch 1/500 - Train Loss: 1.4881, Train Acc: 32.14% - Val loss: 1.1956, Val Acc: 35.71%
2025-09-03 19:26:38,203 - Early stopping à l'epoch 126
2025-09-03 19:26:38,204 - Fold 8 - Accuracy finale: 96.43%
2025-09-03 19:26:38,204 - === Fold 9/10 ===
2025-09-03 19:26:38,223 - Epoch 1/500 - Train Loss: 1.4060, Train Acc: 36.11% - Val loss: 1.1041, Val Acc: 42.86%
2025-09-03 19:26:39,820 - Early stopping à l'epoch 105
2025-09-03 19:26:39,821 - Fold 9 - Accuracy finale: 89.29%
2025-09-03 19:26:39,821 - === Fold 10/10 ===
2025-09-03 19:26:39,840 - Epoch 1/500 - Train Loss: 1.4290, Train Acc: 36.11% - Val loss: 1.1379, Val Acc: 35.71%
2025-09-03 19:26:41,462 - Early stopping à l'epoch 107
2025-09-03 19:26:41,463 - Fold 10 - Accuracy finale: 92.86%
2025-09-03 19:26:41,463 - 
2025-09-03 19:26:41,463 - Résultats de la validation croisée
2025-09-03 19:26:41,463 - 
2025-09-03 19:26:41,463 - Accuracy moyenne: 92.86% ± 3.19%
2025-09-03 19:26:41,463 - Loss moyenne: 0.4277 ± 0.2403
2025-09-03 19:26:41,463 - Nombre d'epochs moyen: 126
2025-09-03 19:26:41,463 - Accuracy par fold: ['96.43%', '89.29%', '96.43%', '89.29%', '92.86%', '89.29%', '96.43%', '96.43%', '89.29%', '92.86%']

2025-09-03 19:26:41,463 - Variable candidate fBodyAcc-max()-X testée
2025-09-03 19:26:41,463 - 
2025-09-03 19:26:41,464 - === Fold 1/10 ===
2025-09-03 19:26:41,482 - Epoch 1/500 - Train Loss: 1.3879, Train Acc: 39.29% - Val loss: 1.0920, Val Acc: 42.86%
2025-09-03 19:26:43,903 - Early stopping à l'epoch 160
2025-09-03 19:26:43,904 - Fold 1 - Accuracy finale: 96.43%
2025-09-03 19:26:43,904 - === Fold 2/10 ===
2025-09-03 19:26:43,923 - Epoch 1/500 - Train Loss: 1.2898, Train Acc: 40.87% - Val loss: 1.1907, Val Acc: 42.86%
2025-09-03 19:26:46,411 - Early stopping à l'epoch 164
2025-09-03 19:26:46,412 - Fold 2 - Accuracy finale: 92.86%
2025-09-03 19:26:46,412 - === Fold 3/10 ===
2025-09-03 19:26:46,431 - Epoch 1/500 - Train Loss: 1.3923, Train Acc: 36.51% - Val loss: 1.1402, Val Acc: 32.14%
2025-09-03 19:26:48,725 - Early stopping à l'epoch 152
2025-09-03 19:26:48,727 - Fold 3 - Accuracy finale: 96.43%
2025-09-03 19:26:48,727 - === Fold 4/10 ===
2025-09-03 19:26:48,745 - Epoch 1/500 - Train Loss: 1.4090, Train Acc: 37.30% - Val loss: 1.1360, Val Acc: 39.29%
2025-09-03 19:26:51,735 - Early stopping à l'epoch 198
2025-09-03 19:26:51,736 - Fold 4 - Accuracy finale: 92.86%
2025-09-03 19:26:51,737 - === Fold 5/10 ===
2025-09-03 19:26:51,755 - Epoch 1/500 - Train Loss: 1.4497, Train Acc: 33.33% - Val loss: 1.1767, Val Acc: 39.29%
2025-09-03 19:26:53,841 - Early stopping à l'epoch 137
2025-09-03 19:26:53,843 - Fold 5 - Accuracy finale: 89.29%
2025-09-03 19:26:53,843 - === Fold 6/10 ===
2025-09-03 19:26:53,861 - Epoch 1/500 - Train Loss: 1.3137, Train Acc: 37.70% - Val loss: 1.0873, Val Acc: 32.14%
2025-09-03 19:26:56,344 - Early stopping à l'epoch 162
2025-09-03 19:26:56,345 - Fold 6 - Accuracy finale: 92.86%
2025-09-03 19:26:56,345 - === Fold 7/10 ===
2025-09-03 19:26:56,368 - Epoch 1/500 - Train Loss: 1.3767, Train Acc: 42.06% - Val loss: 1.1019, Val Acc: 50.00%
2025-09-03 19:26:59,003 - Early stopping à l'epoch 173
2025-09-03 19:26:59,004 - Fold 7 - Accuracy finale: 96.43%
2025-09-03 19:26:59,004 - === Fold 8/10 ===
2025-09-03 19:26:59,023 - Epoch 1/500 - Train Loss: 1.5279, Train Acc: 32.94% - Val loss: 1.2121, Val Acc: 35.71%
2025-09-03 19:27:02,060 - Epoch 201/500 - Train Loss: 0.0011, Train Acc: 100.00% - Val loss: 0.5294, Val Acc: 89.29%
2025-09-03 19:27:02,136 - Early stopping à l'epoch 206
2025-09-03 19:27:02,138 - Fold 8 - Accuracy finale: 89.29%
2025-09-03 19:27:02,138 - === Fold 9/10 ===
2025-09-03 19:27:02,161 - Epoch 1/500 - Train Loss: 1.3929, Train Acc: 38.49% - Val loss: 1.0645, Val Acc: 57.14%
2025-09-03 19:27:05,192 - Epoch 201/500 - Train Loss: 0.0007, Train Acc: 100.00% - Val loss: 0.2605, Val Acc: 92.86%
2025-09-03 19:27:05,299 - Early stopping à l'epoch 208
2025-09-03 19:27:05,301 - Fold 9 - Accuracy finale: 89.29%
2025-09-03 19:27:05,301 - === Fold 10/10 ===
2025-09-03 19:27:05,320 - Epoch 1/500 - Train Loss: 1.4137, Train Acc: 36.51% - Val loss: 1.1197, Val Acc: 35.71%
2025-09-03 19:27:06,912 - Early stopping à l'epoch 106
2025-09-03 19:27:06,914 - Fold 10 - Accuracy finale: 92.86%
2025-09-03 19:27:06,914 - 
2025-09-03 19:27:06,914 - Résultats de la validation croisée
2025-09-03 19:27:06,914 - 
2025-09-03 19:27:06,914 - Accuracy moyenne: 92.86% ± 2.77%
2025-09-03 19:27:06,914 - Loss moyenne: 0.3294 ± 0.1897
2025-09-03 19:27:06,914 - Nombre d'epochs moyen: 166
2025-09-03 19:27:06,914 - Accuracy par fold: ['96.43%', '92.86%', '96.43%', '92.86%', '89.29%', '92.86%', '96.43%', '89.29%', '89.29%', '92.86%']

2025-09-03 19:27:06,914 - Variable candidate fBodyAcc-energy()-X testée
2025-09-03 19:27:06,914 - 
2025-09-03 19:27:06,915 - === Fold 1/10 ===
2025-09-03 19:27:06,933 - Epoch 1/500 - Train Loss: 1.3996, Train Acc: 40.08% - Val loss: 1.1037, Val Acc: 46.43%
2025-09-03 19:27:08,799 - Early stopping à l'epoch 123
2025-09-03 19:27:08,800 - Fold 1 - Accuracy finale: 92.86%
2025-09-03 19:27:08,800 - === Fold 2/10 ===
2025-09-03 19:27:08,819 - Epoch 1/500 - Train Loss: 1.2781, Train Acc: 39.29% - Val loss: 1.1176, Val Acc: 42.86%
2025-09-03 19:27:10,779 - Early stopping à l'epoch 130
2025-09-03 19:27:10,780 - Fold 2 - Accuracy finale: 96.43%
2025-09-03 19:27:10,781 - === Fold 3/10 ===
2025-09-03 19:27:10,800 - Epoch 1/500 - Train Loss: 1.3957, Train Acc: 34.92% - Val loss: 1.1436, Val Acc: 35.71%
2025-09-03 19:27:13,539 - Early stopping à l'epoch 181
2025-09-03 19:27:13,540 - Fold 3 - Accuracy finale: 96.43%
2025-09-03 19:27:13,541 - === Fold 4/10 ===
2025-09-03 19:27:13,559 - Epoch 1/500 - Train Loss: 1.4177, Train Acc: 38.10% - Val loss: 1.1477, Val Acc: 39.29%
2025-09-03 19:27:16,089 - Early stopping à l'epoch 167
2025-09-03 19:27:16,090 - Fold 4 - Accuracy finale: 92.86%
2025-09-03 19:27:16,090 - === Fold 5/10 ===
2025-09-03 19:27:16,109 - Epoch 1/500 - Train Loss: 1.4594, Train Acc: 32.94% - Val loss: 1.1775, Val Acc: 39.29%
2025-09-03 19:27:18,241 - Early stopping à l'epoch 141
2025-09-03 19:27:18,243 - Fold 5 - Accuracy finale: 89.29%
2025-09-03 19:27:18,243 - === Fold 6/10 ===
2025-09-03 19:27:18,261 - Epoch 1/500 - Train Loss: 1.3312, Train Acc: 38.10% - Val loss: 1.1019, Val Acc: 32.14%
2025-09-03 19:27:19,900 - Early stopping à l'epoch 109
2025-09-03 19:27:19,901 - Fold 6 - Accuracy finale: 85.71%
2025-09-03 19:27:19,901 - === Fold 7/10 ===
2025-09-03 19:27:19,919 - Epoch 1/500 - Train Loss: 1.3793, Train Acc: 40.87% - Val loss: 1.1365, Val Acc: 50.00%
2025-09-03 19:27:22,044 - Early stopping à l'epoch 141
2025-09-03 19:27:22,045 - Fold 7 - Accuracy finale: 96.43%
2025-09-03 19:27:22,045 - === Fold 8/10 ===
2025-09-03 19:27:22,063 - Epoch 1/500 - Train Loss: 1.5313, Train Acc: 33.73% - Val loss: 1.2107, Val Acc: 35.71%
2025-09-03 19:27:25,095 - Epoch 201/500 - Train Loss: 0.0024, Train Acc: 100.00% - Val loss: 0.0254, Val Acc: 100.00%
2025-09-03 19:27:28,158 - Epoch 401/500 - Train Loss: 0.0003, Train Acc: 100.00% - Val loss: 0.0006, Val Acc: 100.00%
2025-09-03 19:27:29,684 - Epoch 500/500 - Train Loss: 0.0002, Train Acc: 100.00% - Val loss: 0.0004, Val Acc: 100.00%
2025-09-03 19:27:29,686 - Fold 8 - Accuracy finale: 100.00%
2025-09-03 19:27:29,686 - === Fold 9/10 ===
2025-09-03 19:27:29,704 - Epoch 1/500 - Train Loss: 1.3984, Train Acc: 37.70% - Val loss: 1.0731, Val Acc: 60.71%
2025-09-03 19:27:31,913 - Early stopping à l'epoch 146
2025-09-03 19:27:31,914 - Fold 9 - Accuracy finale: 92.86%
2025-09-03 19:27:31,914 - === Fold 10/10 ===
2025-09-03 19:27:31,932 - Epoch 1/500 - Train Loss: 1.4185, Train Acc: 34.92% - Val loss: 1.1100, Val Acc: 35.71%
2025-09-03 19:27:33,923 - Early stopping à l'epoch 131
2025-09-03 19:27:33,924 - Fold 10 - Accuracy finale: 92.86%
2025-09-03 19:27:33,924 - 
2025-09-03 19:27:33,924 - Résultats de la validation croisée
2025-09-03 19:27:33,924 - 
2025-09-03 19:27:33,924 - Accuracy moyenne: 93.57% ± 3.85%
2025-09-03 19:27:33,925 - Loss moyenne: 0.3249 ± 0.1841
2025-09-03 19:27:33,925 - Nombre d'epochs moyen: 176
2025-09-03 19:27:33,925 - Accuracy par fold: ['92.86%', '96.43%', '96.43%', '92.86%', '89.29%', '85.71%', '96.43%', '100.00%', '92.86%', '92.86%']

2025-09-03 19:27:33,925 - Variable candidate fBodyAcc-bandsEnergy()-33,40 testée
2025-09-03 19:27:33,925 - 
2025-09-03 19:27:33,925 - === Fold 1/10 ===
2025-09-03 19:27:33,943 - Epoch 1/500 - Train Loss: 1.4007, Train Acc: 39.29% - Val loss: 1.1198, Val Acc: 42.86%
2025-09-03 19:27:36,188 - Early stopping à l'epoch 148
2025-09-03 19:27:36,189 - Fold 1 - Accuracy finale: 96.43%
2025-09-03 19:27:36,189 - === Fold 2/10 ===
2025-09-03 19:27:36,209 - Epoch 1/500 - Train Loss: 1.2899, Train Acc: 39.29% - Val loss: 1.2217, Val Acc: 35.71%
2025-09-03 19:27:38,347 - Early stopping à l'epoch 142
2025-09-03 19:27:38,349 - Fold 2 - Accuracy finale: 96.43%
2025-09-03 19:27:38,349 - === Fold 3/10 ===
2025-09-03 19:27:38,367 - Epoch 1/500 - Train Loss: 1.3964, Train Acc: 35.32% - Val loss: 1.1537, Val Acc: 35.71%
2025-09-03 19:27:40,158 - Early stopping à l'epoch 119
2025-09-03 19:27:40,159 - Fold 3 - Accuracy finale: 92.86%
2025-09-03 19:27:40,159 - === Fold 4/10 ===
2025-09-03 19:27:40,179 - Epoch 1/500 - Train Loss: 1.4213, Train Acc: 37.30% - Val loss: 1.1571, Val Acc: 35.71%
2025-09-03 19:27:43,197 - Epoch 201/500 - Train Loss: 0.0253, Train Acc: 98.81% - Val loss: 0.0421, Val Acc: 96.43%
2025-09-03 19:27:46,273 - Epoch 401/500 - Train Loss: 0.0002, Train Acc: 100.00% - Val loss: 0.0034, Val Acc: 100.00%
2025-09-03 19:27:47,643 - Early stopping à l'epoch 490
2025-09-03 19:27:47,644 - Fold 4 - Accuracy finale: 100.00%
2025-09-03 19:27:47,644 - === Fold 5/10 ===
2025-09-03 19:27:47,664 - Epoch 1/500 - Train Loss: 1.4572, Train Acc: 32.14% - Val loss: 1.1721, Val Acc: 39.29%
2025-09-03 19:27:49,597 - Early stopping à l'epoch 126
2025-09-03 19:27:49,598 - Fold 5 - Accuracy finale: 92.86%
2025-09-03 19:27:49,598 - === Fold 6/10 ===
2025-09-03 19:27:49,618 - Epoch 1/500 - Train Loss: 1.3499, Train Acc: 34.13% - Val loss: 1.1297, Val Acc: 35.71%
2025-09-03 19:27:51,442 - Early stopping à l'epoch 121
2025-09-03 19:27:51,443 - Fold 6 - Accuracy finale: 89.29%
2025-09-03 19:27:51,443 - === Fold 7/10 ===
2025-09-03 19:27:51,462 - Epoch 1/500 - Train Loss: 1.3800, Train Acc: 38.89% - Val loss: 1.1251, Val Acc: 50.00%
2025-09-03 19:27:53,622 - Early stopping à l'epoch 144
2025-09-03 19:27:53,623 - Fold 7 - Accuracy finale: 92.86%
2025-09-03 19:27:53,623 - === Fold 8/10 ===
2025-09-03 19:27:53,642 - Epoch 1/500 - Train Loss: 1.5268, Train Acc: 33.33% - Val loss: 1.2095, Val Acc: 35.71%
2025-09-03 19:27:56,650 - Epoch 201/500 - Train Loss: 0.0009, Train Acc: 100.00% - Val loss: 0.1408, Val Acc: 96.43%
2025-09-03 19:27:57,047 - Early stopping à l'epoch 227
2025-09-03 19:27:57,048 - Fold 8 - Accuracy finale: 96.43%
2025-09-03 19:27:57,048 - === Fold 9/10 ===
2025-09-03 19:27:57,067 - Epoch 1/500 - Train Loss: 1.4035, Train Acc: 34.92% - Val loss: 1.0778, Val Acc: 57.14%
2025-09-03 19:27:59,679 - Early stopping à l'epoch 173
2025-09-03 19:27:59,680 - Fold 9 - Accuracy finale: 92.86%
2025-09-03 19:27:59,680 - === Fold 10/10 ===
2025-09-03 19:27:59,698 - Epoch 1/500 - Train Loss: 1.4253, Train Acc: 34.92% - Val loss: 1.1221, Val Acc: 35.71%
2025-09-03 19:28:01,142 - Early stopping à l'epoch 95
2025-09-03 19:28:01,143 - Fold 10 - Accuracy finale: 89.29%
2025-09-03 19:28:01,143 - 
2025-09-03 19:28:01,143 - Résultats de la validation croisée
2025-09-03 19:28:01,143 - 
2025-09-03 19:28:01,143 - Accuracy moyenne: 93.93% ± 3.21%
2025-09-03 19:28:01,143 - Loss moyenne: 0.3740 ± 0.2078
2025-09-03 19:28:01,143 - Nombre d'epochs moyen: 178
2025-09-03 19:28:01,143 - Accuracy par fold: ['96.43%', '96.43%', '92.86%', '100.00%', '92.86%', '89.29%', '92.86%', '96.43%', '92.86%', '89.29%']

2025-09-03 19:28:01,143 - Variable candidate fBodyAccMag-energy() testée
2025-09-03 19:28:01,143 - 
2025-09-03 19:28:01,144 - === Fold 1/10 ===
2025-09-03 19:28:01,163 - Epoch 1/500 - Train Loss: 1.3998, Train Acc: 39.29% - Val loss: 1.1061, Val Acc: 46.43%
2025-09-03 19:28:02,910 - Early stopping à l'epoch 116
2025-09-03 19:28:02,912 - Fold 1 - Accuracy finale: 96.43%
2025-09-03 19:28:02,912 - === Fold 2/10 ===
2025-09-03 19:28:02,932 - Epoch 1/500 - Train Loss: 1.2650, Train Acc: 42.06% - Val loss: 1.1090, Val Acc: 39.29%
2025-09-03 19:28:04,518 - Early stopping à l'epoch 105
2025-09-03 19:28:04,519 - Fold 2 - Accuracy finale: 92.86%
2025-09-03 19:28:04,519 - === Fold 3/10 ===
2025-09-03 19:28:04,541 - Epoch 1/500 - Train Loss: 1.3922, Train Acc: 36.51% - Val loss: 1.1337, Val Acc: 39.29%
2025-09-03 19:28:07,642 - Epoch 201/500 - Train Loss: 0.0027, Train Acc: 100.00% - Val loss: 0.0082, Val Acc: 100.00%
2025-09-03 19:28:08,243 - Early stopping à l'epoch 240
2025-09-03 19:28:08,244 - Fold 3 - Accuracy finale: 100.00%
2025-09-03 19:28:08,244 - === Fold 4/10 ===
2025-09-03 19:28:08,267 - Epoch 1/500 - Train Loss: 1.4193, Train Acc: 39.68% - Val loss: 1.1383, Val Acc: 39.29%
2025-09-03 19:28:10,390 - Early stopping à l'epoch 141
2025-09-03 19:28:10,391 - Fold 4 - Accuracy finale: 92.86%
2025-09-03 19:28:10,391 - === Fold 5/10 ===
2025-09-03 19:28:10,410 - Epoch 1/500 - Train Loss: 1.4584, Train Acc: 33.33% - Val loss: 1.1746, Val Acc: 39.29%
2025-09-03 19:28:12,627 - Early stopping à l'epoch 148
2025-09-03 19:28:12,628 - Fold 5 - Accuracy finale: 85.71%
2025-09-03 19:28:12,629 - === Fold 6/10 ===
2025-09-03 19:28:12,647 - Epoch 1/500 - Train Loss: 1.3338, Train Acc: 38.10% - Val loss: 1.0981, Val Acc: 32.14%
2025-09-03 19:28:15,436 - Early stopping à l'epoch 186
2025-09-03 19:28:15,438 - Fold 6 - Accuracy finale: 92.86%
2025-09-03 19:28:15,438 - === Fold 7/10 ===
2025-09-03 19:28:15,455 - Epoch 1/500 - Train Loss: 1.3784, Train Acc: 40.08% - Val loss: 1.1257, Val Acc: 50.00%
2025-09-03 19:28:18,492 - Epoch 201/500 - Train Loss: 0.0006, Train Acc: 100.00% - Val loss: 0.1919, Val Acc: 92.86%
2025-09-03 19:28:18,601 - Early stopping à l'epoch 208
2025-09-03 19:28:18,602 - Fold 7 - Accuracy finale: 92.86%
2025-09-03 19:28:18,602 - === Fold 8/10 ===
2025-09-03 19:28:18,621 - Epoch 1/500 - Train Loss: 1.5297, Train Acc: 33.73% - Val loss: 1.2086, Val Acc: 35.71%
2025-09-03 19:28:21,387 - Early stopping à l'epoch 184
2025-09-03 19:28:21,388 - Fold 8 - Accuracy finale: 92.86%
2025-09-03 19:28:21,388 - === Fold 9/10 ===
2025-09-03 19:28:21,407 - Epoch 1/500 - Train Loss: 1.3957, Train Acc: 37.70% - Val loss: 1.0638, Val Acc: 60.71%
2025-09-03 19:28:24,479 - Epoch 201/500 - Train Loss: 0.0006, Train Acc: 100.00% - Val loss: 0.0784, Val Acc: 96.43%
2025-09-03 19:28:24,953 - Early stopping à l'epoch 232
2025-09-03 19:28:24,954 - Fold 9 - Accuracy finale: 96.43%
2025-09-03 19:28:24,955 - === Fold 10/10 ===
2025-09-03 19:28:24,973 - Epoch 1/500 - Train Loss: 1.4249, Train Acc: 37.30% - Val loss: 1.1053, Val Acc: 35.71%
2025-09-03 19:28:27,019 - Early stopping à l'epoch 136
2025-09-03 19:28:27,020 - Fold 10 - Accuracy finale: 85.71%
2025-09-03 19:28:27,020 - 
2025-09-03 19:28:27,020 - Résultats de la validation croisée
2025-09-03 19:28:27,020 - 
2025-09-03 19:28:27,021 - Accuracy moyenne: 92.86% ± 4.23%
2025-09-03 19:28:27,021 - Loss moyenne: 0.3687 ± 0.2354
2025-09-03 19:28:27,021 - Nombre d'epochs moyen: 169
2025-09-03 19:28:27,021 - Accuracy par fold: ['96.43%', '92.86%', '100.00%', '92.86%', '85.71%', '92.86%', '92.86%', '92.86%', '96.43%', '85.71%']

2025-09-03 19:28:27,021 - Variable candidate fBodyAcc-bandsEnergy()-1,8 testée
2025-09-03 19:28:27,021 - 
2025-09-03 19:28:27,021 - === Fold 1/10 ===
2025-09-03 19:28:27,044 - Epoch 1/500 - Train Loss: 1.3937, Train Acc: 39.68% - Val loss: 1.0846, Val Acc: 42.86%
2025-09-03 19:28:29,081 - Early stopping à l'epoch 133
2025-09-03 19:28:29,082 - Fold 1 - Accuracy finale: 96.43%
2025-09-03 19:28:29,082 - === Fold 2/10 ===
2025-09-03 19:28:29,100 - Epoch 1/500 - Train Loss: 1.2814, Train Acc: 38.89% - Val loss: 1.0824, Val Acc: 50.00%
2025-09-03 19:28:30,815 - Early stopping à l'epoch 115
2025-09-03 19:28:30,816 - Fold 2 - Accuracy finale: 89.29%
2025-09-03 19:28:30,816 - === Fold 3/10 ===
2025-09-03 19:28:30,835 - Epoch 1/500 - Train Loss: 1.3957, Train Acc: 34.92% - Val loss: 1.1472, Val Acc: 32.14%
2025-09-03 19:28:33,607 - Early stopping à l'epoch 183
2025-09-03 19:28:33,608 - Fold 3 - Accuracy finale: 89.29%
2025-09-03 19:28:33,608 - === Fold 4/10 ===
2025-09-03 19:28:33,629 - Epoch 1/500 - Train Loss: 1.4194, Train Acc: 37.70% - Val loss: 1.1489, Val Acc: 39.29%
2025-09-03 19:28:36,120 - Early stopping à l'epoch 161
2025-09-03 19:28:36,121 - Fold 4 - Accuracy finale: 96.43%
2025-09-03 19:28:36,121 - === Fold 5/10 ===
2025-09-03 19:28:36,141 - Epoch 1/500 - Train Loss: 1.4607, Train Acc: 31.35% - Val loss: 1.1783, Val Acc: 39.29%
2025-09-03 19:28:38,383 - Early stopping à l'epoch 145
2025-09-03 19:28:38,422 - Fold 5 - Accuracy finale: 92.86%
2025-09-03 19:28:38,422 - === Fold 6/10 ===
2025-09-03 19:28:38,442 - Epoch 1/500 - Train Loss: 1.3245, Train Acc: 40.08% - Val loss: 1.0945, Val Acc: 32.14%
2025-09-03 19:28:40,080 - Early stopping à l'epoch 108
2025-09-03 19:28:40,081 - Fold 6 - Accuracy finale: 89.29%
2025-09-03 19:28:40,081 - === Fold 7/10 ===
2025-09-03 19:28:40,101 - Epoch 1/500 - Train Loss: 1.3778, Train Acc: 40.87% - Val loss: 1.1332, Val Acc: 50.00%
2025-09-03 19:28:42,311 - Early stopping à l'epoch 146
2025-09-03 19:28:42,312 - Fold 7 - Accuracy finale: 96.43%
2025-09-03 19:28:42,313 - === Fold 8/10 ===
2025-09-03 19:28:42,333 - Epoch 1/500 - Train Loss: 1.5291, Train Acc: 33.73% - Val loss: 1.2089, Val Acc: 35.71%
2025-09-03 19:28:45,224 - Early stopping à l'epoch 190
2025-09-03 19:28:45,225 - Fold 8 - Accuracy finale: 96.43%
2025-09-03 19:28:45,225 - === Fold 9/10 ===
2025-09-03 19:28:45,245 - Epoch 1/500 - Train Loss: 1.4000, Train Acc: 37.30% - Val loss: 1.0747, Val Acc: 60.71%
2025-09-03 19:28:48,063 - Early stopping à l'epoch 186
2025-09-03 19:28:48,064 - Fold 9 - Accuracy finale: 89.29%
2025-09-03 19:28:48,064 - === Fold 10/10 ===
2025-09-03 19:28:48,082 - Epoch 1/500 - Train Loss: 1.4217, Train Acc: 35.71% - Val loss: 1.1092, Val Acc: 35.71%
2025-09-03 19:28:49,481 - Early stopping à l'epoch 93
2025-09-03 19:28:49,482 - Fold 10 - Accuracy finale: 89.29%
2025-09-03 19:28:49,533 - 
2025-09-03 19:28:49,533 - Résultats de la validation croisée
2025-09-03 19:28:49,533 - 
2025-09-03 19:28:49,533 - Accuracy moyenne: 92.50% ± 3.37%
2025-09-03 19:28:49,533 - Loss moyenne: 0.3093 ± 0.2103
2025-09-03 19:28:49,533 - Nombre d'epochs moyen: 146
2025-09-03 19:28:49,533 - Accuracy par fold: ['96.43%', '89.29%', '89.29%', '96.43%', '92.86%', '89.29%', '96.43%', '96.43%', '89.29%', '89.29%']

2025-09-03 19:28:49,533 - Variable candidate tBodyAcc-energy()-X testée
2025-09-03 19:28:49,533 - 
2025-09-03 19:28:49,534 - === Fold 1/10 ===
2025-09-03 19:28:49,552 - Epoch 1/500 - Train Loss: 1.3996, Train Acc: 40.08% - Val loss: 1.1035, Val Acc: 46.43%
2025-09-03 19:28:52,077 - Early stopping à l'epoch 167
2025-09-03 19:28:52,078 - Fold 1 - Accuracy finale: 96.43%
2025-09-03 19:28:52,079 - === Fold 2/10 ===
2025-09-03 19:28:52,097 - Epoch 1/500 - Train Loss: 1.2782, Train Acc: 39.29% - Val loss: 1.1170, Val Acc: 42.86%
2025-09-03 19:28:53,998 - Early stopping à l'epoch 126
2025-09-03 19:28:53,999 - Fold 2 - Accuracy finale: 92.86%
2025-09-03 19:28:53,999 - === Fold 3/10 ===
2025-09-03 19:28:54,017 - Epoch 1/500 - Train Loss: 1.3960, Train Acc: 35.32% - Val loss: 1.1437, Val Acc: 35.71%
2025-09-03 19:28:56,963 - Early stopping à l'epoch 196
2025-09-03 19:28:56,964 - Fold 3 - Accuracy finale: 96.43%
2025-09-03 19:28:56,964 - === Fold 4/10 ===
2025-09-03 19:28:56,983 - Epoch 1/500 - Train Loss: 1.4180, Train Acc: 38.10% - Val loss: 1.1480, Val Acc: 39.29%
2025-09-03 19:28:59,815 - Early stopping à l'epoch 188
2025-09-03 19:28:59,816 - Fold 4 - Accuracy finale: 100.00%
2025-09-03 19:28:59,817 - === Fold 5/10 ===
2025-09-03 19:28:59,836 - Epoch 1/500 - Train Loss: 1.4595, Train Acc: 32.94% - Val loss: 1.1774, Val Acc: 39.29%
2025-09-03 19:29:01,680 - Early stopping à l'epoch 122
2025-09-03 19:29:01,681 - Fold 5 - Accuracy finale: 92.86%
2025-09-03 19:29:01,681 - === Fold 6/10 ===
2025-09-03 19:29:01,700 - Epoch 1/500 - Train Loss: 1.3310, Train Acc: 38.10% - Val loss: 1.1016, Val Acc: 32.14%
2025-09-03 19:29:03,251 - Early stopping à l'epoch 103
2025-09-03 19:29:03,252 - Fold 6 - Accuracy finale: 89.29%
2025-09-03 19:29:03,252 - === Fold 7/10 ===
2025-09-03 19:29:03,271 - Epoch 1/500 - Train Loss: 1.3792, Train Acc: 40.87% - Val loss: 1.1363, Val Acc: 50.00%
2025-09-03 19:29:06,312 - Epoch 201/500 - Train Loss: 0.0193, Train Acc: 99.21% - Val loss: 0.2000, Val Acc: 92.86%
2025-09-03 19:29:07,041 - Early stopping à l'epoch 249
2025-09-03 19:29:07,042 - Fold 7 - Accuracy finale: 96.43%
2025-09-03 19:29:07,042 - === Fold 8/10 ===
2025-09-03 19:29:07,061 - Epoch 1/500 - Train Loss: 1.5313, Train Acc: 33.73% - Val loss: 1.2106, Val Acc: 35.71%
2025-09-03 19:29:10,087 - Epoch 201/500 - Train Loss: 0.0006, Train Acc: 100.00% - Val loss: 0.0018, Val Acc: 100.00%
2025-09-03 19:29:13,135 - Epoch 401/500 - Train Loss: 0.0002, Train Acc: 100.00% - Val loss: 0.0003, Val Acc: 100.00%
2025-09-03 19:29:14,665 - Epoch 500/500 - Train Loss: 0.0002, Train Acc: 100.00% - Val loss: 0.0036, Val Acc: 100.00%
2025-09-03 19:29:14,666 - Fold 8 - Accuracy finale: 100.00%
2025-09-03 19:29:14,666 - === Fold 9/10 ===
2025-09-03 19:29:14,685 - Epoch 1/500 - Train Loss: 1.3990, Train Acc: 37.70% - Val loss: 1.0729, Val Acc: 60.71%
2025-09-03 19:29:17,115 - Early stopping à l'epoch 158
2025-09-03 19:29:17,116 - Fold 9 - Accuracy finale: 92.86%
2025-09-03 19:29:17,116 - === Fold 10/10 ===
2025-09-03 19:29:17,135 - Epoch 1/500 - Train Loss: 1.4183, Train Acc: 34.92% - Val loss: 1.1098, Val Acc: 35.71%
2025-09-03 19:29:18,579 - Early stopping à l'epoch 95
2025-09-03 19:29:18,580 - Fold 10 - Accuracy finale: 89.29%
2025-09-03 19:29:18,580 - 
2025-09-03 19:29:18,581 - Résultats de la validation croisée
2025-09-03 19:29:18,581 - 
2025-09-03 19:29:18,581 - Accuracy moyenne: 94.64% ± 3.66%
2025-09-03 19:29:18,581 - Loss moyenne: 0.2504 ± 0.1934
2025-09-03 19:29:18,581 - Nombre d'epochs moyen: 190
2025-09-03 19:29:18,581 - Accuracy par fold: ['96.43%', '92.86%', '96.43%', '100.00%', '92.86%', '89.29%', '96.43%', '100.00%', '92.86%', '89.29%']

2025-09-03 19:29:18,581 - Variable candidate tBodyAcc-std()-X testée
2025-09-03 19:29:18,581 - 
2025-09-03 19:29:18,581 - === Fold 1/10 ===
2025-09-03 19:29:18,599 - Epoch 1/500 - Train Loss: 1.3955, Train Acc: 36.90% - Val loss: 1.1081, Val Acc: 46.43%
2025-09-03 19:29:21,309 - Early stopping à l'epoch 179
2025-09-03 19:29:21,310 - Fold 1 - Accuracy finale: 96.43%
2025-09-03 19:29:21,310 - === Fold 2/10 ===
2025-09-03 19:29:21,328 - Epoch 1/500 - Train Loss: 1.2910, Train Acc: 40.48% - Val loss: 1.2035, Val Acc: 32.14%
2025-09-03 19:29:23,093 - Early stopping à l'epoch 117
2025-09-03 19:29:23,094 - Fold 2 - Accuracy finale: 92.86%
2025-09-03 19:29:23,095 - === Fold 3/10 ===
2025-09-03 19:29:23,116 - Epoch 1/500 - Train Loss: 1.3916, Train Acc: 37.70% - Val loss: 1.1378, Val Acc: 32.14%
2025-09-03 19:29:26,124 - Epoch 201/500 - Train Loss: 0.0010, Train Acc: 100.00% - Val loss: 0.0442, Val Acc: 96.43%
2025-09-03 19:29:26,648 - Early stopping à l'epoch 234
2025-09-03 19:29:26,649 - Fold 3 - Accuracy finale: 92.86%
2025-09-03 19:29:26,649 - === Fold 4/10 ===
2025-09-03 19:29:26,668 - Epoch 1/500 - Train Loss: 1.4029, Train Acc: 38.49% - Val loss: 1.1326, Val Acc: 46.43%
2025-09-03 19:29:29,469 - Early stopping à l'epoch 184
2025-09-03 19:29:29,470 - Fold 4 - Accuracy finale: 92.86%
2025-09-03 19:29:29,470 - === Fold 5/10 ===
2025-09-03 19:29:29,489 - Epoch 1/500 - Train Loss: 1.4457, Train Acc: 34.13% - Val loss: 1.1715, Val Acc: 35.71%
2025-09-03 19:29:31,706 - Early stopping à l'epoch 145
2025-09-03 19:29:31,707 - Fold 5 - Accuracy finale: 96.43%
2025-09-03 19:29:31,707 - === Fold 6/10 ===
2025-09-03 19:29:31,725 - Epoch 1/500 - Train Loss: 1.3272, Train Acc: 38.49% - Val loss: 1.1079, Val Acc: 32.14%
2025-09-03 19:29:34,758 - Epoch 201/500 - Train Loss: 0.0014, Train Acc: 100.00% - Val loss: 0.2758, Val Acc: 92.86%
2025-09-03 19:29:34,851 - Early stopping à l'epoch 207
2025-09-03 19:29:34,852 - Fold 6 - Accuracy finale: 92.86%
2025-09-03 19:29:34,852 - === Fold 7/10 ===
2025-09-03 19:29:34,872 - Epoch 1/500 - Train Loss: 1.3786, Train Acc: 40.48% - Val loss: 1.1192, Val Acc: 50.00%
2025-09-03 19:29:37,057 - Early stopping à l'epoch 145
2025-09-03 19:29:37,058 - Fold 7 - Accuracy finale: 92.86%
2025-09-03 19:29:37,058 - === Fold 8/10 ===
2025-09-03 19:29:37,076 - Epoch 1/500 - Train Loss: 1.5296, Train Acc: 32.54% - Val loss: 1.2145, Val Acc: 35.71%
2025-09-03 19:29:40,127 - Epoch 201/500 - Train Loss: 0.0005, Train Acc: 100.00% - Val loss: 0.1784, Val Acc: 96.43%
2025-09-03 19:29:40,328 - Early stopping à l'epoch 214
2025-09-03 19:29:40,329 - Fold 8 - Accuracy finale: 96.43%
2025-09-03 19:29:40,379 - === Fold 9/10 ===
2025-09-03 19:29:40,399 - Epoch 1/500 - Train Loss: 1.3933, Train Acc: 37.70% - Val loss: 1.0605, Val Acc: 57.14%
2025-09-03 19:29:43,463 - Epoch 201/500 - Train Loss: 0.0008, Train Acc: 100.00% - Val loss: 0.3411, Val Acc: 92.86%
2025-09-03 19:29:43,526 - Early stopping à l'epoch 205
2025-09-03 19:29:43,527 - Fold 9 - Accuracy finale: 92.86%
2025-09-03 19:29:43,527 - === Fold 10/10 ===
2025-09-03 19:29:43,546 - Epoch 1/500 - Train Loss: 1.4103, Train Acc: 35.71% - Val loss: 1.1147, Val Acc: 35.71%
2025-09-03 19:29:44,962 - Early stopping à l'epoch 93
2025-09-03 19:29:44,963 - Fold 10 - Accuracy finale: 92.86%
2025-09-03 19:29:44,963 - 
2025-09-03 19:29:44,963 - Résultats de la validation croisée
2025-09-03 19:29:44,963 - 
2025-09-03 19:29:44,963 - Accuracy moyenne: 93.93% ± 1.64%
2025-09-03 19:29:44,963 - Loss moyenne: 0.2691 ± 0.1851
2025-09-03 19:29:44,963 - Nombre d'epochs moyen: 172
2025-09-03 19:29:44,963 - Accuracy par fold: ['96.43%', '92.86%', '92.86%', '92.86%', '96.43%', '92.86%', '92.86%', '96.43%', '92.86%', '92.86%']

2025-09-03 19:29:44,964 - Ajout de la variable fBodyAcc-bandsEnergy()-1,16, mean accuracy - std accuracy: 93.0703

2025-09-03 19:29:44,968 - Variables actuellement selectionnées : ['tBodyGyro-mean()-X', 'angle(tBodyGyroMean,gravityMean)', 'fBodyAccMag-mad()', 'tBodyAcc-mad()-X', 'fBodyAcc-bandsEnergy()-9,16', 'fBodyAccJerk-bandsEnergy()-1,16', 'fBodyAcc-bandsEnergy()-1,16']

2025-09-03 19:29:44,968 - Variable candidate fBodyAccMag-std() testée
2025-09-03 19:29:44,968 - 
2025-09-03 19:29:44,969 - === Fold 1/10 ===
2025-09-03 19:29:44,990 - Epoch 1/500 - Train Loss: 1.3819, Train Acc: 38.10% - Val loss: 1.0299, Val Acc: 50.00%
2025-09-03 19:29:46,722 - Early stopping à l'epoch 113
2025-09-03 19:29:46,723 - Fold 1 - Accuracy finale: 89.29%
2025-09-03 19:29:46,723 - === Fold 2/10 ===
2025-09-03 19:29:46,742 - Epoch 1/500 - Train Loss: 1.2831, Train Acc: 43.25% - Val loss: 1.0542, Val Acc: 46.43%
2025-09-03 19:29:48,458 - Early stopping à l'epoch 113
2025-09-03 19:29:48,460 - Fold 2 - Accuracy finale: 96.43%
2025-09-03 19:29:48,460 - === Fold 3/10 ===
2025-09-03 19:29:48,478 - Epoch 1/500 - Train Loss: 1.3198, Train Acc: 39.68% - Val loss: 1.0386, Val Acc: 50.00%
2025-09-03 19:29:50,453 - Early stopping à l'epoch 130
2025-09-03 19:29:50,455 - Fold 3 - Accuracy finale: 92.86%
2025-09-03 19:29:50,455 - === Fold 4/10 ===
2025-09-03 19:29:50,473 - Epoch 1/500 - Train Loss: 1.2973, Train Acc: 42.86% - Val loss: 0.9299, Val Acc: 60.71%
2025-09-03 19:29:53,147 - Early stopping à l'epoch 177
2025-09-03 19:29:53,148 - Fold 4 - Accuracy finale: 96.43%
2025-09-03 19:29:53,148 - === Fold 5/10 ===
2025-09-03 19:29:53,167 - Epoch 1/500 - Train Loss: 1.2973, Train Acc: 39.68% - Val loss: 1.1991, Val Acc: 42.86%
2025-09-03 19:29:56,195 - Epoch 201/500 - Train Loss: 0.0054, Train Acc: 100.00% - Val loss: 0.4103, Val Acc: 92.86%
2025-09-03 19:29:56,473 - Early stopping à l'epoch 219
2025-09-03 19:29:56,474 - Fold 5 - Accuracy finale: 92.86%
2025-09-03 19:29:56,474 - === Fold 6/10 ===
2025-09-03 19:29:56,493 - Epoch 1/500 - Train Loss: 1.3557, Train Acc: 36.90% - Val loss: 1.0498, Val Acc: 53.57%
2025-09-03 19:29:57,906 - Early stopping à l'epoch 94
2025-09-03 19:29:57,907 - Fold 6 - Accuracy finale: 82.14%
2025-09-03 19:29:57,907 - === Fold 7/10 ===
2025-09-03 19:29:57,929 - Epoch 1/500 - Train Loss: 1.3498, Train Acc: 33.33% - Val loss: 1.1596, Val Acc: 35.71%
2025-09-03 19:30:00,192 - Early stopping à l'epoch 150
2025-09-03 19:30:00,193 - Fold 7 - Accuracy finale: 96.43%
2025-09-03 19:30:00,193 - === Fold 8/10 ===
2025-09-03 19:30:00,212 - Epoch 1/500 - Train Loss: 1.3734, Train Acc: 34.13% - Val loss: 1.1090, Val Acc: 42.86%
2025-09-03 19:30:03,231 - Epoch 201/500 - Train Loss: 0.0008, Train Acc: 100.00% - Val loss: 0.0145, Val Acc: 100.00%
2025-09-03 19:30:06,248 - Epoch 401/500 - Train Loss: 0.0001, Train Acc: 100.00% - Val loss: 0.0002, Val Acc: 100.00%
2025-09-03 19:30:07,736 - Epoch 500/500 - Train Loss: 0.0001, Train Acc: 100.00% - Val loss: 0.0001, Val Acc: 100.00%
2025-09-03 19:30:07,737 - Fold 8 - Accuracy finale: 100.00%
2025-09-03 19:30:07,737 - === Fold 9/10 ===
2025-09-03 19:30:07,755 - Epoch 1/500 - Train Loss: 1.3918, Train Acc: 35.71% - Val loss: 1.1075, Val Acc: 46.43%
2025-09-03 19:30:10,176 - Early stopping à l'epoch 162
2025-09-03 19:30:10,177 - Fold 9 - Accuracy finale: 89.29%
2025-09-03 19:30:10,177 - === Fold 10/10 ===
2025-09-03 19:30:10,196 - Epoch 1/500 - Train Loss: 1.4475, Train Acc: 36.90% - Val loss: 1.2144, Val Acc: 42.86%
2025-09-03 19:30:12,468 - Early stopping à l'epoch 148
2025-09-03 19:30:12,469 - Fold 10 - Accuracy finale: 89.29%
2025-09-03 19:30:12,470 - 
2025-09-03 19:30:12,470 - Résultats de la validation croisée
2025-09-03 19:30:12,470 - 
2025-09-03 19:30:12,470 - Accuracy moyenne: 92.50% ± 4.91%
2025-09-03 19:30:12,470 - Loss moyenne: 0.3811 ± 0.2820
2025-09-03 19:30:12,470 - Nombre d'epochs moyen: 180
2025-09-03 19:30:12,470 - Accuracy par fold: ['89.29%', '96.43%', '92.86%', '96.43%', '92.86%', '82.14%', '96.43%', '100.00%', '89.29%', '89.29%']

2025-09-03 19:30:12,470 - Variable candidate fBodyAcc-bandsEnergy()-49,56 testée
2025-09-03 19:30:12,470 - 
2025-09-03 19:30:12,471 - === Fold 1/10 ===
2025-09-03 19:30:12,489 - Epoch 1/500 - Train Loss: 1.3900, Train Acc: 36.90% - Val loss: 1.0629, Val Acc: 42.86%
2025-09-03 19:30:14,657 - Early stopping à l'epoch 141
2025-09-03 19:30:14,658 - Fold 1 - Accuracy finale: 92.86%
2025-09-03 19:30:14,658 - === Fold 2/10 ===
2025-09-03 19:30:14,677 - Epoch 1/500 - Train Loss: 1.2879, Train Acc: 42.46% - Val loss: 1.0585, Val Acc: 39.29%
2025-09-03 19:30:16,361 - Early stopping à l'epoch 113
2025-09-03 19:30:16,362 - Fold 2 - Accuracy finale: 92.86%
2025-09-03 19:30:16,362 - === Fold 3/10 ===
2025-09-03 19:30:16,382 - Epoch 1/500 - Train Loss: 1.3251, Train Acc: 39.29% - Val loss: 1.0598, Val Acc: 46.43%
2025-09-03 19:30:18,877 - Early stopping à l'epoch 161
2025-09-03 19:30:18,878 - Fold 3 - Accuracy finale: 89.29%
2025-09-03 19:30:18,878 - === Fold 4/10 ===
2025-09-03 19:30:18,898 - Epoch 1/500 - Train Loss: 1.3094, Train Acc: 39.29% - Val loss: 0.9419, Val Acc: 60.71%
2025-09-03 19:30:20,885 - Early stopping à l'epoch 130
2025-09-03 19:30:20,886 - Fold 4 - Accuracy finale: 92.86%
2025-09-03 19:30:20,886 - === Fold 5/10 ===
2025-09-03 19:30:20,905 - Epoch 1/500 - Train Loss: 1.3013, Train Acc: 39.68% - Val loss: 1.2021, Val Acc: 35.71%
2025-09-03 19:30:22,663 - Early stopping à l'epoch 117
2025-09-03 19:30:22,664 - Fold 5 - Accuracy finale: 92.86%
2025-09-03 19:30:22,664 - === Fold 6/10 ===
2025-09-03 19:30:22,682 - Epoch 1/500 - Train Loss: 1.3589, Train Acc: 37.70% - Val loss: 1.0652, Val Acc: 53.57%
2025-09-03 19:30:24,530 - Early stopping à l'epoch 123
2025-09-03 19:30:24,531 - Fold 6 - Accuracy finale: 85.71%
2025-09-03 19:30:24,531 - === Fold 7/10 ===
2025-09-03 19:30:24,550 - Epoch 1/500 - Train Loss: 1.3508, Train Acc: 33.73% - Val loss: 1.1855, Val Acc: 35.71%
2025-09-03 19:30:26,966 - Early stopping à l'epoch 159
2025-09-03 19:30:26,978 - Fold 7 - Accuracy finale: 92.86%
2025-09-03 19:30:26,978 - === Fold 8/10 ===
2025-09-03 19:30:26,997 - Epoch 1/500 - Train Loss: 1.3752, Train Acc: 33.73% - Val loss: 1.1192, Val Acc: 42.86%
2025-09-03 19:30:30,047 - Epoch 201/500 - Train Loss: 0.0023, Train Acc: 100.00% - Val loss: 0.1312, Val Acc: 92.86%
2025-09-03 19:30:30,369 - Early stopping à l'epoch 222
2025-09-03 19:30:30,370 - Fold 8 - Accuracy finale: 92.86%
2025-09-03 19:30:30,370 - === Fold 9/10 ===
2025-09-03 19:30:30,388 - Epoch 1/500 - Train Loss: 1.3890, Train Acc: 34.92% - Val loss: 1.1167, Val Acc: 39.29%
2025-09-03 19:30:33,408 - Epoch 201/500 - Train Loss: 0.0304, Train Acc: 98.41% - Val loss: 0.6241, Val Acc: 92.86%
2025-09-03 19:30:34,466 - Early stopping à l'epoch 271
2025-09-03 19:30:34,467 - Fold 9 - Accuracy finale: 96.43%
2025-09-03 19:30:34,467 - === Fold 10/10 ===
2025-09-03 19:30:34,486 - Epoch 1/500 - Train Loss: 1.4530, Train Acc: 36.11% - Val loss: 1.2282, Val Acc: 46.43%
2025-09-03 19:30:36,393 - Early stopping à l'epoch 126
2025-09-03 19:30:36,395 - Fold 10 - Accuracy finale: 89.29%
2025-09-03 19:30:36,395 - 
2025-09-03 19:30:36,395 - Résultats de la validation croisée
2025-09-03 19:30:36,395 - 
2025-09-03 19:30:36,395 - Accuracy moyenne: 91.79% ± 2.79%
2025-09-03 19:30:36,395 - Loss moyenne: 0.4009 ± 0.2258
2025-09-03 19:30:36,395 - Nombre d'epochs moyen: 156
2025-09-03 19:30:36,395 - Accuracy par fold: ['92.86%', '92.86%', '89.29%', '92.86%', '92.86%', '85.71%', '92.86%', '92.86%', '96.43%', '89.29%']

2025-09-03 19:30:36,395 - Variable candidate tGravityAcc-entropy()-Y testée
2025-09-03 19:30:36,395 - 
2025-09-03 19:30:36,395 - === Fold 1/10 ===
2025-09-03 19:30:36,415 - Epoch 1/500 - Train Loss: 1.3935, Train Acc: 35.71% - Val loss: 1.2210, Val Acc: 42.86%
2025-09-03 19:30:38,519 - Early stopping à l'epoch 138
2025-09-03 19:30:38,520 - Fold 1 - Accuracy finale: 89.29%
2025-09-03 19:30:38,520 - === Fold 2/10 ===
2025-09-03 19:30:38,540 - Epoch 1/500 - Train Loss: 1.2419, Train Acc: 42.46% - Val loss: 0.9005, Val Acc: 67.86%
2025-09-03 19:30:40,806 - Early stopping à l'epoch 150
2025-09-03 19:30:40,807 - Fold 2 - Accuracy finale: 85.71%
2025-09-03 19:30:40,808 - === Fold 3/10 ===
2025-09-03 19:30:40,826 - Epoch 1/500 - Train Loss: 1.2907, Train Acc: 42.06% - Val loss: 1.0239, Val Acc: 53.57%
2025-09-03 19:30:42,482 - Early stopping à l'epoch 110
2025-09-03 19:30:42,483 - Fold 3 - Accuracy finale: 85.71%
2025-09-03 19:30:42,483 - === Fold 4/10 ===
2025-09-03 19:30:42,502 - Epoch 1/500 - Train Loss: 1.2466, Train Acc: 47.62% - Val loss: 0.8888, Val Acc: 71.43%
2025-09-03 19:30:45,406 - Early stopping à l'epoch 193
2025-09-03 19:30:45,407 - Fold 4 - Accuracy finale: 100.00%
2025-09-03 19:30:45,407 - === Fold 5/10 ===
2025-09-03 19:30:45,426 - Epoch 1/500 - Train Loss: 1.2792, Train Acc: 40.48% - Val loss: 1.2037, Val Acc: 50.00%
2025-09-03 19:30:48,482 - Epoch 201/500 - Train Loss: 0.0014, Train Acc: 100.00% - Val loss: 0.1542, Val Acc: 96.43%
2025-09-03 19:30:49,361 - Early stopping à l'epoch 257
2025-09-03 19:30:49,362 - Fold 5 - Accuracy finale: 96.43%
2025-09-03 19:30:49,362 - === Fold 6/10 ===
2025-09-03 19:30:49,381 - Epoch 1/500 - Train Loss: 1.3267, Train Acc: 38.49% - Val loss: 1.0087, Val Acc: 64.29%
2025-09-03 19:30:50,948 - Early stopping à l'epoch 104
2025-09-03 19:30:50,950 - Fold 6 - Accuracy finale: 85.71%
2025-09-03 19:30:50,950 - === Fold 7/10 ===
2025-09-03 19:30:50,968 - Epoch 1/500 - Train Loss: 1.3173, Train Acc: 38.49% - Val loss: 1.0819, Val Acc: 35.71%
2025-09-03 19:30:53,818 - Early stopping à l'epoch 186
2025-09-03 19:30:53,820 - Fold 7 - Accuracy finale: 96.43%
2025-09-03 19:30:53,820 - === Fold 8/10 ===
2025-09-03 19:30:53,838 - Epoch 1/500 - Train Loss: 1.3320, Train Acc: 40.08% - Val loss: 1.0807, Val Acc: 53.57%
2025-09-03 19:30:55,623 - Early stopping à l'epoch 118
2025-09-03 19:30:55,624 - Fold 8 - Accuracy finale: 92.86%
2025-09-03 19:30:55,624 - === Fold 9/10 ===
2025-09-03 19:30:55,643 - Epoch 1/500 - Train Loss: 1.3447, Train Acc: 38.10% - Val loss: 1.0462, Val Acc: 64.29%
2025-09-03 19:30:57,082 - Early stopping à l'epoch 96
2025-09-03 19:30:57,083 - Fold 9 - Accuracy finale: 92.86%
2025-09-03 19:30:57,083 - === Fold 10/10 ===
2025-09-03 19:30:57,103 - Epoch 1/500 - Train Loss: 1.4464, Train Acc: 38.49% - Val loss: 1.2291, Val Acc: 50.00%
2025-09-03 19:31:00,130 - Epoch 201/500 - Train Loss: 0.0068, Train Acc: 99.60% - Val loss: 0.1361, Val Acc: 92.86%
2025-09-03 19:31:00,614 - Early stopping à l'epoch 233
2025-09-03 19:31:00,615 - Fold 10 - Accuracy finale: 96.43%
2025-09-03 19:31:00,616 - 
2025-09-03 19:31:00,616 - Résultats de la validation croisée
2025-09-03 19:31:00,616 - 
2025-09-03 19:31:00,616 - Accuracy moyenne: 92.14% ± 5.00%
2025-09-03 19:31:00,616 - Loss moyenne: 0.3801 ± 0.2834
2025-09-03 19:31:00,616 - Nombre d'epochs moyen: 158
2025-09-03 19:31:00,616 - Accuracy par fold: ['89.29%', '85.71%', '85.71%', '100.00%', '96.43%', '85.71%', '96.43%', '92.86%', '92.86%', '96.43%']

2025-09-03 19:31:00,616 - Variable candidate fBodyAcc-bandsEnergy()-41,48 testée
2025-09-03 19:31:00,616 - 
2025-09-03 19:31:00,616 - === Fold 1/10 ===
2025-09-03 19:31:00,635 - Epoch 1/500 - Train Loss: 1.3942, Train Acc: 36.51% - Val loss: 1.0701, Val Acc: 42.86%
2025-09-03 19:31:02,883 - Early stopping à l'epoch 149
2025-09-03 19:31:02,884 - Fold 1 - Accuracy finale: 96.43%
2025-09-03 19:31:02,884 - === Fold 2/10 ===
2025-09-03 19:31:02,903 - Epoch 1/500 - Train Loss: 1.2895, Train Acc: 42.06% - Val loss: 1.0568, Val Acc: 35.71%
2025-09-03 19:31:04,680 - Early stopping à l'epoch 118
2025-09-03 19:31:04,681 - Fold 2 - Accuracy finale: 92.86%
2025-09-03 19:31:04,681 - === Fold 3/10 ===
2025-09-03 19:31:04,699 - Epoch 1/500 - Train Loss: 1.3214, Train Acc: 39.68% - Val loss: 1.0520, Val Acc: 50.00%
2025-09-03 19:31:07,746 - Epoch 201/500 - Train Loss: 0.0016, Train Acc: 100.00% - Val loss: 0.2563, Val Acc: 96.43%
2025-09-03 19:31:09,253 - Early stopping à l'epoch 300
2025-09-03 19:31:09,254 - Fold 3 - Accuracy finale: 92.86%
2025-09-03 19:31:09,254 - === Fold 4/10 ===
2025-09-03 19:31:09,273 - Epoch 1/500 - Train Loss: 1.3018, Train Acc: 39.68% - Val loss: 0.9335, Val Acc: 60.71%
2025-09-03 19:31:12,323 - Epoch 201/500 - Train Loss: 0.0008, Train Acc: 100.00% - Val loss: 0.0114, Val Acc: 100.00%
2025-09-03 19:31:14,313 - Early stopping à l'epoch 331
2025-09-03 19:31:14,314 - Fold 4 - Accuracy finale: 96.43%
2025-09-03 19:31:14,314 - === Fold 5/10 ===
2025-09-03 19:31:14,334 - Epoch 1/500 - Train Loss: 1.3035, Train Acc: 39.29% - Val loss: 1.2019, Val Acc: 35.71%
2025-09-03 19:31:16,348 - Early stopping à l'epoch 132
2025-09-03 19:31:16,349 - Fold 5 - Accuracy finale: 92.86%
2025-09-03 19:31:16,349 - === Fold 6/10 ===
2025-09-03 19:31:16,369 - Epoch 1/500 - Train Loss: 1.3584, Train Acc: 37.30% - Val loss: 1.0639, Val Acc: 53.57%
2025-09-03 19:31:17,931 - Early stopping à l'epoch 104
2025-09-03 19:31:17,933 - Fold 6 - Accuracy finale: 85.71%
2025-09-03 19:31:17,933 - === Fold 7/10 ===
2025-09-03 19:31:17,953 - Epoch 1/500 - Train Loss: 1.3518, Train Acc: 33.73% - Val loss: 1.1876, Val Acc: 35.71%
2025-09-03 19:31:20,992 - Epoch 201/500 - Train Loss: 0.0020, Train Acc: 100.00% - Val loss: 0.1021, Val Acc: 96.43%
2025-09-03 19:31:21,751 - Early stopping à l'epoch 251
2025-09-03 19:31:21,752 - Fold 7 - Accuracy finale: 96.43%
2025-09-03 19:31:21,752 - === Fold 8/10 ===
2025-09-03 19:31:21,770 - Epoch 1/500 - Train Loss: 1.3761, Train Acc: 33.73% - Val loss: 1.1206, Val Acc: 42.86%
2025-09-03 19:31:23,955 - Early stopping à l'epoch 145
2025-09-03 19:31:23,957 - Fold 8 - Accuracy finale: 100.00%
2025-09-03 19:31:23,957 - === Fold 9/10 ===
2025-09-03 19:31:23,976 - Epoch 1/500 - Train Loss: 1.3895, Train Acc: 34.92% - Val loss: 1.1130, Val Acc: 39.29%
2025-09-03 19:31:27,009 - Epoch 201/500 - Train Loss: 0.0016, Train Acc: 100.00% - Val loss: 0.2245, Val Acc: 92.86%
2025-09-03 19:31:27,487 - Early stopping à l'epoch 232
2025-09-03 19:31:27,488 - Fold 9 - Accuracy finale: 92.86%
2025-09-03 19:31:27,488 - === Fold 10/10 ===
2025-09-03 19:31:27,506 - Epoch 1/500 - Train Loss: 1.4518, Train Acc: 36.11% - Val loss: 1.2296, Val Acc: 46.43%
2025-09-03 19:31:29,595 - Early stopping à l'epoch 139
2025-09-03 19:31:29,596 - Fold 10 - Accuracy finale: 92.86%
2025-09-03 19:31:29,596 - 
2025-09-03 19:31:29,596 - Résultats de la validation croisée
2025-09-03 19:31:29,596 - 
2025-09-03 19:31:29,596 - Accuracy moyenne: 93.93% ± 3.59%
2025-09-03 19:31:29,596 - Loss moyenne: 0.2787 ± 0.2046
2025-09-03 19:31:29,596 - Nombre d'epochs moyen: 190
2025-09-03 19:31:29,596 - Accuracy par fold: ['96.43%', '92.86%', '92.86%', '96.43%', '92.86%', '85.71%', '96.43%', '100.00%', '92.86%', '92.86%']

2025-09-03 19:31:29,596 - Variable candidate fBodyAcc-bandsEnergy()-33,48 testée
2025-09-03 19:31:29,596 - 
2025-09-03 19:31:29,597 - === Fold 1/10 ===
2025-09-03 19:31:29,615 - Epoch 1/500 - Train Loss: 1.3923, Train Acc: 36.51% - Val loss: 1.0639, Val Acc: 42.86%
2025-09-03 19:31:32,500 - Early stopping à l'epoch 189
2025-09-03 19:31:32,501 - Fold 1 - Accuracy finale: 96.43%
2025-09-03 19:31:32,501 - === Fold 2/10 ===
2025-09-03 19:31:32,520 - Epoch 1/500 - Train Loss: 1.2898, Train Acc: 42.86% - Val loss: 1.0606, Val Acc: 39.29%
2025-09-03 19:31:34,185 - Early stopping à l'epoch 108
2025-09-03 19:31:34,186 - Fold 2 - Accuracy finale: 92.86%
2025-09-03 19:31:34,186 - === Fold 3/10 ===
2025-09-03 19:31:34,206 - Epoch 1/500 - Train Loss: 1.3258, Train Acc: 39.68% - Val loss: 1.0561, Val Acc: 46.43%
2025-09-03 19:31:36,265 - Early stopping à l'epoch 136
2025-09-03 19:31:36,266 - Fold 3 - Accuracy finale: 89.29%
2025-09-03 19:31:36,266 - === Fold 4/10 ===
2025-09-03 19:31:36,285 - Epoch 1/500 - Train Loss: 1.3055, Train Acc: 38.49% - Val loss: 0.9383, Val Acc: 60.71%
2025-09-03 19:31:39,289 - Early stopping à l'epoch 198
2025-09-03 19:31:39,290 - Fold 4 - Accuracy finale: 89.29%
2025-09-03 19:31:39,291 - === Fold 5/10 ===
2025-09-03 19:31:39,309 - Epoch 1/500 - Train Loss: 1.3066, Train Acc: 39.29% - Val loss: 1.2034, Val Acc: 35.71%
2025-09-03 19:31:41,480 - Early stopping à l'epoch 140
2025-09-03 19:31:41,481 - Fold 5 - Accuracy finale: 89.29%
2025-09-03 19:31:41,482 - === Fold 6/10 ===
2025-09-03 19:31:41,500 - Epoch 1/500 - Train Loss: 1.3594, Train Acc: 37.30% - Val loss: 1.0642, Val Acc: 53.57%
2025-09-03 19:31:43,556 - Early stopping à l'epoch 136
2025-09-03 19:31:43,557 - Fold 6 - Accuracy finale: 89.29%
2025-09-03 19:31:43,557 - === Fold 7/10 ===
2025-09-03 19:31:43,576 - Epoch 1/500 - Train Loss: 1.3543, Train Acc: 33.73% - Val loss: 1.1863, Val Acc: 35.71%
2025-09-03 19:31:45,968 - Early stopping à l'epoch 158
2025-09-03 19:31:45,970 - Fold 7 - Accuracy finale: 92.86%
2025-09-03 19:31:45,970 - === Fold 8/10 ===
2025-09-03 19:31:45,988 - Epoch 1/500 - Train Loss: 1.3790, Train Acc: 34.13% - Val loss: 1.1199, Val Acc: 46.43%
2025-09-03 19:31:48,962 - Early stopping à l'epoch 195
2025-09-03 19:31:48,963 - Fold 8 - Accuracy finale: 96.43%
2025-09-03 19:31:48,963 - === Fold 9/10 ===
2025-09-03 19:31:48,982 - Epoch 1/500 - Train Loss: 1.3905, Train Acc: 34.52% - Val loss: 1.1152, Val Acc: 39.29%
2025-09-03 19:31:52,029 - Epoch 201/500 - Train Loss: 0.0018, Train Acc: 100.00% - Val loss: 0.3124, Val Acc: 89.29%
2025-09-03 19:31:52,274 - Early stopping à l'epoch 217
2025-09-03 19:31:52,275 - Fold 9 - Accuracy finale: 89.29%
2025-09-03 19:31:52,275 - === Fold 10/10 ===
2025-09-03 19:31:52,294 - Epoch 1/500 - Train Loss: 1.4531, Train Acc: 36.51% - Val loss: 1.2284, Val Acc: 42.86%
2025-09-03 19:31:54,025 - Early stopping à l'epoch 115
2025-09-03 19:31:54,026 - Fold 10 - Accuracy finale: 85.71%
2025-09-03 19:31:54,026 - 
2025-09-03 19:31:54,026 - Résultats de la validation croisée
2025-09-03 19:31:54,026 - 
2025-09-03 19:31:54,026 - Accuracy moyenne: 91.07% ± 3.29%
2025-09-03 19:31:54,026 - Loss moyenne: 0.4496 ± 0.1943
2025-09-03 19:31:54,026 - Nombre d'epochs moyen: 159
2025-09-03 19:31:54,026 - Accuracy par fold: ['96.43%', '92.86%', '89.29%', '89.29%', '89.29%', '89.29%', '92.86%', '96.43%', '89.29%', '85.71%']

2025-09-03 19:31:54,026 - Variable candidate fBodyAcc-mad()-X testée
2025-09-03 19:31:54,026 - 
2025-09-03 19:31:54,027 - === Fold 1/10 ===
2025-09-03 19:31:54,045 - Epoch 1/500 - Train Loss: 1.3837, Train Acc: 37.70% - Val loss: 1.0350, Val Acc: 50.00%
2025-09-03 19:31:57,073 - Epoch 201/500 - Train Loss: 0.0055, Train Acc: 100.00% - Val loss: 0.3682, Val Acc: 92.86%
2025-09-03 19:31:57,278 - Early stopping à l'epoch 213
2025-09-03 19:31:57,279 - Fold 1 - Accuracy finale: 96.43%
2025-09-03 19:31:57,279 - === Fold 2/10 ===
2025-09-03 19:31:57,298 - Epoch 1/500 - Train Loss: 1.2874, Train Acc: 43.25% - Val loss: 1.0548, Val Acc: 42.86%
2025-09-03 19:31:59,004 - Early stopping à l'epoch 114
2025-09-03 19:31:59,006 - Fold 2 - Accuracy finale: 89.29%
2025-09-03 19:31:59,006 - === Fold 3/10 ===
2025-09-03 19:31:59,024 - Epoch 1/500 - Train Loss: 1.3277, Train Acc: 38.49% - Val loss: 1.0514, Val Acc: 60.71%
2025-09-03 19:32:01,525 - Early stopping à l'epoch 167
2025-09-03 19:32:01,526 - Fold 3 - Accuracy finale: 96.43%
2025-09-03 19:32:01,526 - === Fold 4/10 ===
2025-09-03 19:32:01,545 - Epoch 1/500 - Train Loss: 1.3127, Train Acc: 39.29% - Val loss: 0.9355, Val Acc: 60.71%
2025-09-03 19:32:04,590 - Epoch 201/500 - Train Loss: 0.0008, Train Acc: 100.00% - Val loss: 0.1729, Val Acc: 89.29%
2025-09-03 19:32:05,542 - Early stopping à l'epoch 264
2025-09-03 19:32:05,543 - Fold 4 - Accuracy finale: 92.86%
2025-09-03 19:32:05,543 - === Fold 5/10 ===
2025-09-03 19:32:05,561 - Epoch 1/500 - Train Loss: 1.3030, Train Acc: 39.68% - Val loss: 1.2073, Val Acc: 35.71%
2025-09-03 19:32:08,576 - Epoch 201/500 - Train Loss: 0.0016, Train Acc: 100.00% - Val loss: 0.1067, Val Acc: 92.86%
2025-09-03 19:32:08,624 - Early stopping à l'epoch 204
2025-09-03 19:32:08,625 - Fold 5 - Accuracy finale: 92.86%
2025-09-03 19:32:08,625 - === Fold 6/10 ===
2025-09-03 19:32:08,644 - Epoch 1/500 - Train Loss: 1.3598, Train Acc: 37.30% - Val loss: 1.0511, Val Acc: 53.57%
2025-09-03 19:32:10,115 - Early stopping à l'epoch 98
2025-09-03 19:32:10,116 - Fold 6 - Accuracy finale: 78.57%
2025-09-03 19:32:10,116 - === Fold 7/10 ===
2025-09-03 19:32:10,135 - Epoch 1/500 - Train Loss: 1.3560, Train Acc: 34.52% - Val loss: 1.1589, Val Acc: 35.71%
2025-09-03 19:32:12,383 - Early stopping à l'epoch 150
2025-09-03 19:32:12,384 - Fold 7 - Accuracy finale: 92.86%
2025-09-03 19:32:12,385 - === Fold 8/10 ===
2025-09-03 19:32:12,403 - Epoch 1/500 - Train Loss: 1.3793, Train Acc: 33.73% - Val loss: 1.1202, Val Acc: 42.86%
2025-09-03 19:32:15,411 - Epoch 201/500 - Train Loss: 0.0015, Train Acc: 100.00% - Val loss: 0.0365, Val Acc: 100.00%
2025-09-03 19:32:15,832 - Early stopping à l'epoch 229
2025-09-03 19:32:15,834 - Fold 8 - Accuracy finale: 100.00%
2025-09-03 19:32:15,834 - === Fold 9/10 ===
2025-09-03 19:32:15,852 - Epoch 1/500 - Train Loss: 1.3934, Train Acc: 34.92% - Val loss: 1.1039, Val Acc: 50.00%
2025-09-03 19:32:18,882 - Epoch 201/500 - Train Loss: 0.0017, Train Acc: 100.00% - Val loss: 0.1868, Val Acc: 96.43%
2025-09-03 19:32:19,072 - Early stopping à l'epoch 212
2025-09-03 19:32:19,074 - Fold 9 - Accuracy finale: 92.86%
2025-09-03 19:32:19,074 - === Fold 10/10 ===
2025-09-03 19:32:19,094 - Epoch 1/500 - Train Loss: 1.4484, Train Acc: 37.30% - Val loss: 1.2144, Val Acc: 42.86%
2025-09-03 19:32:22,032 - Early stopping à l'epoch 193
2025-09-03 19:32:22,033 - Fold 10 - Accuracy finale: 96.43%
2025-09-03 19:32:22,033 - 
2025-09-03 19:32:22,033 - Résultats de la validation croisée
2025-09-03 19:32:22,033 - 
2025-09-03 19:32:22,033 - Accuracy moyenne: 92.86% ± 5.53%
2025-09-03 19:32:22,033 - Loss moyenne: 0.2722 ± 0.2358
2025-09-03 19:32:22,033 - Nombre d'epochs moyen: 184
2025-09-03 19:32:22,033 - Accuracy par fold: ['96.43%', '89.29%', '96.43%', '92.86%', '92.86%', '78.57%', '92.86%', '100.00%', '92.86%', '96.43%']

2025-09-03 19:32:22,033 - Variable candidate fBodyAcc-bandsEnergy()-1,24 testée
2025-09-03 19:32:22,033 - 
2025-09-03 19:32:22,034 - === Fold 1/10 ===
2025-09-03 19:32:22,053 - Epoch 1/500 - Train Loss: 1.3879, Train Acc: 37.30% - Val loss: 1.0427, Val Acc: 50.00%
2025-09-03 19:32:24,218 - Early stopping à l'epoch 144
2025-09-03 19:32:24,219 - Fold 1 - Accuracy finale: 96.43%
2025-09-03 19:32:24,219 - === Fold 2/10 ===
2025-09-03 19:32:24,237 - Epoch 1/500 - Train Loss: 1.2790, Train Acc: 42.86% - Val loss: 1.0196, Val Acc: 53.57%
2025-09-03 19:32:25,828 - Early stopping à l'epoch 106
2025-09-03 19:32:25,829 - Fold 2 - Accuracy finale: 92.86%
2025-09-03 19:32:25,829 - === Fold 3/10 ===
2025-09-03 19:32:25,848 - Epoch 1/500 - Train Loss: 1.3209, Train Acc: 40.08% - Val loss: 1.0434, Val Acc: 50.00%
2025-09-03 19:32:27,953 - Early stopping à l'epoch 139
2025-09-03 19:32:27,954 - Fold 3 - Accuracy finale: 92.86%
2025-09-03 19:32:27,954 - === Fold 4/10 ===
2025-09-03 19:32:27,973 - Epoch 1/500 - Train Loss: 1.2920, Train Acc: 42.46% - Val loss: 0.9099, Val Acc: 60.71%
2025-09-03 19:32:30,599 - Early stopping à l'epoch 174
2025-09-03 19:32:30,600 - Fold 4 - Accuracy finale: 96.43%
2025-09-03 19:32:30,600 - === Fold 5/10 ===
2025-09-03 19:32:30,620 - Epoch 1/500 - Train Loss: 1.2894, Train Acc: 42.46% - Val loss: 1.1831, Val Acc: 42.86%
2025-09-03 19:32:33,261 - Early stopping à l'epoch 176
2025-09-03 19:32:33,263 - Fold 5 - Accuracy finale: 96.43%
2025-09-03 19:32:33,263 - === Fold 6/10 ===
2025-09-03 19:32:33,281 - Epoch 1/500 - Train Loss: 1.3523, Train Acc: 37.30% - Val loss: 1.0435, Val Acc: 53.57%
2025-09-03 19:32:34,645 - Early stopping à l'epoch 91
2025-09-03 19:32:34,646 - Fold 6 - Accuracy finale: 85.71%
2025-09-03 19:32:34,646 - === Fold 7/10 ===
2025-09-03 19:32:34,665 - Epoch 1/500 - Train Loss: 1.3476, Train Acc: 33.33% - Val loss: 1.1711, Val Acc: 35.71%
2025-09-03 19:32:37,707 - Epoch 201/500 - Train Loss: 0.0011, Train Acc: 100.00% - Val loss: 0.1653, Val Acc: 96.43%
2025-09-03 19:32:37,783 - Early stopping à l'epoch 206
2025-09-03 19:32:37,784 - Fold 7 - Accuracy finale: 96.43%
2025-09-03 19:32:37,784 - === Fold 8/10 ===
2025-09-03 19:32:37,804 - Epoch 1/500 - Train Loss: 1.3693, Train Acc: 34.92% - Val loss: 1.1113, Val Acc: 42.86%
2025-09-03 19:32:40,811 - Epoch 201/500 - Train Loss: 0.0015, Train Acc: 100.00% - Val loss: 0.0245, Val Acc: 100.00%
2025-09-03 19:32:41,684 - Early stopping à l'epoch 259
2025-09-03 19:32:41,685 - Fold 8 - Accuracy finale: 100.00%
2025-09-03 19:32:41,685 - === Fold 9/10 ===
2025-09-03 19:32:41,705 - Epoch 1/500 - Train Loss: 1.3786, Train Acc: 36.11% - Val loss: 1.0955, Val Acc: 50.00%
2025-09-03 19:32:44,511 - Early stopping à l'epoch 185
2025-09-03 19:32:44,512 - Fold 9 - Accuracy finale: 92.86%
2025-09-03 19:32:44,512 - === Fold 10/10 ===
2025-09-03 19:32:44,531 - Epoch 1/500 - Train Loss: 1.4496, Train Acc: 36.11% - Val loss: 1.2287, Val Acc: 46.43%
2025-09-03 19:32:46,222 - Early stopping à l'epoch 111
2025-09-03 19:32:46,223 - Fold 10 - Accuracy finale: 89.29%
2025-09-03 19:32:46,223 - 
2025-09-03 19:32:46,223 - Résultats de la validation croisée
2025-09-03 19:32:46,223 - 
2025-09-03 19:32:46,223 - Accuracy moyenne: 93.93% ± 3.93%
2025-09-03 19:32:46,224 - Loss moyenne: 0.2822 ± 0.2102
2025-09-03 19:32:46,224 - Nombre d'epochs moyen: 159
2025-09-03 19:32:46,224 - Accuracy par fold: ['96.43%', '92.86%', '92.86%', '96.43%', '96.43%', '85.71%', '96.43%', '100.00%', '92.86%', '89.29%']

2025-09-03 19:32:46,224 - Variable candidate fBodyAcc-std()-X testée
2025-09-03 19:32:46,224 - 
2025-09-03 19:32:46,224 - === Fold 1/10 ===
2025-09-03 19:32:46,243 - Epoch 1/500 - Train Loss: 1.3800, Train Acc: 38.49% - Val loss: 1.0270, Val Acc: 50.00%
2025-09-03 19:32:48,595 - Early stopping à l'epoch 156
2025-09-03 19:32:48,596 - Fold 1 - Accuracy finale: 96.43%
2025-09-03 19:32:48,596 - === Fold 2/10 ===
2025-09-03 19:32:48,615 - Epoch 1/500 - Train Loss: 1.2862, Train Acc: 43.25% - Val loss: 1.0563, Val Acc: 46.43%
2025-09-03 19:32:51,688 - Epoch 201/500 - Train Loss: 0.0017, Train Acc: 100.00% - Val loss: 0.6321, Val Acc: 92.86%
2025-09-03 19:32:51,763 - Early stopping à l'epoch 206
2025-09-03 19:32:51,764 - Fold 2 - Accuracy finale: 92.86%
2025-09-03 19:32:51,764 - === Fold 3/10 ===
2025-09-03 19:32:51,785 - Epoch 1/500 - Train Loss: 1.3273, Train Acc: 38.10% - Val loss: 1.0505, Val Acc: 57.14%
2025-09-03 19:32:54,550 - Early stopping à l'epoch 180
2025-09-03 19:32:54,551 - Fold 3 - Accuracy finale: 96.43%
2025-09-03 19:32:54,551 - === Fold 4/10 ===
2025-09-03 19:32:54,569 - Epoch 1/500 - Train Loss: 1.3126, Train Acc: 40.48% - Val loss: 0.9330, Val Acc: 60.71%
2025-09-03 19:32:57,652 - Epoch 201/500 - Train Loss: 0.0008, Train Acc: 100.00% - Val loss: 0.0635, Val Acc: 96.43%
2025-09-03 19:32:58,014 - Early stopping à l'epoch 224
2025-09-03 19:32:58,015 - Fold 4 - Accuracy finale: 96.43%
2025-09-03 19:32:58,015 - === Fold 5/10 ===
2025-09-03 19:32:58,034 - Epoch 1/500 - Train Loss: 1.3000, Train Acc: 39.29% - Val loss: 1.2038, Val Acc: 35.71%
2025-09-03 19:33:01,093 - Epoch 201/500 - Train Loss: 0.0012, Train Acc: 100.00% - Val loss: 0.4504, Val Acc: 89.29%
2025-09-03 19:33:01,706 - Early stopping à l'epoch 241
2025-09-03 19:33:01,708 - Fold 5 - Accuracy finale: 92.86%
2025-09-03 19:33:01,708 - === Fold 6/10 ===
2025-09-03 19:33:01,729 - Epoch 1/500 - Train Loss: 1.3584, Train Acc: 37.30% - Val loss: 1.0442, Val Acc: 53.57%
2025-09-03 19:33:03,484 - Early stopping à l'epoch 116
2025-09-03 19:33:03,485 - Fold 6 - Accuracy finale: 85.71%
2025-09-03 19:33:03,485 - === Fold 7/10 ===
2025-09-03 19:33:03,504 - Epoch 1/500 - Train Loss: 1.3541, Train Acc: 34.13% - Val loss: 1.1534, Val Acc: 35.71%
2025-09-03 19:33:06,159 - Early stopping à l'epoch 175
2025-09-03 19:33:06,160 - Fold 7 - Accuracy finale: 89.29%
2025-09-03 19:33:06,160 - === Fold 8/10 ===
2025-09-03 19:33:06,179 - Epoch 1/500 - Train Loss: 1.3793, Train Acc: 36.11% - Val loss: 1.1136, Val Acc: 42.86%
2025-09-03 19:33:09,193 - Epoch 201/500 - Train Loss: 0.0154, Train Acc: 100.00% - Val loss: 0.0623, Val Acc: 96.43%
2025-09-03 19:33:10,006 - Early stopping à l'epoch 255
2025-09-03 19:33:10,007 - Fold 8 - Accuracy finale: 100.00%
2025-09-03 19:33:10,007 - === Fold 9/10 ===
2025-09-03 19:33:10,025 - Epoch 1/500 - Train Loss: 1.3880, Train Acc: 34.52% - Val loss: 1.1009, Val Acc: 50.00%
2025-09-03 19:33:13,027 - Epoch 201/500 - Train Loss: 0.0006, Train Acc: 100.00% - Val loss: 0.0064, Val Acc: 100.00%
2025-09-03 19:33:14,004 - Early stopping à l'epoch 266
2025-09-03 19:33:14,005 - Fold 9 - Accuracy finale: 100.00%
2025-09-03 19:33:14,055 - === Fold 10/10 ===
2025-09-03 19:33:14,075 - Epoch 1/500 - Train Loss: 1.4476, Train Acc: 36.90% - Val loss: 1.2149, Val Acc: 42.86%
2025-09-03 19:33:15,853 - Early stopping à l'epoch 119
2025-09-03 19:33:15,854 - Fold 10 - Accuracy finale: 89.29%
2025-09-03 19:33:15,854 - 
2025-09-03 19:33:15,854 - Résultats de la validation croisée
2025-09-03 19:33:15,854 - 
2025-09-03 19:33:15,854 - Accuracy moyenne: 93.93% ± 4.53%
2025-09-03 19:33:15,855 - Loss moyenne: 0.2857 ± 0.2198
2025-09-03 19:33:15,855 - Nombre d'epochs moyen: 193
2025-09-03 19:33:15,855 - Accuracy par fold: ['96.43%', '92.86%', '96.43%', '96.43%', '92.86%', '85.71%', '89.29%', '100.00%', '100.00%', '89.29%']

2025-09-03 19:33:15,855 - Variable candidate tBodyAcc-max()-X testée
2025-09-03 19:33:15,855 - 
2025-09-03 19:33:15,855 - === Fold 1/10 ===
2025-09-03 19:33:15,873 - Epoch 1/500 - Train Loss: 1.3848, Train Acc: 37.30% - Val loss: 1.0408, Val Acc: 50.00%
2025-09-03 19:33:18,130 - Early stopping à l'epoch 151
2025-09-03 19:33:18,131 - Fold 1 - Accuracy finale: 96.43%
2025-09-03 19:33:18,131 - === Fold 2/10 ===
2025-09-03 19:33:18,149 - Epoch 1/500 - Train Loss: 1.2873, Train Acc: 43.25% - Val loss: 1.0572, Val Acc: 39.29%
2025-09-03 19:33:20,195 - Early stopping à l'epoch 137
2025-09-03 19:33:20,196 - Fold 2 - Accuracy finale: 89.29%
2025-09-03 19:33:20,196 - === Fold 3/10 ===
2025-09-03 19:33:20,216 - Epoch 1/500 - Train Loss: 1.3286, Train Acc: 38.10% - Val loss: 1.0552, Val Acc: 60.71%
2025-09-03 19:33:21,769 - Early stopping à l'epoch 104
2025-09-03 19:33:21,770 - Fold 3 - Accuracy finale: 92.86%
2025-09-03 19:33:21,770 - === Fold 4/10 ===
2025-09-03 19:33:21,789 - Epoch 1/500 - Train Loss: 1.3148, Train Acc: 39.68% - Val loss: 0.9398, Val Acc: 60.71%
2025-09-03 19:33:24,706 - Early stopping à l'epoch 195
2025-09-03 19:33:24,707 - Fold 4 - Accuracy finale: 96.43%
2025-09-03 19:33:24,757 - === Fold 5/10 ===
2025-09-03 19:33:24,778 - Epoch 1/500 - Train Loss: 1.3019, Train Acc: 39.68% - Val loss: 1.2073, Val Acc: 35.71%
2025-09-03 19:33:27,865 - Epoch 201/500 - Train Loss: 0.0020, Train Acc: 100.00% - Val loss: 0.0659, Val Acc: 100.00%
2025-09-03 19:33:28,723 - Early stopping à l'epoch 258
2025-09-03 19:33:28,724 - Fold 5 - Accuracy finale: 100.00%
2025-09-03 19:33:28,724 - === Fold 6/10 ===
2025-09-03 19:33:28,744 - Epoch 1/500 - Train Loss: 1.3606, Train Acc: 36.90% - Val loss: 1.0516, Val Acc: 53.57%
2025-09-03 19:33:31,091 - Early stopping à l'epoch 157
2025-09-03 19:33:31,092 - Fold 6 - Accuracy finale: 89.29%
2025-09-03 19:33:31,093 - === Fold 7/10 ===
2025-09-03 19:33:31,111 - Epoch 1/500 - Train Loss: 1.3536, Train Acc: 35.32% - Val loss: 1.1546, Val Acc: 35.71%
2025-09-03 19:33:33,488 - Early stopping à l'epoch 159
2025-09-03 19:33:33,489 - Fold 7 - Accuracy finale: 96.43%
2025-09-03 19:33:33,489 - === Fold 8/10 ===
2025-09-03 19:33:33,507 - Epoch 1/500 - Train Loss: 1.3796, Train Acc: 34.13% - Val loss: 1.1222, Val Acc: 42.86%
2025-09-03 19:33:36,515 - Epoch 201/500 - Train Loss: 0.0011, Train Acc: 100.00% - Val loss: 0.0061, Val Acc: 100.00%
2025-09-03 19:33:39,519 - Epoch 401/500 - Train Loss: 0.0002, Train Acc: 100.00% - Val loss: 0.0003, Val Acc: 100.00%
2025-09-03 19:33:39,520 - Early stopping à l'epoch 401
2025-09-03 19:33:39,521 - Fold 8 - Accuracy finale: 100.00%
2025-09-03 19:33:39,521 - === Fold 9/10 ===
2025-09-03 19:33:39,539 - Epoch 1/500 - Train Loss: 1.3941, Train Acc: 34.52% - Val loss: 1.1073, Val Acc: 50.00%
2025-09-03 19:33:41,594 - Early stopping à l'epoch 138
2025-09-03 19:33:41,595 - Fold 9 - Accuracy finale: 92.86%
2025-09-03 19:33:41,595 - === Fold 10/10 ===
2025-09-03 19:33:41,614 - Epoch 1/500 - Train Loss: 1.4504, Train Acc: 37.30% - Val loss: 1.2186, Val Acc: 42.86%
2025-09-03 19:33:43,540 - Early stopping à l'epoch 129
2025-09-03 19:33:43,541 - Fold 10 - Accuracy finale: 89.29%
2025-09-03 19:33:43,541 - 
2025-09-03 19:33:43,541 - Résultats de la validation croisée
2025-09-03 19:33:43,541 - 
2025-09-03 19:33:43,541 - Accuracy moyenne: 94.29% ± 3.98%
2025-09-03 19:33:43,541 - Loss moyenne: 0.2797 ± 0.2084
2025-09-03 19:33:43,541 - Nombre d'epochs moyen: 182
2025-09-03 19:33:43,541 - Accuracy par fold: ['96.43%', '89.29%', '92.86%', '96.43%', '100.00%', '89.29%', '96.43%', '100.00%', '92.86%', '89.29%']

2025-09-03 19:33:43,542 - Variable candidate fBodyAccJerk-bandsEnergy()-1,8 testée
2025-09-03 19:33:43,542 - 
2025-09-03 19:33:43,542 - === Fold 1/10 ===
2025-09-03 19:33:43,560 - Epoch 1/500 - Train Loss: 1.3880, Train Acc: 37.30% - Val loss: 1.0445, Val Acc: 50.00%
2025-09-03 19:33:45,773 - Early stopping à l'epoch 146
2025-09-03 19:33:45,774 - Fold 1 - Accuracy finale: 96.43%
2025-09-03 19:33:45,774 - === Fold 2/10 ===
2025-09-03 19:33:45,794 - Epoch 1/500 - Train Loss: 1.2822, Train Acc: 42.46% - Val loss: 1.0222, Val Acc: 53.57%
2025-09-03 19:33:47,556 - Early stopping à l'epoch 117
2025-09-03 19:33:47,558 - Fold 2 - Accuracy finale: 85.71%
2025-09-03 19:33:47,558 - === Fold 3/10 ===
2025-09-03 19:33:47,576 - Epoch 1/500 - Train Loss: 1.3225, Train Acc: 39.68% - Val loss: 1.0493, Val Acc: 50.00%
2025-09-03 19:33:50,590 - Epoch 201/500 - Train Loss: 0.0009, Train Acc: 100.00% - Val loss: 0.1504, Val Acc: 96.43%
2025-09-03 19:33:50,715 - Early stopping à l'epoch 209
2025-09-03 19:33:50,716 - Fold 3 - Accuracy finale: 96.43%
2025-09-03 19:33:50,716 - === Fold 4/10 ===
2025-09-03 19:33:50,736 - Epoch 1/500 - Train Loss: 1.2932, Train Acc: 40.48% - Val loss: 0.9133, Val Acc: 60.71%
2025-09-03 19:33:53,811 - Epoch 201/500 - Train Loss: 0.0007, Train Acc: 100.00% - Val loss: 0.2012, Val Acc: 96.43%
2025-09-03 19:33:53,826 - Early stopping à l'epoch 202
2025-09-03 19:33:53,827 - Fold 4 - Accuracy finale: 96.43%
2025-09-03 19:33:53,827 - === Fold 5/10 ===
2025-09-03 19:33:53,849 - Epoch 1/500 - Train Loss: 1.2900, Train Acc: 42.06% - Val loss: 1.1855, Val Acc: 42.86%
2025-09-03 19:33:56,070 - Early stopping à l'epoch 147
2025-09-03 19:33:56,071 - Fold 5 - Accuracy finale: 92.86%
2025-09-03 19:33:56,071 - === Fold 6/10 ===
2025-09-03 19:33:56,090 - Epoch 1/500 - Train Loss: 1.3539, Train Acc: 37.30% - Val loss: 1.0510, Val Acc: 53.57%
2025-09-03 19:33:57,579 - Early stopping à l'epoch 100
2025-09-03 19:33:57,580 - Fold 6 - Accuracy finale: 82.14%
2025-09-03 19:33:57,581 - === Fold 7/10 ===
2025-09-03 19:33:57,599 - Epoch 1/500 - Train Loss: 1.3470, Train Acc: 33.73% - Val loss: 1.1845, Val Acc: 35.71%
2025-09-03 19:33:59,964 - Early stopping à l'epoch 155
2025-09-03 19:33:59,965 - Fold 7 - Accuracy finale: 96.43%
2025-09-03 19:33:59,966 - === Fold 8/10 ===
2025-09-03 19:33:59,984 - Epoch 1/500 - Train Loss: 1.3706, Train Acc: 34.52% - Val loss: 1.1119, Val Acc: 42.86%
2025-09-03 19:34:03,062 - Epoch 201/500 - Train Loss: 0.0007, Train Acc: 100.00% - Val loss: 0.0012, Val Acc: 100.00%
2025-09-03 19:34:06,116 - Epoch 401/500 - Train Loss: 0.0001, Train Acc: 100.00% - Val loss: 0.0011, Val Acc: 100.00%
2025-09-03 19:34:07,057 - Early stopping à l'epoch 462
2025-09-03 19:34:07,058 - Fold 8 - Accuracy finale: 100.00%
2025-09-03 19:34:07,058 - === Fold 9/10 ===
2025-09-03 19:34:07,079 - Epoch 1/500 - Train Loss: 1.3780, Train Acc: 35.71% - Val loss: 1.0950, Val Acc: 46.43%
2025-09-03 19:34:10,131 - Epoch 201/500 - Train Loss: 0.0016, Train Acc: 100.00% - Val loss: 0.0030, Val Acc: 100.00%
2025-09-03 19:34:12,404 - Early stopping à l'epoch 349
2025-09-03 19:34:12,405 - Fold 9 - Accuracy finale: 96.43%
2025-09-03 19:34:12,406 - === Fold 10/10 ===
2025-09-03 19:34:12,424 - Epoch 1/500 - Train Loss: 1.4510, Train Acc: 36.51% - Val loss: 1.2281, Val Acc: 46.43%
2025-09-03 19:34:14,232 - Early stopping à l'epoch 121
2025-09-03 19:34:14,233 - Fold 10 - Accuracy finale: 96.43%
2025-09-03 19:34:14,234 - 
2025-09-03 19:34:14,234 - Résultats de la validation croisée
2025-09-03 19:34:14,234 - 
2025-09-03 19:34:14,234 - Accuracy moyenne: 93.93% ± 5.31%
2025-09-03 19:34:14,234 - Loss moyenne: 0.3186 ± 0.2765
2025-09-03 19:34:14,234 - Nombre d'epochs moyen: 200
2025-09-03 19:34:14,234 - Accuracy par fold: ['96.43%', '85.71%', '96.43%', '96.43%', '92.86%', '82.14%', '96.43%', '100.00%', '96.43%', '96.43%']

2025-09-03 19:34:14,234 - Variable candidate fBodyAcc-mean()-X testée
2025-09-03 19:34:14,234 - 
2025-09-03 19:34:14,234 - === Fold 1/10 ===
2025-09-03 19:34:14,253 - Epoch 1/500 - Train Loss: 1.3844, Train Acc: 37.70% - Val loss: 1.0342, Val Acc: 50.00%
2025-09-03 19:34:16,762 - Early stopping à l'epoch 166
2025-09-03 19:34:16,763 - Fold 1 - Accuracy finale: 92.86%
2025-09-03 19:34:16,764 - === Fold 2/10 ===
2025-09-03 19:34:16,782 - Epoch 1/500 - Train Loss: 1.2883, Train Acc: 43.25% - Val loss: 1.0570, Val Acc: 39.29%
2025-09-03 19:34:18,972 - Early stopping à l'epoch 145
2025-09-03 19:34:18,973 - Fold 2 - Accuracy finale: 82.14%
2025-09-03 19:34:18,973 - === Fold 3/10 ===
2025-09-03 19:34:18,992 - Epoch 1/500 - Train Loss: 1.3268, Train Acc: 38.49% - Val loss: 1.0505, Val Acc: 60.71%
2025-09-03 19:34:22,035 - Epoch 201/500 - Train Loss: 0.0009, Train Acc: 100.00% - Val loss: 0.3774, Val Acc: 92.86%
2025-09-03 19:34:22,340 - Early stopping à l'epoch 221
2025-09-03 19:34:22,341 - Fold 3 - Accuracy finale: 92.86%
2025-09-03 19:34:22,341 - === Fold 4/10 ===
2025-09-03 19:34:22,360 - Epoch 1/500 - Train Loss: 1.3159, Train Acc: 39.68% - Val loss: 0.9394, Val Acc: 60.71%
2025-09-03 19:34:25,397 - Epoch 201/500 - Train Loss: 0.0011, Train Acc: 100.00% - Val loss: 0.2624, Val Acc: 92.86%
2025-09-03 19:34:25,443 - Early stopping à l'epoch 204
2025-09-03 19:34:25,444 - Fold 4 - Accuracy finale: 92.86%
2025-09-03 19:34:25,445 - === Fold 5/10 ===
2025-09-03 19:34:25,463 - Epoch 1/500 - Train Loss: 1.3034, Train Acc: 39.68% - Val loss: 1.2080, Val Acc: 35.71%
2025-09-03 19:34:27,581 - Early stopping à l'epoch 140
2025-09-03 19:34:27,582 - Fold 5 - Accuracy finale: 92.86%
2025-09-03 19:34:27,582 - === Fold 6/10 ===
2025-09-03 19:34:27,601 - Epoch 1/500 - Train Loss: 1.3605, Train Acc: 37.70% - Val loss: 1.0510, Val Acc: 53.57%
2025-09-03 19:34:29,107 - Early stopping à l'epoch 100
2025-09-03 19:34:29,109 - Fold 6 - Accuracy finale: 89.29%
2025-09-03 19:34:29,109 - === Fold 7/10 ===
2025-09-03 19:34:29,127 - Epoch 1/500 - Train Loss: 1.3566, Train Acc: 34.92% - Val loss: 1.1551, Val Acc: 35.71%
2025-09-03 19:34:32,165 - Epoch 201/500 - Train Loss: 0.0016, Train Acc: 100.00% - Val loss: 0.2019, Val Acc: 96.43%
2025-09-03 19:34:32,256 - Early stopping à l'epoch 207
2025-09-03 19:34:32,257 - Fold 7 - Accuracy finale: 96.43%
2025-09-03 19:34:32,257 - === Fold 8/10 ===
2025-09-03 19:34:32,280 - Epoch 1/500 - Train Loss: 1.3804, Train Acc: 33.73% - Val loss: 1.1203, Val Acc: 42.86%
2025-09-03 19:34:34,759 - Early stopping à l'epoch 162
2025-09-03 19:34:34,760 - Fold 8 - Accuracy finale: 92.86%
2025-09-03 19:34:34,760 - === Fold 9/10 ===
2025-09-03 19:34:34,780 - Epoch 1/500 - Train Loss: 1.3935, Train Acc: 34.52% - Val loss: 1.1048, Val Acc: 50.00%
2025-09-03 19:34:37,821 - Epoch 201/500 - Train Loss: 0.0042, Train Acc: 100.00% - Val loss: 0.1663, Val Acc: 92.86%
2025-09-03 19:34:37,930 - Early stopping à l'epoch 208
2025-09-03 19:34:37,932 - Fold 9 - Accuracy finale: 89.29%
2025-09-03 19:34:37,932 - === Fold 10/10 ===
2025-09-03 19:34:37,953 - Epoch 1/500 - Train Loss: 1.4488, Train Acc: 37.70% - Val loss: 1.2136, Val Acc: 42.86%
2025-09-03 19:34:39,548 - Early stopping à l'epoch 106
2025-09-03 19:34:39,549 - Fold 10 - Accuracy finale: 92.86%
2025-09-03 19:34:39,549 - 
2025-09-03 19:34:39,549 - Résultats de la validation croisée
2025-09-03 19:34:39,549 - 
2025-09-03 19:34:39,550 - Accuracy moyenne: 91.43% ± 3.64%
2025-09-03 19:34:39,550 - Loss moyenne: 0.3893 ± 0.1740
2025-09-03 19:34:39,550 - Nombre d'epochs moyen: 165
2025-09-03 19:34:39,550 - Accuracy par fold: ['92.86%', '82.14%', '92.86%', '92.86%', '92.86%', '89.29%', '96.43%', '92.86%', '89.29%', '92.86%']

2025-09-03 19:34:39,550 - Variable candidate tBodyAccJerk-mean()-X testée
2025-09-03 19:34:39,550 - 
2025-09-03 19:34:39,550 - === Fold 1/10 ===
2025-09-03 19:34:39,569 - Epoch 1/500 - Train Loss: 1.3926, Train Acc: 35.71% - Val loss: 1.0619, Val Acc: 50.00%
2025-09-03 19:34:41,410 - Early stopping à l'epoch 120
2025-09-03 19:34:41,411 - Fold 1 - Accuracy finale: 92.86%
2025-09-03 19:34:41,412 - === Fold 2/10 ===
2025-09-03 19:34:41,430 - Epoch 1/500 - Train Loss: 1.2896, Train Acc: 41.67% - Val loss: 1.0789, Val Acc: 39.29%
2025-09-03 19:34:42,957 - Early stopping à l'epoch 102
2025-09-03 19:34:42,958 - Fold 2 - Accuracy finale: 85.71%
2025-09-03 19:34:42,958 - === Fold 3/10 ===
2025-09-03 19:34:42,976 - Epoch 1/500 - Train Loss: 1.3243, Train Acc: 39.29% - Val loss: 1.0658, Val Acc: 46.43%
2025-09-03 19:34:44,972 - Early stopping à l'epoch 132
2025-09-03 19:34:44,974 - Fold 3 - Accuracy finale: 92.86%
2025-09-03 19:34:44,974 - === Fold 4/10 ===
2025-09-03 19:34:44,992 - Epoch 1/500 - Train Loss: 1.3081, Train Acc: 39.29% - Val loss: 0.9738, Val Acc: 60.71%
2025-09-03 19:34:48,001 - Epoch 201/500 - Train Loss: 0.0014, Train Acc: 100.00% - Val loss: 0.2667, Val Acc: 92.86%
2025-09-03 19:34:48,398 - Early stopping à l'epoch 227
2025-09-03 19:34:48,399 - Fold 4 - Accuracy finale: 92.86%
2025-09-03 19:34:48,399 - === Fold 5/10 ===
2025-09-03 19:34:48,419 - Epoch 1/500 - Train Loss: 1.3002, Train Acc: 39.29% - Val loss: 1.2120, Val Acc: 35.71%
2025-09-03 19:34:50,316 - Early stopping à l'epoch 127
2025-09-03 19:34:50,317 - Fold 5 - Accuracy finale: 85.71%
2025-09-03 19:34:50,317 - === Fold 6/10 ===
2025-09-03 19:34:50,336 - Epoch 1/500 - Train Loss: 1.3595, Train Acc: 37.30% - Val loss: 1.0730, Val Acc: 53.57%
2025-09-03 19:34:51,991 - Early stopping à l'epoch 110
2025-09-03 19:34:51,992 - Fold 6 - Accuracy finale: 78.57%
2025-09-03 19:34:51,992 - === Fold 7/10 ===
2025-09-03 19:34:52,011 - Epoch 1/500 - Train Loss: 1.3466, Train Acc: 33.33% - Val loss: 1.2048, Val Acc: 35.71%
2025-09-03 19:34:53,788 - Early stopping à l'epoch 115
2025-09-03 19:34:53,789 - Fold 7 - Accuracy finale: 92.86%
2025-09-03 19:34:53,789 - === Fold 8/10 ===
2025-09-03 19:34:53,809 - Epoch 1/500 - Train Loss: 1.3737, Train Acc: 34.52% - Val loss: 1.1142, Val Acc: 42.86%
2025-09-03 19:34:56,181 - Early stopping à l'epoch 155
2025-09-03 19:34:56,182 - Fold 8 - Accuracy finale: 89.29%
2025-09-03 19:34:56,182 - === Fold 9/10 ===
2025-09-03 19:34:56,201 - Epoch 1/500 - Train Loss: 1.3873, Train Acc: 34.52% - Val loss: 1.1304, Val Acc: 35.71%
2025-09-03 19:34:59,227 - Epoch 201/500 - Train Loss: 0.0016, Train Acc: 100.00% - Val loss: 0.2297, Val Acc: 96.43%
2025-09-03 19:34:59,365 - Early stopping à l'epoch 210
2025-09-03 19:34:59,366 - Fold 9 - Accuracy finale: 89.29%
2025-09-03 19:34:59,366 - === Fold 10/10 ===
2025-09-03 19:34:59,389 - Epoch 1/500 - Train Loss: 1.4493, Train Acc: 36.11% - Val loss: 1.2342, Val Acc: 46.43%
2025-09-03 19:35:01,344 - Early stopping à l'epoch 129
2025-09-03 19:35:01,345 - Fold 10 - Accuracy finale: 89.29%
2025-09-03 19:35:01,345 - 
2025-09-03 19:35:01,345 - Résultats de la validation croisée
2025-09-03 19:35:01,345 - 
2025-09-03 19:35:01,345 - Accuracy moyenne: 88.93% ± 4.36%
2025-09-03 19:35:01,345 - Loss moyenne: 0.5545 ± 0.2708
2025-09-03 19:35:01,345 - Nombre d'epochs moyen: 142
2025-09-03 19:35:01,345 - Accuracy par fold: ['92.86%', '85.71%', '92.86%', '92.86%', '85.71%', '78.57%', '92.86%', '89.29%', '89.29%', '89.29%']

2025-09-03 19:35:01,345 - Variable candidate fBodyAcc-max()-X testée
2025-09-03 19:35:01,345 - 
2025-09-03 19:35:01,346 - === Fold 1/10 ===
2025-09-03 19:35:01,365 - Epoch 1/500 - Train Loss: 1.3773, Train Acc: 38.10% - Val loss: 1.0201, Val Acc: 50.00%
2025-09-03 19:35:03,708 - Early stopping à l'epoch 156
2025-09-03 19:35:03,710 - Fold 1 - Accuracy finale: 92.86%
2025-09-03 19:35:03,710 - === Fold 2/10 ===
2025-09-03 19:35:03,728 - Epoch 1/500 - Train Loss: 1.2813, Train Acc: 43.65% - Val loss: 1.0493, Val Acc: 50.00%
2025-09-03 19:35:05,663 - Early stopping à l'epoch 129
2025-09-03 19:35:05,664 - Fold 2 - Accuracy finale: 92.86%
2025-09-03 19:35:05,664 - === Fold 3/10 ===
2025-09-03 19:35:05,683 - Epoch 1/500 - Train Loss: 1.3237, Train Acc: 38.10% - Val loss: 1.0449, Val Acc: 57.14%
2025-09-03 19:35:08,446 - Early stopping à l'epoch 184
2025-09-03 19:35:08,448 - Fold 3 - Accuracy finale: 96.43%
2025-09-03 19:35:08,448 - === Fold 4/10 ===
2025-09-03 19:35:08,470 - Epoch 1/500 - Train Loss: 1.3103, Train Acc: 40.87% - Val loss: 0.9257, Val Acc: 60.71%
2025-09-03 19:35:11,505 - Early stopping à l'epoch 199
2025-09-03 19:35:11,506 - Fold 4 - Accuracy finale: 92.86%
2025-09-03 19:35:11,506 - === Fold 5/10 ===
2025-09-03 19:35:11,526 - Epoch 1/500 - Train Loss: 1.2925, Train Acc: 41.67% - Val loss: 1.2039, Val Acc: 35.71%
2025-09-03 19:35:14,441 - Early stopping à l'epoch 190
2025-09-03 19:35:14,442 - Fold 5 - Accuracy finale: 89.29%
2025-09-03 19:35:14,442 - === Fold 6/10 ===
2025-09-03 19:35:14,461 - Epoch 1/500 - Train Loss: 1.3563, Train Acc: 37.30% - Val loss: 1.0355, Val Acc: 53.57%
2025-09-03 19:35:16,656 - Early stopping à l'epoch 143
2025-09-03 19:35:16,658 - Fold 6 - Accuracy finale: 92.86%
2025-09-03 19:35:16,658 - === Fold 7/10 ===
2025-09-03 19:35:16,677 - Epoch 1/500 - Train Loss: 1.3498, Train Acc: 34.92% - Val loss: 1.1377, Val Acc: 35.71%
2025-09-03 19:35:18,720 - Early stopping à l'epoch 134
2025-09-03 19:35:18,721 - Fold 7 - Accuracy finale: 89.29%
2025-09-03 19:35:18,721 - === Fold 8/10 ===
2025-09-03 19:35:18,741 - Epoch 1/500 - Train Loss: 1.3763, Train Acc: 36.11% - Val loss: 1.1030, Val Acc: 46.43%
2025-09-03 19:35:21,797 - Epoch 201/500 - Train Loss: 0.2504, Train Acc: 95.24% - Val loss: 0.6785, Val Acc: 85.71%
2025-09-03 19:35:24,255 - Early stopping à l'epoch 360
2025-09-03 19:35:24,256 - Fold 8 - Accuracy finale: 100.00%
2025-09-03 19:35:24,256 - === Fold 9/10 ===
2025-09-03 19:35:24,274 - Epoch 1/500 - Train Loss: 1.3816, Train Acc: 34.92% - Val loss: 1.0975, Val Acc: 50.00%
2025-09-03 19:35:27,311 - Epoch 201/500 - Train Loss: 0.0006, Train Acc: 100.00% - Val loss: 0.0566, Val Acc: 96.43%
2025-09-03 19:35:27,615 - Early stopping à l'epoch 221
2025-09-03 19:35:27,616 - Fold 9 - Accuracy finale: 100.00%
2025-09-03 19:35:27,616 - === Fold 10/10 ===
2025-09-03 19:35:27,634 - Epoch 1/500 - Train Loss: 1.4456, Train Acc: 37.30% - Val loss: 1.2129, Val Acc: 42.86%
2025-09-03 19:35:29,563 - Early stopping à l'epoch 128
2025-09-03 19:35:29,565 - Fold 10 - Accuracy finale: 92.86%
2025-09-03 19:35:29,565 - 
2025-09-03 19:35:29,565 - Résultats de la validation croisée
2025-09-03 19:35:29,565 - 
2025-09-03 19:35:29,565 - Accuracy moyenne: 93.93% ± 3.59%
2025-09-03 19:35:29,565 - Loss moyenne: 0.2873 ± 0.1941
2025-09-03 19:35:29,565 - Nombre d'epochs moyen: 184
2025-09-03 19:35:29,565 - Accuracy par fold: ['92.86%', '92.86%', '96.43%', '92.86%', '89.29%', '92.86%', '89.29%', '100.00%', '100.00%', '92.86%']

2025-09-03 19:35:29,565 - Variable candidate fBodyAcc-energy()-X testée
2025-09-03 19:35:29,565 - 
2025-09-03 19:35:29,566 - === Fold 1/10 ===
2025-09-03 19:35:29,584 - Epoch 1/500 - Train Loss: 1.3884, Train Acc: 37.30% - Val loss: 1.0438, Val Acc: 50.00%
2025-09-03 19:35:31,603 - Early stopping à l'epoch 134
2025-09-03 19:35:31,604 - Fold 1 - Accuracy finale: 96.43%
2025-09-03 19:35:31,604 - === Fold 2/10 ===
2025-09-03 19:35:31,623 - Epoch 1/500 - Train Loss: 1.2794, Train Acc: 42.86% - Val loss: 1.0207, Val Acc: 53.57%
2025-09-03 19:35:33,480 - Early stopping à l'epoch 123
2025-09-03 19:35:33,481 - Fold 2 - Accuracy finale: 85.71%
2025-09-03 19:35:33,481 - === Fold 3/10 ===
2025-09-03 19:35:33,499 - Epoch 1/500 - Train Loss: 1.3214, Train Acc: 40.08% - Val loss: 1.0443, Val Acc: 50.00%
2025-09-03 19:35:35,656 - Early stopping à l'epoch 143
2025-09-03 19:35:35,657 - Fold 3 - Accuracy finale: 92.86%
2025-09-03 19:35:35,657 - === Fold 4/10 ===
2025-09-03 19:35:35,676 - Epoch 1/500 - Train Loss: 1.2928, Train Acc: 42.06% - Val loss: 0.9110, Val Acc: 60.71%
2025-09-03 19:35:37,752 - Early stopping à l'epoch 138
2025-09-03 19:35:37,753 - Fold 4 - Accuracy finale: 89.29%
2025-09-03 19:35:37,753 - === Fold 5/10 ===
2025-09-03 19:35:37,771 - Epoch 1/500 - Train Loss: 1.2901, Train Acc: 42.46% - Val loss: 1.1841, Val Acc: 42.86%
2025-09-03 19:35:40,406 - Early stopping à l'epoch 174
2025-09-03 19:35:40,408 - Fold 5 - Accuracy finale: 96.43%
2025-09-03 19:35:40,408 - === Fold 6/10 ===
2025-09-03 19:35:40,426 - Epoch 1/500 - Train Loss: 1.3524, Train Acc: 37.30% - Val loss: 1.0438, Val Acc: 53.57%
2025-09-03 19:35:41,991 - Early stopping à l'epoch 104
2025-09-03 19:35:41,992 - Fold 6 - Accuracy finale: 82.14%
2025-09-03 19:35:41,992 - === Fold 7/10 ===
2025-09-03 19:35:42,011 - Epoch 1/500 - Train Loss: 1.3481, Train Acc: 33.33% - Val loss: 1.1722, Val Acc: 35.71%
2025-09-03 19:35:44,399 - Early stopping à l'epoch 158
2025-09-03 19:35:44,400 - Fold 7 - Accuracy finale: 92.86%
2025-09-03 19:35:44,400 - === Fold 8/10 ===
2025-09-03 19:35:44,418 - Epoch 1/500 - Train Loss: 1.3697, Train Acc: 35.32% - Val loss: 1.1119, Val Acc: 42.86%
2025-09-03 19:35:47,441 - Epoch 201/500 - Train Loss: 0.0023, Train Acc: 100.00% - Val loss: 0.0093, Val Acc: 100.00%
2025-09-03 19:35:48,871 - Early stopping à l'epoch 294
2025-09-03 19:35:48,872 - Fold 8 - Accuracy finale: 100.00%
2025-09-03 19:35:48,872 - === Fold 9/10 ===
2025-09-03 19:35:48,891 - Epoch 1/500 - Train Loss: 1.3788, Train Acc: 36.11% - Val loss: 1.0963, Val Acc: 50.00%
2025-09-03 19:35:51,933 - Epoch 201/500 - Train Loss: 0.0530, Train Acc: 98.81% - Val loss: 0.1629, Val Acc: 96.43%
2025-09-03 19:35:52,769 - Early stopping à l'epoch 256
2025-09-03 19:35:52,770 - Fold 9 - Accuracy finale: 96.43%
2025-09-03 19:35:52,770 - === Fold 10/10 ===
2025-09-03 19:35:52,789 - Epoch 1/500 - Train Loss: 1.4500, Train Acc: 36.11% - Val loss: 1.2289, Val Acc: 46.43%
2025-09-03 19:35:54,741 - Early stopping à l'epoch 128
2025-09-03 19:35:54,742 - Fold 10 - Accuracy finale: 92.86%
2025-09-03 19:35:54,742 - 
2025-09-03 19:35:54,742 - Résultats de la validation croisée
2025-09-03 19:35:54,742 - 
2025-09-03 19:35:54,742 - Accuracy moyenne: 92.50% ± 5.16%
2025-09-03 19:35:54,742 - Loss moyenne: 0.3320 ± 0.3033
2025-09-03 19:35:54,742 - Nombre d'epochs moyen: 165
2025-09-03 19:35:54,742 - Accuracy par fold: ['96.43%', '85.71%', '92.86%', '89.29%', '96.43%', '82.14%', '92.86%', '100.00%', '96.43%', '92.86%']

2025-09-03 19:35:54,742 - Variable candidate fBodyAcc-bandsEnergy()-33,40 testée
2025-09-03 19:35:54,742 - 
2025-09-03 19:35:54,743 - === Fold 1/10 ===
2025-09-03 19:35:54,761 - Epoch 1/500 - Train Loss: 1.3917, Train Acc: 36.51% - Val loss: 1.0629, Val Acc: 42.86%
2025-09-03 19:35:57,467 - Early stopping à l'epoch 179
2025-09-03 19:35:57,468 - Fold 1 - Accuracy finale: 92.86%
2025-09-03 19:35:57,468 - === Fold 2/10 ===
2025-09-03 19:35:57,486 - Epoch 1/500 - Train Loss: 1.2899, Train Acc: 42.86% - Val loss: 1.0641, Val Acc: 39.29%
2025-09-03 19:35:59,366 - Early stopping à l'epoch 124
2025-09-03 19:35:59,367 - Fold 2 - Accuracy finale: 92.86%
2025-09-03 19:35:59,367 - === Fold 3/10 ===
2025-09-03 19:35:59,385 - Epoch 1/500 - Train Loss: 1.3273, Train Acc: 39.68% - Val loss: 1.0584, Val Acc: 46.43%
2025-09-03 19:36:02,309 - Early stopping à l'epoch 192
2025-09-03 19:36:02,310 - Fold 3 - Accuracy finale: 89.29%
2025-09-03 19:36:02,311 - === Fold 4/10 ===
2025-09-03 19:36:02,329 - Epoch 1/500 - Train Loss: 1.3096, Train Acc: 38.49% - Val loss: 0.9425, Val Acc: 60.71%
2025-09-03 19:36:05,380 - Epoch 201/500 - Train Loss: 0.0018, Train Acc: 100.00% - Val loss: 0.3573, Val Acc: 92.86%
2025-09-03 19:36:05,659 - Early stopping à l'epoch 219
2025-09-03 19:36:05,660 - Fold 4 - Accuracy finale: 92.86%
2025-09-03 19:36:05,660 - === Fold 5/10 ===
2025-09-03 19:36:05,680 - Epoch 1/500 - Train Loss: 1.3076, Train Acc: 39.29% - Val loss: 1.2050, Val Acc: 35.71%
2025-09-03 19:36:08,541 - Early stopping à l'epoch 191
2025-09-03 19:36:08,543 - Fold 5 - Accuracy finale: 92.86%
2025-09-03 19:36:08,543 - === Fold 6/10 ===
2025-09-03 19:36:08,561 - Epoch 1/500 - Train Loss: 1.3599, Train Acc: 37.30% - Val loss: 1.0653, Val Acc: 53.57%
2025-09-03 19:36:10,175 - Early stopping à l'epoch 105
2025-09-03 19:36:10,176 - Fold 6 - Accuracy finale: 89.29%
2025-09-03 19:36:10,176 - === Fold 7/10 ===
2025-09-03 19:36:10,195 - Epoch 1/500 - Train Loss: 1.3550, Train Acc: 33.33% - Val loss: 1.1897, Val Acc: 35.71%
2025-09-03 19:36:12,104 - Early stopping à l'epoch 125
2025-09-03 19:36:12,105 - Fold 7 - Accuracy finale: 96.43%
2025-09-03 19:36:12,105 - === Fold 8/10 ===
2025-09-03 19:36:12,124 - Epoch 1/500 - Train Loss: 1.3799, Train Acc: 34.52% - Val loss: 1.1182, Val Acc: 46.43%
2025-09-03 19:36:15,064 - Early stopping à l'epoch 193
2025-09-03 19:36:15,065 - Fold 8 - Accuracy finale: 96.43%
2025-09-03 19:36:15,065 - === Fold 9/10 ===
2025-09-03 19:36:15,084 - Epoch 1/500 - Train Loss: 1.3906, Train Acc: 34.13% - Val loss: 1.1168, Val Acc: 39.29%
2025-09-03 19:36:17,631 - Early stopping à l'epoch 165
2025-09-03 19:36:17,632 - Fold 9 - Accuracy finale: 89.29%
2025-09-03 19:36:17,632 - === Fold 10/10 ===
2025-09-03 19:36:17,651 - Epoch 1/500 - Train Loss: 1.4534, Train Acc: 36.90% - Val loss: 1.2277, Val Acc: 42.86%
2025-09-03 19:36:20,660 - Early stopping à l'epoch 197
2025-09-03 19:36:20,661 - Fold 10 - Accuracy finale: 85.71%
2025-09-03 19:36:20,661 - 
2025-09-03 19:36:20,661 - Résultats de la validation croisée
2025-09-03 19:36:20,661 - 
2025-09-03 19:36:20,661 - Accuracy moyenne: 91.79% ± 3.21%
2025-09-03 19:36:20,661 - Loss moyenne: 0.3684 ± 0.1427
2025-09-03 19:36:20,661 - Nombre d'epochs moyen: 169
2025-09-03 19:36:20,661 - Accuracy par fold: ['92.86%', '92.86%', '89.29%', '92.86%', '92.86%', '89.29%', '96.43%', '96.43%', '89.29%', '85.71%']

2025-09-03 19:36:20,661 - Variable candidate fBodyAccMag-energy() testée
2025-09-03 19:36:20,661 - 
2025-09-03 19:36:20,662 - === Fold 1/10 ===
2025-09-03 19:36:20,680 - Epoch 1/500 - Train Loss: 1.3846, Train Acc: 37.30% - Val loss: 1.0383, Val Acc: 50.00%
2025-09-03 19:36:22,901 - Early stopping à l'epoch 147
2025-09-03 19:36:22,902 - Fold 1 - Accuracy finale: 96.43%
2025-09-03 19:36:22,902 - === Fold 2/10 ===
2025-09-03 19:36:22,921 - Epoch 1/500 - Train Loss: 1.2733, Train Acc: 42.86% - Val loss: 1.0235, Val Acc: 50.00%
2025-09-03 19:36:24,912 - Early stopping à l'epoch 133
2025-09-03 19:36:24,913 - Fold 2 - Accuracy finale: 92.86%
2025-09-03 19:36:24,913 - === Fold 3/10 ===
2025-09-03 19:36:24,932 - Epoch 1/500 - Train Loss: 1.3132, Train Acc: 40.08% - Val loss: 1.0369, Val Acc: 53.57%
2025-09-03 19:36:27,969 - Epoch 201/500 - Train Loss: 0.0013, Train Acc: 100.00% - Val loss: 0.0380, Val Acc: 96.43%
2025-09-03 19:36:28,014 - Early stopping à l'epoch 204
2025-09-03 19:36:28,015 - Fold 3 - Accuracy finale: 96.43%
2025-09-03 19:36:28,015 - === Fold 4/10 ===
2025-09-03 19:36:28,034 - Epoch 1/500 - Train Loss: 1.2807, Train Acc: 42.46% - Val loss: 0.8978, Val Acc: 60.71%
2025-09-03 19:36:30,686 - Early stopping à l'epoch 174
2025-09-03 19:36:30,687 - Fold 4 - Accuracy finale: 89.29%
2025-09-03 19:36:30,687 - === Fold 5/10 ===
2025-09-03 19:36:30,706 - Epoch 1/500 - Train Loss: 1.2874, Train Acc: 41.27% - Val loss: 1.1868, Val Acc: 42.86%
2025-09-03 19:36:32,430 - Early stopping à l'epoch 114
2025-09-03 19:36:32,431 - Fold 5 - Accuracy finale: 85.71%
2025-09-03 19:36:32,481 - === Fold 6/10 ===
2025-09-03 19:36:32,501 - Epoch 1/500 - Train Loss: 1.3481, Train Acc: 36.90% - Val loss: 1.0371, Val Acc: 53.57%
2025-09-03 19:36:34,253 - Early stopping à l'epoch 117
2025-09-03 19:36:34,254 - Fold 6 - Accuracy finale: 85.71%
2025-09-03 19:36:34,254 - === Fold 7/10 ===
2025-09-03 19:36:34,273 - Epoch 1/500 - Train Loss: 1.3440, Train Acc: 33.33% - Val loss: 1.1588, Val Acc: 35.71%
2025-09-03 19:36:36,756 - Early stopping à l'epoch 163
2025-09-03 19:36:36,757 - Fold 7 - Accuracy finale: 96.43%
2025-09-03 19:36:36,757 - === Fold 8/10 ===
2025-09-03 19:36:36,775 - Epoch 1/500 - Train Loss: 1.3642, Train Acc: 34.52% - Val loss: 1.1154, Val Acc: 42.86%
2025-09-03 19:36:38,914 - Early stopping à l'epoch 139
2025-09-03 19:36:38,915 - Fold 8 - Accuracy finale: 92.86%
2025-09-03 19:36:38,915 - === Fold 9/10 ===
2025-09-03 19:36:38,933 - Epoch 1/500 - Train Loss: 1.3843, Train Acc: 35.32% - Val loss: 1.1011, Val Acc: 46.43%
2025-09-03 19:36:41,949 - Epoch 201/500 - Train Loss: 0.0012, Train Acc: 100.00% - Val loss: 0.0464, Val Acc: 96.43%
2025-09-03 19:36:42,791 - Early stopping à l'epoch 257
2025-09-03 19:36:42,792 - Fold 9 - Accuracy finale: 96.43%
2025-09-03 19:36:42,793 - === Fold 10/10 ===
2025-09-03 19:36:42,811 - Epoch 1/500 - Train Loss: 1.4468, Train Acc: 36.90% - Val loss: 1.2223, Val Acc: 46.43%
2025-09-03 19:36:44,454 - Early stopping à l'epoch 110
2025-09-03 19:36:44,455 - Fold 10 - Accuracy finale: 89.29%
2025-09-03 19:36:44,455 - 
2025-09-03 19:36:44,455 - Résultats de la validation croisée
2025-09-03 19:36:44,456 - 
2025-09-03 19:36:44,456 - Accuracy moyenne: 92.14% ± 4.16%
2025-09-03 19:36:44,456 - Loss moyenne: 0.3848 ± 0.2669
2025-09-03 19:36:44,456 - Nombre d'epochs moyen: 155
2025-09-03 19:36:44,456 - Accuracy par fold: ['96.43%', '92.86%', '96.43%', '89.29%', '85.71%', '85.71%', '96.43%', '92.86%', '96.43%', '89.29%']

2025-09-03 19:36:44,456 - Variable candidate fBodyAcc-bandsEnergy()-1,8 testée
2025-09-03 19:36:44,456 - 
2025-09-03 19:36:44,456 - === Fold 1/10 ===
2025-09-03 19:36:44,474 - Epoch 1/500 - Train Loss: 1.3848, Train Acc: 37.30% - Val loss: 1.0319, Val Acc: 50.00%
2025-09-03 19:36:46,253 - Early stopping à l'epoch 119
2025-09-03 19:36:46,255 - Fold 1 - Accuracy finale: 96.43%
2025-09-03 19:36:46,255 - === Fold 2/10 ===
2025-09-03 19:36:46,273 - Epoch 1/500 - Train Loss: 1.2748, Train Acc: 43.25% - Val loss: 1.0058, Val Acc: 53.57%
2025-09-03 19:36:48,312 - Early stopping à l'epoch 136
2025-09-03 19:36:48,313 - Fold 2 - Accuracy finale: 89.29%
2025-09-03 19:36:48,313 - === Fold 3/10 ===
2025-09-03 19:36:48,334 - Epoch 1/500 - Train Loss: 1.3152, Train Acc: 40.48% - Val loss: 1.0319, Val Acc: 50.00%
2025-09-03 19:36:51,419 - Epoch 201/500 - Train Loss: 0.0019, Train Acc: 100.00% - Val loss: 0.1308, Val Acc: 96.43%
2025-09-03 19:36:51,640 - Early stopping à l'epoch 215
2025-09-03 19:36:51,641 - Fold 3 - Accuracy finale: 96.43%
2025-09-03 19:36:51,641 - === Fold 4/10 ===
2025-09-03 19:36:51,661 - Epoch 1/500 - Train Loss: 1.2888, Train Acc: 42.06% - Val loss: 0.8983, Val Acc: 64.29%
2025-09-03 19:36:54,082 - Early stopping à l'epoch 158
2025-09-03 19:36:54,084 - Fold 4 - Accuracy finale: 89.29%
2025-09-03 19:36:54,084 - === Fold 5/10 ===
2025-09-03 19:36:54,103 - Epoch 1/500 - Train Loss: 1.2837, Train Acc: 43.65% - Val loss: 1.1700, Val Acc: 42.86%
2025-09-03 19:36:57,172 - Epoch 201/500 - Train Loss: 0.0030, Train Acc: 100.00% - Val loss: 0.0660, Val Acc: 96.43%
2025-09-03 19:36:57,373 - Early stopping à l'epoch 213
2025-09-03 19:36:57,374 - Fold 5 - Accuracy finale: 96.43%
2025-09-03 19:36:57,374 - === Fold 6/10 ===
2025-09-03 19:36:57,393 - Epoch 1/500 - Train Loss: 1.3505, Train Acc: 37.30% - Val loss: 1.0369, Val Acc: 53.57%
2025-09-03 19:36:59,318 - Early stopping à l'epoch 127
2025-09-03 19:36:59,319 - Fold 6 - Accuracy finale: 89.29%
2025-09-03 19:36:59,319 - === Fold 7/10 ===
2025-09-03 19:36:59,338 - Epoch 1/500 - Train Loss: 1.3443, Train Acc: 33.33% - Val loss: 1.1638, Val Acc: 32.14%
2025-09-03 19:37:01,839 - Early stopping à l'epoch 165
2025-09-03 19:37:01,840 - Fold 7 - Accuracy finale: 96.43%
2025-09-03 19:37:01,840 - === Fold 8/10 ===
2025-09-03 19:37:01,860 - Epoch 1/500 - Train Loss: 1.3657, Train Acc: 35.32% - Val loss: 1.0991, Val Acc: 42.86%
2025-09-03 19:37:04,874 - Epoch 201/500 - Train Loss: 0.0009, Train Acc: 100.00% - Val loss: 0.1280, Val Acc: 96.43%
2025-09-03 19:37:05,025 - Early stopping à l'epoch 211
2025-09-03 19:37:05,027 - Fold 8 - Accuracy finale: 96.43%
2025-09-03 19:37:05,027 - === Fold 9/10 ===
2025-09-03 19:37:05,046 - Epoch 1/500 - Train Loss: 1.3714, Train Acc: 35.71% - Val loss: 1.0875, Val Acc: 50.00%
2025-09-03 19:37:08,063 - Epoch 201/500 - Train Loss: 0.0009, Train Acc: 100.00% - Val loss: 0.1888, Val Acc: 92.86%
2025-09-03 19:37:08,441 - Early stopping à l'epoch 226
2025-09-03 19:37:08,442 - Fold 9 - Accuracy finale: 92.86%
2025-09-03 19:37:08,442 - === Fold 10/10 ===
2025-09-03 19:37:08,460 - Epoch 1/500 - Train Loss: 1.4487, Train Acc: 36.90% - Val loss: 1.2281, Val Acc: 46.43%
2025-09-03 19:37:10,865 - Early stopping à l'epoch 160
2025-09-03 19:37:10,866 - Fold 10 - Accuracy finale: 92.86%
2025-09-03 19:37:10,866 - 
2025-09-03 19:37:10,866 - Résultats de la validation croisée
2025-09-03 19:37:10,866 - 
2025-09-03 19:37:10,866 - Accuracy moyenne: 93.57% ± 3.11%
2025-09-03 19:37:10,866 - Loss moyenne: 0.3108 ± 0.1816
2025-09-03 19:37:10,866 - Nombre d'epochs moyen: 173
2025-09-03 19:37:10,866 - Accuracy par fold: ['96.43%', '89.29%', '96.43%', '89.29%', '96.43%', '89.29%', '96.43%', '96.43%', '92.86%', '92.86%']

2025-09-03 19:37:10,866 - Variable candidate tBodyAcc-energy()-X testée
2025-09-03 19:37:10,866 - 
2025-09-03 19:37:10,867 - === Fold 1/10 ===
2025-09-03 19:37:10,885 - Epoch 1/500 - Train Loss: 1.3874, Train Acc: 37.30% - Val loss: 1.0434, Val Acc: 50.00%
2025-09-03 19:37:13,593 - Early stopping à l'epoch 181
2025-09-03 19:37:13,595 - Fold 1 - Accuracy finale: 96.43%
2025-09-03 19:37:13,595 - === Fold 2/10 ===
2025-09-03 19:37:13,613 - Epoch 1/500 - Train Loss: 1.2790, Train Acc: 43.25% - Val loss: 1.0198, Val Acc: 53.57%
2025-09-03 19:37:15,151 - Early stopping à l'epoch 103
2025-09-03 19:37:15,153 - Fold 2 - Accuracy finale: 96.43%
2025-09-03 19:37:15,153 - === Fold 3/10 ===
2025-09-03 19:37:15,171 - Epoch 1/500 - Train Loss: 1.3217, Train Acc: 40.08% - Val loss: 1.0453, Val Acc: 50.00%
2025-09-03 19:37:17,664 - Early stopping à l'epoch 167
2025-09-03 19:37:17,665 - Fold 3 - Accuracy finale: 85.71%
2025-09-03 19:37:17,665 - === Fold 4/10 ===
2025-09-03 19:37:17,684 - Epoch 1/500 - Train Loss: 1.2925, Train Acc: 42.06% - Val loss: 0.9105, Val Acc: 60.71%
2025-09-03 19:37:19,926 - Early stopping à l'epoch 147
2025-09-03 19:37:19,927 - Fold 4 - Accuracy finale: 96.43%
2025-09-03 19:37:19,927 - === Fold 5/10 ===
2025-09-03 19:37:19,947 - Epoch 1/500 - Train Loss: 1.2894, Train Acc: 42.46% - Val loss: 1.1841, Val Acc: 42.86%
2025-09-03 19:37:22,589 - Early stopping à l'epoch 172
2025-09-03 19:37:22,590 - Fold 5 - Accuracy finale: 89.29%
2025-09-03 19:37:22,591 - === Fold 6/10 ===
2025-09-03 19:37:22,609 - Epoch 1/500 - Train Loss: 1.3524, Train Acc: 37.30% - Val loss: 1.0437, Val Acc: 53.57%
2025-09-03 19:37:24,098 - Early stopping à l'epoch 100
2025-09-03 19:37:24,100 - Fold 6 - Accuracy finale: 85.71%
2025-09-03 19:37:24,100 - === Fold 7/10 ===
2025-09-03 19:37:24,118 - Epoch 1/500 - Train Loss: 1.3481, Train Acc: 33.33% - Val loss: 1.1722, Val Acc: 35.71%
2025-09-03 19:37:26,370 - Early stopping à l'epoch 150
2025-09-03 19:37:26,371 - Fold 7 - Accuracy finale: 92.86%
2025-09-03 19:37:26,371 - === Fold 8/10 ===
2025-09-03 19:37:26,390 - Epoch 1/500 - Train Loss: 1.3696, Train Acc: 35.32% - Val loss: 1.1117, Val Acc: 42.86%
2025-09-03 19:37:29,447 - Early stopping à l'epoch 200
2025-09-03 19:37:29,448 - Fold 8 - Accuracy finale: 96.43%
2025-09-03 19:37:29,448 - === Fold 9/10 ===
2025-09-03 19:37:29,467 - Epoch 1/500 - Train Loss: 1.3784, Train Acc: 36.11% - Val loss: 1.0961, Val Acc: 50.00%
2025-09-03 19:37:32,161 - Early stopping à l'epoch 178
2025-09-03 19:37:32,162 - Fold 9 - Accuracy finale: 92.86%
2025-09-03 19:37:32,162 - === Fold 10/10 ===
2025-09-03 19:37:32,181 - Epoch 1/500 - Train Loss: 1.4495, Train Acc: 36.51% - Val loss: 1.2287, Val Acc: 46.43%
2025-09-03 19:37:33,960 - Early stopping à l'epoch 119
2025-09-03 19:37:33,962 - Fold 10 - Accuracy finale: 89.29%
2025-09-03 19:37:33,962 - 
2025-09-03 19:37:33,962 - Résultats de la validation croisée
2025-09-03 19:37:33,962 - 
2025-09-03 19:37:33,962 - Accuracy moyenne: 92.14% ± 4.16%
2025-09-03 19:37:33,962 - Loss moyenne: 0.3832 ± 0.2287
2025-09-03 19:37:33,962 - Nombre d'epochs moyen: 151
2025-09-03 19:37:33,962 - Accuracy par fold: ['96.43%', '96.43%', '85.71%', '96.43%', '89.29%', '85.71%', '92.86%', '96.43%', '92.86%', '89.29%']

2025-09-03 19:37:33,962 - Variable candidate tBodyAcc-std()-X testée
2025-09-03 19:37:33,962 - 
2025-09-03 19:37:33,963 - === Fold 1/10 ===
2025-09-03 19:37:33,981 - Epoch 1/500 - Train Loss: 1.3814, Train Acc: 38.10% - Val loss: 1.0300, Val Acc: 50.00%
2025-09-03 19:37:36,338 - Early stopping à l'epoch 156
2025-09-03 19:37:36,340 - Fold 1 - Accuracy finale: 96.43%
2025-09-03 19:37:36,340 - === Fold 2/10 ===
2025-09-03 19:37:36,359 - Epoch 1/500 - Train Loss: 1.2868, Train Acc: 43.25% - Val loss: 1.0570, Val Acc: 42.86%
2025-09-03 19:37:37,953 - Early stopping à l'epoch 107
2025-09-03 19:37:37,954 - Fold 2 - Accuracy finale: 89.29%
2025-09-03 19:37:37,954 - === Fold 3/10 ===
2025-09-03 19:37:37,974 - Epoch 1/500 - Train Loss: 1.3275, Train Acc: 38.49% - Val loss: 1.0508, Val Acc: 60.71%
2025-09-03 19:37:40,239 - Early stopping à l'epoch 149
2025-09-03 19:37:40,240 - Fold 3 - Accuracy finale: 96.43%
2025-09-03 19:37:40,240 - === Fold 4/10 ===
2025-09-03 19:37:40,259 - Epoch 1/500 - Train Loss: 1.3139, Train Acc: 39.29% - Val loss: 0.9348, Val Acc: 60.71%
2025-09-03 19:37:41,864 - Early stopping à l'epoch 108
2025-09-03 19:37:41,865 - Fold 4 - Accuracy finale: 85.71%
2025-09-03 19:37:41,865 - === Fold 5/10 ===
2025-09-03 19:37:41,884 - Epoch 1/500 - Train Loss: 1.3022, Train Acc: 39.68% - Val loss: 1.2057, Val Acc: 35.71%
2025-09-03 19:37:44,936 - Epoch 201/500 - Train Loss: 0.0659, Train Acc: 96.83% - Val loss: 0.0887, Val Acc: 96.43%
2025-09-03 19:37:45,709 - Early stopping à l'epoch 252
2025-09-03 19:37:45,710 - Fold 5 - Accuracy finale: 96.43%
2025-09-03 19:37:45,710 - === Fold 6/10 ===
2025-09-03 19:37:45,729 - Epoch 1/500 - Train Loss: 1.3593, Train Acc: 37.70% - Val loss: 1.0462, Val Acc: 53.57%
2025-09-03 19:37:48,151 - Early stopping à l'epoch 162
2025-09-03 19:37:48,152 - Fold 6 - Accuracy finale: 85.71%
2025-09-03 19:37:48,152 - === Fold 7/10 ===
2025-09-03 19:37:48,171 - Epoch 1/500 - Train Loss: 1.3550, Train Acc: 34.13% - Val loss: 1.1548, Val Acc: 35.71%
2025-09-03 19:37:51,125 - Early stopping à l'epoch 191
2025-09-03 19:37:51,126 - Fold 7 - Accuracy finale: 96.43%
2025-09-03 19:37:51,126 - === Fold 8/10 ===
2025-09-03 19:37:51,144 - Epoch 1/500 - Train Loss: 1.3803, Train Acc: 34.52% - Val loss: 1.1156, Val Acc: 42.86%
2025-09-03 19:37:53,611 - Early stopping à l'epoch 165
2025-09-03 19:37:53,612 - Fold 8 - Accuracy finale: 96.43%
2025-09-03 19:37:53,612 - === Fold 9/10 ===
2025-09-03 19:37:53,630 - Epoch 1/500 - Train Loss: 1.3897, Train Acc: 34.52% - Val loss: 1.1027, Val Acc: 50.00%
2025-09-03 19:37:56,692 - Epoch 201/500 - Train Loss: 0.0022, Train Acc: 100.00% - Val loss: 0.0501, Val Acc: 96.43%
2025-09-03 19:37:57,216 - Early stopping à l'epoch 235
2025-09-03 19:37:57,217 - Fold 9 - Accuracy finale: 96.43%
2025-09-03 19:37:57,217 - === Fold 10/10 ===
2025-09-03 19:37:57,236 - Epoch 1/500 - Train Loss: 1.4479, Train Acc: 36.90% - Val loss: 1.2147, Val Acc: 42.86%
2025-09-03 19:37:58,988 - Early stopping à l'epoch 115
2025-09-03 19:37:58,989 - Fold 10 - Accuracy finale: 85.71%
2025-09-03 19:37:59,039 - 
2025-09-03 19:37:59,039 - Résultats de la validation croisée
2025-09-03 19:37:59,039 - 
2025-09-03 19:37:59,040 - Accuracy moyenne: 92.50% ± 4.91%
2025-09-03 19:37:59,040 - Loss moyenne: 0.3154 ± 0.2175
2025-09-03 19:37:59,040 - Nombre d'epochs moyen: 164
2025-09-03 19:37:59,040 - Accuracy par fold: ['96.43%', '89.29%', '96.43%', '85.71%', '96.43%', '85.71%', '96.43%', '96.43%', '96.43%', '85.71%']

2025-09-03 19:37:59,040 - Plus d'amélioration -> arret

2025-09-03 19:37:59,040 - Variables sélectionnées : ['tBodyGyro-mean()-X', 'angle(tBodyGyroMean,gravityMean)', 'fBodyAccMag-mad()', 'tBodyAcc-mad()-X', 'fBodyAcc-bandsEnergy()-9,16', 'fBodyAccJerk-bandsEnergy()-1,16', 'fBodyAcc-bandsEnergy()-1,16']
2025-09-03 19:37:59,040 - 
2025-09-03 19:37:59,040 - Résultats de la validation croisée pour le jeu d'hyperparamètres 1
2025-09-03 19:37:59,040 - 
2025-09-03 19:37:59,040 - Accuracy moyenne: 95.36% ± 2.29%
2025-09-03 19:37:59,040 - Loss moyenne: 0.2621 ± 0.1640
2025-09-03 19:37:59,040 - Nombre d'epochs moyen: 176
2025-09-03 19:37:59,040 - Accuracy par fold: ['96.43%', '92.86%', '96.43%', '96.43%', '92.86%', '96.43%', '96.43%', '100.00%', '92.86%', '92.86%']

2025-09-03 19:37:59,041 - Entrainement du modèle final pour le jeu d'hyperparamètres 1

2025-09-03 19:37:59,061 - Epoch 1/176 - Loss: 1.3315, Acc: 38.93%
2025-09-03 19:38:01,888 - Epoch 176/176 - Loss: 0.0095, Acc: 99.64%
2025-09-03 19:38:01,890 - 

2025-09-03 19:38:01,890 - Résultats finaux pour le jeu d'hyperparamètres 1

2025-09-03 19:38:01,890 - Accuracy de validation croisée: 95.36% ± 2.29%
2025-09-03 19:38:01,890 - Accuracy sur le test: 95.00%

