2025-08-29 17:30:59,266 - ANALYSE DES CLASSES

2025-08-29 17:30:59,266 - Les données sont réparties en 6 classes
2025-08-29 17:30:59,266 - Classes: LAYING, SITTING, STANDING, WALKING, WALKING_DOWNSTAIRS, WALKING_UPSTAIRS

2025-08-29 17:30:59,266 - ANALYSE DES VARIABLES

2025-08-29 17:30:59,266 - Nombre de variables retenues : 6
2025-08-29 17:30:59,266 - Variables retenues : ['tBodyAcc-mean()-X', 'tBodyAcc-mean()-Y', 'tBodyAcc-mean()-Z', 'tBodyGyro-mean()-X', 'tBodyGyro-mean()-Y', 'tBodyGyro-mean()-Z']

2025-08-29 17:30:59,266 - ANALYSE DES DONNEES D'ENTRAINEMENT

2025-08-29 17:30:59,500 - Il y a 280 séquences de mesures
2025-08-29 17:30:59,501 - Répartition des classes:
2025-08-29 17:30:59,501 - LAYING : 43 séquences (15.36%)
2025-08-29 17:30:59,501 - SITTING : 43 séquences (15.36%)
2025-08-29 17:30:59,501 - STANDING : 42 séquences (15.00%)
2025-08-29 17:30:59,501 - WALKING : 42 séquences (15.00%)
2025-08-29 17:30:59,501 - WALKING_DOWNSTAIRS : 56 séquences (20.00%)
2025-08-29 17:30:59,501 - WALKING_UPSTAIRS : 54 séquences (19.29%)
2025-08-29 17:30:59,512 - La plus longue séquence comporte 48 éléments

2025-08-29 17:30:59,513 - Les données sont centrées-réduites et un padding de zeros est appliqué afin d'uniformiser la longueur des séquences à celle maximale

2025-08-29 17:30:59,514 - ANALYSE DES DONNEES DE TEST

2025-08-29 17:30:59,607 - Il y a 120 séquences de mesures
2025-08-29 17:30:59,607 - Répartition des classes:
2025-08-29 17:30:59,607 - LAYING : 18 séquences (15.00%)
2025-08-29 17:30:59,607 - SITTING : 18 séquences (15.00%)
2025-08-29 17:30:59,607 - STANDING : 18 séquences (15.00%)
2025-08-29 17:30:59,607 - WALKING : 18 séquences (15.00%)
2025-08-29 17:30:59,607 - WALKING_DOWNSTAIRS : 25 séquences (20.83%)
2025-08-29 17:30:59,607 - WALKING_UPSTAIRS : 23 séquences (19.17%)
2025-08-29 17:30:59,612 - La plus longue séquence comporte 40 éléments

2025-08-29 17:30:59,613 - Les données sont centrées-réduites et un padding de zeros est appliqué afin d'uniformiser la longueur des séquences à celle maximale

2025-08-29 17:30:59,613 - HYPERPARAMETRES FIXES

2025-08-29 17:30:59,613 - Nombre de cycles d'entrainement maximal: 500
2025-08-29 17:30:59,613 - Nombre de cycles d'entrainement maximal sans amélioration avant arret précoce: 80
2025-08-29 17:30:59,613 - Planificateur du taux d'apprentissage: ReduceLROnPlateau
2025-08-29 17:30:59,613 - Nombre d'époques de tolérance du planificateur: 30
2025-08-29 17:30:59,613 - Nombre de folds pour la validation croisée stratifiée: 10
2025-08-29 17:30:59,613 - Optimiseur: Adam avec weight_decay
2025-08-29 17:30:59,613 - Métrique de perte: CrossEntropyLoss
2025-08-29 17:30:59,613 - Graine aléatoire pour la reproductibilité des découpages de la validation croisée entre chaque jeu d'hyperparamètres: 42

2025-08-29 17:30:59,613 - HYPERPARAMETRES TESTES

2025-08-29 17:30:59,613 - {'estimator': {'LSTM': {'num_layers': [2, 3, 4], 'hidden_size': [64, 80, 96], 'dropout': [0, 0.025, 0.05, 0.075, 0.1, 0.125, 0.15, 0.175]}, 'CNN + LSTM': {'out_channels': [8, 16, 32], 'num_layers': [2, 3, 4], 'hidden_size': [64, 80, 96], 'dropout': [0, 0.025, 0.05, 0.075, 0.1, 0.125, 0.15, 0.175]}, 'Transformer': {'d_model': [36, 48, 60, 72], 'nhead': [2, 3, 4, 12], 'num_layers': [2, 3, 4], 'dropout': [0, 0.025, 0.05, 0.075, 0.1, 0.125, 0.15, 0.175]}}, 'weight_decay': [5e-07, 7.5e-07, 1e-06, 2.5e-06, 5e-06], 'lr': [0.0035, 0.004, 0.0045, 0.005, 0.0055], 'scheduler_factor': [0.4, 0.5, 0.6], 'batch_size': [28, 32, 36]}

2025-08-29 17:30:59,613 - DÉBUT DE LA RECHERCHE ALEATOIRE D'HYPERPARAMÈTRES AVEC SAUVEGARDE DES RESULTATS

2025-08-29 17:30:59,613 - Nombre de jeux d'hyperparamètres à tester: 100

2025-08-29 17:30:59,613 - JEU D'HYPERPARAMÈTRES 1:
2025-08-29 17:30:59,613 - {'estimator_name': 'Transformer', 'estimator_params': {'d_model': 60, 'nhead': 3, 'num_layers': 3, 'dropout': 0.05}, 'weight_decay': 5e-07, 'lr': 0.0055, 'scheduler_factor': 0.6, 'batch_size': 36}

2025-08-29 17:30:59,613 - Début de la validation croisée pour le jeu d'hyperparamètres 1

2025-08-29 17:30:59,613 - Variables sélectionnées : mêmes variables que celles retenues au départ (pas de sélection en avant)

2025-08-29 17:30:59,613 - === Fold 1/10 ===
2025-08-29 17:31:00,379 - Epoch 1/500 - Train Loss: 2.4505, Train Acc: 15.08% - Val loss: 1.8377, Val Acc: 21.43%
2025-08-29 17:31:02,096 - Early stopping à l'epoch 86
2025-08-29 17:31:02,098 - Fold 1 - Accuracy finale: 39.29%
2025-08-29 17:31:02,098 - === Fold 2/10 ===
2025-08-29 17:31:02,124 - Epoch 1/500 - Train Loss: 2.3109, Train Acc: 17.06% - Val loss: 1.6218, Val Acc: 39.29%
2025-08-29 17:31:04,058 - Early stopping à l'epoch 92
2025-08-29 17:31:04,060 - Fold 2 - Accuracy finale: 17.86%
2025-08-29 17:31:04,060 - === Fold 3/10 ===
2025-08-29 17:31:04,086 - Epoch 1/500 - Train Loss: 2.4461, Train Acc: 22.62% - Val loss: 2.0036, Val Acc: 14.29%
2025-08-29 17:31:05,979 - Early stopping à l'epoch 91
2025-08-29 17:31:05,980 - Fold 3 - Accuracy finale: 46.43%
2025-08-29 17:31:05,981 - === Fold 4/10 ===
2025-08-29 17:31:06,006 - Epoch 1/500 - Train Loss: 2.4527, Train Acc: 19.44% - Val loss: 1.7376, Val Acc: 17.86%
2025-08-29 17:31:07,653 - Early stopping à l'epoch 83
2025-08-29 17:31:07,655 - Fold 4 - Accuracy finale: 21.43%
2025-08-29 17:31:07,655 - === Fold 5/10 ===
2025-08-29 17:31:07,682 - Epoch 1/500 - Train Loss: 2.3488, Train Acc: 17.06% - Val loss: 1.9517, Val Acc: 17.86%
2025-08-29 17:31:09,367 - Early stopping à l'epoch 83
2025-08-29 17:31:09,368 - Fold 5 - Accuracy finale: 21.43%
2025-08-29 17:31:09,369 - === Fold 6/10 ===
2025-08-29 17:31:09,394 - Epoch 1/500 - Train Loss: 2.4105, Train Acc: 16.67% - Val loss: 1.8220, Val Acc: 17.86%
2025-08-29 17:31:11,501 - Early stopping à l'epoch 98
2025-08-29 17:31:11,502 - Fold 6 - Accuracy finale: 35.71%
2025-08-29 17:31:11,502 - === Fold 7/10 ===
2025-08-29 17:31:11,528 - Epoch 1/500 - Train Loss: 2.1300, Train Acc: 19.05% - Val loss: 1.4980, Val Acc: 32.14%
2025-08-29 17:31:13,308 - Early stopping à l'epoch 85
2025-08-29 17:31:13,310 - Fold 7 - Accuracy finale: 35.71%
2025-08-29 17:31:13,310 - === Fold 8/10 ===
2025-08-29 17:31:13,335 - Epoch 1/500 - Train Loss: 2.3330, Train Acc: 14.68% - Val loss: 1.7632, Val Acc: 21.43%
2025-08-29 17:31:15,218 - Early stopping à l'epoch 91
2025-08-29 17:31:15,220 - Fold 8 - Accuracy finale: 17.86%
2025-08-29 17:31:15,220 - === Fold 9/10 ===
2025-08-29 17:31:15,247 - Epoch 1/500 - Train Loss: 2.0901, Train Acc: 27.78% - Val loss: 1.5479, Val Acc: 32.14%
2025-08-29 17:31:16,981 - Early stopping à l'epoch 83
2025-08-29 17:31:16,983 - Fold 9 - Accuracy finale: 17.86%
2025-08-29 17:31:16,983 - === Fold 10/10 ===
2025-08-29 17:31:17,012 - Epoch 1/500 - Train Loss: 2.4836, Train Acc: 13.49% - Val loss: 2.1467, Val Acc: 17.86%
2025-08-29 17:31:20,330 - Early stopping à l'epoch 157
2025-08-29 17:31:20,331 - Fold 10 - Accuracy finale: 50.00%
2025-08-29 17:31:20,331 - 
2025-08-29 17:31:20,331 - Résultats de la validation croisée
2025-08-29 17:31:20,331 - 
2025-08-29 17:31:20,331 - Accuracy moyenne: 30.36% ± 11.87%
2025-08-29 17:31:20,331 - Loss moyenne: 1.6001 ± 0.2573
2025-08-29 17:31:20,331 - Nombre d'epochs moyen: 94
2025-08-29 17:31:20,331 - Accuracy par fold: ['39.29%', '17.86%', '46.43%', '21.43%', '21.43%', '35.71%', '35.71%', '17.86%', '17.86%', '50.00%']

2025-08-29 17:31:20,331 - Entrainement du modèle final pour le jeu d'hyperparamètres 1

2025-08-29 17:31:20,360 - Epoch 1/94 - Loss: 1.8788, Acc: 27.50%
2025-08-29 17:31:22,496 - Epoch 94/94 - Loss: 1.7608, Acc: 20.36%
2025-08-29 17:31:22,498 - 

2025-08-29 17:31:22,498 - Résultats finaux pour le jeu d'hyperparamètres 1

2025-08-29 17:31:22,498 - Accuracy de validation croisée: 30.36% ± 11.87%
2025-08-29 17:31:22,498 - Accuracy sur le test: 20.83%

2025-08-29 17:31:22,552 - JEU D'HYPERPARAMÈTRES 2:
2025-08-29 17:31:22,552 - {'estimator_name': 'LSTM', 'estimator_params': {'num_layers': 3, 'hidden_size': 96, 'dropout': 0.05}, 'weight_decay': 5e-06, 'lr': 0.0055, 'scheduler_factor': 0.4, 'batch_size': 36}

2025-08-29 17:31:22,552 - Début de la validation croisée pour le jeu d'hyperparamètres 2

2025-08-29 17:31:22,552 - Variables sélectionnées : mêmes variables que celles retenues au départ (pas de sélection en avant)

2025-08-29 17:31:22,552 - === Fold 1/10 ===
2025-08-29 17:31:22,693 - Epoch 1/500 - Train Loss: 1.8552, Train Acc: 13.89% - Val loss: 1.8534, Val Acc: 14.29%
2025-08-29 17:31:34,435 - Early stopping à l'epoch 125
2025-08-29 17:31:34,438 - Fold 1 - Accuracy finale: 21.43%
2025-08-29 17:31:34,439 - === Fold 2/10 ===
2025-08-29 17:31:34,552 - Epoch 1/500 - Train Loss: 1.8563, Train Acc: 14.68% - Val loss: 1.8588, Val Acc: 14.29%
2025-08-29 17:31:44,153 - Early stopping à l'epoch 103
2025-08-29 17:31:44,157 - Fold 2 - Accuracy finale: 21.43%
2025-08-29 17:31:44,157 - === Fold 3/10 ===
2025-08-29 17:31:44,272 - Epoch 1/500 - Train Loss: 1.8570, Train Acc: 15.48% - Val loss: 1.8400, Val Acc: 14.29%
2025-08-29 17:31:52,628 - Early stopping à l'epoch 90
2025-08-29 17:31:52,631 - Fold 3 - Accuracy finale: 21.43%
2025-08-29 17:31:52,631 - === Fold 4/10 ===
2025-08-29 17:31:52,746 - Epoch 1/500 - Train Loss: 1.8604, Train Acc: 14.29% - Val loss: 1.8432, Val Acc: 14.29%
2025-08-29 17:32:01,074 - Early stopping à l'epoch 90
2025-08-29 17:32:01,078 - Fold 4 - Accuracy finale: 21.43%
2025-08-29 17:32:01,078 - === Fold 5/10 ===
2025-08-29 17:32:01,195 - Epoch 1/500 - Train Loss: 1.8563, Train Acc: 15.08% - Val loss: 1.8390, Val Acc: 14.29%
2025-08-29 17:32:09,670 - Early stopping à l'epoch 90
2025-08-29 17:32:09,674 - Fold 5 - Accuracy finale: 21.43%
2025-08-29 17:32:09,674 - === Fold 6/10 ===
2025-08-29 17:32:09,791 - Epoch 1/500 - Train Loss: 1.8559, Train Acc: 15.87% - Val loss: 1.8275, Val Acc: 14.29%
2025-08-29 17:32:19,969 - Early stopping à l'epoch 110
2025-08-29 17:32:19,973 - Fold 6 - Accuracy finale: 21.43%
2025-08-29 17:32:19,973 - === Fold 7/10 ===
2025-08-29 17:32:20,090 - Epoch 1/500 - Train Loss: 1.8537, Train Acc: 15.08% - Val loss: 1.8397, Val Acc: 14.29%
2025-08-29 17:32:32,791 - Early stopping à l'epoch 133
2025-08-29 17:32:32,795 - Fold 7 - Accuracy finale: 17.86%
2025-08-29 17:32:32,795 - === Fold 8/10 ===
2025-08-29 17:32:32,912 - Epoch 1/500 - Train Loss: 1.8532, Train Acc: 14.68% - Val loss: 1.8391, Val Acc: 14.29%
2025-08-29 17:32:44,757 - Early stopping à l'epoch 125
2025-08-29 17:32:44,760 - Fold 8 - Accuracy finale: 17.86%
2025-08-29 17:32:44,760 - === Fold 9/10 ===
2025-08-29 17:32:44,876 - Epoch 1/500 - Train Loss: 1.8596, Train Acc: 16.27% - Val loss: 1.8377, Val Acc: 17.86%
2025-08-29 17:32:54,190 - Early stopping à l'epoch 100
2025-08-29 17:32:54,193 - Fold 9 - Accuracy finale: 17.86%
2025-08-29 17:32:54,193 - === Fold 10/10 ===
2025-08-29 17:32:54,315 - Epoch 1/500 - Train Loss: 1.8589, Train Acc: 13.89% - Val loss: 1.8399, Val Acc: 17.86%
2025-08-29 17:33:03,431 - Early stopping à l'epoch 97
2025-08-29 17:33:03,435 - Fold 10 - Accuracy finale: 17.86%
2025-08-29 17:33:03,435 - 
2025-08-29 17:33:03,435 - Résultats de la validation croisée
2025-08-29 17:33:03,435 - 
2025-08-29 17:33:03,435 - Accuracy moyenne: 20.00% ± 1.75%
2025-08-29 17:33:03,436 - Loss moyenne: 1.7849 ± 0.0010
2025-08-29 17:33:03,436 - Nombre d'epochs moyen: 106
2025-08-29 17:33:03,436 - Accuracy par fold: ['21.43%', '21.43%', '21.43%', '21.43%', '21.43%', '21.43%', '17.86%', '17.86%', '17.86%', '17.86%']

2025-08-29 17:33:03,436 - Entrainement du modèle final pour le jeu d'hyperparamètres 2

2025-08-29 17:33:03,561 - Epoch 1/106 - Loss: 1.8561, Acc: 15.36%
2025-08-29 17:33:14,794 - Epoch 106/106 - Loss: 1.7834, Acc: 19.64%
2025-08-29 17:33:14,798 - 

2025-08-29 17:33:14,799 - Résultats finaux pour le jeu d'hyperparamètres 2

2025-08-29 17:33:14,799 - Accuracy de validation croisée: 20.00% ± 1.75%
2025-08-29 17:33:14,799 - Accuracy sur le test: 20.83%

2025-08-29 17:33:15,279 - JEU D'HYPERPARAMÈTRES 3:
2025-08-29 17:33:15,279 - {'estimator_name': 'LSTM', 'estimator_params': {'num_layers': 2, 'hidden_size': 80, 'dropout': 0}, 'weight_decay': 2.5e-06, 'lr': 0.005, 'scheduler_factor': 0.4, 'batch_size': 32}

2025-08-29 17:33:15,279 - Début de la validation croisée pour le jeu d'hyperparamètres 3

2025-08-29 17:33:15,279 - Variables sélectionnées : mêmes variables que celles retenues au départ (pas de sélection en avant)

2025-08-29 17:33:15,279 - === Fold 1/10 ===
2025-08-29 17:33:15,392 - Epoch 1/500 - Train Loss: 1.8779, Train Acc: 15.48% - Val loss: 1.8773, Val Acc: 14.29%
2025-08-29 17:33:27,547 - Early stopping à l'epoch 141
2025-08-29 17:33:27,550 - Fold 1 - Accuracy finale: 21.43%
2025-08-29 17:33:27,550 - === Fold 2/10 ===
2025-08-29 17:33:27,660 - Epoch 1/500 - Train Loss: 1.8764, Train Acc: 15.48% - Val loss: 1.8758, Val Acc: 14.29%
2025-08-29 17:33:40,012 - Early stopping à l'epoch 143
2025-08-29 17:33:40,015 - Fold 2 - Accuracy finale: 21.43%
2025-08-29 17:33:40,015 - === Fold 3/10 ===
2025-08-29 17:33:40,126 - Epoch 1/500 - Train Loss: 1.8789, Train Acc: 15.48% - Val loss: 1.8666, Val Acc: 14.29%
2025-08-29 17:33:52,312 - Early stopping à l'epoch 138
2025-08-29 17:33:52,315 - Fold 3 - Accuracy finale: 21.43%
2025-08-29 17:33:52,315 - === Fold 4/10 ===
2025-08-29 17:33:52,425 - Epoch 1/500 - Train Loss: 1.8767, Train Acc: 15.48% - Val loss: 1.8665, Val Acc: 14.29%
2025-08-29 17:34:04,148 - Early stopping à l'epoch 134
2025-08-29 17:34:04,151 - Fold 4 - Accuracy finale: 21.43%
2025-08-29 17:34:04,151 - === Fold 5/10 ===
2025-08-29 17:34:04,264 - Epoch 1/500 - Train Loss: 1.8793, Train Acc: 15.48% - Val loss: 1.8688, Val Acc: 14.29%
2025-08-29 17:34:17,222 - Early stopping à l'epoch 147
2025-08-29 17:34:17,225 - Fold 5 - Accuracy finale: 21.43%
2025-08-29 17:34:17,225 - === Fold 6/10 ===
2025-08-29 17:34:17,330 - Epoch 1/500 - Train Loss: 1.8831, Train Acc: 15.08% - Val loss: 1.8384, Val Acc: 17.86%
2025-08-29 17:34:25,447 - Early stopping à l'epoch 93
2025-08-29 17:34:25,450 - Fold 6 - Accuracy finale: 21.43%
2025-08-29 17:34:25,450 - === Fold 7/10 ===
2025-08-29 17:34:25,560 - Epoch 1/500 - Train Loss: 1.8793, Train Acc: 15.08% - Val loss: 1.8582, Val Acc: 17.86%
2025-08-29 17:34:33,915 - Early stopping à l'epoch 96
2025-08-29 17:34:33,918 - Fold 7 - Accuracy finale: 17.86%
2025-08-29 17:34:33,918 - === Fold 8/10 ===
2025-08-29 17:34:34,027 - Epoch 1/500 - Train Loss: 1.8779, Train Acc: 15.08% - Val loss: 1.8574, Val Acc: 17.86%
2025-08-29 17:34:42,132 - Early stopping à l'epoch 93
2025-08-29 17:34:42,135 - Fold 8 - Accuracy finale: 17.86%
2025-08-29 17:34:42,135 - === Fold 9/10 ===
2025-08-29 17:34:42,332 - Epoch 1/500 - Train Loss: 1.8780, Train Acc: 15.48% - Val loss: 1.8809, Val Acc: 14.29%
2025-08-29 17:34:55,274 - Early stopping à l'epoch 149
2025-08-29 17:34:55,277 - Fold 9 - Accuracy finale: 17.86%
2025-08-29 17:34:55,278 - === Fold 10/10 ===
2025-08-29 17:34:55,386 - Epoch 1/500 - Train Loss: 1.8756, Train Acc: 15.48% - Val loss: 1.8785, Val Acc: 14.29%
2025-08-29 17:35:04,957 - Early stopping à l'epoch 113
2025-08-29 17:35:04,960 - Fold 10 - Accuracy finale: 17.86%
2025-08-29 17:35:04,961 - 
2025-08-29 17:35:04,961 - Résultats de la validation croisée
2025-08-29 17:35:04,961 - 
2025-08-29 17:35:04,961 - Accuracy moyenne: 20.00% ± 1.75%
2025-08-29 17:35:04,961 - Loss moyenne: 1.7850 ± 0.0010
2025-08-29 17:35:04,961 - Nombre d'epochs moyen: 124
2025-08-29 17:35:04,961 - Accuracy par fold: ['21.43%', '21.43%', '21.43%', '21.43%', '21.43%', '21.43%', '17.86%', '17.86%', '17.86%', '17.86%']

2025-08-29 17:35:04,961 - Entrainement du modèle final pour le jeu d'hyperparamètres 3

2025-08-29 17:35:05,077 - Epoch 1/124 - Loss: 1.8763, Acc: 15.36%
2025-08-29 17:35:17,103 - Epoch 124/124 - Loss: 1.7844, Acc: 20.00%
2025-08-29 17:35:17,105 - 

2025-08-29 17:35:17,105 - Résultats finaux pour le jeu d'hyperparamètres 3

2025-08-29 17:35:17,105 - Accuracy de validation croisée: 20.00% ± 1.75%
2025-08-29 17:35:17,105 - Accuracy sur le test: 20.83%

2025-08-29 17:35:17,801 - JEU D'HYPERPARAMÈTRES 4:
2025-08-29 17:35:17,801 - {'estimator_name': 'Transformer', 'estimator_params': {'d_model': 36, 'nhead': 2, 'num_layers': 4, 'dropout': 0.075}, 'weight_decay': 1e-06, 'lr': 0.0055, 'scheduler_factor': 0.5, 'batch_size': 28}

2025-08-29 17:35:17,801 - Début de la validation croisée pour le jeu d'hyperparamètres 4

2025-08-29 17:35:17,801 - Variables sélectionnées : mêmes variables que celles retenues au départ (pas de sélection en avant)

2025-08-29 17:35:17,802 - === Fold 1/10 ===
2025-08-29 17:35:17,860 - Epoch 1/500 - Train Loss: 1.9998, Train Acc: 20.24% - Val loss: 1.6006, Val Acc: 32.14%
2025-08-29 17:35:21,117 - Early stopping à l'epoch 82
2025-08-29 17:35:21,119 - Fold 1 - Accuracy finale: 21.43%
2025-08-29 17:35:21,119 - === Fold 2/10 ===
2025-08-29 17:35:21,160 - Epoch 1/500 - Train Loss: 2.0801, Train Acc: 15.08% - Val loss: 1.7994, Val Acc: 17.86%
2025-08-29 17:35:26,454 - Early stopping à l'epoch 140
2025-08-29 17:35:26,456 - Fold 2 - Accuracy finale: 21.43%
2025-08-29 17:35:26,456 - === Fold 3/10 ===
2025-08-29 17:35:26,497 - Epoch 1/500 - Train Loss: 1.8680, Train Acc: 21.83% - Val loss: 1.3845, Val Acc: 39.29%
2025-08-29 17:35:29,769 - Early stopping à l'epoch 85
2025-08-29 17:35:29,771 - Fold 3 - Accuracy finale: 21.43%
2025-08-29 17:35:29,771 - === Fold 4/10 ===
2025-08-29 17:35:29,813 - Epoch 1/500 - Train Loss: 1.8349, Train Acc: 24.60% - Val loss: 1.3195, Val Acc: 32.14%
2025-08-29 17:35:32,859 - Early stopping à l'epoch 85
2025-08-29 17:35:32,861 - Fold 4 - Accuracy finale: 42.86%
2025-08-29 17:35:32,861 - === Fold 5/10 ===
2025-08-29 17:35:32,902 - Epoch 1/500 - Train Loss: 2.0612, Train Acc: 23.41% - Val loss: 1.8148, Val Acc: 21.43%
2025-08-29 17:35:38,975 - Early stopping à l'epoch 162
2025-08-29 17:35:38,977 - Fold 5 - Accuracy finale: 21.43%
2025-08-29 17:35:38,977 - === Fold 6/10 ===
2025-08-29 17:35:39,023 - Epoch 1/500 - Train Loss: 2.0809, Train Acc: 11.11% - Val loss: 1.8064, Val Acc: 35.71%
2025-08-29 17:35:43,236 - Early stopping à l'epoch 107
2025-08-29 17:35:43,238 - Fold 6 - Accuracy finale: 17.86%
2025-08-29 17:35:43,238 - === Fold 7/10 ===
2025-08-29 17:35:43,280 - Epoch 1/500 - Train Loss: 2.1013, Train Acc: 16.27% - Val loss: 1.8407, Val Acc: 28.57%
2025-08-29 17:35:46,318 - Early stopping à l'epoch 84
2025-08-29 17:35:46,320 - Fold 7 - Accuracy finale: 17.86%
2025-08-29 17:35:46,320 - === Fold 8/10 ===
2025-08-29 17:35:46,361 - Epoch 1/500 - Train Loss: 1.9710, Train Acc: 16.27% - Val loss: 1.7370, Val Acc: 35.71%
2025-08-29 17:35:49,382 - Early stopping à l'epoch 82
2025-08-29 17:35:49,384 - Fold 8 - Accuracy finale: 17.86%
2025-08-29 17:35:49,384 - === Fold 9/10 ===
2025-08-29 17:35:49,425 - Epoch 1/500 - Train Loss: 1.9331, Train Acc: 22.22% - Val loss: 1.4644, Val Acc: 35.71%
2025-08-29 17:35:52,819 - Early stopping à l'epoch 88
2025-08-29 17:35:52,821 - Fold 9 - Accuracy finale: 17.86%
2025-08-29 17:35:52,821 - === Fold 10/10 ===
2025-08-29 17:35:52,871 - Epoch 1/500 - Train Loss: 2.0143, Train Acc: 19.84% - Val loss: 1.7790, Val Acc: 17.86%
2025-08-29 17:35:56,155 - Early stopping à l'epoch 87
2025-08-29 17:35:56,157 - Fold 10 - Accuracy finale: 17.86%
2025-08-29 17:35:56,157 - 
2025-08-29 17:35:56,157 - Résultats de la validation croisée
2025-08-29 17:35:56,157 - 
2025-08-29 17:35:56,157 - Accuracy moyenne: 21.79% ± 7.22%
2025-08-29 17:35:56,157 - Loss moyenne: 1.7323 ± 0.1654
2025-08-29 17:35:56,157 - Nombre d'epochs moyen: 100
2025-08-29 17:35:56,157 - Accuracy par fold: ['21.43%', '21.43%', '21.43%', '42.86%', '21.43%', '17.86%', '17.86%', '17.86%', '17.86%', '17.86%']

2025-08-29 17:35:56,157 - Entrainement du modèle final pour le jeu d'hyperparamètres 4

2025-08-29 17:35:56,202 - Epoch 1/100 - Loss: 2.0214, Acc: 16.07%
2025-08-29 17:36:00,304 - Epoch 100/100 - Loss: 1.7865, Acc: 20.00%
2025-08-29 17:36:00,306 - 

2025-08-29 17:36:00,306 - Résultats finaux pour le jeu d'hyperparamètres 4

2025-08-29 17:36:00,306 - Accuracy de validation croisée: 21.79% ± 7.22%
2025-08-29 17:36:00,306 - Accuracy sur le test: 20.83%

2025-08-29 17:36:01,040 - JEU D'HYPERPARAMÈTRES 5:
2025-08-29 17:36:01,040 - {'estimator_name': 'CNN + LSTM', 'estimator_params': {'out_channels': 8, 'num_layers': 2, 'hidden_size': 96, 'dropout': 0.15}, 'weight_decay': 5e-07, 'lr': 0.0045, 'scheduler_factor': 0.4, 'batch_size': 36}

2025-08-29 17:36:01,040 - Début de la validation croisée pour le jeu d'hyperparamètres 5

2025-08-29 17:36:01,040 - Variables sélectionnées : mêmes variables que celles retenues au départ (pas de sélection en avant)

2025-08-29 17:36:01,041 - === Fold 1/10 ===
2025-08-29 17:36:01,316 - Epoch 1/500 - Train Loss: 1.9129, Train Acc: 14.68% - Val loss: 1.8730, Val Acc: 17.86%
2025-08-29 17:36:12,522 - Early stopping à l'epoch 96
2025-08-29 17:36:12,525 - Fold 1 - Accuracy finale: 17.86%
2025-08-29 17:36:12,525 - === Fold 2/10 ===
2025-08-29 17:36:12,669 - Epoch 1/500 - Train Loss: 1.9166, Train Acc: 14.68% - Val loss: 1.8747, Val Acc: 17.86%
2025-08-29 17:36:23,778 - Early stopping à l'epoch 98
2025-08-29 17:36:23,782 - Fold 2 - Accuracy finale: 21.43%
2025-08-29 17:36:23,782 - === Fold 3/10 ===
2025-08-29 17:36:23,934 - Epoch 1/500 - Train Loss: 1.9122, Train Acc: 15.08% - Val loss: 1.8908, Val Acc: 14.29%
2025-08-29 17:36:36,089 - Early stopping à l'epoch 104
2025-08-29 17:36:36,092 - Fold 3 - Accuracy finale: 21.43%
2025-08-29 17:36:36,092 - === Fold 4/10 ===
2025-08-29 17:36:36,237 - Epoch 1/500 - Train Loss: 1.9185, Train Acc: 15.08% - Val loss: 1.8914, Val Acc: 14.29%
2025-08-29 17:36:54,886 - Early stopping à l'epoch 162
2025-08-29 17:36:54,890 - Fold 4 - Accuracy finale: 17.86%
2025-08-29 17:36:54,890 - === Fold 5/10 ===
2025-08-29 17:36:55,034 - Epoch 1/500 - Train Loss: 1.9139, Train Acc: 15.08% - Val loss: 1.8894, Val Acc: 14.29%
2025-08-29 17:37:12,008 - Early stopping à l'epoch 146
2025-08-29 17:37:12,011 - Fold 5 - Accuracy finale: 17.86%
2025-08-29 17:37:12,011 - === Fold 6/10 ===
2025-08-29 17:37:12,152 - Epoch 1/500 - Train Loss: 1.9084, Train Acc: 15.08% - Val loss: 1.9167, Val Acc: 14.29%
2025-08-29 17:37:33,228 - Early stopping à l'epoch 184
2025-08-29 17:37:33,231 - Fold 6 - Accuracy finale: 21.43%
2025-08-29 17:37:33,231 - === Fold 7/10 ===
2025-08-29 17:37:33,375 - Epoch 1/500 - Train Loss: 1.9153, Train Acc: 15.08% - Val loss: 1.9290, Val Acc: 14.29%
2025-08-29 17:37:52,477 - Early stopping à l'epoch 162
2025-08-29 17:37:52,481 - Fold 7 - Accuracy finale: 17.86%
2025-08-29 17:37:52,481 - === Fold 8/10 ===
2025-08-29 17:37:52,626 - Epoch 1/500 - Train Loss: 1.9102, Train Acc: 15.08% - Val loss: 1.9295, Val Acc: 14.29%
2025-08-29 17:38:12,604 - Early stopping à l'epoch 174
2025-08-29 17:38:12,607 - Fold 8 - Accuracy finale: 17.86%
2025-08-29 17:38:12,607 - === Fold 9/10 ===
2025-08-29 17:38:12,747 - Epoch 1/500 - Train Loss: 1.9112, Train Acc: 15.08% - Val loss: 1.8866, Val Acc: 14.29%
2025-08-29 17:38:24,845 - Early stopping à l'epoch 105
2025-08-29 17:38:24,848 - Fold 9 - Accuracy finale: 17.86%
2025-08-29 17:38:24,848 - === Fold 10/10 ===
2025-08-29 17:38:24,996 - Epoch 1/500 - Train Loss: 1.9109, Train Acc: 15.08% - Val loss: 1.8896, Val Acc: 14.29%
2025-08-29 17:38:37,079 - Early stopping à l'epoch 106
2025-08-29 17:38:37,082 - Fold 10 - Accuracy finale: 17.86%
2025-08-29 17:38:37,083 - 
2025-08-29 17:38:37,083 - Résultats de la validation croisée
2025-08-29 17:38:37,083 - 
2025-08-29 17:38:37,083 - Accuracy moyenne: 18.93% ± 1.64%
2025-08-29 17:38:37,083 - Loss moyenne: 1.7849 ± 0.0009
2025-08-29 17:38:37,083 - Nombre d'epochs moyen: 133
2025-08-29 17:38:37,083 - Accuracy par fold: ['17.86%', '21.43%', '21.43%', '17.86%', '17.86%', '21.43%', '17.86%', '17.86%', '17.86%', '17.86%']

2025-08-29 17:38:37,083 - Entrainement du modèle final pour le jeu d'hyperparamètres 5

2025-08-29 17:38:37,244 - Epoch 1/133 - Loss: 1.9025, Acc: 15.00%
2025-08-29 17:38:54,770 - Epoch 133/133 - Loss: 1.7856, Acc: 20.36%
2025-08-29 17:38:54,773 - 

2025-08-29 17:38:54,773 - Résultats finaux pour le jeu d'hyperparamètres 5

2025-08-29 17:38:54,773 - Accuracy de validation croisée: 18.93% ± 1.64%
2025-08-29 17:38:54,773 - Accuracy sur le test: 20.83%

2025-08-29 17:38:55,750 - JEU D'HYPERPARAMÈTRES 6:
2025-08-29 17:38:55,750 - {'estimator_name': 'Transformer', 'estimator_params': {'d_model': 60, 'nhead': 12, 'num_layers': 3, 'dropout': 0.175}, 'weight_decay': 5e-06, 'lr': 0.005, 'scheduler_factor': 0.5, 'batch_size': 28}

2025-08-29 17:38:55,750 - Début de la validation croisée pour le jeu d'hyperparamètres 6

2025-08-29 17:38:55,750 - Variables sélectionnées : mêmes variables que celles retenues au départ (pas de sélection en avant)

2025-08-29 17:38:55,751 - === Fold 1/10 ===
2025-08-29 17:38:55,792 - Epoch 1/500 - Train Loss: 2.3710, Train Acc: 15.08% - Val loss: 1.8912, Val Acc: 21.43%
2025-08-29 17:39:02,399 - Epoch 201/500 - Train Loss: 0.9969, Train Acc: 65.08% - Val loss: 1.1461, Val Acc: 57.14%
2025-08-29 17:39:04,210 - Early stopping à l'epoch 254
2025-08-29 17:39:04,211 - Fold 1 - Accuracy finale: 57.14%
2025-08-29 17:39:04,211 - === Fold 2/10 ===
2025-08-29 17:39:04,248 - Epoch 1/500 - Train Loss: 2.1674, Train Acc: 21.83% - Val loss: 1.5275, Val Acc: 32.14%
2025-08-29 17:39:11,194 - Epoch 201/500 - Train Loss: 0.2037, Train Acc: 92.86% - Val loss: 0.8091, Val Acc: 85.71%
2025-08-29 17:39:11,637 - Early stopping à l'epoch 214
2025-08-29 17:39:11,639 - Fold 2 - Accuracy finale: 82.14%
2025-08-29 17:39:11,639 - === Fold 3/10 ===
2025-08-29 17:39:11,678 - Epoch 1/500 - Train Loss: 2.0116, Train Acc: 28.17% - Val loss: 1.5114, Val Acc: 32.14%
2025-08-29 17:39:18,232 - Epoch 201/500 - Train Loss: 0.0132, Train Acc: 99.60% - Val loss: 0.5651, Val Acc: 82.14%
2025-08-29 17:39:18,267 - Early stopping à l'epoch 202
2025-08-29 17:39:18,269 - Fold 3 - Accuracy finale: 82.14%
2025-08-29 17:39:18,269 - === Fold 4/10 ===
2025-08-29 17:39:18,310 - Epoch 1/500 - Train Loss: 2.1701, Train Acc: 17.46% - Val loss: 1.8708, Val Acc: 14.29%
2025-08-29 17:39:22,184 - Early stopping à l'epoch 123
2025-08-29 17:39:22,186 - Fold 4 - Accuracy finale: 42.86%
2025-08-29 17:39:22,186 - === Fold 5/10 ===
2025-08-29 17:39:22,223 - Epoch 1/500 - Train Loss: 2.2430, Train Acc: 14.29% - Val loss: 1.8535, Val Acc: 14.29%
2025-08-29 17:39:24,878 - Early stopping à l'epoch 84
2025-08-29 17:39:24,880 - Fold 5 - Accuracy finale: 17.86%
2025-08-29 17:39:24,880 - === Fold 6/10 ===
2025-08-29 17:39:24,916 - Epoch 1/500 - Train Loss: 2.1928, Train Acc: 17.46% - Val loss: 1.8228, Val Acc: 17.86%
2025-08-29 17:39:28,585 - Early stopping à l'epoch 110
2025-08-29 17:39:28,586 - Fold 6 - Accuracy finale: 60.71%
2025-08-29 17:39:28,586 - === Fold 7/10 ===
2025-08-29 17:39:28,623 - Epoch 1/500 - Train Loss: 2.0018, Train Acc: 26.59% - Val loss: 1.3457, Val Acc: 35.71%
2025-08-29 17:39:31,370 - Early stopping à l'epoch 85
2025-08-29 17:39:31,371 - Fold 7 - Accuracy finale: 32.14%
2025-08-29 17:39:31,371 - === Fold 8/10 ===
2025-08-29 17:39:31,412 - Epoch 1/500 - Train Loss: 2.2903, Train Acc: 12.70% - Val loss: 1.8058, Val Acc: 17.86%
2025-08-29 17:39:37,553 - Early stopping à l'epoch 186
2025-08-29 17:39:37,554 - Fold 8 - Accuracy finale: 39.29%
2025-08-29 17:39:37,554 - === Fold 9/10 ===
2025-08-29 17:39:37,593 - Epoch 1/500 - Train Loss: 2.1209, Train Acc: 22.22% - Val loss: 1.6374, Val Acc: 17.86%
2025-08-29 17:39:42,623 - Early stopping à l'epoch 148
2025-08-29 17:39:42,625 - Fold 9 - Accuracy finale: 46.43%
2025-08-29 17:39:42,625 - === Fold 10/10 ===
2025-08-29 17:39:42,666 - Epoch 1/500 - Train Loss: 2.1935, Train Acc: 15.08% - Val loss: 1.7718, Val Acc: 21.43%
2025-08-29 17:39:48,110 - Early stopping à l'epoch 154
2025-08-29 17:39:48,111 - Fold 10 - Accuracy finale: 46.43%
2025-08-29 17:39:48,112 - 
2025-08-29 17:39:48,112 - Résultats de la validation croisée
2025-08-29 17:39:48,112 - 
2025-08-29 17:39:48,112 - Accuracy moyenne: 50.71% ± 19.42%
2025-08-29 17:39:48,112 - Loss moyenne: 1.3887 ± 0.7111
2025-08-29 17:39:48,112 - Nombre d'epochs moyen: 156
2025-08-29 17:39:48,112 - Accuracy par fold: ['57.14%', '82.14%', '82.14%', '42.86%', '17.86%', '60.71%', '32.14%', '39.29%', '46.43%', '46.43%']

2025-08-29 17:39:48,112 - Entrainement du modèle final pour le jeu d'hyperparamètres 6

2025-08-29 17:39:48,153 - Epoch 1/156 - Loss: 1.9094, Acc: 28.21%
2025-08-29 17:39:54,044 - Epoch 156/156 - Loss: 1.1736, Acc: 53.57%
2025-08-29 17:39:54,046 - 

2025-08-29 17:39:54,046 - Résultats finaux pour le jeu d'hyperparamètres 6

2025-08-29 17:39:54,046 - Accuracy de validation croisée: 50.71% ± 19.42%
2025-08-29 17:39:54,046 - Accuracy sur le test: 40.00%

2025-08-29 17:39:55,162 - JEU D'HYPERPARAMÈTRES 7:
2025-08-29 17:39:55,162 - {'estimator_name': 'CNN + LSTM', 'estimator_params': {'out_channels': 32, 'num_layers': 3, 'hidden_size': 64, 'dropout': 0.025}, 'weight_decay': 2.5e-06, 'lr': 0.005, 'scheduler_factor': 0.6, 'batch_size': 32}

2025-08-29 17:39:55,162 - Début de la validation croisée pour le jeu d'hyperparamètres 7

2025-08-29 17:39:55,162 - Variables sélectionnées : mêmes variables que celles retenues au départ (pas de sélection en avant)

2025-08-29 17:39:55,163 - === Fold 1/10 ===
2025-08-29 17:39:55,276 - Epoch 1/500 - Train Loss: 1.8334, Train Acc: 15.48% - Val loss: 1.8216, Val Acc: 14.29%
2025-08-29 17:40:05,519 - Early stopping à l'epoch 113
2025-08-29 17:40:05,522 - Fold 1 - Accuracy finale: 21.43%
2025-08-29 17:40:05,522 - === Fold 2/10 ===
2025-08-29 17:40:05,630 - Epoch 1/500 - Train Loss: 1.8353, Train Acc: 15.48% - Val loss: 1.8190, Val Acc: 14.29%
2025-08-29 17:40:14,106 - Early stopping à l'epoch 96
2025-08-29 17:40:14,109 - Fold 2 - Accuracy finale: 21.43%
2025-08-29 17:40:14,109 - === Fold 3/10 ===
2025-08-29 17:40:14,226 - Epoch 1/500 - Train Loss: 1.8331, Train Acc: 15.08% - Val loss: 1.8032, Val Acc: 17.86%
2025-08-29 17:40:22,297 - Early stopping à l'epoch 87
2025-08-29 17:40:22,300 - Fold 3 - Accuracy finale: 21.43%
2025-08-29 17:40:22,300 - === Fold 4/10 ===
2025-08-29 17:40:22,407 - Epoch 1/500 - Train Loss: 1.8387, Train Acc: 15.08% - Val loss: 1.8037, Val Acc: 17.86%
2025-08-29 17:40:33,169 - Early stopping à l'epoch 119
2025-08-29 17:40:33,171 - Fold 4 - Accuracy finale: 21.43%
2025-08-29 17:40:33,171 - === Fold 5/10 ===
2025-08-29 17:40:33,279 - Epoch 1/500 - Train Loss: 1.8358, Train Acc: 15.08% - Val loss: 1.8027, Val Acc: 17.86%
2025-08-29 17:40:41,718 - Early stopping à l'epoch 93
2025-08-29 17:40:41,720 - Fold 5 - Accuracy finale: 21.43%
2025-08-29 17:40:41,720 - === Fold 6/10 ===
2025-08-29 17:40:41,829 - Epoch 1/500 - Train Loss: 1.8365, Train Acc: 15.48% - Val loss: 1.8214, Val Acc: 14.29%
2025-08-29 17:40:53,452 - Early stopping à l'epoch 130
2025-08-29 17:40:53,454 - Fold 6 - Accuracy finale: 21.43%
2025-08-29 17:40:53,454 - === Fold 7/10 ===
2025-08-29 17:40:53,565 - Epoch 1/500 - Train Loss: 1.8338, Train Acc: 15.48% - Val loss: 1.8378, Val Acc: 14.29%
2025-08-29 17:41:02,172 - Early stopping à l'epoch 97
2025-08-29 17:41:02,174 - Fold 7 - Accuracy finale: 17.86%
2025-08-29 17:41:02,174 - === Fold 8/10 ===
2025-08-29 17:41:02,286 - Epoch 1/500 - Train Loss: 1.8378, Train Acc: 15.48% - Val loss: 1.8388, Val Acc: 14.29%
2025-08-29 17:41:11,209 - Early stopping à l'epoch 95
2025-08-29 17:41:11,212 - Fold 8 - Accuracy finale: 17.86%
2025-08-29 17:41:11,212 - === Fold 9/10 ===
2025-08-29 17:41:11,318 - Epoch 1/500 - Train Loss: 1.8323, Train Acc: 15.48% - Val loss: 1.8486, Val Acc: 14.29%
2025-08-29 17:41:20,008 - Early stopping à l'epoch 96
2025-08-29 17:41:20,011 - Fold 9 - Accuracy finale: 17.86%
2025-08-29 17:41:20,011 - === Fold 10/10 ===
2025-08-29 17:41:20,119 - Epoch 1/500 - Train Loss: 1.8301, Train Acc: 15.48% - Val loss: 1.8473, Val Acc: 14.29%
2025-08-29 17:41:33,636 - Early stopping à l'epoch 146
2025-08-29 17:41:33,638 - Fold 10 - Accuracy finale: 17.86%
2025-08-29 17:41:33,639 - 
2025-08-29 17:41:33,639 - Résultats de la validation croisée
2025-08-29 17:41:33,639 - 
2025-08-29 17:41:33,639 - Accuracy moyenne: 20.00% ± 1.75%
2025-08-29 17:41:33,639 - Loss moyenne: 1.7848 ± 0.0011
2025-08-29 17:41:33,639 - Nombre d'epochs moyen: 107
2025-08-29 17:41:33,639 - Accuracy par fold: ['21.43%', '21.43%', '21.43%', '21.43%', '21.43%', '21.43%', '17.86%', '17.86%', '17.86%', '17.86%']

2025-08-29 17:41:33,639 - Entrainement du modèle final pour le jeu d'hyperparamètres 7

2025-08-29 17:41:33,761 - Epoch 1/107 - Loss: 1.8301, Acc: 15.36%
2025-08-29 17:41:44,783 - Epoch 107/107 - Loss: 1.7849, Acc: 18.57%
2025-08-29 17:41:44,785 - 

2025-08-29 17:41:44,785 - Résultats finaux pour le jeu d'hyperparamètres 7

2025-08-29 17:41:44,785 - Accuracy de validation croisée: 20.00% ± 1.75%
2025-08-29 17:41:44,785 - Accuracy sur le test: 20.83%

2025-08-29 17:41:46,114 - JEU D'HYPERPARAMÈTRES 8:
2025-08-29 17:41:46,114 - {'estimator_name': 'Transformer', 'estimator_params': {'d_model': 48, 'nhead': 12, 'num_layers': 4, 'dropout': 0.05}, 'weight_decay': 7.5e-07, 'lr': 0.0055, 'scheduler_factor': 0.5, 'batch_size': 36}

2025-08-29 17:41:46,114 - Début de la validation croisée pour le jeu d'hyperparamètres 8

2025-08-29 17:41:46,114 - Variables sélectionnées : mêmes variables que celles retenues au départ (pas de sélection en avant)

2025-08-29 17:41:46,115 - === Fold 1/10 ===
2025-08-29 17:41:46,150 - Epoch 1/500 - Train Loss: 2.1412, Train Acc: 14.29% - Val loss: 1.9957, Val Acc: 17.86%
2025-08-29 17:41:48,595 - Early stopping à l'epoch 88
2025-08-29 17:41:48,597 - Fold 1 - Accuracy finale: 21.43%
2025-08-29 17:41:48,597 - === Fold 2/10 ===
2025-08-29 17:41:48,632 - Epoch 1/500 - Train Loss: 2.2393, Train Acc: 18.65% - Val loss: 2.0786, Val Acc: 17.86%
2025-08-29 17:41:52,363 - Early stopping à l'epoch 132
2025-08-29 17:41:52,365 - Fold 2 - Accuracy finale: 21.43%
2025-08-29 17:41:52,365 - === Fold 3/10 ===
2025-08-29 17:41:52,403 - Epoch 1/500 - Train Loss: 2.0614, Train Acc: 20.24% - Val loss: 1.8484, Val Acc: 14.29%
2025-08-29 17:41:55,102 - Early stopping à l'epoch 91
2025-08-29 17:41:55,104 - Fold 3 - Accuracy finale: 21.43%
2025-08-29 17:41:55,104 - === Fold 4/10 ===
2025-08-29 17:41:55,138 - Epoch 1/500 - Train Loss: 2.1196, Train Acc: 18.65% - Val loss: 1.8834, Val Acc: 14.29%
2025-08-29 17:41:58,086 - Early stopping à l'epoch 98
2025-08-29 17:41:58,089 - Fold 4 - Accuracy finale: 21.43%
2025-08-29 17:41:58,089 - === Fold 5/10 ===
2025-08-29 17:41:58,125 - Epoch 1/500 - Train Loss: 2.1669, Train Acc: 19.05% - Val loss: 1.8144, Val Acc: 21.43%
2025-08-29 17:42:00,628 - Early stopping à l'epoch 85
2025-08-29 17:42:00,630 - Fold 5 - Accuracy finale: 21.43%
2025-08-29 17:42:00,630 - === Fold 6/10 ===
2025-08-29 17:42:00,664 - Epoch 1/500 - Train Loss: 2.0925, Train Acc: 18.25% - Val loss: 1.8729, Val Acc: 17.86%
2025-08-29 17:42:03,486 - Early stopping à l'epoch 98
2025-08-29 17:42:03,487 - Fold 6 - Accuracy finale: 17.86%
2025-08-29 17:42:03,487 - === Fold 7/10 ===
2025-08-29 17:42:03,525 - Epoch 1/500 - Train Loss: 2.1082, Train Acc: 17.46% - Val loss: 1.9356, Val Acc: 21.43%
2025-08-29 17:42:06,137 - Early stopping à l'epoch 90
2025-08-29 17:42:06,138 - Fold 7 - Accuracy finale: 17.86%
2025-08-29 17:42:06,138 - === Fold 8/10 ===
2025-08-29 17:42:06,172 - Epoch 1/500 - Train Loss: 2.0570, Train Acc: 20.24% - Val loss: 1.8214, Val Acc: 21.43%
2025-08-29 17:42:08,648 - Early stopping à l'epoch 86
2025-08-29 17:42:08,650 - Fold 8 - Accuracy finale: 50.00%
2025-08-29 17:42:08,650 - === Fold 9/10 ===
2025-08-29 17:42:08,683 - Epoch 1/500 - Train Loss: 2.1861, Train Acc: 15.87% - Val loss: 1.8979, Val Acc: 17.86%
2025-08-29 17:42:11,686 - Early stopping à l'epoch 100
2025-08-29 17:42:11,688 - Fold 9 - Accuracy finale: 17.86%
2025-08-29 17:42:11,688 - === Fold 10/10 ===
2025-08-29 17:42:11,726 - Epoch 1/500 - Train Loss: 2.1834, Train Acc: 15.48% - Val loss: 1.8540, Val Acc: 21.43%
2025-08-29 17:42:14,851 - Early stopping à l'epoch 110
2025-08-29 17:42:14,853 - Fold 10 - Accuracy finale: 17.86%
2025-08-29 17:42:14,854 - 
2025-08-29 17:42:14,854 - Résultats de la validation croisée
2025-08-29 17:42:14,854 - 
2025-08-29 17:42:14,854 - Accuracy moyenne: 22.86% ± 9.20%
2025-08-29 17:42:14,854 - Loss moyenne: 1.7454 ± 0.1465
2025-08-29 17:42:14,854 - Nombre d'epochs moyen: 97
2025-08-29 17:42:14,854 - Accuracy par fold: ['21.43%', '21.43%', '21.43%', '21.43%', '21.43%', '17.86%', '17.86%', '50.00%', '17.86%', '17.86%']

2025-08-29 17:42:14,854 - Entrainement du modèle final pour le jeu d'hyperparamètres 8

2025-08-29 17:42:14,892 - Epoch 1/97 - Loss: 2.1375, Acc: 12.50%
2025-08-29 17:42:17,845 - Epoch 97/97 - Loss: 1.7916, Acc: 17.14%
2025-08-29 17:42:17,848 - 

2025-08-29 17:42:17,848 - Résultats finaux pour le jeu d'hyperparamètres 8

2025-08-29 17:42:17,848 - Accuracy de validation croisée: 22.86% ± 9.20%
2025-08-29 17:42:17,848 - Accuracy sur le test: 20.83%

2025-08-29 17:42:19,146 - JEU D'HYPERPARAMÈTRES 9:
2025-08-29 17:42:19,146 - {'estimator_name': 'Transformer', 'estimator_params': {'d_model': 60, 'nhead': 3, 'num_layers': 4, 'dropout': 0}, 'weight_decay': 2.5e-06, 'lr': 0.004, 'scheduler_factor': 0.6, 'batch_size': 36}

2025-08-29 17:42:19,146 - Début de la validation croisée pour le jeu d'hyperparamètres 9

2025-08-29 17:42:19,146 - Variables sélectionnées : mêmes variables que celles retenues au départ (pas de sélection en avant)

2025-08-29 17:42:19,147 - === Fold 1/10 ===
2025-08-29 17:42:19,211 - Epoch 1/500 - Train Loss: 2.5373, Train Acc: 15.87% - Val loss: 1.9198, Val Acc: 21.43%
2025-08-29 17:42:21,820 - Early stopping à l'epoch 89
2025-08-29 17:42:21,822 - Fold 1 - Accuracy finale: 21.43%
2025-08-29 17:42:21,822 - === Fold 2/10 ===
2025-08-29 17:42:21,854 - Epoch 1/500 - Train Loss: 2.2581, Train Acc: 24.21% - Val loss: 1.4615, Val Acc: 39.29%
2025-08-29 17:42:24,026 - Early stopping à l'epoch 84
2025-08-29 17:42:24,027 - Fold 2 - Accuracy finale: 21.43%
2025-08-29 17:42:24,027 - === Fold 3/10 ===
2025-08-29 17:42:24,059 - Epoch 1/500 - Train Loss: 2.2380, Train Acc: 21.83% - Val loss: 1.8590, Val Acc: 25.00%
2025-08-29 17:42:27,015 - Early stopping à l'epoch 104
2025-08-29 17:42:27,016 - Fold 3 - Accuracy finale: 46.43%
2025-08-29 17:42:27,016 - === Fold 4/10 ===
2025-08-29 17:42:27,051 - Epoch 1/500 - Train Loss: 2.4380, Train Acc: 17.06% - Val loss: 1.8906, Val Acc: 32.14%
2025-08-29 17:42:29,694 - Early stopping à l'epoch 89
2025-08-29 17:42:29,696 - Fold 4 - Accuracy finale: 17.86%
2025-08-29 17:42:29,696 - === Fold 5/10 ===
2025-08-29 17:42:29,731 - Epoch 1/500 - Train Loss: 2.3707, Train Acc: 15.48% - Val loss: 1.9867, Val Acc: 17.86%
2025-08-29 17:42:32,393 - Early stopping à l'epoch 91
2025-08-29 17:42:32,395 - Fold 5 - Accuracy finale: 17.86%
2025-08-29 17:42:32,395 - === Fold 6/10 ===
2025-08-29 17:42:32,429 - Epoch 1/500 - Train Loss: 2.4226, Train Acc: 15.48% - Val loss: 1.9438, Val Acc: 17.86%
2025-08-29 17:42:34,726 - Early stopping à l'epoch 85
2025-08-29 17:42:34,727 - Fold 6 - Accuracy finale: 17.86%
2025-08-29 17:42:34,727 - === Fold 7/10 ===
2025-08-29 17:42:34,763 - Epoch 1/500 - Train Loss: 2.2793, Train Acc: 14.29% - Val loss: 1.9510, Val Acc: 17.86%
2025-08-29 17:42:37,763 - Early stopping à l'epoch 106
2025-08-29 17:42:37,765 - Fold 7 - Accuracy finale: 17.86%
2025-08-29 17:42:37,765 - === Fold 8/10 ===
2025-08-29 17:42:37,802 - Epoch 1/500 - Train Loss: 2.3019, Train Acc: 15.48% - Val loss: 1.8501, Val Acc: 21.43%
2025-08-29 17:42:40,296 - Early stopping à l'epoch 95
2025-08-29 17:42:40,298 - Fold 8 - Accuracy finale: 17.86%
2025-08-29 17:42:40,298 - === Fold 9/10 ===
2025-08-29 17:42:40,331 - Epoch 1/500 - Train Loss: 2.2425, Train Acc: 20.24% - Val loss: 1.9044, Val Acc: 17.86%
2025-08-29 17:42:43,118 - Early stopping à l'epoch 106
2025-08-29 17:42:43,120 - Fold 9 - Accuracy finale: 46.43%
2025-08-29 17:42:43,120 - === Fold 10/10 ===
2025-08-29 17:42:43,152 - Epoch 1/500 - Train Loss: 2.4606, Train Acc: 20.63% - Val loss: 1.9931, Val Acc: 17.86%
2025-08-29 17:42:45,699 - Early stopping à l'epoch 96
2025-08-29 17:42:45,700 - Fold 10 - Accuracy finale: 17.86%
2025-08-29 17:42:45,701 - 
2025-08-29 17:42:45,701 - Résultats de la validation croisée
2025-08-29 17:42:45,701 - 
2025-08-29 17:42:45,701 - Accuracy moyenne: 24.29% ± 11.16%
2025-08-29 17:42:45,701 - Loss moyenne: 1.6764 ± 0.2201
2025-08-29 17:42:45,701 - Nombre d'epochs moyen: 94
2025-08-29 17:42:45,701 - Accuracy par fold: ['21.43%', '21.43%', '46.43%', '17.86%', '17.86%', '17.86%', '17.86%', '17.86%', '46.43%', '17.86%']

2025-08-29 17:42:45,701 - Entrainement du modèle final pour le jeu d'hyperparamètres 9

2025-08-29 17:42:45,736 - Epoch 1/94 - Loss: 2.2070, Acc: 24.64%
2025-08-29 17:42:48,398 - Epoch 94/94 - Loss: 1.2480, Acc: 44.64%
2025-08-29 17:42:48,400 - 

2025-08-29 17:42:48,400 - Résultats finaux pour le jeu d'hyperparamètres 9

2025-08-29 17:42:48,400 - Accuracy de validation croisée: 24.29% ± 11.16%
2025-08-29 17:42:48,400 - Accuracy sur le test: 41.67%

2025-08-29 17:42:49,847 - JEU D'HYPERPARAMÈTRES 10:
2025-08-29 17:42:49,847 - {'estimator_name': 'LSTM', 'estimator_params': {'num_layers': 3, 'hidden_size': 80, 'dropout': 0.075}, 'weight_decay': 5e-06, 'lr': 0.0035, 'scheduler_factor': 0.5, 'batch_size': 28}

2025-08-29 17:42:49,847 - Début de la validation croisée pour le jeu d'hyperparamètres 10

2025-08-29 17:42:49,847 - Variables sélectionnées : mêmes variables que celles retenues au départ (pas de sélection en avant)

2025-08-29 17:42:49,848 - === Fold 1/10 ===
2025-08-29 17:42:49,990 - Epoch 1/500 - Train Loss: 1.8405, Train Acc: 19.84% - Val loss: 1.8174, Val Acc: 21.43%
2025-08-29 17:43:05,772 - Early stopping à l'epoch 127
2025-08-29 17:43:05,776 - Fold 1 - Accuracy finale: 21.43%
2025-08-29 17:43:05,776 - === Fold 2/10 ===
2025-08-29 17:43:05,921 - Epoch 1/500 - Train Loss: 1.8401, Train Acc: 19.84% - Val loss: 1.8188, Val Acc: 21.43%
2025-08-29 17:43:21,190 - Early stopping à l'epoch 125
2025-08-29 17:43:21,193 - Fold 2 - Accuracy finale: 21.43%
2025-08-29 17:43:21,193 - === Fold 3/10 ===
2025-08-29 17:43:21,336 - Epoch 1/500 - Train Loss: 1.8401, Train Acc: 19.84% - Val loss: 1.8063, Val Acc: 21.43%
2025-08-29 17:43:32,577 - Early stopping à l'epoch 92
2025-08-29 17:43:32,580 - Fold 3 - Accuracy finale: 21.43%
2025-08-29 17:43:32,580 - === Fold 4/10 ===
2025-08-29 17:43:32,730 - Epoch 1/500 - Train Loss: 1.8422, Train Acc: 19.84% - Val loss: 1.8073, Val Acc: 21.43%
2025-08-29 17:43:44,155 - Early stopping à l'epoch 92
2025-08-29 17:43:44,159 - Fold 4 - Accuracy finale: 21.43%
2025-08-29 17:43:44,159 - === Fold 5/10 ===
2025-08-29 17:43:44,304 - Epoch 1/500 - Train Loss: 1.8390, Train Acc: 19.84% - Val loss: 1.8065, Val Acc: 21.43%
2025-08-29 17:43:55,486 - Early stopping à l'epoch 92
2025-08-29 17:43:55,490 - Fold 5 - Accuracy finale: 21.43%
2025-08-29 17:43:55,490 - === Fold 6/10 ===
2025-08-29 17:43:55,631 - Epoch 1/500 - Train Loss: 1.8388, Train Acc: 19.84% - Val loss: 1.8364, Val Acc: 21.43%
2025-08-29 17:44:11,843 - Early stopping à l'epoch 133
2025-08-29 17:44:11,846 - Fold 6 - Accuracy finale: 21.43%
2025-08-29 17:44:11,846 - === Fold 7/10 ===
2025-08-29 17:44:11,989 - Epoch 1/500 - Train Loss: 1.8351, Train Acc: 20.24% - Val loss: 1.8556, Val Acc: 17.86%
2025-08-29 17:44:26,610 - Early stopping à l'epoch 119
2025-08-29 17:44:26,613 - Fold 7 - Accuracy finale: 17.86%
2025-08-29 17:44:26,613 - === Fold 8/10 ===
2025-08-29 17:44:26,764 - Epoch 1/500 - Train Loss: 1.8366, Train Acc: 20.24% - Val loss: 1.8570, Val Acc: 17.86%
2025-08-29 17:44:44,646 - Early stopping à l'epoch 146
2025-08-29 17:44:44,650 - Fold 8 - Accuracy finale: 17.86%
2025-08-29 17:44:44,650 - === Fold 9/10 ===
2025-08-29 17:44:44,793 - Epoch 1/500 - Train Loss: 1.8360, Train Acc: 20.24% - Val loss: 1.8494, Val Acc: 17.86%
2025-08-29 17:45:00,016 - Early stopping à l'epoch 126
2025-08-29 17:45:00,019 - Fold 9 - Accuracy finale: 17.86%
2025-08-29 17:45:00,019 - === Fold 10/10 ===
2025-08-29 17:45:00,173 - Epoch 1/500 - Train Loss: 1.8327, Train Acc: 20.24% - Val loss: 1.8512, Val Acc: 17.86%
2025-08-29 17:45:17,898 - Early stopping à l'epoch 145
2025-08-29 17:45:17,901 - Fold 10 - Accuracy finale: 17.86%
2025-08-29 17:45:17,902 - 
2025-08-29 17:45:17,902 - Résultats de la validation croisée
2025-08-29 17:45:17,902 - 
2025-08-29 17:45:17,902 - Accuracy moyenne: 20.00% ± 1.75%
2025-08-29 17:45:17,902 - Loss moyenne: 1.7850 ± 0.0012
2025-08-29 17:45:17,902 - Nombre d'epochs moyen: 119
2025-08-29 17:45:17,902 - Accuracy par fold: ['21.43%', '21.43%', '21.43%', '21.43%', '21.43%', '21.43%', '17.86%', '17.86%', '17.86%', '17.86%']

2025-08-29 17:45:17,902 - Entrainement du modèle final pour le jeu d'hyperparamètres 10

2025-08-29 17:45:18,055 - Epoch 1/119 - Loss: 1.8372, Acc: 20.00%
2025-08-29 17:45:34,132 - Epoch 119/119 - Loss: 1.7834, Acc: 20.00%
2025-08-29 17:45:34,134 - 

2025-08-29 17:45:34,134 - Résultats finaux pour le jeu d'hyperparamètres 10

2025-08-29 17:45:34,134 - Accuracy de validation croisée: 20.00% ± 1.75%
2025-08-29 17:45:34,134 - Accuracy sur le test: 20.83%

2025-08-29 17:45:35,905 - JEU D'HYPERPARAMÈTRES 11:
2025-08-29 17:45:35,905 - {'estimator_name': 'Transformer', 'estimator_params': {'d_model': 72, 'nhead': 4, 'num_layers': 4, 'dropout': 0}, 'weight_decay': 5e-06, 'lr': 0.005, 'scheduler_factor': 0.5, 'batch_size': 28}

2025-08-29 17:45:35,905 - Début de la validation croisée pour le jeu d'hyperparamètres 11

2025-08-29 17:45:35,905 - Variables sélectionnées : mêmes variables que celles retenues au départ (pas de sélection en avant)

2025-08-29 17:45:35,906 - === Fold 1/10 ===
2025-08-29 17:45:35,955 - Epoch 1/500 - Train Loss: 2.1610, Train Acc: 18.25% - Val loss: 1.8061, Val Acc: 28.57%
2025-08-29 17:45:39,417 - Early stopping à l'epoch 87
2025-08-29 17:45:39,419 - Fold 1 - Accuracy finale: 25.00%
2025-08-29 17:45:39,419 - === Fold 2/10 ===
2025-08-29 17:45:39,466 - Epoch 1/500 - Train Loss: 2.2946, Train Acc: 17.46% - Val loss: 1.8818, Val Acc: 14.29%
2025-08-29 17:45:42,975 - Early stopping à l'epoch 91
2025-08-29 17:45:42,977 - Fold 2 - Accuracy finale: 21.43%
2025-08-29 17:45:42,977 - === Fold 3/10 ===
2025-08-29 17:45:43,022 - Epoch 1/500 - Train Loss: 2.2806, Train Acc: 17.06% - Val loss: 1.8185, Val Acc: 14.29%
2025-08-29 17:45:47,250 - Early stopping à l'epoch 110
2025-08-29 17:45:47,252 - Fold 3 - Accuracy finale: 21.43%
2025-08-29 17:45:47,252 - === Fold 4/10 ===
2025-08-29 17:45:47,295 - Epoch 1/500 - Train Loss: 2.1201, Train Acc: 14.68% - Val loss: 1.8064, Val Acc: 21.43%
2025-08-29 17:45:50,553 - Early stopping à l'epoch 84
2025-08-29 17:45:50,555 - Fold 4 - Accuracy finale: 21.43%
2025-08-29 17:45:50,555 - === Fold 5/10 ===
2025-08-29 17:45:50,602 - Epoch 1/500 - Train Loss: 2.2602, Train Acc: 17.06% - Val loss: 1.8917, Val Acc: 17.86%
2025-08-29 17:45:53,768 - Early stopping à l'epoch 84
2025-08-29 17:45:53,770 - Fold 5 - Accuracy finale: 25.00%
2025-08-29 17:45:53,770 - === Fold 6/10 ===
2025-08-29 17:45:53,814 - Epoch 1/500 - Train Loss: 2.1821, Train Acc: 15.48% - Val loss: 1.9490, Val Acc: 17.86%
2025-08-29 17:45:57,079 - Early stopping à l'epoch 87
2025-08-29 17:45:57,081 - Fold 6 - Accuracy finale: 21.43%
2025-08-29 17:45:57,081 - === Fold 7/10 ===
2025-08-29 17:45:57,128 - Epoch 1/500 - Train Loss: 2.2793, Train Acc: 15.08% - Val loss: 1.8331, Val Acc: 21.43%
2025-08-29 17:46:00,997 - Early stopping à l'epoch 92
2025-08-29 17:46:00,999 - Fold 7 - Accuracy finale: 17.86%
2025-08-29 17:46:00,999 - === Fold 8/10 ===
2025-08-29 17:46:01,047 - Epoch 1/500 - Train Loss: 2.0803, Train Acc: 15.48% - Val loss: 1.8310, Val Acc: 14.29%
2025-08-29 17:46:04,330 - Early stopping à l'epoch 85
2025-08-29 17:46:04,331 - Fold 8 - Accuracy finale: 17.86%
2025-08-29 17:46:04,332 - === Fold 9/10 ===
2025-08-29 17:46:04,376 - Epoch 1/500 - Train Loss: 2.1841, Train Acc: 16.67% - Val loss: 1.8205, Val Acc: 17.86%
2025-08-29 17:46:08,030 - Early stopping à l'epoch 98
2025-08-29 17:46:08,032 - Fold 9 - Accuracy finale: 17.86%
2025-08-29 17:46:08,032 - === Fold 10/10 ===
2025-08-29 17:46:08,076 - Epoch 1/500 - Train Loss: 2.2596, Train Acc: 19.05% - Val loss: 1.8851, Val Acc: 17.86%
2025-08-29 17:46:12,163 - Early stopping à l'epoch 111
2025-08-29 17:46:12,165 - Fold 10 - Accuracy finale: 17.86%
2025-08-29 17:46:12,166 - 
2025-08-29 17:46:12,166 - Résultats de la validation croisée
2025-08-29 17:46:12,166 - 
2025-08-29 17:46:12,166 - Accuracy moyenne: 20.71% ± 2.67%
2025-08-29 17:46:12,166 - Loss moyenne: 1.7713 ± 0.0282
2025-08-29 17:46:12,166 - Nombre d'epochs moyen: 92
2025-08-29 17:46:12,166 - Accuracy par fold: ['25.00%', '21.43%', '21.43%', '21.43%', '25.00%', '21.43%', '17.86%', '17.86%', '17.86%', '17.86%']

2025-08-29 17:46:12,166 - Entrainement du modèle final pour le jeu d'hyperparamètres 11

2025-08-29 17:46:12,211 - Epoch 1/92 - Loss: 2.2520, Acc: 15.00%
2025-08-29 17:46:16,207 - Epoch 92/92 - Loss: 1.7869, Acc: 20.00%
2025-08-29 17:46:16,210 - 

2025-08-29 17:46:16,210 - Résultats finaux pour le jeu d'hyperparamètres 11

2025-08-29 17:46:16,210 - Accuracy de validation croisée: 20.71% ± 2.67%
2025-08-29 17:46:16,210 - Accuracy sur le test: 20.83%

2025-08-29 17:46:17,944 - JEU D'HYPERPARAMÈTRES 12:
2025-08-29 17:46:17,944 - {'estimator_name': 'CNN + LSTM', 'estimator_params': {'out_channels': 32, 'num_layers': 4, 'hidden_size': 64, 'dropout': 0.1}, 'weight_decay': 5e-06, 'lr': 0.005, 'scheduler_factor': 0.4, 'batch_size': 32}

2025-08-29 17:46:17,944 - Début de la validation croisée pour le jeu d'hyperparamètres 12

2025-08-29 17:46:17,944 - Variables sélectionnées : mêmes variables que celles retenues au départ (pas de sélection en avant)

2025-08-29 17:46:17,945 - === Fold 1/10 ===
2025-08-29 17:46:18,060 - Epoch 1/500 - Train Loss: 1.8518, Train Acc: 15.48% - Val loss: 1.8440, Val Acc: 14.29%
2025-08-29 17:46:27,074 - Early stopping à l'epoch 101
2025-08-29 17:46:27,076 - Fold 1 - Accuracy finale: 21.43%
2025-08-29 17:46:27,076 - === Fold 2/10 ===
2025-08-29 17:46:27,189 - Epoch 1/500 - Train Loss: 1.8474, Train Acc: 15.48% - Val loss: 1.8421, Val Acc: 14.29%
2025-08-29 17:46:36,569 - Early stopping à l'epoch 102
2025-08-29 17:46:36,571 - Fold 2 - Accuracy finale: 21.43%
2025-08-29 17:46:36,572 - === Fold 3/10 ===
2025-08-29 17:46:36,776 - Epoch 1/500 - Train Loss: 1.8559, Train Acc: 15.08% - Val loss: 1.8208, Val Acc: 17.86%
2025-08-29 17:46:45,532 - Early stopping à l'epoch 95
2025-08-29 17:46:45,535 - Fold 3 - Accuracy finale: 21.43%
2025-08-29 17:46:45,535 - === Fold 4/10 ===
2025-08-29 17:46:45,648 - Epoch 1/500 - Train Loss: 1.8567, Train Acc: 15.08% - Val loss: 1.8217, Val Acc: 17.86%
2025-08-29 17:46:53,835 - Early stopping à l'epoch 88
2025-08-29 17:46:53,837 - Fold 4 - Accuracy finale: 21.43%
2025-08-29 17:46:53,837 - === Fold 5/10 ===
2025-08-29 17:46:53,946 - Epoch 1/500 - Train Loss: 1.8557, Train Acc: 15.08% - Val loss: 1.8217, Val Acc: 17.86%
2025-08-29 17:47:01,940 - Early stopping à l'epoch 88
2025-08-29 17:47:01,942 - Fold 5 - Accuracy finale: 21.43%
2025-08-29 17:47:01,942 - === Fold 6/10 ===
2025-08-29 17:47:02,053 - Epoch 1/500 - Train Loss: 1.8512, Train Acc: 15.48% - Val loss: 1.8407, Val Acc: 14.29%
2025-08-29 17:47:10,154 - Early stopping à l'epoch 87
2025-08-29 17:47:10,156 - Fold 6 - Accuracy finale: 21.43%
2025-08-29 17:47:10,156 - === Fold 7/10 ===
2025-08-29 17:47:10,270 - Epoch 1/500 - Train Loss: 1.8517, Train Acc: 15.48% - Val loss: 1.8393, Val Acc: 14.29%
2025-08-29 17:47:21,430 - Early stopping à l'epoch 120
2025-08-29 17:47:21,433 - Fold 7 - Accuracy finale: 17.86%
2025-08-29 17:47:21,433 - === Fold 8/10 ===
2025-08-29 17:47:21,548 - Epoch 1/500 - Train Loss: 1.8516, Train Acc: 15.48% - Val loss: 1.8413, Val Acc: 14.29%
2025-08-29 17:47:30,987 - Early stopping à l'epoch 104
2025-08-29 17:47:30,990 - Fold 8 - Accuracy finale: 17.86%
2025-08-29 17:47:30,990 - === Fold 9/10 ===
2025-08-29 17:47:31,099 - Epoch 1/500 - Train Loss: 1.8530, Train Acc: 15.48% - Val loss: 1.8385, Val Acc: 14.29%
2025-08-29 17:47:40,800 - Early stopping à l'epoch 106
2025-08-29 17:47:40,803 - Fold 9 - Accuracy finale: 17.86%
2025-08-29 17:47:40,803 - === Fold 10/10 ===
2025-08-29 17:47:40,910 - Epoch 1/500 - Train Loss: 1.8569, Train Acc: 15.48% - Val loss: 1.8393, Val Acc: 14.29%
2025-08-29 17:47:51,912 - Early stopping à l'epoch 121
2025-08-29 17:47:51,914 - Fold 10 - Accuracy finale: 17.86%
2025-08-29 17:47:51,915 - 
2025-08-29 17:47:51,915 - Résultats de la validation croisée
2025-08-29 17:47:51,915 - 
2025-08-29 17:47:51,915 - Accuracy moyenne: 20.00% ± 1.75%
2025-08-29 17:47:51,915 - Loss moyenne: 1.7850 ± 0.0012
2025-08-29 17:47:51,915 - Nombre d'epochs moyen: 101
2025-08-29 17:47:51,915 - Accuracy par fold: ['21.43%', '21.43%', '21.43%', '21.43%', '21.43%', '21.43%', '17.86%', '17.86%', '17.86%', '17.86%']

2025-08-29 17:47:51,915 - Entrainement du modèle final pour le jeu d'hyperparamètres 12

2025-08-29 17:47:52,036 - Epoch 1/101 - Loss: 1.8520, Acc: 15.36%
2025-08-29 17:48:02,144 - Epoch 101/101 - Loss: 1.7875, Acc: 20.36%
2025-08-29 17:48:02,146 - 

2025-08-29 17:48:02,146 - Résultats finaux pour le jeu d'hyperparamètres 12

2025-08-29 17:48:02,146 - Accuracy de validation croisée: 20.00% ± 1.75%
2025-08-29 17:48:02,146 - Accuracy sur le test: 20.83%

2025-08-29 17:48:04,248 - JEU D'HYPERPARAMÈTRES 13:
2025-08-29 17:48:04,248 - {'estimator_name': 'LSTM', 'estimator_params': {'num_layers': 2, 'hidden_size': 64, 'dropout': 0}, 'weight_decay': 7.5e-07, 'lr': 0.0045, 'scheduler_factor': 0.5, 'batch_size': 36}

2025-08-29 17:48:04,248 - Début de la validation croisée pour le jeu d'hyperparamètres 13

2025-08-29 17:48:04,248 - Variables sélectionnées : mêmes variables que celles retenues au départ (pas de sélection en avant)

2025-08-29 17:48:04,249 - === Fold 1/10 ===
2025-08-29 17:48:04,344 - Epoch 1/500 - Train Loss: 1.8803, Train Acc: 15.48% - Val loss: 1.8719, Val Acc: 14.29%
2025-08-29 17:48:11,910 - Early stopping à l'epoch 96
2025-08-29 17:48:11,913 - Fold 1 - Accuracy finale: 21.43%
2025-08-29 17:48:11,913 - === Fold 2/10 ===
2025-08-29 17:48:12,009 - Epoch 1/500 - Train Loss: 1.8813, Train Acc: 15.48% - Val loss: 1.8733, Val Acc: 14.29%
2025-08-29 17:48:19,656 - Early stopping à l'epoch 98
2025-08-29 17:48:19,659 - Fold 2 - Accuracy finale: 21.43%
2025-08-29 17:48:19,659 - === Fold 3/10 ===
2025-08-29 17:48:19,760 - Epoch 1/500 - Train Loss: 1.8842, Train Acc: 15.08% - Val loss: 1.8428, Val Acc: 17.86%
2025-08-29 17:48:27,055 - Early stopping à l'epoch 95
2025-08-29 17:48:27,058 - Fold 3 - Accuracy finale: 21.43%
2025-08-29 17:48:27,058 - === Fold 4/10 ===
2025-08-29 17:48:27,156 - Epoch 1/500 - Train Loss: 1.8845, Train Acc: 15.08% - Val loss: 1.8421, Val Acc: 17.86%
2025-08-29 17:48:34,483 - Early stopping à l'epoch 93
2025-08-29 17:48:34,486 - Fold 4 - Accuracy finale: 21.43%
2025-08-29 17:48:34,486 - === Fold 5/10 ===
2025-08-29 17:48:34,580 - Epoch 1/500 - Train Loss: 1.8833, Train Acc: 15.08% - Val loss: 1.8421, Val Acc: 17.86%
2025-08-29 17:48:41,890 - Early stopping à l'epoch 94
2025-08-29 17:48:41,892 - Fold 5 - Accuracy finale: 21.43%
2025-08-29 17:48:41,892 - === Fold 6/10 ===
2025-08-29 17:48:41,995 - Epoch 1/500 - Train Loss: 1.8791, Train Acc: 15.48% - Val loss: 1.8864, Val Acc: 14.29%
2025-08-29 17:48:50,003 - Early stopping à l'epoch 103
2025-08-29 17:48:50,005 - Fold 6 - Accuracy finale: 21.43%
2025-08-29 17:48:50,005 - === Fold 7/10 ===
2025-08-29 17:48:50,105 - Epoch 1/500 - Train Loss: 1.8788, Train Acc: 15.48% - Val loss: 1.8902, Val Acc: 14.29%
2025-08-29 17:48:58,133 - Early stopping à l'epoch 103
2025-08-29 17:48:58,136 - Fold 7 - Accuracy finale: 17.86%
2025-08-29 17:48:58,136 - === Fold 8/10 ===
2025-08-29 17:48:58,235 - Epoch 1/500 - Train Loss: 1.8792, Train Acc: 15.48% - Val loss: 1.8895, Val Acc: 14.29%
2025-08-29 17:49:06,317 - Early stopping à l'epoch 105
2025-08-29 17:49:06,320 - Fold 8 - Accuracy finale: 17.86%
2025-08-29 17:49:06,320 - === Fold 9/10 ===
2025-08-29 17:49:06,416 - Epoch 1/500 - Train Loss: 1.8807, Train Acc: 15.48% - Val loss: 1.8899, Val Acc: 14.29%
2025-08-29 17:49:15,905 - Early stopping à l'epoch 125
2025-08-29 17:49:15,907 - Fold 9 - Accuracy finale: 17.86%
2025-08-29 17:49:15,907 - === Fold 10/10 ===
2025-08-29 17:49:16,005 - Epoch 1/500 - Train Loss: 1.8790, Train Acc: 15.48% - Val loss: 1.8859, Val Acc: 14.29%
2025-08-29 17:49:25,851 - Early stopping à l'epoch 127
2025-08-29 17:49:25,854 - Fold 10 - Accuracy finale: 17.86%
2025-08-29 17:49:25,854 - 
2025-08-29 17:49:25,854 - Résultats de la validation croisée
2025-08-29 17:49:25,854 - 
2025-08-29 17:49:25,854 - Accuracy moyenne: 20.00% ± 1.75%
2025-08-29 17:49:25,854 - Loss moyenne: 1.7850 ± 0.0010
2025-08-29 17:49:25,855 - Nombre d'epochs moyen: 103
2025-08-29 17:49:25,855 - Accuracy par fold: ['21.43%', '21.43%', '21.43%', '21.43%', '21.43%', '21.43%', '17.86%', '17.86%', '17.86%', '17.86%']

2025-08-29 17:49:25,855 - Entrainement du modèle final pour le jeu d'hyperparamètres 13

2025-08-29 17:49:25,954 - Epoch 1/103 - Loss: 1.8791, Acc: 15.36%
2025-08-29 17:49:34,595 - Epoch 103/103 - Loss: 1.7842, Acc: 20.00%
2025-08-29 17:49:34,598 - 

2025-08-29 17:49:34,598 - Résultats finaux pour le jeu d'hyperparamètres 13

2025-08-29 17:49:34,598 - Accuracy de validation croisée: 20.00% ± 1.75%
2025-08-29 17:49:34,598 - Accuracy sur le test: 20.83%

2025-08-29 17:49:36,818 - JEU D'HYPERPARAMÈTRES 14:
2025-08-29 17:49:36,819 - {'estimator_name': 'CNN + LSTM', 'estimator_params': {'out_channels': 16, 'num_layers': 3, 'hidden_size': 64, 'dropout': 0.175}, 'weight_decay': 5e-06, 'lr': 0.0045, 'scheduler_factor': 0.6, 'batch_size': 32}

2025-08-29 17:49:36,819 - Début de la validation croisée pour le jeu d'hyperparamètres 14

2025-08-29 17:49:36,819 - Variables sélectionnées : mêmes variables que celles retenues au départ (pas de sélection en avant)

2025-08-29 17:49:36,819 - === Fold 1/10 ===
2025-08-29 17:49:37,019 - Epoch 1/500 - Train Loss: 1.9114, Train Acc: 15.08% - Val loss: 1.8900, Val Acc: 14.29%
2025-08-29 17:49:48,183 - Early stopping à l'epoch 125
2025-08-29 17:49:48,185 - Fold 1 - Accuracy finale: 21.43%
2025-08-29 17:49:48,185 - === Fold 2/10 ===
2025-08-29 17:49:48,298 - Epoch 1/500 - Train Loss: 1.9012, Train Acc: 15.08% - Val loss: 1.8933, Val Acc: 14.29%
2025-08-29 17:50:00,170 - Early stopping à l'epoch 131
2025-08-29 17:50:00,172 - Fold 2 - Accuracy finale: 21.43%
2025-08-29 17:50:00,172 - === Fold 3/10 ===
2025-08-29 17:50:00,277 - Epoch 1/500 - Train Loss: 1.9061, Train Acc: 15.08% - Val loss: 1.8794, Val Acc: 14.29%
2025-08-29 17:50:14,662 - Early stopping à l'epoch 158
2025-08-29 17:50:14,664 - Fold 3 - Accuracy finale: 21.43%
2025-08-29 17:50:14,664 - === Fold 4/10 ===
2025-08-29 17:50:14,772 - Epoch 1/500 - Train Loss: 1.9023, Train Acc: 15.08% - Val loss: 1.8786, Val Acc: 14.29%
2025-08-29 17:50:24,865 - Early stopping à l'epoch 113
2025-08-29 17:50:24,868 - Fold 4 - Accuracy finale: 21.43%
2025-08-29 17:50:24,868 - === Fold 5/10 ===
2025-08-29 17:50:24,973 - Epoch 1/500 - Train Loss: 1.9082, Train Acc: 15.08% - Val loss: 1.8822, Val Acc: 14.29%
2025-08-29 17:50:36,889 - Early stopping à l'epoch 129
2025-08-29 17:50:36,892 - Fold 5 - Accuracy finale: 21.43%
2025-08-29 17:50:36,892 - === Fold 6/10 ===
2025-08-29 17:50:37,001 - Epoch 1/500 - Train Loss: 1.9019, Train Acc: 15.08% - Val loss: 1.9085, Val Acc: 14.29%
2025-08-29 17:50:51,082 - Early stopping à l'epoch 155
2025-08-29 17:50:51,084 - Fold 6 - Accuracy finale: 21.43%
2025-08-29 17:50:51,084 - === Fold 7/10 ===
2025-08-29 17:50:51,192 - Epoch 1/500 - Train Loss: 1.9044, Train Acc: 15.08% - Val loss: 1.9119, Val Acc: 14.29%
2025-08-29 17:51:08,928 - Early stopping à l'epoch 195
2025-08-29 17:51:08,930 - Fold 7 - Accuracy finale: 17.86%
2025-08-29 17:51:08,930 - === Fold 8/10 ===
2025-08-29 17:51:09,042 - Epoch 1/500 - Train Loss: 1.9012, Train Acc: 15.08% - Val loss: 1.9125, Val Acc: 14.29%
2025-08-29 17:51:25,116 - Early stopping à l'epoch 174
2025-08-29 17:51:25,119 - Fold 8 - Accuracy finale: 17.86%
2025-08-29 17:51:25,119 - === Fold 9/10 ===
2025-08-29 17:51:25,232 - Epoch 1/500 - Train Loss: 1.9157, Train Acc: 14.68% - Val loss: 1.8697, Val Acc: 17.86%
2025-08-29 17:51:34,332 - Early stopping à l'epoch 98
2025-08-29 17:51:34,334 - Fold 9 - Accuracy finale: 17.86%
2025-08-29 17:51:34,334 - === Fold 10/10 ===
2025-08-29 17:51:34,447 - Epoch 1/500 - Train Loss: 1.9087, Train Acc: 14.68% - Val loss: 1.8695, Val Acc: 17.86%
2025-08-29 17:51:43,184 - Early stopping à l'epoch 95
2025-08-29 17:51:43,186 - Fold 10 - Accuracy finale: 17.86%
2025-08-29 17:51:43,187 - 
2025-08-29 17:51:43,187 - Résultats de la validation croisée
2025-08-29 17:51:43,187 - 
2025-08-29 17:51:43,187 - Accuracy moyenne: 20.00% ± 1.75%
2025-08-29 17:51:43,187 - Loss moyenne: 1.7849 ± 0.0010
2025-08-29 17:51:43,187 - Nombre d'epochs moyen: 137
2025-08-29 17:51:43,187 - Accuracy par fold: ['21.43%', '21.43%', '21.43%', '21.43%', '21.43%', '21.43%', '17.86%', '17.86%', '17.86%', '17.86%']

2025-08-29 17:51:43,187 - Entrainement du modèle final pour le jeu d'hyperparamètres 14

2025-08-29 17:51:43,310 - Epoch 1/137 - Loss: 1.9037, Acc: 15.00%
2025-08-29 17:51:57,387 - Epoch 137/137 - Loss: 1.7847, Acc: 22.14%
2025-08-29 17:51:57,389 - 

2025-08-29 17:51:57,390 - Résultats finaux pour le jeu d'hyperparamètres 14

2025-08-29 17:51:57,390 - Accuracy de validation croisée: 20.00% ± 1.75%
2025-08-29 17:51:57,390 - Accuracy sur le test: 20.83%

2025-08-29 17:51:59,858 - JEU D'HYPERPARAMÈTRES 15:
2025-08-29 17:51:59,858 - {'estimator_name': 'CNN + LSTM', 'estimator_params': {'out_channels': 32, 'num_layers': 3, 'hidden_size': 80, 'dropout': 0.075}, 'weight_decay': 5e-07, 'lr': 0.004, 'scheduler_factor': 0.5, 'batch_size': 36}

2025-08-29 17:51:59,858 - Début de la validation croisée pour le jeu d'hyperparamètres 15

2025-08-29 17:51:59,858 - Variables sélectionnées : mêmes variables que celles retenues au départ (pas de sélection en avant)

2025-08-29 17:51:59,859 - === Fold 1/10 ===
2025-08-29 17:51:59,983 - Epoch 1/500 - Train Loss: 1.8414, Train Acc: 15.48% - Val loss: 1.8479, Val Acc: 14.29%
2025-08-29 17:52:11,297 - Early stopping à l'epoch 116
2025-08-29 17:52:11,300 - Fold 1 - Accuracy finale: 21.43%
2025-08-29 17:52:11,300 - === Fold 2/10 ===
2025-08-29 17:52:11,420 - Epoch 1/500 - Train Loss: 1.8417, Train Acc: 15.48% - Val loss: 1.8457, Val Acc: 14.29%
2025-08-29 17:52:24,102 - Early stopping à l'epoch 127
2025-08-29 17:52:24,105 - Fold 2 - Accuracy finale: 21.43%
2025-08-29 17:52:24,105 - === Fold 3/10 ===
2025-08-29 17:52:24,229 - Epoch 1/500 - Train Loss: 1.8445, Train Acc: 15.08% - Val loss: 1.8145, Val Acc: 17.86%
2025-08-29 17:52:33,230 - Early stopping à l'epoch 92
2025-08-29 17:52:33,233 - Fold 3 - Accuracy finale: 21.43%
2025-08-29 17:52:33,233 - === Fold 4/10 ===
2025-08-29 17:52:33,357 - Epoch 1/500 - Train Loss: 1.8455, Train Acc: 15.08% - Val loss: 1.8168, Val Acc: 17.86%
2025-08-29 17:52:42,203 - Early stopping à l'epoch 91
2025-08-29 17:52:42,205 - Fold 4 - Accuracy finale: 21.43%
2025-08-29 17:52:42,206 - === Fold 5/10 ===
2025-08-29 17:52:42,328 - Epoch 1/500 - Train Loss: 1.8462, Train Acc: 15.08% - Val loss: 1.8151, Val Acc: 17.86%
2025-08-29 17:52:51,352 - Early stopping à l'epoch 92
2025-08-29 17:52:51,355 - Fold 5 - Accuracy finale: 21.43%
2025-08-29 17:52:51,355 - === Fold 6/10 ===
2025-08-29 17:52:51,474 - Epoch 1/500 - Train Loss: 1.8441, Train Acc: 15.48% - Val loss: 1.8317, Val Acc: 14.29%
2025-08-29 17:53:04,206 - Early stopping à l'epoch 129
2025-08-29 17:53:04,209 - Fold 6 - Accuracy finale: 21.43%
2025-08-29 17:53:04,209 - === Fold 7/10 ===
2025-08-29 17:53:04,328 - Epoch 1/500 - Train Loss: 1.8396, Train Acc: 15.48% - Val loss: 1.8457, Val Acc: 14.29%
2025-08-29 17:53:18,727 - Early stopping à l'epoch 146
2025-08-29 17:53:18,730 - Fold 7 - Accuracy finale: 17.86%
2025-08-29 17:53:18,730 - === Fold 8/10 ===
2025-08-29 17:53:18,849 - Epoch 1/500 - Train Loss: 1.8416, Train Acc: 15.48% - Val loss: 1.8448, Val Acc: 14.29%
2025-08-29 17:53:33,326 - Early stopping à l'epoch 147
2025-08-29 17:53:33,329 - Fold 8 - Accuracy finale: 17.86%
2025-08-29 17:53:33,329 - === Fold 9/10 ===
2025-08-29 17:53:33,448 - Epoch 1/500 - Train Loss: 1.8414, Train Acc: 15.48% - Val loss: 1.8516, Val Acc: 14.29%
2025-08-29 17:53:43,370 - Early stopping à l'epoch 102
2025-08-29 17:53:43,373 - Fold 9 - Accuracy finale: 17.86%
2025-08-29 17:53:43,373 - === Fold 10/10 ===
2025-08-29 17:53:43,493 - Epoch 1/500 - Train Loss: 1.8395, Train Acc: 15.48% - Val loss: 1.8503, Val Acc: 14.29%
2025-08-29 17:53:55,996 - Early stopping à l'epoch 129
2025-08-29 17:53:55,999 - Fold 10 - Accuracy finale: 17.86%
2025-08-29 17:53:56,000 - 
2025-08-29 17:53:56,000 - Résultats de la validation croisée
2025-08-29 17:53:56,000 - 
2025-08-29 17:53:56,000 - Accuracy moyenne: 20.00% ± 1.75%
2025-08-29 17:53:56,000 - Loss moyenne: 1.7850 ± 0.0012
2025-08-29 17:53:56,000 - Nombre d'epochs moyen: 117
2025-08-29 17:53:56,000 - Accuracy par fold: ['21.43%', '21.43%', '21.43%', '21.43%', '21.43%', '21.43%', '17.86%', '17.86%', '17.86%', '17.86%']

2025-08-29 17:53:56,000 - Entrainement du modèle final pour le jeu d'hyperparamètres 15

2025-08-29 17:53:56,135 - Epoch 1/117 - Loss: 1.8443, Acc: 15.36%
2025-08-29 17:54:08,928 - Epoch 117/117 - Loss: 1.7856, Acc: 20.00%
2025-08-29 17:54:08,930 - 

2025-08-29 17:54:08,930 - Résultats finaux pour le jeu d'hyperparamètres 15

2025-08-29 17:54:08,931 - Accuracy de validation croisée: 20.00% ± 1.75%
2025-08-29 17:54:08,931 - Accuracy sur le test: 20.83%

2025-08-29 17:54:11,791 - JEU D'HYPERPARAMÈTRES 16:
2025-08-29 17:54:11,791 - {'estimator_name': 'Transformer', 'estimator_params': {'d_model': 72, 'nhead': 4, 'num_layers': 2, 'dropout': 0.15}, 'weight_decay': 1e-06, 'lr': 0.005, 'scheduler_factor': 0.4, 'batch_size': 32}

2025-08-29 17:54:11,791 - Début de la validation croisée pour le jeu d'hyperparamètres 16

2025-08-29 17:54:11,791 - Variables sélectionnées : mêmes variables que celles retenues au départ (pas de sélection en avant)

2025-08-29 17:54:11,792 - === Fold 1/10 ===
2025-08-29 17:54:11,821 - Epoch 1/500 - Train Loss: 2.0460, Train Acc: 25.40% - Val loss: 1.4420, Val Acc: 32.14%
2025-08-29 17:54:14,957 - Early stopping à l'epoch 143
2025-08-29 17:54:14,958 - Fold 1 - Accuracy finale: 78.57%
2025-08-29 17:54:14,959 - === Fold 2/10 ===
2025-08-29 17:54:14,985 - Epoch 1/500 - Train Loss: 2.0229, Train Acc: 24.60% - Val loss: 1.3313, Val Acc: 32.14%
2025-08-29 17:54:17,003 - Early stopping à l'epoch 92
2025-08-29 17:54:17,004 - Fold 2 - Accuracy finale: 85.71%
2025-08-29 17:54:17,004 - === Fold 3/10 ===
2025-08-29 17:54:17,031 - Epoch 1/500 - Train Loss: 2.1002, Train Acc: 24.60% - Val loss: 1.4998, Val Acc: 35.71%
2025-08-29 17:54:20,063 - Early stopping à l'epoch 138
2025-08-29 17:54:20,064 - Fold 3 - Accuracy finale: 89.29%
2025-08-29 17:54:20,064 - === Fold 4/10 ===
2025-08-29 17:54:20,094 - Epoch 1/500 - Train Loss: 1.9545, Train Acc: 25.40% - Val loss: 1.2307, Val Acc: 60.71%
2025-08-29 17:54:22,304 - Early stopping à l'epoch 99
2025-08-29 17:54:22,305 - Fold 4 - Accuracy finale: 92.86%
2025-08-29 17:54:22,305 - === Fold 5/10 ===
2025-08-29 17:54:22,331 - Epoch 1/500 - Train Loss: 2.0292, Train Acc: 25.40% - Val loss: 1.5324, Val Acc: 35.71%
2025-08-29 17:54:24,619 - Early stopping à l'epoch 108
2025-08-29 17:54:24,620 - Fold 5 - Accuracy finale: 85.71%
2025-08-29 17:54:24,620 - === Fold 6/10 ===
2025-08-29 17:54:24,648 - Epoch 1/500 - Train Loss: 2.0200, Train Acc: 15.08% - Val loss: 1.4769, Val Acc: 39.29%
2025-08-29 17:54:26,677 - Early stopping à l'epoch 91
2025-08-29 17:54:26,678 - Fold 6 - Accuracy finale: 92.86%
2025-08-29 17:54:26,678 - === Fold 7/10 ===
2025-08-29 17:54:26,706 - Epoch 1/500 - Train Loss: 2.2661, Train Acc: 21.83% - Val loss: 1.6195, Val Acc: 32.14%
2025-08-29 17:54:29,544 - Early stopping à l'epoch 130
2025-08-29 17:54:29,546 - Fold 7 - Accuracy finale: 85.71%
2025-08-29 17:54:29,546 - === Fold 8/10 ===
2025-08-29 17:54:29,572 - Epoch 1/500 - Train Loss: 1.9194, Train Acc: 30.95% - Val loss: 1.1924, Val Acc: 50.00%
2025-08-29 17:54:33,165 - Early stopping à l'epoch 165
2025-08-29 17:54:33,166 - Fold 8 - Accuracy finale: 96.43%
2025-08-29 17:54:33,166 - === Fold 9/10 ===
2025-08-29 17:54:33,197 - Epoch 1/500 - Train Loss: 2.2018, Train Acc: 15.87% - Val loss: 1.7580, Val Acc: 21.43%
2025-08-29 17:54:35,568 - Early stopping à l'epoch 106
2025-08-29 17:54:35,570 - Fold 9 - Accuracy finale: 96.43%
2025-08-29 17:54:35,570 - === Fold 10/10 ===
2025-08-29 17:54:35,601 - Epoch 1/500 - Train Loss: 2.0112, Train Acc: 28.57% - Val loss: 1.2819, Val Acc: 32.14%
2025-08-29 17:54:37,994 - Early stopping à l'epoch 110
2025-08-29 17:54:37,995 - Fold 10 - Accuracy finale: 89.29%
2025-08-29 17:54:37,996 - 
2025-08-29 17:54:37,996 - Résultats de la validation croisée
2025-08-29 17:54:37,996 - 
2025-08-29 17:54:37,996 - Accuracy moyenne: 89.29% ± 5.30%
2025-08-29 17:54:37,996 - Loss moyenne: 0.5885 ± 0.2656
2025-08-29 17:54:37,996 - Nombre d'epochs moyen: 118
2025-08-29 17:54:37,996 - Accuracy par fold: ['78.57%', '85.71%', '89.29%', '92.86%', '85.71%', '92.86%', '85.71%', '96.43%', '96.43%', '89.29%']

2025-08-29 17:54:37,996 - Entrainement du modèle final pour le jeu d'hyperparamètres 16

2025-08-29 17:54:38,027 - Epoch 1/118 - Loss: 1.9120, Acc: 29.29%
2025-08-29 17:54:40,770 - Epoch 118/118 - Loss: 0.0594, Acc: 97.86%
2025-08-29 17:54:40,772 - 

2025-08-29 17:54:40,772 - Résultats finaux pour le jeu d'hyperparamètres 16

2025-08-29 17:54:40,772 - Accuracy de validation croisée: 89.29% ± 5.30%
2025-08-29 17:54:40,772 - Accuracy sur le test: 85.00%

2025-08-29 17:54:43,692 - JEU D'HYPERPARAMÈTRES 17:
2025-08-29 17:54:43,693 - {'estimator_name': 'Transformer', 'estimator_params': {'d_model': 72, 'nhead': 3, 'num_layers': 3, 'dropout': 0.1}, 'weight_decay': 7.5e-07, 'lr': 0.0045, 'scheduler_factor': 0.4, 'batch_size': 28}

2025-08-29 17:54:43,693 - Début de la validation croisée pour le jeu d'hyperparamètres 17

2025-08-29 17:54:43,693 - Variables sélectionnées : mêmes variables que celles retenues au départ (pas de sélection en avant)

2025-08-29 17:54:43,693 - === Fold 1/10 ===
2025-08-29 17:54:43,731 - Epoch 1/500 - Train Loss: 2.1506, Train Acc: 16.27% - Val loss: 1.7909, Val Acc: 25.00%
2025-08-29 17:54:46,760 - Early stopping à l'epoch 99
2025-08-29 17:54:46,761 - Fold 1 - Accuracy finale: 17.86%
2025-08-29 17:54:46,761 - === Fold 2/10 ===
2025-08-29 17:54:46,795 - Epoch 1/500 - Train Loss: 2.2772, Train Acc: 16.67% - Val loss: 1.7790, Val Acc: 17.86%
2025-08-29 17:54:49,366 - Early stopping à l'epoch 83
2025-08-29 17:54:49,368 - Fold 2 - Accuracy finale: 46.43%
2025-08-29 17:54:49,368 - === Fold 3/10 ===
2025-08-29 17:54:49,402 - Epoch 1/500 - Train Loss: 2.2635, Train Acc: 15.48% - Val loss: 1.7680, Val Acc: 21.43%
2025-08-29 17:54:51,856 - Early stopping à l'epoch 85
2025-08-29 17:54:51,857 - Fold 3 - Accuracy finale: 21.43%
2025-08-29 17:54:51,857 - === Fold 4/10 ===
2025-08-29 17:54:51,891 - Epoch 1/500 - Train Loss: 1.9590, Train Acc: 21.83% - Val loss: 1.2472, Val Acc: 35.71%
2025-08-29 17:54:56,216 - Early stopping à l'epoch 154
2025-08-29 17:54:56,217 - Fold 4 - Accuracy finale: 46.43%
2025-08-29 17:54:56,217 - === Fold 5/10 ===
2025-08-29 17:54:56,251 - Epoch 1/500 - Train Loss: 2.0602, Train Acc: 24.21% - Val loss: 1.4380, Val Acc: 32.14%
2025-08-29 17:54:58,845 - Early stopping à l'epoch 91
2025-08-29 17:54:58,846 - Fold 5 - Accuracy finale: 57.14%
2025-08-29 17:54:58,846 - === Fold 6/10 ===
2025-08-29 17:54:58,883 - Epoch 1/500 - Train Loss: 2.0766, Train Acc: 18.65% - Val loss: 1.8459, Val Acc: 17.86%
2025-08-29 17:55:01,355 - Early stopping à l'epoch 84
2025-08-29 17:55:01,356 - Fold 6 - Accuracy finale: 39.29%
2025-08-29 17:55:01,356 - === Fold 7/10 ===
2025-08-29 17:55:01,390 - Epoch 1/500 - Train Loss: 2.2668, Train Acc: 12.70% - Val loss: 1.8209, Val Acc: 21.43%
2025-08-29 17:55:03,696 - Early stopping à l'epoch 83
2025-08-29 17:55:03,698 - Fold 7 - Accuracy finale: 21.43%
2025-08-29 17:55:03,698 - === Fold 8/10 ===
2025-08-29 17:55:03,731 - Epoch 1/500 - Train Loss: 2.0420, Train Acc: 17.46% - Val loss: 1.6370, Val Acc: 32.14%
2025-08-29 17:55:08,570 - Early stopping à l'epoch 154
2025-08-29 17:55:08,572 - Fold 8 - Accuracy finale: 50.00%
2025-08-29 17:55:08,572 - === Fold 9/10 ===
2025-08-29 17:55:08,608 - Epoch 1/500 - Train Loss: 2.1593, Train Acc: 17.86% - Val loss: 1.8180, Val Acc: 21.43%
2025-08-29 17:55:11,393 - Early stopping à l'epoch 90
2025-08-29 17:55:11,395 - Fold 9 - Accuracy finale: 17.86%
2025-08-29 17:55:11,395 - === Fold 10/10 ===
2025-08-29 17:55:11,430 - Epoch 1/500 - Train Loss: 2.2226, Train Acc: 20.63% - Val loss: 1.8809, Val Acc: 17.86%
2025-08-29 17:55:14,235 - Early stopping à l'epoch 99
2025-08-29 17:55:14,236 - Fold 10 - Accuracy finale: 17.86%
2025-08-29 17:55:14,236 - 
2025-08-29 17:55:14,236 - Résultats de la validation croisée
2025-08-29 17:55:14,236 - 
2025-08-29 17:55:14,237 - Accuracy moyenne: 33.57% ± 14.91%
2025-08-29 17:55:14,237 - Loss moyenne: 1.5366 ± 0.2907
2025-08-29 17:55:14,237 - Nombre d'epochs moyen: 102
2025-08-29 17:55:14,237 - Accuracy par fold: ['17.86%', '46.43%', '21.43%', '46.43%', '57.14%', '39.29%', '21.43%', '50.00%', '17.86%', '17.86%']

2025-08-29 17:55:14,237 - Entrainement du modèle final pour le jeu d'hyperparamètres 17

2025-08-29 17:55:14,272 - Epoch 1/102 - Loss: 2.2284, Acc: 14.64%
2025-08-29 17:55:17,432 - Epoch 102/102 - Loss: 1.5320, Acc: 44.29%
2025-08-29 17:55:17,434 - 

2025-08-29 17:55:17,434 - Résultats finaux pour le jeu d'hyperparamètres 17

2025-08-29 17:55:17,434 - Accuracy de validation croisée: 33.57% ± 14.91%
2025-08-29 17:55:17,434 - Accuracy sur le test: 47.50%

2025-08-29 17:55:20,232 - JEU D'HYPERPARAMÈTRES 18:
2025-08-29 17:55:20,232 - {'estimator_name': 'Transformer', 'estimator_params': {'d_model': 48, 'nhead': 4, 'num_layers': 4, 'dropout': 0.025}, 'weight_decay': 5e-06, 'lr': 0.005, 'scheduler_factor': 0.6, 'batch_size': 28}

2025-08-29 17:55:20,232 - Début de la validation croisée pour le jeu d'hyperparamètres 18

2025-08-29 17:55:20,232 - Variables sélectionnées : mêmes variables que celles retenues au départ (pas de sélection en avant)

2025-08-29 17:55:20,232 - === Fold 1/10 ===
2025-08-29 17:55:20,276 - Epoch 1/500 - Train Loss: 2.1096, Train Acc: 13.89% - Val loss: 1.9361, Val Acc: 17.86%
2025-08-29 17:55:24,963 - Early stopping à l'epoch 118
2025-08-29 17:55:24,965 - Fold 1 - Accuracy finale: 32.14%
2025-08-29 17:55:24,965 - === Fold 2/10 ===
2025-08-29 17:55:25,008 - Epoch 1/500 - Train Loss: 2.1413, Train Acc: 21.83% - Val loss: 2.0220, Val Acc: 17.86%
2025-08-29 17:55:30,119 - Early stopping à l'epoch 137
2025-08-29 17:55:30,121 - Fold 2 - Accuracy finale: 21.43%
2025-08-29 17:55:30,121 - === Fold 3/10 ===
2025-08-29 17:55:30,167 - Epoch 1/500 - Train Loss: 2.0221, Train Acc: 21.03% - Val loss: 1.8215, Val Acc: 14.29%
2025-08-29 17:55:33,481 - Early stopping à l'epoch 88
2025-08-29 17:55:33,483 - Fold 3 - Accuracy finale: 17.86%
2025-08-29 17:55:33,483 - === Fold 4/10 ===
2025-08-29 17:55:33,527 - Epoch 1/500 - Train Loss: 1.9694, Train Acc: 23.41% - Val loss: 1.7270, Val Acc: 32.14%
2025-08-29 17:55:37,599 - Early stopping à l'epoch 106
2025-08-29 17:55:37,601 - Fold 4 - Accuracy finale: 25.00%
2025-08-29 17:55:37,601 - === Fold 5/10 ===
2025-08-29 17:55:37,642 - Epoch 1/500 - Train Loss: 2.1484, Train Acc: 19.05% - Val loss: 1.8313, Val Acc: 17.86%
2025-08-29 17:55:40,600 - Early stopping à l'epoch 84
2025-08-29 17:55:40,602 - Fold 5 - Accuracy finale: 32.14%
2025-08-29 17:55:40,602 - === Fold 6/10 ===
2025-08-29 17:55:40,643 - Epoch 1/500 - Train Loss: 2.0903, Train Acc: 17.46% - Val loss: 1.8567, Val Acc: 14.29%
2025-08-29 17:55:44,007 - Early stopping à l'epoch 90
2025-08-29 17:55:44,008 - Fold 6 - Accuracy finale: 21.43%
2025-08-29 17:55:44,009 - === Fold 7/10 ===
2025-08-29 17:55:44,053 - Epoch 1/500 - Train Loss: 2.0919, Train Acc: 23.41% - Val loss: 1.7305, Val Acc: 35.71%
2025-08-29 17:55:47,206 - Early stopping à l'epoch 89
2025-08-29 17:55:47,208 - Fold 7 - Accuracy finale: 17.86%
2025-08-29 17:55:47,208 - === Fold 8/10 ===
2025-08-29 17:55:47,250 - Epoch 1/500 - Train Loss: 2.1051, Train Acc: 16.27% - Val loss: 1.9225, Val Acc: 21.43%
2025-08-29 17:55:50,447 - Early stopping à l'epoch 91
2025-08-29 17:55:50,448 - Fold 8 - Accuracy finale: 17.86%
2025-08-29 17:55:50,448 - === Fold 9/10 ===
2025-08-29 17:55:50,490 - Epoch 1/500 - Train Loss: 1.9996, Train Acc: 18.65% - Val loss: 1.8314, Val Acc: 14.29%
2025-08-29 17:55:56,630 - Early stopping à l'epoch 162
2025-08-29 17:55:56,631 - Fold 9 - Accuracy finale: 17.86%
2025-08-29 17:55:56,631 - === Fold 10/10 ===
2025-08-29 17:55:56,677 - Epoch 1/500 - Train Loss: 2.1353, Train Acc: 17.46% - Val loss: 1.8364, Val Acc: 14.29%
2025-08-29 17:56:00,975 - Early stopping à l'epoch 110
2025-08-29 17:56:00,977 - Fold 10 - Accuracy finale: 17.86%
2025-08-29 17:56:00,977 - 
2025-08-29 17:56:00,977 - Résultats de la validation croisée
2025-08-29 17:56:00,977 - 
2025-08-29 17:56:00,977 - Accuracy moyenne: 22.14% ± 5.49%
2025-08-29 17:56:00,977 - Loss moyenne: 1.7692 ± 0.0939
2025-08-29 17:56:00,977 - Nombre d'epochs moyen: 107
2025-08-29 17:56:00,977 - Accuracy par fold: ['32.14%', '21.43%', '17.86%', '25.00%', '32.14%', '21.43%', '17.86%', '17.86%', '17.86%', '17.86%']

2025-08-29 17:56:00,977 - Entrainement du modèle final pour le jeu d'hyperparamètres 18

2025-08-29 17:56:01,026 - Epoch 1/107 - Loss: 2.2074, Acc: 11.79%
2025-08-29 17:56:05,028 - Epoch 107/107 - Loss: 1.7881, Acc: 16.43%
2025-08-29 17:56:05,031 - 

2025-08-29 17:56:05,031 - Résultats finaux pour le jeu d'hyperparamètres 18

2025-08-29 17:56:05,031 - Accuracy de validation croisée: 22.14% ± 5.49%
2025-08-29 17:56:05,031 - Accuracy sur le test: 19.17%

2025-08-29 17:56:07,958 - JEU D'HYPERPARAMÈTRES 19:
2025-08-29 17:56:07,958 - {'estimator_name': 'CNN + LSTM', 'estimator_params': {'out_channels': 8, 'num_layers': 2, 'hidden_size': 80, 'dropout': 0.175}, 'weight_decay': 5e-06, 'lr': 0.004, 'scheduler_factor': 0.6, 'batch_size': 32}

2025-08-29 17:56:07,958 - Début de la validation croisée pour le jeu d'hyperparamètres 19

2025-08-29 17:56:07,958 - Variables sélectionnées : mêmes variables que celles retenues au départ (pas de sélection en avant)

2025-08-29 17:56:07,959 - === Fold 1/10 ===
2025-08-29 17:56:08,091 - Epoch 1/500 - Train Loss: 1.8687, Train Acc: 15.08% - Val loss: 1.8575, Val Acc: 14.29%
2025-08-29 17:56:18,338 - Early stopping à l'epoch 94
2025-08-29 17:56:18,341 - Fold 1 - Accuracy finale: 21.43%
2025-08-29 17:56:18,341 - === Fold 2/10 ===
2025-08-29 17:56:18,475 - Epoch 1/500 - Train Loss: 1.8653, Train Acc: 15.08% - Val loss: 1.8570, Val Acc: 14.29%
2025-08-29 17:56:32,276 - Early stopping à l'epoch 126
2025-08-29 17:56:32,279 - Fold 2 - Accuracy finale: 21.43%
2025-08-29 17:56:32,279 - === Fold 3/10 ===
2025-08-29 17:56:32,410 - Epoch 1/500 - Train Loss: 1.8703, Train Acc: 15.08% - Val loss: 1.8395, Val Acc: 14.29%
2025-08-29 17:56:44,805 - Early stopping à l'epoch 112
2025-08-29 17:56:44,808 - Fold 3 - Accuracy finale: 21.43%
2025-08-29 17:56:44,808 - === Fold 4/10 ===
2025-08-29 17:56:44,939 - Epoch 1/500 - Train Loss: 1.8683, Train Acc: 15.08% - Val loss: 1.8384, Val Acc: 14.29%
2025-08-29 17:56:56,549 - Early stopping à l'epoch 105
2025-08-29 17:56:56,552 - Fold 4 - Accuracy finale: 21.43%
2025-08-29 17:56:56,552 - === Fold 5/10 ===
2025-08-29 17:56:56,684 - Epoch 1/500 - Train Loss: 1.8703, Train Acc: 15.08% - Val loss: 1.8402, Val Acc: 14.29%
2025-08-29 17:57:09,368 - Early stopping à l'epoch 114
2025-08-29 17:57:09,371 - Fold 5 - Accuracy finale: 21.43%
2025-08-29 17:57:09,371 - === Fold 6/10 ===
2025-08-29 17:57:09,508 - Epoch 1/500 - Train Loss: 1.8664, Train Acc: 15.08% - Val loss: 1.8637, Val Acc: 14.29%
2025-08-29 17:57:26,268 - Early stopping à l'epoch 150
2025-08-29 17:57:26,271 - Fold 6 - Accuracy finale: 21.43%
2025-08-29 17:57:26,271 - === Fold 7/10 ===
2025-08-29 17:57:26,408 - Epoch 1/500 - Train Loss: 1.8612, Train Acc: 15.08% - Val loss: 1.8866, Val Acc: 14.29%
2025-08-29 17:57:48,927 - Epoch 201/500 - Train Loss: 1.7867, Train Acc: 20.24% - Val loss: 1.7863, Val Acc: 17.86%
2025-08-29 17:57:51,937 - Early stopping à l'epoch 228
2025-08-29 17:57:51,940 - Fold 7 - Accuracy finale: 17.86%
2025-08-29 17:57:51,940 - === Fold 8/10 ===
2025-08-29 17:57:52,074 - Epoch 1/500 - Train Loss: 1.8654, Train Acc: 15.08% - Val loss: 1.8922, Val Acc: 14.29%
2025-08-29 17:58:05,748 - Early stopping à l'epoch 122
2025-08-29 17:58:05,751 - Fold 8 - Accuracy finale: 17.86%
2025-08-29 17:58:05,751 - === Fold 9/10 ===
2025-08-29 17:58:05,886 - Epoch 1/500 - Train Loss: 1.8678, Train Acc: 14.68% - Val loss: 1.8581, Val Acc: 17.86%
2025-08-29 17:58:20,891 - Early stopping à l'epoch 133
2025-08-29 17:58:20,894 - Fold 9 - Accuracy finale: 17.86%
2025-08-29 17:58:20,894 - === Fold 10/10 ===
2025-08-29 17:58:21,031 - Epoch 1/500 - Train Loss: 1.8662, Train Acc: 14.68% - Val loss: 1.8561, Val Acc: 17.86%
2025-08-29 17:58:33,441 - Early stopping à l'epoch 111
2025-08-29 17:58:33,444 - Fold 10 - Accuracy finale: 17.86%
2025-08-29 17:58:33,445 - 
2025-08-29 17:58:33,445 - Résultats de la validation croisée
2025-08-29 17:58:33,445 - 
2025-08-29 17:58:33,445 - Accuracy moyenne: 20.00% ± 1.75%
2025-08-29 17:58:33,445 - Loss moyenne: 1.7852 ± 0.0014
2025-08-29 17:58:33,445 - Nombre d'epochs moyen: 129
2025-08-29 17:58:33,445 - Accuracy par fold: ['21.43%', '21.43%', '21.43%', '21.43%', '21.43%', '21.43%', '17.86%', '17.86%', '17.86%', '17.86%']

2025-08-29 17:58:33,445 - Entrainement du modèle final pour le jeu d'hyperparamètres 19

2025-08-29 17:58:33,591 - Epoch 1/129 - Loss: 1.8664, Acc: 15.00%
2025-08-29 17:58:49,625 - Epoch 129/129 - Loss: 1.7836, Acc: 20.00%
2025-08-29 17:58:49,628 - 

2025-08-29 17:58:49,628 - Résultats finaux pour le jeu d'hyperparamètres 19

2025-08-29 17:58:49,628 - Accuracy de validation croisée: 20.00% ± 1.75%
2025-08-29 17:58:49,628 - Accuracy sur le test: 20.83%

2025-08-29 17:58:52,748 - JEU D'HYPERPARAMÈTRES 20:
2025-08-29 17:58:52,748 - {'estimator_name': 'Transformer', 'estimator_params': {'d_model': 72, 'nhead': 12, 'num_layers': 4, 'dropout': 0.15}, 'weight_decay': 2.5e-06, 'lr': 0.0045, 'scheduler_factor': 0.6, 'batch_size': 36}

2025-08-29 17:58:52,748 - Début de la validation croisée pour le jeu d'hyperparamètres 20

2025-08-29 17:58:52,748 - Variables sélectionnées : mêmes variables que celles retenues au départ (pas de sélection en avant)

2025-08-29 17:58:52,749 - === Fold 1/10 ===
2025-08-29 17:58:52,793 - Epoch 1/500 - Train Loss: 2.2907, Train Acc: 17.06% - Val loss: 1.9504, Val Acc: 14.29%
2025-08-29 17:58:55,968 - Early stopping à l'epoch 91
2025-08-29 17:58:55,970 - Fold 1 - Accuracy finale: 21.43%
2025-08-29 17:58:55,970 - === Fold 2/10 ===
2025-08-29 17:58:56,012 - Epoch 1/500 - Train Loss: 2.2993, Train Acc: 19.05% - Val loss: 1.8704, Val Acc: 21.43%
2025-08-29 17:58:59,020 - Early stopping à l'epoch 90
2025-08-29 17:58:59,022 - Fold 2 - Accuracy finale: 21.43%
2025-08-29 17:58:59,022 - === Fold 3/10 ===
2025-08-29 17:58:59,060 - Epoch 1/500 - Train Loss: 2.3776, Train Acc: 13.49% - Val loss: 1.8581, Val Acc: 21.43%
2025-08-29 17:59:02,334 - Early stopping à l'epoch 98
2025-08-29 17:59:02,336 - Fold 3 - Accuracy finale: 21.43%
2025-08-29 17:59:02,336 - === Fold 4/10 ===
2025-08-29 17:59:02,379 - Epoch 1/500 - Train Loss: 2.3324, Train Acc: 13.49% - Val loss: 2.0021, Val Acc: 14.29%
2025-08-29 17:59:08,194 - Early stopping à l'epoch 174
2025-08-29 17:59:08,196 - Fold 4 - Accuracy finale: 17.86%
2025-08-29 17:59:08,196 - === Fold 5/10 ===
2025-08-29 17:59:08,235 - Epoch 1/500 - Train Loss: 2.3225, Train Acc: 15.08% - Val loss: 1.9944, Val Acc: 17.86%
2025-08-29 17:59:10,911 - Early stopping à l'epoch 87
2025-08-29 17:59:10,913 - Fold 5 - Accuracy finale: 17.86%
2025-08-29 17:59:10,913 - === Fold 6/10 ===
2025-08-29 17:59:10,952 - Epoch 1/500 - Train Loss: 2.3246, Train Acc: 14.68% - Val loss: 1.9358, Val Acc: 17.86%
2025-08-29 17:59:13,833 - Early stopping à l'epoch 93
2025-08-29 17:59:13,835 - Fold 6 - Accuracy finale: 17.86%
2025-08-29 17:59:13,835 - === Fold 7/10 ===
2025-08-29 17:59:13,876 - Epoch 1/500 - Train Loss: 2.3571, Train Acc: 14.68% - Val loss: 1.8481, Val Acc: 17.86%
2025-08-29 17:59:17,022 - Early stopping à l'epoch 99
2025-08-29 17:59:17,024 - Fold 7 - Accuracy finale: 17.86%
2025-08-29 17:59:17,024 - === Fold 8/10 ===
2025-08-29 17:59:17,063 - Epoch 1/500 - Train Loss: 2.1286, Train Acc: 17.06% - Val loss: 1.8743, Val Acc: 14.29%
2025-08-29 17:59:19,979 - Early stopping à l'epoch 90
2025-08-29 17:59:19,981 - Fold 8 - Accuracy finale: 17.86%
2025-08-29 17:59:19,981 - === Fold 9/10 ===
2025-08-29 17:59:20,027 - Epoch 1/500 - Train Loss: 2.2027, Train Acc: 18.25% - Val loss: 1.8248, Val Acc: 21.43%
2025-08-29 17:59:24,253 - Early stopping à l'epoch 135
2025-08-29 17:59:24,255 - Fold 9 - Accuracy finale: 17.86%
2025-08-29 17:59:24,255 - === Fold 10/10 ===
2025-08-29 17:59:24,297 - Epoch 1/500 - Train Loss: 2.2949, Train Acc: 16.27% - Val loss: 1.9635, Val Acc: 17.86%
2025-08-29 17:59:27,657 - Early stopping à l'epoch 105
2025-08-29 17:59:27,659 - Fold 10 - Accuracy finale: 17.86%
2025-08-29 17:59:27,659 - 
2025-08-29 17:59:27,659 - Résultats de la validation croisée
2025-08-29 17:59:27,659 - 
2025-08-29 17:59:27,659 - Accuracy moyenne: 18.93% ± 1.64%
2025-08-29 17:59:27,659 - Loss moyenne: 1.7852 ± 0.0022
2025-08-29 17:59:27,659 - Nombre d'epochs moyen: 106
2025-08-29 17:59:27,659 - Accuracy par fold: ['21.43%', '21.43%', '21.43%', '17.86%', '17.86%', '17.86%', '17.86%', '17.86%', '17.86%', '17.86%']

2025-08-29 17:59:27,659 - Entrainement du modèle final pour le jeu d'hyperparamètres 20

2025-08-29 17:59:27,704 - Epoch 1/106 - Loss: 2.2671, Acc: 14.29%
2025-08-29 17:59:31,727 - Epoch 106/106 - Loss: 1.7908, Acc: 15.71%
2025-08-29 17:59:31,730 - 

2025-08-29 17:59:31,730 - Résultats finaux pour le jeu d'hyperparamètres 20

2025-08-29 17:59:31,730 - Accuracy de validation croisée: 18.93% ± 1.64%
2025-08-29 17:59:31,730 - Accuracy sur le test: 19.17%

2025-08-29 17:59:34,947 - JEU D'HYPERPARAMÈTRES 21:
2025-08-29 17:59:34,947 - {'estimator_name': 'LSTM', 'estimator_params': {'num_layers': 4, 'hidden_size': 96, 'dropout': 0.025}, 'weight_decay': 2.5e-06, 'lr': 0.004, 'scheduler_factor': 0.4, 'batch_size': 32}

2025-08-29 17:59:34,947 - Début de la validation croisée pour le jeu d'hyperparamètres 21

2025-08-29 17:59:34,947 - Variables sélectionnées : mêmes variables que celles retenues au départ (pas de sélection en avant)

2025-08-29 17:59:34,947 - === Fold 1/10 ===
2025-08-29 17:59:35,105 - Epoch 1/500 - Train Loss: 1.7961, Train Acc: 19.44% - Val loss: 1.7973, Val Acc: 21.43%
2025-08-29 17:59:50,395 - Early stopping à l'epoch 116
2025-08-29 17:59:50,398 - Fold 1 - Accuracy finale: 21.43%
2025-08-29 17:59:50,398 - === Fold 2/10 ===
2025-08-29 17:59:50,652 - Epoch 1/500 - Train Loss: 1.7957, Train Acc: 19.84% - Val loss: 1.7971, Val Acc: 21.43%
2025-08-29 18:00:04,616 - Early stopping à l'epoch 105
2025-08-29 18:00:04,620 - Fold 2 - Accuracy finale: 21.43%
2025-08-29 18:00:04,620 - === Fold 3/10 ===
2025-08-29 18:00:04,781 - Epoch 1/500 - Train Loss: 1.7944, Train Acc: 20.24% - Val loss: 1.7944, Val Acc: 21.43%
2025-08-29 18:00:18,099 - Early stopping à l'epoch 101
2025-08-29 18:00:18,103 - Fold 3 - Accuracy finale: 21.43%
2025-08-29 18:00:18,103 - === Fold 4/10 ===
2025-08-29 18:00:18,262 - Epoch 1/500 - Train Loss: 1.7958, Train Acc: 19.84% - Val loss: 1.7939, Val Acc: 21.43%
2025-08-29 18:00:31,276 - Early stopping à l'epoch 101
2025-08-29 18:00:31,280 - Fold 4 - Accuracy finale: 21.43%
2025-08-29 18:00:31,280 - === Fold 5/10 ===
2025-08-29 18:00:31,442 - Epoch 1/500 - Train Loss: 1.7958, Train Acc: 19.84% - Val loss: 1.7928, Val Acc: 21.43%
2025-08-29 18:00:46,400 - Early stopping à l'epoch 115
2025-08-29 18:00:46,403 - Fold 5 - Accuracy finale: 21.43%
2025-08-29 18:00:46,403 - === Fold 6/10 ===
2025-08-29 18:00:46,559 - Epoch 1/500 - Train Loss: 1.7969, Train Acc: 19.84% - Val loss: 1.7853, Val Acc: 21.43%
2025-08-29 18:00:58,019 - Early stopping à l'epoch 87
2025-08-29 18:00:58,022 - Fold 6 - Accuracy finale: 21.43%
2025-08-29 18:00:58,022 - === Fold 7/10 ===
2025-08-29 18:00:58,184 - Epoch 1/500 - Train Loss: 1.7960, Train Acc: 20.24% - Val loss: 1.7909, Val Acc: 17.86%
2025-08-29 18:01:09,418 - Early stopping à l'epoch 86
2025-08-29 18:01:09,422 - Fold 7 - Accuracy finale: 17.86%
2025-08-29 18:01:09,422 - === Fold 8/10 ===
2025-08-29 18:01:09,669 - Epoch 1/500 - Train Loss: 1.7983, Train Acc: 20.24% - Val loss: 1.7902, Val Acc: 17.86%
2025-08-29 18:01:21,107 - Early stopping à l'epoch 88
2025-08-29 18:01:21,111 - Fold 8 - Accuracy finale: 17.86%
2025-08-29 18:01:21,111 - === Fold 9/10 ===
2025-08-29 18:01:21,271 - Epoch 1/500 - Train Loss: 1.7957, Train Acc: 19.84% - Val loss: 1.7877, Val Acc: 17.86%
2025-08-29 18:01:32,159 - Early stopping à l'epoch 83
2025-08-29 18:01:32,163 - Fold 9 - Accuracy finale: 17.86%
2025-08-29 18:01:32,163 - === Fold 10/10 ===
2025-08-29 18:01:32,323 - Epoch 1/500 - Train Loss: 1.7967, Train Acc: 20.24% - Val loss: 1.7875, Val Acc: 17.86%
2025-08-29 18:01:44,001 - Early stopping à l'epoch 89
2025-08-29 18:01:44,005 - Fold 10 - Accuracy finale: 17.86%
2025-08-29 18:01:44,006 - 
2025-08-29 18:01:44,006 - Résultats de la validation croisée
2025-08-29 18:01:44,006 - 
2025-08-29 18:01:44,006 - Accuracy moyenne: 20.00% ± 1.75%
2025-08-29 18:01:44,006 - Loss moyenne: 1.7849 ± 0.0009
2025-08-29 18:01:44,006 - Nombre d'epochs moyen: 97
2025-08-29 18:01:44,006 - Accuracy par fold: ['21.43%', '21.43%', '21.43%', '21.43%', '21.43%', '21.43%', '17.86%', '17.86%', '17.86%', '17.86%']

2025-08-29 18:01:44,006 - Entrainement du modèle final pour le jeu d'hyperparamètres 21

2025-08-29 18:01:44,176 - Epoch 1/97 - Loss: 1.7960, Acc: 20.00%
2025-08-29 18:01:58,395 - Epoch 97/97 - Loss: 1.7851, Acc: 18.93%
2025-08-29 18:01:58,398 - 

2025-08-29 18:01:58,398 - Résultats finaux pour le jeu d'hyperparamètres 21

2025-08-29 18:01:58,398 - Accuracy de validation croisée: 20.00% ± 1.75%
2025-08-29 18:01:58,398 - Accuracy sur le test: 20.83%

2025-08-29 18:02:02,323 - JEU D'HYPERPARAMÈTRES 22:
2025-08-29 18:02:02,323 - {'estimator_name': 'LSTM', 'estimator_params': {'num_layers': 2, 'hidden_size': 96, 'dropout': 0.125}, 'weight_decay': 7.5e-07, 'lr': 0.004, 'scheduler_factor': 0.5, 'batch_size': 36}

2025-08-29 18:02:02,323 - Début de la validation croisée pour le jeu d'hyperparamètres 22

2025-08-29 18:02:02,323 - Variables sélectionnées : mêmes variables que celles retenues au départ (pas de sélection en avant)

2025-08-29 18:02:02,324 - === Fold 1/10 ===
2025-08-29 18:02:02,472 - Epoch 1/500 - Train Loss: 1.8505, Train Acc: 19.84% - Val loss: 1.8382, Val Acc: 21.43%
2025-08-29 18:02:15,006 - Early stopping à l'epoch 108
2025-08-29 18:02:15,010 - Fold 1 - Accuracy finale: 21.43%
2025-08-29 18:02:15,010 - === Fold 2/10 ===
2025-08-29 18:02:15,149 - Epoch 1/500 - Train Loss: 1.8557, Train Acc: 19.84% - Val loss: 1.8383, Val Acc: 21.43%
2025-08-29 18:02:27,817 - Early stopping à l'epoch 110
2025-08-29 18:02:27,821 - Fold 2 - Accuracy finale: 21.43%
2025-08-29 18:02:27,821 - === Fold 3/10 ===
2025-08-29 18:02:27,960 - Epoch 1/500 - Train Loss: 1.8538, Train Acc: 19.84% - Val loss: 1.8333, Val Acc: 21.43%
2025-08-29 18:02:39,238 - Early stopping à l'epoch 99
2025-08-29 18:02:39,242 - Fold 3 - Accuracy finale: 21.43%
2025-08-29 18:02:39,242 - === Fold 4/10 ===
2025-08-29 18:02:39,386 - Epoch 1/500 - Train Loss: 1.8555, Train Acc: 19.84% - Val loss: 1.8301, Val Acc: 21.43%
2025-08-29 18:02:50,749 - Early stopping à l'epoch 98
2025-08-29 18:02:50,753 - Fold 4 - Accuracy finale: 21.43%
2025-08-29 18:02:50,753 - === Fold 5/10 ===
2025-08-29 18:02:50,892 - Epoch 1/500 - Train Loss: 1.8484, Train Acc: 19.84% - Val loss: 1.8301, Val Acc: 21.43%
2025-08-29 18:03:02,264 - Early stopping à l'epoch 100
2025-08-29 18:03:02,268 - Fold 5 - Accuracy finale: 21.43%
2025-08-29 18:03:02,268 - === Fold 6/10 ===
2025-08-29 18:03:02,407 - Epoch 1/500 - Train Loss: 1.8531, Train Acc: 19.84% - Val loss: 1.8496, Val Acc: 21.43%
2025-08-29 18:03:19,916 - Early stopping à l'epoch 152
2025-08-29 18:03:19,919 - Fold 6 - Accuracy finale: 21.43%
2025-08-29 18:03:19,919 - === Fold 7/10 ===
2025-08-29 18:03:20,058 - Epoch 1/500 - Train Loss: 1.8506, Train Acc: 20.24% - Val loss: 1.8719, Val Acc: 17.86%
2025-08-29 18:03:38,625 - Early stopping à l'epoch 163
2025-08-29 18:03:38,629 - Fold 7 - Accuracy finale: 17.86%
2025-08-29 18:03:38,629 - === Fold 8/10 ===
2025-08-29 18:03:38,773 - Epoch 1/500 - Train Loss: 1.8543, Train Acc: 20.24% - Val loss: 1.8714, Val Acc: 17.86%
2025-08-29 18:03:59,854 - Early stopping à l'epoch 182
2025-08-29 18:03:59,858 - Fold 8 - Accuracy finale: 17.86%
2025-08-29 18:03:59,858 - === Fold 9/10 ===
2025-08-29 18:03:59,998 - Epoch 1/500 - Train Loss: 1.8551, Train Acc: 20.24% - Val loss: 1.8429, Val Acc: 17.86%
2025-08-29 18:04:13,321 - Early stopping à l'epoch 115
2025-08-29 18:04:13,325 - Fold 9 - Accuracy finale: 17.86%
2025-08-29 18:04:13,325 - === Fold 10/10 ===
2025-08-29 18:04:13,468 - Epoch 1/500 - Train Loss: 1.8544, Train Acc: 20.24% - Val loss: 1.8376, Val Acc: 17.86%
2025-08-29 18:04:31,125 - Early stopping à l'epoch 152
2025-08-29 18:04:31,129 - Fold 10 - Accuracy finale: 17.86%
2025-08-29 18:04:31,130 - 
2025-08-29 18:04:31,130 - Résultats de la validation croisée
2025-08-29 18:04:31,130 - 
2025-08-29 18:04:31,130 - Accuracy moyenne: 20.00% ± 1.75%
2025-08-29 18:04:31,130 - Loss moyenne: 1.7850 ± 0.0009
2025-08-29 18:04:31,130 - Nombre d'epochs moyen: 127
2025-08-29 18:04:31,130 - Accuracy par fold: ['21.43%', '21.43%', '21.43%', '21.43%', '21.43%', '21.43%', '17.86%', '17.86%', '17.86%', '17.86%']

2025-08-29 18:04:31,130 - Entrainement du modèle final pour le jeu d'hyperparamètres 22

2025-08-29 18:04:31,287 - Epoch 1/127 - Loss: 1.8514, Acc: 20.00%
2025-08-29 18:04:47,782 - Epoch 127/127 - Loss: 1.7827, Acc: 20.00%
2025-08-29 18:04:47,785 - 

2025-08-29 18:04:47,785 - Résultats finaux pour le jeu d'hyperparamètres 22

2025-08-29 18:04:47,785 - Accuracy de validation croisée: 20.00% ± 1.75%
2025-08-29 18:04:47,785 - Accuracy sur le test: 20.83%

2025-08-29 18:04:51,966 - JEU D'HYPERPARAMÈTRES 23:
2025-08-29 18:04:51,966 - {'estimator_name': 'CNN + LSTM', 'estimator_params': {'out_channels': 16, 'num_layers': 3, 'hidden_size': 96, 'dropout': 0.1}, 'weight_decay': 2.5e-06, 'lr': 0.0045, 'scheduler_factor': 0.4, 'batch_size': 36}

2025-08-29 18:04:51,966 - Début de la validation croisée pour le jeu d'hyperparamètres 23

2025-08-29 18:04:51,966 - Variables sélectionnées : mêmes variables que celles retenues au départ (pas de sélection en avant)

2025-08-29 18:04:51,967 - === Fold 1/10 ===
2025-08-29 18:04:52,113 - Epoch 1/500 - Train Loss: 1.8679, Train Acc: 15.48% - Val loss: 1.8470, Val Acc: 14.29%
2025-08-29 18:05:06,528 - Early stopping à l'epoch 123
2025-08-29 18:05:06,531 - Fold 1 - Accuracy finale: 21.43%
2025-08-29 18:05:06,531 - === Fold 2/10 ===
2025-08-29 18:05:06,674 - Epoch 1/500 - Train Loss: 1.8747, Train Acc: 15.48% - Val loss: 1.8490, Val Acc: 14.29%
2025-08-29 18:05:19,679 - Early stopping à l'epoch 112
2025-08-29 18:05:19,682 - Fold 2 - Accuracy finale: 21.43%
2025-08-29 18:05:19,682 - === Fold 3/10 ===
2025-08-29 18:05:19,824 - Epoch 1/500 - Train Loss: 1.8734, Train Acc: 15.08% - Val loss: 1.8249, Val Acc: 17.86%
2025-08-29 18:05:30,950 - Early stopping à l'epoch 94
2025-08-29 18:05:30,953 - Fold 3 - Accuracy finale: 21.43%
2025-08-29 18:05:30,953 - === Fold 4/10 ===
2025-08-29 18:05:31,096 - Epoch 1/500 - Train Loss: 1.8714, Train Acc: 15.48% - Val loss: 1.8261, Val Acc: 17.86%
2025-08-29 18:05:41,861 - Early stopping à l'epoch 94
2025-08-29 18:05:41,865 - Fold 4 - Accuracy finale: 21.43%
2025-08-29 18:05:41,865 - === Fold 5/10 ===
2025-08-29 18:05:42,004 - Epoch 1/500 - Train Loss: 1.8722, Train Acc: 15.08% - Val loss: 1.8259, Val Acc: 17.86%
2025-08-29 18:05:52,814 - Early stopping à l'epoch 94
2025-08-29 18:05:52,818 - Fold 5 - Accuracy finale: 21.43%
2025-08-29 18:05:52,818 - === Fold 6/10 ===
2025-08-29 18:05:52,959 - Epoch 1/500 - Train Loss: 1.8712, Train Acc: 15.08% - Val loss: 1.8617, Val Acc: 14.29%
2025-08-29 18:06:07,138 - Early stopping à l'epoch 121
2025-08-29 18:06:07,142 - Fold 6 - Accuracy finale: 21.43%
2025-08-29 18:06:07,142 - === Fold 7/10 ===
2025-08-29 18:06:07,288 - Epoch 1/500 - Train Loss: 1.8652, Train Acc: 15.48% - Val loss: 1.8887, Val Acc: 14.29%
2025-08-29 18:06:28,758 - Early stopping à l'epoch 186
2025-08-29 18:06:28,762 - Fold 7 - Accuracy finale: 17.86%
2025-08-29 18:06:28,762 - === Fold 8/10 ===
2025-08-29 18:06:28,915 - Epoch 1/500 - Train Loss: 1.8644, Train Acc: 14.29% - Val loss: 1.8946, Val Acc: 14.29%
2025-08-29 18:06:48,323 - Early stopping à l'epoch 165
2025-08-29 18:06:48,326 - Fold 8 - Accuracy finale: 17.86%
2025-08-29 18:06:48,326 - === Fold 9/10 ===
2025-08-29 18:06:48,470 - Epoch 1/500 - Train Loss: 1.8640, Train Acc: 15.48% - Val loss: 1.8799, Val Acc: 14.29%
2025-08-29 18:07:07,351 - Early stopping à l'epoch 160
2025-08-29 18:07:07,354 - Fold 9 - Accuracy finale: 17.86%
2025-08-29 18:07:07,354 - === Fold 10/10 ===
2025-08-29 18:07:07,514 - Epoch 1/500 - Train Loss: 1.8675, Train Acc: 15.48% - Val loss: 1.8833, Val Acc: 14.29%
2025-08-29 18:07:24,444 - Early stopping à l'epoch 145
2025-08-29 18:07:24,448 - Fold 10 - Accuracy finale: 17.86%
2025-08-29 18:07:24,448 - 
2025-08-29 18:07:24,449 - Résultats de la validation croisée
2025-08-29 18:07:24,449 - 
2025-08-29 18:07:24,449 - Accuracy moyenne: 20.00% ± 1.75%
2025-08-29 18:07:24,449 - Loss moyenne: 1.7850 ± 0.0015
2025-08-29 18:07:24,449 - Nombre d'epochs moyen: 129
2025-08-29 18:07:24,449 - Accuracy par fold: ['21.43%', '21.43%', '21.43%', '21.43%', '21.43%', '21.43%', '17.86%', '17.86%', '17.86%', '17.86%']

2025-08-29 18:07:24,449 - Entrainement du modèle final pour le jeu d'hyperparamètres 23

2025-08-29 18:07:24,607 - Epoch 1/129 - Loss: 1.8671, Acc: 15.36%
2025-08-29 18:07:41,476 - Epoch 129/129 - Loss: 1.7829, Acc: 20.36%
2025-08-29 18:07:41,479 - 

2025-08-29 18:07:41,479 - Résultats finaux pour le jeu d'hyperparamètres 23

2025-08-29 18:07:41,479 - Accuracy de validation croisée: 20.00% ± 1.75%
2025-08-29 18:07:41,479 - Accuracy sur le test: 20.83%

2025-08-29 18:07:46,009 - JEU D'HYPERPARAMÈTRES 24:
2025-08-29 18:07:46,009 - {'estimator_name': 'LSTM', 'estimator_params': {'num_layers': 4, 'hidden_size': 64, 'dropout': 0.125}, 'weight_decay': 7.5e-07, 'lr': 0.0045, 'scheduler_factor': 0.5, 'batch_size': 36}

2025-08-29 18:07:46,009 - Début de la validation croisée pour le jeu d'hyperparamètres 24

2025-08-29 18:07:46,009 - Variables sélectionnées : mêmes variables que celles retenues au départ (pas de sélection en avant)

2025-08-29 18:07:46,009 - === Fold 1/10 ===
2025-08-29 18:07:46,104 - Epoch 1/500 - Train Loss: 1.8498, Train Acc: 15.08% - Val loss: 1.8344, Val Acc: 14.29%
2025-08-29 18:07:53,256 - Early stopping à l'epoch 89
2025-08-29 18:07:53,258 - Fold 1 - Accuracy finale: 21.43%
2025-08-29 18:07:53,259 - === Fold 2/10 ===
2025-08-29 18:07:53,359 - Epoch 1/500 - Train Loss: 1.8503, Train Acc: 15.08% - Val loss: 1.8343, Val Acc: 14.29%
2025-08-29 18:08:00,432 - Early stopping à l'epoch 89
2025-08-29 18:08:00,434 - Fold 2 - Accuracy finale: 21.43%
2025-08-29 18:08:00,434 - === Fold 3/10 ===
2025-08-29 18:08:00,535 - Epoch 1/500 - Train Loss: 1.8460, Train Acc: 15.08% - Val loss: 1.8436, Val Acc: 14.29%
2025-08-29 18:08:12,834 - Early stopping à l'epoch 153
2025-08-29 18:08:12,836 - Fold 3 - Accuracy finale: 21.43%
2025-08-29 18:08:12,836 - === Fold 4/10 ===
2025-08-29 18:08:12,936 - Epoch 1/500 - Train Loss: 1.8494, Train Acc: 15.08% - Val loss: 1.8426, Val Acc: 14.29%
2025-08-29 18:08:21,932 - Early stopping à l'epoch 110
2025-08-29 18:08:21,934 - Fold 4 - Accuracy finale: 21.43%
2025-08-29 18:08:21,934 - === Fold 5/10 ===
2025-08-29 18:08:22,036 - Epoch 1/500 - Train Loss: 1.8510, Train Acc: 15.08% - Val loss: 1.8449, Val Acc: 14.29%
2025-08-29 18:08:30,755 - Early stopping à l'epoch 107
2025-08-29 18:08:30,757 - Fold 5 - Accuracy finale: 21.43%
2025-08-29 18:08:30,758 - === Fold 6/10 ===
2025-08-29 18:08:30,857 - Epoch 1/500 - Train Loss: 1.8509, Train Acc: 15.08% - Val loss: 1.8379, Val Acc: 14.29%
2025-08-29 18:08:37,957 - Early stopping à l'epoch 91
2025-08-29 18:08:37,959 - Fold 6 - Accuracy finale: 21.43%
2025-08-29 18:08:37,959 - === Fold 7/10 ===
2025-08-29 18:08:38,056 - Epoch 1/500 - Train Loss: 1.8498, Train Acc: 15.08% - Val loss: 1.8302, Val Acc: 14.29%
2025-08-29 18:08:45,110 - Early stopping à l'epoch 90
2025-08-29 18:08:45,112 - Fold 7 - Accuracy finale: 17.86%
2025-08-29 18:08:45,112 - === Fold 8/10 ===
2025-08-29 18:08:45,217 - Epoch 1/500 - Train Loss: 1.8527, Train Acc: 15.08% - Val loss: 1.8331, Val Acc: 14.29%
2025-08-29 18:08:52,130 - Early stopping à l'epoch 89
2025-08-29 18:08:52,132 - Fold 8 - Accuracy finale: 17.86%
2025-08-29 18:08:52,132 - === Fold 9/10 ===
2025-08-29 18:08:52,232 - Epoch 1/500 - Train Loss: 1.8453, Train Acc: 14.68% - Val loss: 1.8204, Val Acc: 17.86%
2025-08-29 18:09:00,095 - Early stopping à l'epoch 100
2025-08-29 18:09:00,098 - Fold 9 - Accuracy finale: 17.86%
2025-08-29 18:09:00,098 - === Fold 10/10 ===
2025-08-29 18:09:00,193 - Epoch 1/500 - Train Loss: 1.8501, Train Acc: 14.68% - Val loss: 1.8204, Val Acc: 17.86%
2025-08-29 18:09:08,412 - Early stopping à l'epoch 101
2025-08-29 18:09:08,414 - Fold 10 - Accuracy finale: 17.86%
2025-08-29 18:09:08,415 - 
2025-08-29 18:09:08,415 - Résultats de la validation croisée
2025-08-29 18:09:08,415 - 
2025-08-29 18:09:08,415 - Accuracy moyenne: 20.00% ± 1.75%
2025-08-29 18:09:08,415 - Loss moyenne: 1.7850 ± 0.0009
2025-08-29 18:09:08,415 - Nombre d'epochs moyen: 101
2025-08-29 18:09:08,415 - Accuracy par fold: ['21.43%', '21.43%', '21.43%', '21.43%', '21.43%', '21.43%', '17.86%', '17.86%', '17.86%', '17.86%']

2025-08-29 18:09:08,415 - Entrainement du modèle final pour le jeu d'hyperparamètres 24

2025-08-29 18:09:08,531 - Epoch 1/101 - Loss: 1.8465, Acc: 15.00%
2025-08-29 18:09:17,597 - Epoch 101/101 - Loss: 1.7808, Acc: 20.71%
2025-08-29 18:09:17,599 - 

2025-08-29 18:09:17,599 - Résultats finaux pour le jeu d'hyperparamètres 24

2025-08-29 18:09:17,599 - Accuracy de validation croisée: 20.00% ± 1.75%
2025-08-29 18:09:17,599 - Accuracy sur le test: 20.83%

2025-08-29 18:09:22,343 - JEU D'HYPERPARAMÈTRES 25:
2025-08-29 18:09:22,343 - {'estimator_name': 'Transformer', 'estimator_params': {'d_model': 36, 'nhead': 4, 'num_layers': 2, 'dropout': 0.05}, 'weight_decay': 1e-06, 'lr': 0.0055, 'scheduler_factor': 0.6, 'batch_size': 28}

2025-08-29 18:09:22,343 - Début de la validation croisée pour le jeu d'hyperparamètres 25

2025-08-29 18:09:22,343 - Variables sélectionnées : mêmes variables que celles retenues au départ (pas de sélection en avant)

2025-08-29 18:09:22,344 - === Fold 1/10 ===
2025-08-29 18:09:22,374 - Epoch 1/500 - Train Loss: 1.8603, Train Acc: 22.62% - Val loss: 1.5032, Val Acc: 28.57%
2025-08-29 18:09:24,517 - Early stopping à l'epoch 88
2025-08-29 18:09:24,518 - Fold 1 - Accuracy finale: 89.29%
2025-08-29 18:09:24,518 - === Fold 2/10 ===
2025-08-29 18:09:24,546 - Epoch 1/500 - Train Loss: 2.0698, Train Acc: 16.27% - Val loss: 1.7711, Val Acc: 14.29%
2025-08-29 18:09:27,207 - Early stopping à l'epoch 111
2025-08-29 18:09:27,208 - Fold 2 - Accuracy finale: 92.86%
2025-08-29 18:09:27,208 - === Fold 3/10 ===
2025-08-29 18:09:27,235 - Epoch 1/500 - Train Loss: 1.7213, Train Acc: 29.37% - Val loss: 1.1916, Val Acc: 57.14%
2025-08-29 18:09:30,201 - Early stopping à l'epoch 125
2025-08-29 18:09:30,203 - Fold 3 - Accuracy finale: 96.43%
2025-08-29 18:09:30,203 - === Fold 4/10 ===
2025-08-29 18:09:30,230 - Epoch 1/500 - Train Loss: 1.8141, Train Acc: 30.95% - Val loss: 1.2523, Val Acc: 35.71%
2025-08-29 18:09:33,243 - Early stopping à l'epoch 127
2025-08-29 18:09:33,244 - Fold 4 - Accuracy finale: 92.86%
2025-08-29 18:09:33,245 - === Fold 5/10 ===
2025-08-29 18:09:33,272 - Epoch 1/500 - Train Loss: 1.6849, Train Acc: 26.59% - Val loss: 1.2018, Val Acc: 42.86%
2025-08-29 18:09:36,104 - Early stopping à l'epoch 116
2025-08-29 18:09:36,105 - Fold 5 - Accuracy finale: 96.43%
2025-08-29 18:09:36,105 - === Fold 6/10 ===
2025-08-29 18:09:36,135 - Epoch 1/500 - Train Loss: 1.8457, Train Acc: 23.41% - Val loss: 1.3363, Val Acc: 39.29%
2025-08-29 18:09:40,190 - Early stopping à l'epoch 169
2025-08-29 18:09:40,191 - Fold 6 - Accuracy finale: 96.43%
2025-08-29 18:09:40,191 - === Fold 7/10 ===
2025-08-29 18:09:40,220 - Epoch 1/500 - Train Loss: 1.6514, Train Acc: 28.97% - Val loss: 1.1835, Val Acc: 32.14%
2025-08-29 18:09:43,693 - Early stopping à l'epoch 148
2025-08-29 18:09:43,694 - Fold 7 - Accuracy finale: 100.00%
2025-08-29 18:09:43,694 - === Fold 8/10 ===
2025-08-29 18:09:43,724 - Epoch 1/500 - Train Loss: 1.8386, Train Acc: 29.76% - Val loss: 1.3520, Val Acc: 53.57%
2025-08-29 18:09:48,570 - Epoch 201/500 - Train Loss: 0.0001, Train Acc: 100.00% - Val loss: 0.0004, Val Acc: 100.00%
2025-08-29 18:09:52,396 - Early stopping à l'epoch 358
2025-08-29 18:09:52,397 - Fold 8 - Accuracy finale: 100.00%
2025-08-29 18:09:52,397 - === Fold 9/10 ===
2025-08-29 18:09:52,427 - Epoch 1/500 - Train Loss: 1.8085, Train Acc: 27.38% - Val loss: 1.3224, Val Acc: 42.86%
2025-08-29 18:09:55,591 - Early stopping à l'epoch 131
2025-08-29 18:09:55,592 - Fold 9 - Accuracy finale: 96.43%
2025-08-29 18:09:55,592 - === Fold 10/10 ===
2025-08-29 18:09:55,622 - Epoch 1/500 - Train Loss: 1.8414, Train Acc: 28.97% - Val loss: 1.3349, Val Acc: 53.57%
2025-08-29 18:09:58,014 - Early stopping à l'epoch 99
2025-08-29 18:09:58,016 - Fold 10 - Accuracy finale: 92.86%
2025-08-29 18:09:58,016 - 
2025-08-29 18:09:58,016 - Résultats de la validation croisée
2025-08-29 18:09:58,016 - 
2025-08-29 18:09:58,016 - Accuracy moyenne: 95.36% ± 3.21%
2025-08-29 18:09:58,016 - Loss moyenne: 0.2721 ± 0.2287
2025-08-29 18:09:58,016 - Nombre d'epochs moyen: 147
2025-08-29 18:09:58,016 - Accuracy par fold: ['89.29%', '92.86%', '96.43%', '92.86%', '96.43%', '96.43%', '100.00%', '100.00%', '96.43%', '92.86%']

2025-08-29 18:09:58,016 - Entrainement du modèle final pour le jeu d'hyperparamètres 25

2025-08-29 18:09:58,046 - Epoch 1/147 - Loss: 1.7069, Acc: 28.21%
2025-08-29 18:10:01,701 - Epoch 147/147 - Loss: 0.0002, Acc: 100.00%
2025-08-29 18:10:01,703 - 

2025-08-29 18:10:01,703 - Résultats finaux pour le jeu d'hyperparamètres 25

2025-08-29 18:10:01,703 - Accuracy de validation croisée: 95.36% ± 3.21%
2025-08-29 18:10:01,703 - Accuracy sur le test: 93.33%

2025-08-29 18:10:06,427 - JEU D'HYPERPARAMÈTRES 26:
2025-08-29 18:10:06,428 - {'estimator_name': 'CNN + LSTM', 'estimator_params': {'out_channels': 32, 'num_layers': 2, 'hidden_size': 80, 'dropout': 0}, 'weight_decay': 7.5e-07, 'lr': 0.0055, 'scheduler_factor': 0.6, 'batch_size': 32}

2025-08-29 18:10:06,428 - Début de la validation croisée pour le jeu d'hyperparamètres 26

2025-08-29 18:10:06,428 - Variables sélectionnées : mêmes variables que celles retenues au départ (pas de sélection en avant)

2025-08-29 18:10:06,428 - === Fold 1/10 ===
2025-08-29 18:10:06,558 - Epoch 1/500 - Train Loss: 1.8193, Train Acc: 19.84% - Val loss: 1.7925, Val Acc: 21.43%
2025-08-29 18:10:15,984 - Early stopping à l'epoch 87
2025-08-29 18:10:15,987 - Fold 1 - Accuracy finale: 21.43%
2025-08-29 18:10:15,987 - === Fold 2/10 ===
2025-08-29 18:10:16,122 - Epoch 1/500 - Train Loss: 1.8185, Train Acc: 19.84% - Val loss: 1.7922, Val Acc: 21.43%
2025-08-29 18:10:25,960 - Early stopping à l'epoch 89
2025-08-29 18:10:25,963 - Fold 2 - Accuracy finale: 21.43%
2025-08-29 18:10:25,963 - === Fold 3/10 ===
2025-08-29 18:10:26,103 - Epoch 1/500 - Train Loss: 1.8196, Train Acc: 19.84% - Val loss: 1.8120, Val Acc: 21.43%
2025-08-29 18:10:36,577 - Early stopping à l'epoch 96
2025-08-29 18:10:36,580 - Fold 3 - Accuracy finale: 21.43%
2025-08-29 18:10:36,580 - === Fold 4/10 ===
2025-08-29 18:10:36,714 - Epoch 1/500 - Train Loss: 1.8160, Train Acc: 19.84% - Val loss: 1.8090, Val Acc: 21.43%
2025-08-29 18:10:47,222 - Early stopping à l'epoch 96
2025-08-29 18:10:47,224 - Fold 4 - Accuracy finale: 21.43%
2025-08-29 18:10:47,225 - === Fold 5/10 ===
2025-08-29 18:10:47,353 - Epoch 1/500 - Train Loss: 1.8161, Train Acc: 19.84% - Val loss: 1.8110, Val Acc: 21.43%
2025-08-29 18:10:57,510 - Early stopping à l'epoch 94
2025-08-29 18:10:57,513 - Fold 5 - Accuracy finale: 21.43%
2025-08-29 18:10:57,513 - === Fold 6/10 ===
2025-08-29 18:10:57,646 - Epoch 1/500 - Train Loss: 1.8170, Train Acc: 19.84% - Val loss: 1.7996, Val Acc: 21.43%
2025-08-29 18:11:08,253 - Early stopping à l'epoch 97
2025-08-29 18:11:08,256 - Fold 6 - Accuracy finale: 21.43%
2025-08-29 18:11:08,256 - === Fold 7/10 ===
2025-08-29 18:11:08,385 - Epoch 1/500 - Train Loss: 1.8160, Train Acc: 20.24% - Val loss: 1.8191, Val Acc: 17.86%
2025-08-29 18:11:20,167 - Early stopping à l'epoch 111
2025-08-29 18:11:20,170 - Fold 7 - Accuracy finale: 17.86%
2025-08-29 18:11:20,170 - === Fold 8/10 ===
2025-08-29 18:11:20,299 - Epoch 1/500 - Train Loss: 1.8142, Train Acc: 20.24% - Val loss: 1.8153, Val Acc: 17.86%
2025-08-29 18:11:33,740 - Early stopping à l'epoch 126
2025-08-29 18:11:33,743 - Fold 8 - Accuracy finale: 17.86%
2025-08-29 18:11:33,743 - === Fold 9/10 ===
2025-08-29 18:11:33,876 - Epoch 1/500 - Train Loss: 1.8145, Train Acc: 20.24% - Val loss: 1.8211, Val Acc: 17.86%
2025-08-29 18:11:45,511 - Early stopping à l'epoch 109
2025-08-29 18:11:45,514 - Fold 9 - Accuracy finale: 17.86%
2025-08-29 18:11:45,514 - === Fold 10/10 ===
2025-08-29 18:11:45,641 - Epoch 1/500 - Train Loss: 1.8152, Train Acc: 20.24% - Val loss: 1.8210, Val Acc: 17.86%
2025-08-29 18:11:58,523 - Early stopping à l'epoch 121
2025-08-29 18:11:58,526 - Fold 10 - Accuracy finale: 17.86%
2025-08-29 18:11:58,526 - 
2025-08-29 18:11:58,527 - Résultats de la validation croisée
2025-08-29 18:11:58,527 - 
2025-08-29 18:11:58,527 - Accuracy moyenne: 20.00% ± 1.75%
2025-08-29 18:11:58,527 - Loss moyenne: 1.7850 ± 0.0010
2025-08-29 18:11:58,527 - Nombre d'epochs moyen: 102
2025-08-29 18:11:58,527 - Accuracy par fold: ['21.43%', '21.43%', '21.43%', '21.43%', '21.43%', '21.43%', '17.86%', '17.86%', '17.86%', '17.86%']

2025-08-29 18:11:58,527 - Entrainement du modèle final pour le jeu d'hyperparamètres 26

2025-08-29 18:11:58,667 - Epoch 1/102 - Loss: 1.8179, Acc: 20.00%
2025-08-29 18:12:10,837 - Epoch 102/102 - Loss: 1.7842, Acc: 20.00%
2025-08-29 18:12:10,839 - 

2025-08-29 18:12:10,840 - Résultats finaux pour le jeu d'hyperparamètres 26

2025-08-29 18:12:10,840 - Accuracy de validation croisée: 20.00% ± 1.75%
2025-08-29 18:12:10,840 - Accuracy sur le test: 20.83%

2025-08-29 18:12:15,690 - JEU D'HYPERPARAMÈTRES 27:
2025-08-29 18:12:15,690 - {'estimator_name': 'Transformer', 'estimator_params': {'d_model': 48, 'nhead': 12, 'num_layers': 2, 'dropout': 0}, 'weight_decay': 7.5e-07, 'lr': 0.0035, 'scheduler_factor': 0.6, 'batch_size': 36}

2025-08-29 18:12:15,690 - Début de la validation croisée pour le jeu d'hyperparamètres 27

2025-08-29 18:12:15,690 - Variables sélectionnées : mêmes variables que celles retenues au départ (pas de sélection en avant)

2025-08-29 18:12:15,691 - === Fold 1/10 ===
2025-08-29 18:12:15,713 - Epoch 1/500 - Train Loss: 2.0430, Train Acc: 19.84% - Val loss: 1.8606, Val Acc: 32.14%
2025-08-29 18:12:17,385 - Early stopping à l'epoch 101
2025-08-29 18:12:17,386 - Fold 1 - Accuracy finale: 92.86%
2025-08-29 18:12:17,386 - === Fold 2/10 ===
2025-08-29 18:12:17,408 - Epoch 1/500 - Train Loss: 2.1314, Train Acc: 20.24% - Val loss: 1.9440, Val Acc: 28.57%
2025-08-29 18:12:19,088 - Early stopping à l'epoch 103
2025-08-29 18:12:19,089 - Fold 2 - Accuracy finale: 89.29%
2025-08-29 18:12:19,089 - === Fold 3/10 ===
2025-08-29 18:12:19,110 - Epoch 1/500 - Train Loss: 2.0270, Train Acc: 22.22% - Val loss: 1.7413, Val Acc: 14.29%
2025-08-29 18:12:20,745 - Early stopping à l'epoch 101
2025-08-29 18:12:20,747 - Fold 3 - Accuracy finale: 89.29%
2025-08-29 18:12:20,747 - === Fold 4/10 ===
2025-08-29 18:12:20,767 - Epoch 1/500 - Train Loss: 1.9685, Train Acc: 31.75% - Val loss: 1.5787, Val Acc: 42.86%
2025-08-29 18:12:22,326 - Early stopping à l'epoch 96
2025-08-29 18:12:22,327 - Fold 4 - Accuracy finale: 96.43%
2025-08-29 18:12:22,327 - === Fold 5/10 ===
2025-08-29 18:12:22,347 - Epoch 1/500 - Train Loss: 1.9282, Train Acc: 30.16% - Val loss: 1.5353, Val Acc: 42.86%
2025-08-29 18:12:23,917 - Early stopping à l'epoch 96
2025-08-29 18:12:23,918 - Fold 5 - Accuracy finale: 92.86%
2025-08-29 18:12:23,919 - === Fold 6/10 ===
2025-08-29 18:12:23,939 - Epoch 1/500 - Train Loss: 1.9343, Train Acc: 30.56% - Val loss: 1.5581, Val Acc: 25.00%
2025-08-29 18:12:25,575 - Early stopping à l'epoch 101
2025-08-29 18:12:25,577 - Fold 6 - Accuracy finale: 96.43%
2025-08-29 18:12:25,577 - === Fold 7/10 ===
2025-08-29 18:12:25,597 - Epoch 1/500 - Train Loss: 1.7385, Train Acc: 35.32% - Val loss: 1.2709, Val Acc: 50.00%
2025-08-29 18:12:27,034 - Early stopping à l'epoch 88
2025-08-29 18:12:27,035 - Fold 7 - Accuracy finale: 96.43%
2025-08-29 18:12:27,035 - === Fold 8/10 ===
2025-08-29 18:12:27,055 - Epoch 1/500 - Train Loss: 1.7619, Train Acc: 36.51% - Val loss: 1.2381, Val Acc: 64.29%
2025-08-29 18:12:28,899 - Early stopping à l'epoch 112
2025-08-29 18:12:28,900 - Fold 8 - Accuracy finale: 89.29%
2025-08-29 18:12:28,900 - === Fold 9/10 ===
2025-08-29 18:12:28,920 - Epoch 1/500 - Train Loss: 2.0276, Train Acc: 23.81% - Val loss: 1.6614, Val Acc: 39.29%
2025-08-29 18:12:30,475 - Early stopping à l'epoch 96
2025-08-29 18:12:30,476 - Fold 9 - Accuracy finale: 85.71%
2025-08-29 18:12:30,476 - === Fold 10/10 ===
2025-08-29 18:12:30,496 - Epoch 1/500 - Train Loss: 2.1229, Train Acc: 15.08% - Val loss: 1.8388, Val Acc: 35.71%
2025-08-29 18:12:32,210 - Early stopping à l'epoch 106
2025-08-29 18:12:32,211 - Fold 10 - Accuracy finale: 89.29%
2025-08-29 18:12:32,211 - 
2025-08-29 18:12:32,212 - Résultats de la validation croisée
2025-08-29 18:12:32,212 - 
2025-08-29 18:12:32,212 - Accuracy moyenne: 91.79% ± 3.59%
2025-08-29 18:12:32,212 - Loss moyenne: 0.3067 ± 0.1885
2025-08-29 18:12:32,212 - Nombre d'epochs moyen: 100
2025-08-29 18:12:32,212 - Accuracy par fold: ['92.86%', '89.29%', '89.29%', '96.43%', '92.86%', '96.43%', '96.43%', '89.29%', '85.71%', '89.29%']

2025-08-29 18:12:32,212 - Entrainement du modèle final pour le jeu d'hyperparamètres 27

2025-08-29 18:12:32,233 - Epoch 1/100 - Loss: 1.9749, Acc: 29.64%
2025-08-29 18:12:33,969 - Epoch 100/100 - Loss: 0.0004, Acc: 100.00%
2025-08-29 18:12:33,971 - 

2025-08-29 18:12:33,971 - Résultats finaux pour le jeu d'hyperparamètres 27

2025-08-29 18:12:33,971 - Accuracy de validation croisée: 91.79% ± 3.59%
2025-08-29 18:12:33,971 - Accuracy sur le test: 90.00%

2025-08-29 18:12:38,941 - JEU D'HYPERPARAMÈTRES 28:
2025-08-29 18:12:38,941 - {'estimator_name': 'CNN + LSTM', 'estimator_params': {'out_channels': 16, 'num_layers': 3, 'hidden_size': 80, 'dropout': 0.1}, 'weight_decay': 2.5e-06, 'lr': 0.004, 'scheduler_factor': 0.5, 'batch_size': 36}

2025-08-29 18:12:38,941 - Début de la validation croisée pour le jeu d'hyperparamètres 28

2025-08-29 18:12:38,941 - Variables sélectionnées : mêmes variables que celles retenues au départ (pas de sélection en avant)

2025-08-29 18:12:38,942 - === Fold 1/10 ===
2025-08-29 18:12:39,072 - Epoch 1/500 - Train Loss: 1.8233, Train Acc: 19.44% - Val loss: 1.8344, Val Acc: 17.86%
2025-08-29 18:12:57,619 - Early stopping à l'epoch 189
2025-08-29 18:12:57,622 - Fold 1 - Accuracy finale: 21.43%
2025-08-29 18:12:57,622 - === Fold 2/10 ===
2025-08-29 18:12:57,742 - Epoch 1/500 - Train Loss: 1.8244, Train Acc: 19.84% - Val loss: 1.8356, Val Acc: 17.86%
2025-08-29 18:13:08,750 - Early stopping à l'epoch 112
2025-08-29 18:13:08,753 - Fold 2 - Accuracy finale: 21.43%
2025-08-29 18:13:08,753 - === Fold 3/10 ===
2025-08-29 18:13:08,876 - Epoch 1/500 - Train Loss: 1.8235, Train Acc: 19.44% - Val loss: 1.8100, Val Acc: 17.86%
2025-08-29 18:13:18,425 - Early stopping à l'epoch 98
2025-08-29 18:13:18,427 - Fold 3 - Accuracy finale: 21.43%
2025-08-29 18:13:18,428 - === Fold 4/10 ===
2025-08-29 18:13:18,547 - Epoch 1/500 - Train Loss: 1.8245, Train Acc: 19.84% - Val loss: 1.8128, Val Acc: 17.86%
2025-08-29 18:13:27,547 - Early stopping à l'epoch 94
2025-08-29 18:13:27,550 - Fold 4 - Accuracy finale: 21.43%
2025-08-29 18:13:27,550 - === Fold 5/10 ===
2025-08-29 18:13:27,671 - Epoch 1/500 - Train Loss: 1.8293, Train Acc: 19.44% - Val loss: 1.8129, Val Acc: 17.86%
2025-08-29 18:13:37,170 - Early stopping à l'epoch 97
2025-08-29 18:13:37,173 - Fold 5 - Accuracy finale: 21.43%
2025-08-29 18:13:37,173 - === Fold 6/10 ===
2025-08-29 18:13:37,294 - Epoch 1/500 - Train Loss: 1.8250, Train Acc: 19.44% - Val loss: 1.8093, Val Acc: 17.86%
2025-08-29 18:13:50,870 - Early stopping à l'epoch 141
2025-08-29 18:13:50,873 - Fold 6 - Accuracy finale: 21.43%
2025-08-29 18:13:50,873 - === Fold 7/10 ===
2025-08-29 18:13:50,992 - Epoch 1/500 - Train Loss: 1.8264, Train Acc: 19.05% - Val loss: 1.8044, Val Acc: 21.43%
2025-08-29 18:14:01,744 - Early stopping à l'epoch 108
2025-08-29 18:14:01,747 - Fold 7 - Accuracy finale: 17.86%
2025-08-29 18:14:01,747 - === Fold 8/10 ===
2025-08-29 18:14:01,871 - Epoch 1/500 - Train Loss: 1.8256, Train Acc: 18.25% - Val loss: 1.8073, Val Acc: 21.43%
2025-08-29 18:14:13,899 - Early stopping à l'epoch 121
2025-08-29 18:14:13,902 - Fold 8 - Accuracy finale: 17.86%
2025-08-29 18:14:13,902 - === Fold 9/10 ===
2025-08-29 18:14:14,026 - Epoch 1/500 - Train Loss: 1.8247, Train Acc: 18.25% - Val loss: 1.8272, Val Acc: 21.43%
2025-08-29 18:14:28,040 - Early stopping à l'epoch 140
2025-08-29 18:14:28,043 - Fold 9 - Accuracy finale: 17.86%
2025-08-29 18:14:28,043 - === Fold 10/10 ===
2025-08-29 18:14:28,167 - Epoch 1/500 - Train Loss: 1.8252, Train Acc: 19.05% - Val loss: 1.8226, Val Acc: 21.43%
2025-08-29 18:14:39,375 - Early stopping à l'epoch 114
2025-08-29 18:14:39,378 - Fold 10 - Accuracy finale: 17.86%
2025-08-29 18:14:39,379 - 
2025-08-29 18:14:39,379 - Résultats de la validation croisée
2025-08-29 18:14:39,379 - 
2025-08-29 18:14:39,379 - Accuracy moyenne: 20.00% ± 1.75%
2025-08-29 18:14:39,379 - Loss moyenne: 1.7850 ± 0.0011
2025-08-29 18:14:39,379 - Nombre d'epochs moyen: 121
2025-08-29 18:14:39,379 - Accuracy par fold: ['21.43%', '21.43%', '21.43%', '21.43%', '21.43%', '21.43%', '17.86%', '17.86%', '17.86%', '17.86%']

2025-08-29 18:14:39,379 - Entrainement du modèle final pour le jeu d'hyperparamètres 28

2025-08-29 18:14:39,515 - Epoch 1/121 - Loss: 1.8209, Acc: 20.36%
2025-08-29 18:14:53,129 - Epoch 121/121 - Loss: 1.7825, Acc: 20.00%
2025-08-29 18:14:53,131 - 

2025-08-29 18:14:53,131 - Résultats finaux pour le jeu d'hyperparamètres 28

2025-08-29 18:14:53,131 - Accuracy de validation croisée: 20.00% ± 1.75%
2025-08-29 18:14:53,131 - Accuracy sur le test: 20.83%

2025-08-29 18:14:58,416 - JEU D'HYPERPARAMÈTRES 29:
2025-08-29 18:14:58,416 - {'estimator_name': 'CNN + LSTM', 'estimator_params': {'out_channels': 16, 'num_layers': 3, 'hidden_size': 96, 'dropout': 0.175}, 'weight_decay': 5e-06, 'lr': 0.0035, 'scheduler_factor': 0.5, 'batch_size': 32}

2025-08-29 18:14:58,416 - Début de la validation croisée pour le jeu d'hyperparamètres 29

2025-08-29 18:14:58,416 - Variables sélectionnées : mêmes variables que celles retenues au départ (pas de sélection en avant)

2025-08-29 18:14:58,417 - === Fold 1/10 ===
2025-08-29 18:14:58,585 - Epoch 1/500 - Train Loss: 1.8699, Train Acc: 16.27% - Val loss: 1.8484, Val Acc: 14.29%
2025-08-29 18:15:15,021 - Early stopping à l'epoch 123
2025-08-29 18:15:15,024 - Fold 1 - Accuracy finale: 21.43%
2025-08-29 18:15:15,024 - === Fold 2/10 ===
2025-08-29 18:15:15,194 - Epoch 1/500 - Train Loss: 1.8760, Train Acc: 16.67% - Val loss: 1.8525, Val Acc: 14.29%
2025-08-29 18:15:30,164 - Early stopping à l'epoch 112
2025-08-29 18:15:30,167 - Fold 2 - Accuracy finale: 21.43%
2025-08-29 18:15:30,167 - === Fold 3/10 ===
2025-08-29 18:15:30,330 - Epoch 1/500 - Train Loss: 1.8722, Train Acc: 15.48% - Val loss: 1.8270, Val Acc: 17.86%
2025-08-29 18:15:44,901 - Early stopping à l'epoch 109
2025-08-29 18:15:44,905 - Fold 3 - Accuracy finale: 21.43%
2025-08-29 18:15:44,905 - === Fold 4/10 ===
2025-08-29 18:15:45,078 - Epoch 1/500 - Train Loss: 1.8786, Train Acc: 16.27% - Val loss: 1.8292, Val Acc: 17.86%
2025-08-29 18:15:58,007 - Early stopping à l'epoch 97
2025-08-29 18:15:58,011 - Fold 4 - Accuracy finale: 21.43%
2025-08-29 18:15:58,011 - === Fold 5/10 ===
2025-08-29 18:15:58,175 - Epoch 1/500 - Train Loss: 1.8747, Train Acc: 15.08% - Val loss: 1.8275, Val Acc: 17.86%
2025-08-29 18:16:11,088 - Early stopping à l'epoch 96
2025-08-29 18:16:11,091 - Fold 5 - Accuracy finale: 21.43%
2025-08-29 18:16:11,091 - === Fold 6/10 ===
2025-08-29 18:16:11,252 - Epoch 1/500 - Train Loss: 1.8709, Train Acc: 15.48% - Val loss: 1.8623, Val Acc: 14.29%
2025-08-29 18:16:32,547 - Early stopping à l'epoch 160
2025-08-29 18:16:32,550 - Fold 6 - Accuracy finale: 21.43%
2025-08-29 18:16:32,550 - === Fold 7/10 ===
2025-08-29 18:16:32,707 - Epoch 1/500 - Train Loss: 1.8659, Train Acc: 16.67% - Val loss: 1.8935, Val Acc: 14.29%
2025-08-29 18:16:59,295 - Epoch 201/500 - Train Loss: 1.7842, Train Acc: 20.24% - Val loss: 1.7860, Val Acc: 17.86%
2025-08-29 18:16:59,695 - Early stopping à l'epoch 204
2025-08-29 18:16:59,698 - Fold 7 - Accuracy finale: 17.86%
2025-08-29 18:16:59,698 - === Fold 8/10 ===
2025-08-29 18:16:59,858 - Epoch 1/500 - Train Loss: 1.8696, Train Acc: 15.48% - Val loss: 1.8960, Val Acc: 14.29%
2025-08-29 18:17:26,434 - Epoch 201/500 - Train Loss: 1.7811, Train Acc: 20.24% - Val loss: 1.7859, Val Acc: 17.86%
2025-08-29 18:17:30,245 - Early stopping à l'epoch 229
2025-08-29 18:17:30,248 - Fold 8 - Accuracy finale: 17.86%
2025-08-29 18:17:30,248 - === Fold 9/10 ===
2025-08-29 18:17:30,413 - Epoch 1/500 - Train Loss: 1.8658, Train Acc: 15.08% - Val loss: 1.8837, Val Acc: 14.29%
2025-08-29 18:17:44,176 - Early stopping à l'epoch 104
2025-08-29 18:17:44,180 - Fold 9 - Accuracy finale: 17.86%
2025-08-29 18:17:44,180 - === Fold 10/10 ===
2025-08-29 18:17:44,341 - Epoch 1/500 - Train Loss: 1.8685, Train Acc: 16.27% - Val loss: 1.8839, Val Acc: 14.29%
2025-08-29 18:18:07,321 - Early stopping à l'epoch 173
2025-08-29 18:18:07,324 - Fold 10 - Accuracy finale: 17.86%
2025-08-29 18:18:07,325 - 
2025-08-29 18:18:07,325 - Résultats de la validation croisée
2025-08-29 18:18:07,325 - 
2025-08-29 18:18:07,325 - Accuracy moyenne: 20.00% ± 1.75%
2025-08-29 18:18:07,325 - Loss moyenne: 1.7850 ± 0.0017
2025-08-29 18:18:07,325 - Nombre d'epochs moyen: 140
2025-08-29 18:18:07,325 - Accuracy par fold: ['21.43%', '21.43%', '21.43%', '21.43%', '21.43%', '21.43%', '17.86%', '17.86%', '17.86%', '17.86%']

2025-08-29 18:18:07,325 - Entrainement du modèle final pour le jeu d'hyperparamètres 29

2025-08-29 18:18:07,494 - Epoch 1/140 - Loss: 1.8725, Acc: 15.71%
2025-08-29 18:18:27,920 - Epoch 140/140 - Loss: 1.7875, Acc: 18.57%
2025-08-29 18:18:27,922 - 

2025-08-29 18:18:27,922 - Résultats finaux pour le jeu d'hyperparamètres 29

2025-08-29 18:18:27,922 - Accuracy de validation croisée: 20.00% ± 1.75%
2025-08-29 18:18:27,922 - Accuracy sur le test: 20.83%

2025-08-29 18:18:33,653 - JEU D'HYPERPARAMÈTRES 30:
2025-08-29 18:18:33,653 - {'estimator_name': 'Transformer', 'estimator_params': {'d_model': 72, 'nhead': 4, 'num_layers': 4, 'dropout': 0.05}, 'weight_decay': 2.5e-06, 'lr': 0.005, 'scheduler_factor': 0.5, 'batch_size': 36}

2025-08-29 18:18:33,653 - Début de la validation croisée pour le jeu d'hyperparamètres 30

2025-08-29 18:18:33,653 - Variables sélectionnées : mêmes variables que celles retenues au départ (pas de sélection en avant)

2025-08-29 18:18:33,654 - === Fold 1/10 ===
2025-08-29 18:18:33,697 - Epoch 1/500 - Train Loss: 2.2692, Train Acc: 16.67% - Val loss: 1.8886, Val Acc: 14.29%
2025-08-29 18:18:37,188 - Early stopping à l'epoch 99
2025-08-29 18:18:37,190 - Fold 1 - Accuracy finale: 21.43%
2025-08-29 18:18:37,190 - === Fold 2/10 ===
2025-08-29 18:18:37,231 - Epoch 1/500 - Train Loss: 2.3432, Train Acc: 19.05% - Val loss: 1.8753, Val Acc: 17.86%
2025-08-29 18:18:40,133 - Early stopping à l'epoch 87
2025-08-29 18:18:40,135 - Fold 2 - Accuracy finale: 21.43%
2025-08-29 18:18:40,135 - === Fold 3/10 ===
2025-08-29 18:18:40,174 - Epoch 1/500 - Train Loss: 2.3967, Train Acc: 14.68% - Val loss: 1.8168, Val Acc: 21.43%
2025-08-29 18:18:43,527 - Early stopping à l'epoch 105
2025-08-29 18:18:43,529 - Fold 3 - Accuracy finale: 21.43%
2025-08-29 18:18:43,529 - === Fold 4/10 ===
2025-08-29 18:18:43,570 - Epoch 1/500 - Train Loss: 2.3660, Train Acc: 13.89% - Val loss: 1.9880, Val Acc: 14.29%
2025-08-29 18:18:49,632 - Early stopping à l'epoch 188
2025-08-29 18:18:49,634 - Fold 4 - Accuracy finale: 14.29%
2025-08-29 18:18:49,634 - === Fold 5/10 ===
2025-08-29 18:18:49,676 - Epoch 1/500 - Train Loss: 2.3650, Train Acc: 15.08% - Val loss: 2.0026, Val Acc: 14.29%
2025-08-29 18:18:52,614 - Early stopping à l'epoch 88
2025-08-29 18:18:52,616 - Fold 5 - Accuracy finale: 35.71%
2025-08-29 18:18:52,616 - === Fold 6/10 ===
2025-08-29 18:18:52,658 - Epoch 1/500 - Train Loss: 2.3263, Train Acc: 13.89% - Val loss: 1.9136, Val Acc: 17.86%
2025-08-29 18:18:55,942 - Early stopping à l'epoch 95
2025-08-29 18:18:55,944 - Fold 6 - Accuracy finale: 21.43%
2025-08-29 18:18:55,944 - === Fold 7/10 ===
2025-08-29 18:18:55,986 - Epoch 1/500 - Train Loss: 2.3698, Train Acc: 14.29% - Val loss: 1.8408, Val Acc: 14.29%
2025-08-29 18:18:59,698 - Early stopping à l'epoch 104
2025-08-29 18:18:59,700 - Fold 7 - Accuracy finale: 17.86%
2025-08-29 18:18:59,700 - === Fold 8/10 ===
2025-08-29 18:18:59,744 - Epoch 1/500 - Train Loss: 2.1404, Train Acc: 15.48% - Val loss: 1.8586, Val Acc: 14.29%
2025-08-29 18:19:02,727 - Early stopping à l'epoch 94
2025-08-29 18:19:02,729 - Fold 8 - Accuracy finale: 17.86%
2025-08-29 18:19:02,729 - === Fold 9/10 ===
2025-08-29 18:19:02,786 - Epoch 1/500 - Train Loss: 2.2214, Train Acc: 17.86% - Val loss: 1.8206, Val Acc: 21.43%
2025-08-29 18:19:06,323 - Early stopping à l'epoch 111
2025-08-29 18:19:06,325 - Fold 9 - Accuracy finale: 17.86%
2025-08-29 18:19:06,325 - === Fold 10/10 ===
2025-08-29 18:19:06,367 - Epoch 1/500 - Train Loss: 2.3069, Train Acc: 17.46% - Val loss: 1.9379, Val Acc: 17.86%
2025-08-29 18:19:10,171 - Early stopping à l'epoch 115
2025-08-29 18:19:10,173 - Fold 10 - Accuracy finale: 17.86%
2025-08-29 18:19:10,173 - 
2025-08-29 18:19:10,173 - Résultats de la validation croisée
2025-08-29 18:19:10,173 - 
2025-08-29 18:19:10,173 - Accuracy moyenne: 20.71% ± 5.49%
2025-08-29 18:19:10,173 - Loss moyenne: 1.7425 ± 0.1216
2025-08-29 18:19:10,173 - Nombre d'epochs moyen: 108
2025-08-29 18:19:10,173 - Accuracy par fold: ['21.43%', '21.43%', '21.43%', '14.29%', '35.71%', '21.43%', '17.86%', '17.86%', '17.86%', '17.86%']

2025-08-29 18:19:10,173 - Entrainement du modèle final pour le jeu d'hyperparamètres 30

2025-08-29 18:19:10,217 - Epoch 1/108 - Loss: 2.3208, Acc: 14.29%
2025-08-29 18:19:14,006 - Epoch 108/108 - Loss: 1.7326, Acc: 24.29%
2025-08-29 18:19:14,009 - 

2025-08-29 18:19:14,009 - Résultats finaux pour le jeu d'hyperparamètres 30

2025-08-29 18:19:14,009 - Accuracy de validation croisée: 20.71% ± 5.49%
2025-08-29 18:19:14,009 - Accuracy sur le test: 20.83%

2025-08-29 18:19:19,869 - JEU D'HYPERPARAMÈTRES 31:
2025-08-29 18:19:19,869 - {'estimator_name': 'CNN + LSTM', 'estimator_params': {'out_channels': 8, 'num_layers': 4, 'hidden_size': 64, 'dropout': 0}, 'weight_decay': 1e-06, 'lr': 0.0045, 'scheduler_factor': 0.6, 'batch_size': 32}

2025-08-29 18:19:19,869 - Début de la validation croisée pour le jeu d'hyperparamètres 31

2025-08-29 18:19:19,869 - Variables sélectionnées : mêmes variables que celles retenues au départ (pas de sélection en avant)

2025-08-29 18:19:19,869 - === Fold 1/10 ===
2025-08-29 18:19:19,977 - Epoch 1/500 - Train Loss: 1.8158, Train Acc: 14.68% - Val loss: 1.8015, Val Acc: 17.86%
2025-08-29 18:19:28,805 - Early stopping à l'epoch 98
2025-08-29 18:19:28,807 - Fold 1 - Accuracy finale: 21.43%
2025-08-29 18:19:28,807 - === Fold 2/10 ===
2025-08-29 18:19:28,919 - Epoch 1/500 - Train Loss: 1.8169, Train Acc: 14.68% - Val loss: 1.8031, Val Acc: 17.86%
2025-08-29 18:19:36,935 - Early stopping à l'epoch 88
2025-08-29 18:19:36,938 - Fold 2 - Accuracy finale: 21.43%
2025-08-29 18:19:36,938 - === Fold 3/10 ===
2025-08-29 18:19:37,055 - Epoch 1/500 - Train Loss: 1.8174, Train Acc: 15.08% - Val loss: 1.8121, Val Acc: 14.29%
2025-08-29 18:19:49,674 - Early stopping à l'epoch 139
2025-08-29 18:19:49,676 - Fold 3 - Accuracy finale: 21.43%
2025-08-29 18:19:49,677 - === Fold 4/10 ===
2025-08-29 18:19:49,786 - Epoch 1/500 - Train Loss: 1.8156, Train Acc: 15.08% - Val loss: 1.8124, Val Acc: 14.29%
2025-08-29 18:19:59,265 - Early stopping à l'epoch 106
2025-08-29 18:19:59,268 - Fold 4 - Accuracy finale: 21.43%
2025-08-29 18:19:59,268 - === Fold 5/10 ===
2025-08-29 18:19:59,374 - Epoch 1/500 - Train Loss: 1.8143, Train Acc: 15.08% - Val loss: 1.8103, Val Acc: 14.29%
2025-08-29 18:20:08,819 - Early stopping à l'epoch 107
2025-08-29 18:20:08,821 - Fold 5 - Accuracy finale: 21.43%
2025-08-29 18:20:08,821 - === Fold 6/10 ===
2025-08-29 18:20:08,929 - Epoch 1/500 - Train Loss: 1.8161, Train Acc: 15.08% - Val loss: 1.8047, Val Acc: 14.29%
2025-08-29 18:20:17,161 - Early stopping à l'epoch 91
2025-08-29 18:20:17,163 - Fold 6 - Accuracy finale: 21.43%
2025-08-29 18:20:17,163 - === Fold 7/10 ===
2025-08-29 18:20:17,270 - Epoch 1/500 - Train Loss: 1.8155, Train Acc: 15.08% - Val loss: 1.8060, Val Acc: 14.29%
2025-08-29 18:20:25,081 - Early stopping à l'epoch 88
2025-08-29 18:20:25,083 - Fold 7 - Accuracy finale: 17.86%
2025-08-29 18:20:25,083 - === Fold 8/10 ===
2025-08-29 18:20:25,190 - Epoch 1/500 - Train Loss: 1.8172, Train Acc: 15.08% - Val loss: 1.8062, Val Acc: 14.29%
2025-08-29 18:20:32,870 - Early stopping à l'epoch 87
2025-08-29 18:20:32,873 - Fold 8 - Accuracy finale: 17.86%
2025-08-29 18:20:32,873 - === Fold 9/10 ===
2025-08-29 18:20:32,979 - Epoch 1/500 - Train Loss: 1.8149, Train Acc: 15.08% - Val loss: 1.8101, Val Acc: 14.29%
2025-08-29 18:20:41,434 - Early stopping à l'epoch 97
2025-08-29 18:20:41,436 - Fold 9 - Accuracy finale: 17.86%
2025-08-29 18:20:41,436 - === Fold 10/10 ===
2025-08-29 18:20:41,548 - Epoch 1/500 - Train Loss: 1.8150, Train Acc: 15.08% - Val loss: 1.8088, Val Acc: 14.29%
2025-08-29 18:20:49,696 - Early stopping à l'epoch 93
2025-08-29 18:20:49,699 - Fold 10 - Accuracy finale: 17.86%
2025-08-29 18:20:49,699 - 
2025-08-29 18:20:49,699 - Résultats de la validation croisée
2025-08-29 18:20:49,699 - 
2025-08-29 18:20:49,699 - Accuracy moyenne: 20.00% ± 1.75%
2025-08-29 18:20:49,699 - Loss moyenne: 1.7850 ± 0.0010
2025-08-29 18:20:49,699 - Nombre d'epochs moyen: 99
2025-08-29 18:20:49,699 - Accuracy par fold: ['21.43%', '21.43%', '21.43%', '21.43%', '21.43%', '21.43%', '17.86%', '17.86%', '17.86%', '17.86%']

2025-08-29 18:20:49,699 - Entrainement du modèle final pour le jeu d'hyperparamètres 31

2025-08-29 18:20:49,817 - Epoch 1/99 - Loss: 1.8164, Acc: 15.00%
2025-08-29 18:20:59,414 - Epoch 99/99 - Loss: 1.7846, Acc: 20.00%
2025-08-29 18:20:59,415 - 

2025-08-29 18:20:59,415 - Résultats finaux pour le jeu d'hyperparamètres 31

2025-08-29 18:20:59,416 - Accuracy de validation croisée: 20.00% ± 1.75%
2025-08-29 18:20:59,416 - Accuracy sur le test: 20.83%

2025-08-29 18:21:05,523 - JEU D'HYPERPARAMÈTRES 32:
2025-08-29 18:21:05,523 - {'estimator_name': 'CNN + LSTM', 'estimator_params': {'out_channels': 8, 'num_layers': 2, 'hidden_size': 96, 'dropout': 0.15}, 'weight_decay': 5e-07, 'lr': 0.0055, 'scheduler_factor': 0.6, 'batch_size': 28}

2025-08-29 18:21:05,523 - Début de la validation croisée pour le jeu d'hyperparamètres 32

2025-08-29 18:21:05,523 - Variables sélectionnées : mêmes variables que celles retenues au départ (pas de sélection en avant)

2025-08-29 18:21:05,524 - === Fold 1/10 ===
2025-08-29 18:21:05,700 - Epoch 1/500 - Train Loss: 1.9041, Train Acc: 14.68% - Val loss: 1.8642, Val Acc: 17.86%
2025-08-29 18:21:19,602 - Early stopping à l'epoch 93
2025-08-29 18:21:19,605 - Fold 1 - Accuracy finale: 17.86%
2025-08-29 18:21:19,605 - === Fold 2/10 ===
2025-08-29 18:21:19,783 - Epoch 1/500 - Train Loss: 1.9117, Train Acc: 14.68% - Val loss: 1.8681, Val Acc: 17.86%
2025-08-29 18:21:33,555 - Early stopping à l'epoch 92
2025-08-29 18:21:33,558 - Fold 2 - Accuracy finale: 17.86%
2025-08-29 18:21:33,558 - === Fold 3/10 ===
2025-08-29 18:21:33,732 - Epoch 1/500 - Train Loss: 1.9085, Train Acc: 15.08% - Val loss: 1.8834, Val Acc: 14.29%
2025-08-29 18:21:50,832 - Early stopping à l'epoch 113
2025-08-29 18:21:50,835 - Fold 3 - Accuracy finale: 21.43%
2025-08-29 18:21:50,835 - === Fold 4/10 ===
2025-08-29 18:21:51,017 - Epoch 1/500 - Train Loss: 1.9145, Train Acc: 15.08% - Val loss: 1.8829, Val Acc: 14.29%
2025-08-29 18:22:12,019 - Early stopping à l'epoch 142
2025-08-29 18:22:12,022 - Fold 4 - Accuracy finale: 17.86%
2025-08-29 18:22:12,022 - === Fold 5/10 ===
2025-08-29 18:22:12,198 - Epoch 1/500 - Train Loss: 1.9077, Train Acc: 15.08% - Val loss: 1.8804, Val Acc: 14.29%
2025-08-29 18:22:33,723 - Early stopping à l'epoch 146
2025-08-29 18:22:33,726 - Fold 5 - Accuracy finale: 21.43%
2025-08-29 18:22:33,726 - === Fold 6/10 ===
2025-08-29 18:22:33,898 - Epoch 1/500 - Train Loss: 1.9004, Train Acc: 15.08% - Val loss: 1.9055, Val Acc: 14.29%
2025-08-29 18:22:56,264 - Early stopping à l'epoch 150
2025-08-29 18:22:56,267 - Fold 6 - Accuracy finale: 21.43%
2025-08-29 18:22:56,267 - === Fold 7/10 ===
2025-08-29 18:22:56,441 - Epoch 1/500 - Train Loss: 1.9064, Train Acc: 15.08% - Val loss: 1.9209, Val Acc: 14.29%
2025-08-29 18:23:26,611 - Epoch 201/500 - Train Loss: 1.7840, Train Acc: 19.84% - Val loss: 1.7855, Val Acc: 17.86%
2025-08-29 18:23:27,642 - Early stopping à l'epoch 208
2025-08-29 18:23:27,645 - Fold 7 - Accuracy finale: 17.86%
2025-08-29 18:23:27,645 - === Fold 8/10 ===
2025-08-29 18:23:27,822 - Epoch 1/500 - Train Loss: 1.9089, Train Acc: 15.08% - Val loss: 1.9183, Val Acc: 14.29%
2025-08-29 18:23:51,660 - Early stopping à l'epoch 161
2025-08-29 18:23:51,663 - Fold 8 - Accuracy finale: 17.86%
2025-08-29 18:23:51,664 - === Fold 9/10 ===
2025-08-29 18:23:51,842 - Epoch 1/500 - Train Loss: 1.9052, Train Acc: 15.08% - Val loss: 1.8758, Val Acc: 14.29%
2025-08-29 18:24:07,255 - Early stopping à l'epoch 102
2025-08-29 18:24:07,258 - Fold 9 - Accuracy finale: 17.86%
2025-08-29 18:24:07,258 - === Fold 10/10 ===
2025-08-29 18:24:07,438 - Epoch 1/500 - Train Loss: 1.9083, Train Acc: 15.08% - Val loss: 1.8776, Val Acc: 14.29%
2025-08-29 18:24:23,346 - Early stopping à l'epoch 106
2025-08-29 18:24:23,349 - Fold 10 - Accuracy finale: 17.86%
2025-08-29 18:24:23,350 - 
2025-08-29 18:24:23,350 - Résultats de la validation croisée
2025-08-29 18:24:23,350 - 
2025-08-29 18:24:23,350 - Accuracy moyenne: 18.93% ± 1.64%
2025-08-29 18:24:23,350 - Loss moyenne: 1.7851 ± 0.0009
2025-08-29 18:24:23,350 - Nombre d'epochs moyen: 131
2025-08-29 18:24:23,350 - Accuracy par fold: ['17.86%', '17.86%', '21.43%', '17.86%', '21.43%', '21.43%', '17.86%', '17.86%', '17.86%', '17.86%']

2025-08-29 18:24:23,350 - Entrainement du modèle final pour le jeu d'hyperparamètres 32

2025-08-29 18:24:23,545 - Epoch 1/131 - Loss: 1.9072, Acc: 15.00%
2025-08-29 18:24:44,759 - Epoch 131/131 - Loss: 1.7849, Acc: 20.00%
2025-08-29 18:24:44,761 - 

2025-08-29 18:24:44,761 - Résultats finaux pour le jeu d'hyperparamètres 32

2025-08-29 18:24:44,761 - Accuracy de validation croisée: 18.93% ± 1.64%
2025-08-29 18:24:44,761 - Accuracy sur le test: 20.83%

2025-08-29 18:24:51,087 - JEU D'HYPERPARAMÈTRES 33:
2025-08-29 18:24:51,087 - {'estimator_name': 'Transformer', 'estimator_params': {'d_model': 36, 'nhead': 12, 'num_layers': 4, 'dropout': 0.1}, 'weight_decay': 1e-06, 'lr': 0.0045, 'scheduler_factor': 0.4, 'batch_size': 28}

2025-08-29 18:24:51,087 - Début de la validation croisée pour le jeu d'hyperparamètres 33

2025-08-29 18:24:51,087 - Variables sélectionnées : mêmes variables que celles retenues au départ (pas de sélection en avant)

2025-08-29 18:24:51,088 - === Fold 1/10 ===
2025-08-29 18:24:51,136 - Epoch 1/500 - Train Loss: 1.8544, Train Acc: 23.41% - Val loss: 1.3235, Val Acc: 32.14%
2025-08-29 18:24:55,906 - Early stopping à l'epoch 111
2025-08-29 18:24:55,908 - Fold 1 - Accuracy finale: 46.43%
2025-08-29 18:24:55,908 - === Fold 2/10 ===
2025-08-29 18:24:55,959 - Epoch 1/500 - Train Loss: 2.0313, Train Acc: 12.70% - Val loss: 1.6705, Val Acc: 46.43%
2025-08-29 18:25:00,225 - Early stopping à l'epoch 104
2025-08-29 18:25:00,227 - Fold 2 - Accuracy finale: 21.43%
2025-08-29 18:25:00,227 - === Fold 3/10 ===
2025-08-29 18:25:00,276 - Epoch 1/500 - Train Loss: 1.9153, Train Acc: 23.81% - Val loss: 1.5228, Val Acc: 25.00%
2025-08-29 18:25:04,955 - Early stopping à l'epoch 111
2025-08-29 18:25:04,957 - Fold 3 - Accuracy finale: 67.86%
2025-08-29 18:25:04,957 - === Fold 4/10 ===
2025-08-29 18:25:05,008 - Epoch 1/500 - Train Loss: 1.7414, Train Acc: 26.19% - Val loss: 1.2122, Val Acc: 39.29%
2025-08-29 18:25:10,726 - Early stopping à l'epoch 140
2025-08-29 18:25:10,728 - Fold 4 - Accuracy finale: 67.86%
2025-08-29 18:25:10,728 - === Fold 5/10 ===
2025-08-29 18:25:10,774 - Epoch 1/500 - Train Loss: 1.7974, Train Acc: 21.83% - Val loss: 1.2747, Val Acc: 35.71%
2025-08-29 18:25:14,610 - Early stopping à l'epoch 89
2025-08-29 18:25:14,612 - Fold 5 - Accuracy finale: 28.57%
2025-08-29 18:25:14,612 - === Fold 6/10 ===
2025-08-29 18:25:14,661 - Epoch 1/500 - Train Loss: 2.0263, Train Acc: 14.29% - Val loss: 1.6367, Val Acc: 35.71%
2025-08-29 18:25:18,112 - Early stopping à l'epoch 86
2025-08-29 18:25:18,114 - Fold 6 - Accuracy finale: 42.86%
2025-08-29 18:25:18,114 - === Fold 7/10 ===
2025-08-29 18:25:18,163 - Epoch 1/500 - Train Loss: 1.8476, Train Acc: 24.21% - Val loss: 1.3147, Val Acc: 35.71%
2025-08-29 18:25:22,243 - Early stopping à l'epoch 98
2025-08-29 18:25:22,246 - Fold 7 - Accuracy finale: 50.00%
2025-08-29 18:25:22,246 - === Fold 8/10 ===
2025-08-29 18:25:22,300 - Epoch 1/500 - Train Loss: 1.7956, Train Acc: 26.98% - Val loss: 1.2987, Val Acc: 35.71%
2025-08-29 18:25:26,552 - Early stopping à l'epoch 102
2025-08-29 18:25:26,554 - Fold 8 - Accuracy finale: 17.86%
2025-08-29 18:25:26,554 - === Fold 9/10 ===
2025-08-29 18:25:26,603 - Epoch 1/500 - Train Loss: 2.0039, Train Acc: 15.48% - Val loss: 1.8202, Val Acc: 14.29%
2025-08-29 18:25:30,251 - Early stopping à l'epoch 87
2025-08-29 18:25:30,253 - Fold 9 - Accuracy finale: 39.29%
2025-08-29 18:25:30,253 - === Fold 10/10 ===
2025-08-29 18:25:30,298 - Epoch 1/500 - Train Loss: 1.9567, Train Acc: 26.98% - Val loss: 1.5436, Val Acc: 32.14%
2025-08-29 18:25:33,793 - Early stopping à l'epoch 83
2025-08-29 18:25:33,795 - Fold 10 - Accuracy finale: 17.86%
2025-08-29 18:25:33,795 - 
2025-08-29 18:25:33,795 - Résultats de la validation croisée
2025-08-29 18:25:33,795 - 
2025-08-29 18:25:33,795 - Accuracy moyenne: 40.00% ± 17.77%
2025-08-29 18:25:33,795 - Loss moyenne: 1.3231 ± 0.4337
2025-08-29 18:25:33,795 - Nombre d'epochs moyen: 101
2025-08-29 18:25:33,795 - Accuracy par fold: ['46.43%', '21.43%', '67.86%', '67.86%', '28.57%', '42.86%', '50.00%', '17.86%', '39.29%', '17.86%']

2025-08-29 18:25:33,795 - Entrainement du modèle final pour le jeu d'hyperparamètres 33

2025-08-29 18:25:33,848 - Epoch 1/101 - Loss: 1.8583, Acc: 23.21%
2025-08-29 18:25:38,763 - Epoch 101/101 - Loss: 1.7694, Acc: 18.21%
2025-08-29 18:25:38,766 - 

2025-08-29 18:25:38,766 - Résultats finaux pour le jeu d'hyperparamètres 33

2025-08-29 18:25:38,766 - Accuracy de validation croisée: 40.00% ± 17.77%
2025-08-29 18:25:38,766 - Accuracy sur le test: 19.17%

2025-08-29 18:25:45,006 - JEU D'HYPERPARAMÈTRES 34:
2025-08-29 18:25:45,006 - {'estimator_name': 'Transformer', 'estimator_params': {'d_model': 48, 'nhead': 12, 'num_layers': 4, 'dropout': 0.15}, 'weight_decay': 1e-06, 'lr': 0.0035, 'scheduler_factor': 0.5, 'batch_size': 28}

2025-08-29 18:25:45,006 - Début de la validation croisée pour le jeu d'hyperparamètres 34

2025-08-29 18:25:45,006 - Variables sélectionnées : mêmes variables que celles retenues au départ (pas de sélection en avant)

2025-08-29 18:25:45,007 - === Fold 1/10 ===
2025-08-29 18:25:45,053 - Epoch 1/500 - Train Loss: 2.0820, Train Acc: 13.89% - Val loss: 1.9368, Val Acc: 17.86%
2025-08-29 18:25:48,429 - Early stopping à l'epoch 91
2025-08-29 18:25:48,431 - Fold 1 - Accuracy finale: 21.43%
2025-08-29 18:25:48,431 - === Fold 2/10 ===
2025-08-29 18:25:48,476 - Epoch 1/500 - Train Loss: 2.1098, Train Acc: 21.83% - Val loss: 2.0202, Val Acc: 17.86%
2025-08-29 18:25:52,980 - Early stopping à l'epoch 112
2025-08-29 18:25:52,982 - Fold 2 - Accuracy finale: 53.57%
2025-08-29 18:25:52,982 - === Fold 3/10 ===
2025-08-29 18:25:53,027 - Epoch 1/500 - Train Loss: 1.9911, Train Acc: 18.65% - Val loss: 1.8383, Val Acc: 14.29%
2025-08-29 18:25:56,653 - Early stopping à l'epoch 96
2025-08-29 18:25:56,655 - Fold 3 - Accuracy finale: 39.29%
2025-08-29 18:25:56,655 - === Fold 4/10 ===
2025-08-29 18:25:56,707 - Epoch 1/500 - Train Loss: 1.8128, Train Acc: 26.98% - Val loss: 1.3243, Val Acc: 39.29%
2025-08-29 18:26:00,344 - Early stopping à l'epoch 96
2025-08-29 18:26:00,346 - Fold 4 - Accuracy finale: 21.43%
2025-08-29 18:26:00,346 - === Fold 5/10 ===
2025-08-29 18:26:00,389 - Epoch 1/500 - Train Loss: 1.9989, Train Acc: 22.22% - Val loss: 1.7567, Val Acc: 17.86%
2025-08-29 18:26:03,953 - Early stopping à l'epoch 93
2025-08-29 18:26:03,955 - Fold 5 - Accuracy finale: 28.57%
2025-08-29 18:26:03,955 - === Fold 6/10 ===
2025-08-29 18:26:04,000 - Epoch 1/500 - Train Loss: 2.0397, Train Acc: 16.67% - Val loss: 1.8168, Val Acc: 14.29%
2025-08-29 18:26:07,925 - Early stopping à l'epoch 107
2025-08-29 18:26:07,927 - Fold 6 - Accuracy finale: 21.43%
2025-08-29 18:26:07,927 - === Fold 7/10 ===
2025-08-29 18:26:07,968 - Epoch 1/500 - Train Loss: 2.0501, Train Acc: 18.25% - Val loss: 1.6936, Val Acc: 35.71%
2025-08-29 18:26:11,190 - Early stopping à l'epoch 90
2025-08-29 18:26:11,192 - Fold 7 - Accuracy finale: 17.86%
2025-08-29 18:26:11,192 - === Fold 8/10 ===
2025-08-29 18:26:11,235 - Epoch 1/500 - Train Loss: 2.0689, Train Acc: 19.84% - Val loss: 1.9310, Val Acc: 21.43%
2025-08-29 18:26:17,083 - Early stopping à l'epoch 164
2025-08-29 18:26:17,085 - Fold 8 - Accuracy finale: 46.43%
2025-08-29 18:26:17,085 - === Fold 9/10 ===
2025-08-29 18:26:17,127 - Epoch 1/500 - Train Loss: 1.9192, Train Acc: 19.84% - Val loss: 1.6957, Val Acc: 32.14%
2025-08-29 18:26:22,868 - Early stopping à l'epoch 162
2025-08-29 18:26:22,869 - Fold 9 - Accuracy finale: 96.43%
2025-08-29 18:26:22,869 - === Fold 10/10 ===
2025-08-29 18:26:22,911 - Epoch 1/500 - Train Loss: 2.1152, Train Acc: 16.27% - Val loss: 1.8361, Val Acc: 21.43%
2025-08-29 18:26:26,872 - Early stopping à l'epoch 109
2025-08-29 18:26:26,875 - Fold 10 - Accuracy finale: 17.86%
2025-08-29 18:26:26,875 - 
2025-08-29 18:26:26,875 - Résultats de la validation croisée
2025-08-29 18:26:26,875 - 
2025-08-29 18:26:26,875 - Accuracy moyenne: 36.43% ± 23.30%
2025-08-29 18:26:26,875 - Loss moyenne: 1.7464 ± 0.8457
2025-08-29 18:26:26,875 - Nombre d'epochs moyen: 112
2025-08-29 18:26:26,875 - Accuracy par fold: ['21.43%', '53.57%', '39.29%', '21.43%', '28.57%', '21.43%', '17.86%', '46.43%', '96.43%', '17.86%']

2025-08-29 18:26:26,875 - Entrainement du modèle final pour le jeu d'hyperparamètres 34

2025-08-29 18:26:26,921 - Epoch 1/112 - Loss: 2.1254, Acc: 13.21%
2025-08-29 18:26:31,242 - Epoch 112/112 - Loss: 1.6835, Acc: 23.21%
2025-08-29 18:26:31,244 - 

2025-08-29 18:26:31,244 - Résultats finaux pour le jeu d'hyperparamètres 34

2025-08-29 18:26:31,244 - Accuracy de validation croisée: 36.43% ± 23.30%
2025-08-29 18:26:31,244 - Accuracy sur le test: 20.83%

2025-08-29 18:26:37,678 - JEU D'HYPERPARAMÈTRES 35:
2025-08-29 18:26:37,678 - {'estimator_name': 'Transformer', 'estimator_params': {'d_model': 36, 'nhead': 2, 'num_layers': 2, 'dropout': 0.1}, 'weight_decay': 1e-06, 'lr': 0.0055, 'scheduler_factor': 0.5, 'batch_size': 32}

2025-08-29 18:26:37,678 - Début de la validation croisée pour le jeu d'hyperparamètres 35

2025-08-29 18:26:37,678 - Variables sélectionnées : mêmes variables que celles retenues au départ (pas de sélection en avant)

2025-08-29 18:26:37,679 - === Fold 1/10 ===
2025-08-29 18:26:37,707 - Epoch 1/500 - Train Loss: 1.9783, Train Acc: 21.03% - Val loss: 1.6920, Val Acc: 35.71%
2025-08-29 18:26:39,651 - Early stopping à l'epoch 89
2025-08-29 18:26:39,653 - Fold 1 - Accuracy finale: 89.29%
2025-08-29 18:26:39,653 - === Fold 2/10 ===
2025-08-29 18:26:39,679 - Epoch 1/500 - Train Loss: 2.0253, Train Acc: 20.63% - Val loss: 1.6569, Val Acc: 25.00%
2025-08-29 18:26:42,793 - Early stopping à l'epoch 142
2025-08-29 18:26:42,794 - Fold 2 - Accuracy finale: 96.43%
2025-08-29 18:26:42,794 - === Fold 3/10 ===
2025-08-29 18:26:42,820 - Epoch 1/500 - Train Loss: 1.7364, Train Acc: 32.54% - Val loss: 1.2355, Val Acc: 57.14%
2025-08-29 18:26:47,322 - Epoch 201/500 - Train Loss: 0.0004, Train Acc: 100.00% - Val loss: 0.0177, Val Acc: 100.00%
2025-08-29 18:26:48,387 - Early stopping à l'epoch 247
2025-08-29 18:26:48,388 - Fold 3 - Accuracy finale: 100.00%
2025-08-29 18:26:48,388 - === Fold 4/10 ===
2025-08-29 18:26:48,415 - Epoch 1/500 - Train Loss: 1.9299, Train Acc: 24.21% - Val loss: 1.5038, Val Acc: 35.71%
2025-08-29 18:26:51,741 - Early stopping à l'epoch 155
2025-08-29 18:26:51,742 - Fold 4 - Accuracy finale: 92.86%
2025-08-29 18:26:51,742 - === Fold 5/10 ===
2025-08-29 18:26:51,773 - Epoch 1/500 - Train Loss: 1.6136, Train Acc: 38.89% - Val loss: 1.1460, Val Acc: 42.86%
2025-08-29 18:26:54,644 - Early stopping à l'epoch 134
2025-08-29 18:26:54,645 - Fold 5 - Accuracy finale: 85.71%
2025-08-29 18:26:54,645 - === Fold 6/10 ===
2025-08-29 18:26:54,669 - Epoch 1/500 - Train Loss: 1.9129, Train Acc: 21.43% - Val loss: 1.4120, Val Acc: 50.00%
2025-08-29 18:26:56,631 - Early stopping à l'epoch 92
2025-08-29 18:26:56,633 - Fold 6 - Accuracy finale: 89.29%
2025-08-29 18:26:56,633 - === Fold 7/10 ===
2025-08-29 18:26:56,657 - Epoch 1/500 - Train Loss: 1.6169, Train Acc: 32.94% - Val loss: 1.1986, Val Acc: 39.29%
2025-08-29 18:26:59,784 - Early stopping à l'epoch 142
2025-08-29 18:26:59,785 - Fold 7 - Accuracy finale: 96.43%
2025-08-29 18:26:59,785 - === Fold 8/10 ===
2025-08-29 18:26:59,810 - Epoch 1/500 - Train Loss: 1.9598, Train Acc: 21.03% - Val loss: 1.5923, Val Acc: 32.14%
2025-08-29 18:27:02,291 - Early stopping à l'epoch 114
2025-08-29 18:27:02,292 - Fold 8 - Accuracy finale: 100.00%
2025-08-29 18:27:02,292 - === Fold 9/10 ===
2025-08-29 18:27:02,317 - Epoch 1/500 - Train Loss: 1.8400, Train Acc: 25.40% - Val loss: 1.3953, Val Acc: 46.43%
2025-08-29 18:27:04,270 - Early stopping à l'epoch 91
2025-08-29 18:27:04,271 - Fold 9 - Accuracy finale: 89.29%
2025-08-29 18:27:04,271 - === Fold 10/10 ===
2025-08-29 18:27:04,297 - Epoch 1/500 - Train Loss: 1.9269, Train Acc: 29.76% - Val loss: 1.4761, Val Acc: 39.29%
2025-08-29 18:27:06,600 - Early stopping à l'epoch 106
2025-08-29 18:27:06,601 - Fold 10 - Accuracy finale: 92.86%
2025-08-29 18:27:06,601 - 
2025-08-29 18:27:06,601 - Résultats de la validation croisée
2025-08-29 18:27:06,601 - 
2025-08-29 18:27:06,601 - Accuracy moyenne: 93.21% ± 4.64%
2025-08-29 18:27:06,601 - Loss moyenne: 0.3895 ± 0.2967
2025-08-29 18:27:06,601 - Nombre d'epochs moyen: 131
2025-08-29 18:27:06,601 - Accuracy par fold: ['89.29%', '96.43%', '100.00%', '92.86%', '85.71%', '89.29%', '96.43%', '100.00%', '89.29%', '92.86%']

2025-08-29 18:27:06,601 - Entrainement du modèle final pour le jeu d'hyperparamètres 35

2025-08-29 18:27:06,630 - Epoch 1/131 - Loss: 1.8539, Acc: 22.14%
2025-08-29 18:27:09,762 - Epoch 131/131 - Loss: 0.0698, Acc: 97.86%
2025-08-29 18:27:09,763 - 

2025-08-29 18:27:09,763 - Résultats finaux pour le jeu d'hyperparamètres 35

2025-08-29 18:27:09,763 - Accuracy de validation croisée: 93.21% ± 4.64%
2025-08-29 18:27:09,764 - Accuracy sur le test: 83.33%

2025-08-29 18:27:16,149 - JEU D'HYPERPARAMÈTRES 36:
2025-08-29 18:27:16,149 - {'estimator_name': 'LSTM', 'estimator_params': {'num_layers': 3, 'hidden_size': 80, 'dropout': 0.075}, 'weight_decay': 2.5e-06, 'lr': 0.0035, 'scheduler_factor': 0.5, 'batch_size': 32}

2025-08-29 18:27:16,149 - Début de la validation croisée pour le jeu d'hyperparamètres 36

2025-08-29 18:27:16,149 - Variables sélectionnées : mêmes variables que celles retenues au départ (pas de sélection en avant)

2025-08-29 18:27:16,150 - === Fold 1/10 ===
2025-08-29 18:27:16,285 - Epoch 1/500 - Train Loss: 1.8404, Train Acc: 19.84% - Val loss: 1.8182, Val Acc: 21.43%
2025-08-29 18:27:31,484 - Early stopping à l'epoch 136
2025-08-29 18:27:31,487 - Fold 1 - Accuracy finale: 21.43%
2025-08-29 18:27:31,487 - === Fold 2/10 ===
2025-08-29 18:27:31,623 - Epoch 1/500 - Train Loss: 1.8397, Train Acc: 19.84% - Val loss: 1.8197, Val Acc: 21.43%
2025-08-29 18:27:43,596 - Early stopping à l'epoch 107
2025-08-29 18:27:43,599 - Fold 2 - Accuracy finale: 21.43%
2025-08-29 18:27:43,599 - === Fold 3/10 ===
2025-08-29 18:27:43,732 - Epoch 1/500 - Train Loss: 1.8414, Train Acc: 19.84% - Val loss: 1.8076, Val Acc: 21.43%
2025-08-29 18:27:54,646 - Early stopping à l'epoch 99
2025-08-29 18:27:54,649 - Fold 3 - Accuracy finale: 21.43%
2025-08-29 18:27:54,649 - === Fold 4/10 ===
2025-08-29 18:27:54,787 - Epoch 1/500 - Train Loss: 1.8417, Train Acc: 19.84% - Val loss: 1.8072, Val Acc: 21.43%
2025-08-29 18:28:05,553 - Early stopping à l'epoch 97
2025-08-29 18:28:05,556 - Fold 4 - Accuracy finale: 21.43%
2025-08-29 18:28:05,557 - === Fold 5/10 ===
2025-08-29 18:28:05,685 - Epoch 1/500 - Train Loss: 1.8385, Train Acc: 19.84% - Val loss: 1.8072, Val Acc: 21.43%
2025-08-29 18:28:15,779 - Early stopping à l'epoch 92
2025-08-29 18:28:15,783 - Fold 5 - Accuracy finale: 21.43%
2025-08-29 18:28:15,783 - === Fold 6/10 ===
2025-08-29 18:28:15,913 - Epoch 1/500 - Train Loss: 1.8395, Train Acc: 19.84% - Val loss: 1.8373, Val Acc: 21.43%
2025-08-29 18:28:28,817 - Early stopping à l'epoch 118
2025-08-29 18:28:28,820 - Fold 6 - Accuracy finale: 21.43%
2025-08-29 18:28:28,820 - === Fold 7/10 ===
2025-08-29 18:28:28,950 - Epoch 1/500 - Train Loss: 1.8333, Train Acc: 20.24% - Val loss: 1.8571, Val Acc: 17.86%
2025-08-29 18:28:42,156 - Early stopping à l'epoch 119
2025-08-29 18:28:42,160 - Fold 7 - Accuracy finale: 17.86%
2025-08-29 18:28:42,160 - === Fold 8/10 ===
2025-08-29 18:28:42,296 - Epoch 1/500 - Train Loss: 1.8357, Train Acc: 20.24% - Val loss: 1.8567, Val Acc: 17.86%
2025-08-29 18:28:56,924 - Early stopping à l'epoch 130
2025-08-29 18:28:56,927 - Fold 8 - Accuracy finale: 17.86%
2025-08-29 18:28:56,927 - === Fold 9/10 ===
2025-08-29 18:28:57,065 - Epoch 1/500 - Train Loss: 1.8368, Train Acc: 20.24% - Val loss: 1.8510, Val Acc: 17.86%
2025-08-29 18:29:11,465 - Early stopping à l'epoch 128
2025-08-29 18:29:11,468 - Fold 9 - Accuracy finale: 17.86%
2025-08-29 18:29:11,468 - === Fold 10/10 ===
2025-08-29 18:29:11,603 - Epoch 1/500 - Train Loss: 1.8344, Train Acc: 20.24% - Val loss: 1.8524, Val Acc: 17.86%
2025-08-29 18:29:26,947 - Early stopping à l'epoch 137
2025-08-29 18:29:26,950 - Fold 10 - Accuracy finale: 17.86%
2025-08-29 18:29:26,951 - 
2025-08-29 18:29:26,951 - Résultats de la validation croisée
2025-08-29 18:29:26,951 - 
2025-08-29 18:29:26,951 - Accuracy moyenne: 20.00% ± 1.75%
2025-08-29 18:29:26,951 - Loss moyenne: 1.7850 ± 0.0012
2025-08-29 18:29:26,951 - Nombre d'epochs moyen: 116
2025-08-29 18:29:26,951 - Accuracy par fold: ['21.43%', '21.43%', '21.43%', '21.43%', '21.43%', '21.43%', '17.86%', '17.86%', '17.86%', '17.86%']

2025-08-29 18:29:26,951 - Entrainement du modèle final pour le jeu d'hyperparamètres 36

2025-08-29 18:29:27,096 - Epoch 1/116 - Loss: 1.8406, Acc: 20.00%
2025-08-29 18:29:41,468 - Epoch 116/116 - Loss: 1.7849, Acc: 20.00%
2025-08-29 18:29:41,471 - 

2025-08-29 18:29:41,471 - Résultats finaux pour le jeu d'hyperparamètres 36

2025-08-29 18:29:41,471 - Accuracy de validation croisée: 20.00% ± 1.75%
2025-08-29 18:29:41,471 - Accuracy sur le test: 20.83%

2025-08-29 18:29:47,897 - JEU D'HYPERPARAMÈTRES 37:
2025-08-29 18:29:47,897 - {'estimator_name': 'Transformer', 'estimator_params': {'d_model': 72, 'nhead': 3, 'num_layers': 2, 'dropout': 0}, 'weight_decay': 2.5e-06, 'lr': 0.0045, 'scheduler_factor': 0.5, 'batch_size': 36}

2025-08-29 18:29:47,898 - Début de la validation croisée pour le jeu d'hyperparamètres 37

2025-08-29 18:29:47,898 - Variables sélectionnées : mêmes variables que celles retenues au départ (pas de sélection en avant)

2025-08-29 18:29:47,898 - === Fold 1/10 ===
2025-08-29 18:29:47,920 - Epoch 1/500 - Train Loss: 2.2909, Train Acc: 18.25% - Val loss: 1.7700, Val Acc: 28.57%
2025-08-29 18:29:49,526 - Early stopping à l'epoch 100
2025-08-29 18:29:49,527 - Fold 1 - Accuracy finale: 82.14%
2025-08-29 18:29:49,527 - === Fold 2/10 ===
2025-08-29 18:29:49,548 - Epoch 1/500 - Train Loss: 2.1189, Train Acc: 25.79% - Val loss: 1.3315, Val Acc: 32.14%
2025-08-29 18:29:51,171 - Early stopping à l'epoch 101
2025-08-29 18:29:51,172 - Fold 2 - Accuracy finale: 89.29%
2025-08-29 18:29:51,172 - === Fold 3/10 ===
2025-08-29 18:29:51,193 - Epoch 1/500 - Train Loss: 2.2803, Train Acc: 25.00% - Val loss: 1.5909, Val Acc: 32.14%
2025-08-29 18:29:53,559 - Early stopping à l'epoch 147
2025-08-29 18:29:53,561 - Fold 3 - Accuracy finale: 92.86%
2025-08-29 18:29:53,561 - === Fold 4/10 ===
2025-08-29 18:29:53,581 - Epoch 1/500 - Train Loss: 2.1469, Train Acc: 19.05% - Val loss: 1.5624, Val Acc: 32.14%
2025-08-29 18:29:55,480 - Early stopping à l'epoch 118
2025-08-29 18:29:55,481 - Fold 4 - Accuracy finale: 92.86%
2025-08-29 18:29:55,481 - === Fold 5/10 ===
2025-08-29 18:29:55,502 - Epoch 1/500 - Train Loss: 1.9857, Train Acc: 28.17% - Val loss: 1.4210, Val Acc: 35.71%
2025-08-29 18:29:57,014 - Early stopping à l'epoch 93
2025-08-29 18:29:57,015 - Fold 5 - Accuracy finale: 85.71%
2025-08-29 18:29:57,015 - === Fold 6/10 ===
2025-08-29 18:29:57,037 - Epoch 1/500 - Train Loss: 2.1285, Train Acc: 17.86% - Val loss: 1.5936, Val Acc: 42.86%
2025-08-29 18:29:58,925 - Early stopping à l'epoch 115
2025-08-29 18:29:58,927 - Fold 6 - Accuracy finale: 92.86%
2025-08-29 18:29:58,927 - === Fold 7/10 ===
2025-08-29 18:29:58,947 - Epoch 1/500 - Train Loss: 2.3739, Train Acc: 19.84% - Val loss: 1.6443, Val Acc: 32.14%
2025-08-29 18:30:01,149 - Early stopping à l'epoch 133
2025-08-29 18:30:01,150 - Fold 7 - Accuracy finale: 96.43%
2025-08-29 18:30:01,150 - === Fold 8/10 ===
2025-08-29 18:30:01,172 - Epoch 1/500 - Train Loss: 1.9561, Train Acc: 29.76% - Val loss: 1.2709, Val Acc: 60.71%
2025-08-29 18:30:03,150 - Early stopping à l'epoch 121
2025-08-29 18:30:03,151 - Fold 8 - Accuracy finale: 96.43%
2025-08-29 18:30:03,152 - === Fold 9/10 ===
2025-08-29 18:30:03,174 - Epoch 1/500 - Train Loss: 2.2005, Train Acc: 23.81% - Val loss: 1.5851, Val Acc: 53.57%
2025-08-29 18:30:04,981 - Early stopping à l'epoch 111
2025-08-29 18:30:04,982 - Fold 9 - Accuracy finale: 92.86%
2025-08-29 18:30:04,983 - === Fold 10/10 ===
2025-08-29 18:30:05,005 - Epoch 1/500 - Train Loss: 2.1669, Train Acc: 30.56% - Val loss: 1.3315, Val Acc: 32.14%
2025-08-29 18:30:06,523 - Early stopping à l'epoch 92
2025-08-29 18:30:06,524 - Fold 10 - Accuracy finale: 96.43%
2025-08-29 18:30:06,524 - 
2025-08-29 18:30:06,524 - Résultats de la validation croisée
2025-08-29 18:30:06,524 - 
2025-08-29 18:30:06,524 - Accuracy moyenne: 91.79% ± 4.53%
2025-08-29 18:30:06,524 - Loss moyenne: 0.4604 ± 0.3689
2025-08-29 18:30:06,524 - Nombre d'epochs moyen: 113
2025-08-29 18:30:06,524 - Accuracy par fold: ['82.14%', '89.29%', '92.86%', '92.86%', '85.71%', '92.86%', '96.43%', '96.43%', '92.86%', '96.43%']

2025-08-29 18:30:06,524 - Entrainement du modèle final pour le jeu d'hyperparamètres 37

2025-08-29 18:30:06,548 - Epoch 1/113 - Loss: 1.9320, Acc: 25.71%
2025-08-29 18:30:08,554 - Epoch 113/113 - Loss: 0.0003, Acc: 100.00%
2025-08-29 18:30:08,556 - 

2025-08-29 18:30:08,556 - Résultats finaux pour le jeu d'hyperparamètres 37

2025-08-29 18:30:08,556 - Accuracy de validation croisée: 91.79% ± 4.53%
2025-08-29 18:30:08,556 - Accuracy sur le test: 84.17%

2025-08-29 18:30:15,460 - JEU D'HYPERPARAMÈTRES 38:
2025-08-29 18:30:15,461 - {'estimator_name': 'LSTM', 'estimator_params': {'num_layers': 2, 'hidden_size': 64, 'dropout': 0.05}, 'weight_decay': 7.5e-07, 'lr': 0.0055, 'scheduler_factor': 0.6, 'batch_size': 36}

2025-08-29 18:30:15,461 - Début de la validation croisée pour le jeu d'hyperparamètres 38

2025-08-29 18:30:15,461 - Variables sélectionnées : mêmes variables que celles retenues au départ (pas de sélection en avant)

2025-08-29 18:30:15,461 - === Fold 1/10 ===
2025-08-29 18:30:15,564 - Epoch 1/500 - Train Loss: 1.8801, Train Acc: 15.48% - Val loss: 1.8685, Val Acc: 14.29%
2025-08-29 18:30:23,602 - Early stopping à l'epoch 101
2025-08-29 18:30:23,605 - Fold 1 - Accuracy finale: 21.43%
2025-08-29 18:30:23,605 - === Fold 2/10 ===
2025-08-29 18:30:23,705 - Epoch 1/500 - Train Loss: 1.8806, Train Acc: 15.48% - Val loss: 1.8695, Val Acc: 14.29%
2025-08-29 18:30:31,500 - Early stopping à l'epoch 97
2025-08-29 18:30:31,502 - Fold 2 - Accuracy finale: 21.43%
2025-08-29 18:30:31,502 - === Fold 3/10 ===
2025-08-29 18:30:31,603 - Epoch 1/500 - Train Loss: 1.8826, Train Acc: 15.08% - Val loss: 1.8406, Val Acc: 17.86%
2025-08-29 18:30:39,082 - Early stopping à l'epoch 93
2025-08-29 18:30:39,085 - Fold 3 - Accuracy finale: 21.43%
2025-08-29 18:30:39,085 - === Fold 4/10 ===
2025-08-29 18:30:39,180 - Epoch 1/500 - Train Loss: 1.8834, Train Acc: 15.08% - Val loss: 1.8396, Val Acc: 17.86%
2025-08-29 18:30:46,589 - Early stopping à l'epoch 92
2025-08-29 18:30:46,591 - Fold 4 - Accuracy finale: 21.43%
2025-08-29 18:30:46,592 - === Fold 5/10 ===
2025-08-29 18:30:46,691 - Epoch 1/500 - Train Loss: 1.8816, Train Acc: 15.08% - Val loss: 1.8390, Val Acc: 17.86%
2025-08-29 18:30:55,062 - Early stopping à l'epoch 105
2025-08-29 18:30:55,065 - Fold 5 - Accuracy finale: 21.43%
2025-08-29 18:30:55,065 - === Fold 6/10 ===
2025-08-29 18:30:55,163 - Epoch 1/500 - Train Loss: 1.8796, Train Acc: 15.48% - Val loss: 1.8832, Val Acc: 14.29%
2025-08-29 18:31:03,280 - Early stopping à l'epoch 103
2025-08-29 18:31:03,283 - Fold 6 - Accuracy finale: 21.43%
2025-08-29 18:31:03,283 - === Fold 7/10 ===
2025-08-29 18:31:03,378 - Epoch 1/500 - Train Loss: 1.8773, Train Acc: 15.48% - Val loss: 1.8870, Val Acc: 14.29%
2025-08-29 18:31:14,378 - Early stopping à l'epoch 137
2025-08-29 18:31:14,381 - Fold 7 - Accuracy finale: 17.86%
2025-08-29 18:31:14,381 - === Fold 8/10 ===
2025-08-29 18:31:14,486 - Epoch 1/500 - Train Loss: 1.8785, Train Acc: 15.48% - Val loss: 1.8864, Val Acc: 14.29%
2025-08-29 18:31:26,984 - Early stopping à l'epoch 156
2025-08-29 18:31:26,986 - Fold 8 - Accuracy finale: 17.86%
2025-08-29 18:31:26,987 - === Fold 9/10 ===
2025-08-29 18:31:27,083 - Epoch 1/500 - Train Loss: 1.8819, Train Acc: 15.48% - Val loss: 1.8866, Val Acc: 14.29%
2025-08-29 18:31:35,479 - Early stopping à l'epoch 109
2025-08-29 18:31:35,481 - Fold 9 - Accuracy finale: 17.86%
2025-08-29 18:31:35,481 - === Fold 10/10 ===
2025-08-29 18:31:35,576 - Epoch 1/500 - Train Loss: 1.8770, Train Acc: 15.48% - Val loss: 1.8818, Val Acc: 14.29%
2025-08-29 18:31:46,225 - Early stopping à l'epoch 138
2025-08-29 18:31:46,228 - Fold 10 - Accuracy finale: 17.86%
2025-08-29 18:31:46,228 - 
2025-08-29 18:31:46,229 - Résultats de la validation croisée
2025-08-29 18:31:46,229 - 
2025-08-29 18:31:46,229 - Accuracy moyenne: 20.00% ± 1.75%
2025-08-29 18:31:46,229 - Loss moyenne: 1.7850 ± 0.0010
2025-08-29 18:31:46,229 - Nombre d'epochs moyen: 113
2025-08-29 18:31:46,229 - Accuracy par fold: ['21.43%', '21.43%', '21.43%', '21.43%', '21.43%', '21.43%', '17.86%', '17.86%', '17.86%', '17.86%']

2025-08-29 18:31:46,229 - Entrainement du modèle final pour le jeu d'hyperparamètres 38

2025-08-29 18:31:46,332 - Epoch 1/113 - Loss: 1.8785, Acc: 15.36%
2025-08-29 18:31:56,195 - Epoch 113/113 - Loss: 1.7841, Acc: 19.29%
2025-08-29 18:31:56,197 - 

2025-08-29 18:31:56,197 - Résultats finaux pour le jeu d'hyperparamètres 38

2025-08-29 18:31:56,197 - Accuracy de validation croisée: 20.00% ± 1.75%
2025-08-29 18:31:56,197 - Accuracy sur le test: 20.83%

2025-08-29 18:32:03,002 - JEU D'HYPERPARAMÈTRES 39:
2025-08-29 18:32:03,002 - {'estimator_name': 'CNN + LSTM', 'estimator_params': {'out_channels': 16, 'num_layers': 2, 'hidden_size': 96, 'dropout': 0.1}, 'weight_decay': 5e-07, 'lr': 0.0035, 'scheduler_factor': 0.4, 'batch_size': 32}

2025-08-29 18:32:03,002 - Début de la validation croisée pour le jeu d'hyperparamètres 39

2025-08-29 18:32:03,002 - Variables sélectionnées : mêmes variables que celles retenues au départ (pas de sélection en avant)

2025-08-29 18:32:03,002 - === Fold 1/10 ===
2025-08-29 18:32:03,167 - Epoch 1/500 - Train Loss: 1.9015, Train Acc: 16.27% - Val loss: 1.9155, Val Acc: 14.29%
2025-08-29 18:32:29,845 - Epoch 201/500 - Train Loss: 1.7902, Train Acc: 17.06% - Val loss: 1.7852, Val Acc: 21.43%
2025-08-29 18:32:32,790 - Early stopping à l'epoch 223
2025-08-29 18:32:32,793 - Fold 1 - Accuracy finale: 21.43%
2025-08-29 18:32:32,793 - === Fold 2/10 ===
2025-08-29 18:32:33,067 - Epoch 1/500 - Train Loss: 1.8920, Train Acc: 15.87% - Val loss: 1.9173, Val Acc: 14.29%
2025-08-29 18:32:58,545 - Early stopping à l'epoch 191
2025-08-29 18:32:58,548 - Fold 2 - Accuracy finale: 21.43%
2025-08-29 18:32:58,548 - === Fold 3/10 ===
2025-08-29 18:32:58,704 - Epoch 1/500 - Train Loss: 1.9070, Train Acc: 17.06% - Val loss: 1.8748, Val Acc: 17.86%
2025-08-29 18:33:12,323 - Early stopping à l'epoch 102
2025-08-29 18:33:12,326 - Fold 3 - Accuracy finale: 17.86%
2025-08-29 18:33:12,326 - === Fold 4/10 ===
2025-08-29 18:33:12,484 - Epoch 1/500 - Train Loss: 1.9027, Train Acc: 20.63% - Val loss: 1.8720, Val Acc: 17.86%
2025-08-29 18:33:25,922 - Early stopping à l'epoch 102
2025-08-29 18:33:25,926 - Fold 4 - Accuracy finale: 17.86%
2025-08-29 18:33:25,926 - === Fold 5/10 ===
2025-08-29 18:33:26,086 - Epoch 1/500 - Train Loss: 1.9085, Train Acc: 17.86% - Val loss: 1.8705, Val Acc: 17.86%
2025-08-29 18:33:39,928 - Early stopping à l'epoch 105
2025-08-29 18:33:39,931 - Fold 5 - Accuracy finale: 17.86%
2025-08-29 18:33:39,931 - === Fold 6/10 ===
2025-08-29 18:33:40,087 - Epoch 1/500 - Train Loss: 1.8982, Train Acc: 19.05% - Val loss: 1.9026, Val Acc: 14.29%
2025-08-29 18:34:04,454 - Early stopping à l'epoch 186
2025-08-29 18:34:04,458 - Fold 6 - Accuracy finale: 17.86%
2025-08-29 18:34:04,458 - === Fold 7/10 ===
2025-08-29 18:34:04,614 - Epoch 1/500 - Train Loss: 1.9078, Train Acc: 19.84% - Val loss: 1.8784, Val Acc: 21.43%
2025-08-29 18:34:22,234 - Early stopping à l'epoch 135
2025-08-29 18:34:22,238 - Fold 7 - Accuracy finale: 17.86%
2025-08-29 18:34:22,238 - === Fold 8/10 ===
2025-08-29 18:34:22,392 - Epoch 1/500 - Train Loss: 1.8999, Train Acc: 19.84% - Val loss: 1.8754, Val Acc: 14.29%
2025-08-29 18:34:37,954 - Early stopping à l'epoch 116
2025-08-29 18:34:37,957 - Fold 8 - Accuracy finale: 17.86%
2025-08-29 18:34:37,957 - === Fold 9/10 ===
2025-08-29 18:34:38,123 - Epoch 1/500 - Train Loss: 1.9092, Train Acc: 21.03% - Val loss: 1.8786, Val Acc: 21.43%
2025-08-29 18:34:53,392 - Early stopping à l'epoch 115
2025-08-29 18:34:53,395 - Fold 9 - Accuracy finale: 17.86%
2025-08-29 18:34:53,395 - === Fold 10/10 ===
2025-08-29 18:34:53,669 - Epoch 1/500 - Train Loss: 1.9062, Train Acc: 15.87% - Val loss: 1.8767, Val Acc: 14.29%
2025-08-29 18:35:10,253 - Early stopping à l'epoch 125
2025-08-29 18:35:10,257 - Fold 10 - Accuracy finale: 17.86%
2025-08-29 18:35:10,257 - 
2025-08-29 18:35:10,258 - Résultats de la validation croisée
2025-08-29 18:35:10,258 - 
2025-08-29 18:35:10,258 - Accuracy moyenne: 18.57% ± 1.43%
2025-08-29 18:35:10,258 - Loss moyenne: 1.7849 ± 0.0008
2025-08-29 18:35:10,258 - Nombre d'epochs moyen: 140
2025-08-29 18:35:10,258 - Accuracy par fold: ['21.43%', '21.43%', '17.86%', '17.86%', '17.86%', '17.86%', '17.86%', '17.86%', '17.86%', '17.86%']

2025-08-29 18:35:10,258 - Entrainement du modèle final pour le jeu d'hyperparamètres 39

2025-08-29 18:35:10,430 - Epoch 1/140 - Loss: 1.9003, Acc: 17.86%
2025-08-29 18:35:31,323 - Epoch 140/140 - Loss: 1.7883, Acc: 18.21%
2025-08-29 18:35:31,326 - 

2025-08-29 18:35:31,326 - Résultats finaux pour le jeu d'hyperparamètres 39

2025-08-29 18:35:31,326 - Accuracy de validation croisée: 18.57% ± 1.43%
2025-08-29 18:35:31,326 - Accuracy sur le test: 20.83%

2025-08-29 18:35:38,481 - JEU D'HYPERPARAMÈTRES 40:
2025-08-29 18:35:38,481 - {'estimator_name': 'CNN + LSTM', 'estimator_params': {'out_channels': 8, 'num_layers': 2, 'hidden_size': 96, 'dropout': 0.025}, 'weight_decay': 1e-06, 'lr': 0.005, 'scheduler_factor': 0.5, 'batch_size': 32}

2025-08-29 18:35:38,481 - Début de la validation croisée pour le jeu d'hyperparamètres 40

2025-08-29 18:35:38,481 - Variables sélectionnées : mêmes variables que celles retenues au départ (pas de sélection en avant)

2025-08-29 18:35:38,481 - === Fold 1/10 ===
2025-08-29 18:35:38,643 - Epoch 1/500 - Train Loss: 1.9088, Train Acc: 14.68% - Val loss: 1.8693, Val Acc: 17.86%
2025-08-29 18:35:51,255 - Early stopping à l'epoch 94
2025-08-29 18:35:51,258 - Fold 1 - Accuracy finale: 21.43%
2025-08-29 18:35:51,258 - === Fold 2/10 ===
2025-08-29 18:35:51,419 - Epoch 1/500 - Train Loss: 1.9097, Train Acc: 14.68% - Val loss: 1.8706, Val Acc: 17.86%
2025-08-29 18:36:04,467 - Early stopping à l'epoch 98
2025-08-29 18:36:04,470 - Fold 2 - Accuracy finale: 21.43%
2025-08-29 18:36:04,470 - === Fold 3/10 ===
2025-08-29 18:36:04,630 - Epoch 1/500 - Train Loss: 1.9078, Train Acc: 15.08% - Val loss: 1.8861, Val Acc: 14.29%
2025-08-29 18:36:21,949 - Early stopping à l'epoch 129
2025-08-29 18:36:21,952 - Fold 3 - Accuracy finale: 21.43%
2025-08-29 18:36:21,952 - === Fold 4/10 ===
2025-08-29 18:36:22,115 - Epoch 1/500 - Train Loss: 1.9117, Train Acc: 15.08% - Val loss: 1.8873, Val Acc: 14.29%
2025-08-29 18:36:36,561 - Early stopping à l'epoch 109
2025-08-29 18:36:36,564 - Fold 4 - Accuracy finale: 21.43%
2025-08-29 18:36:36,564 - === Fold 5/10 ===
2025-08-29 18:36:36,721 - Epoch 1/500 - Train Loss: 1.9094, Train Acc: 15.08% - Val loss: 1.8851, Val Acc: 14.29%
2025-08-29 18:36:51,521 - Early stopping à l'epoch 110
2025-08-29 18:36:51,524 - Fold 5 - Accuracy finale: 21.43%
2025-08-29 18:36:51,524 - === Fold 6/10 ===
2025-08-29 18:36:51,683 - Epoch 1/500 - Train Loss: 1.9030, Train Acc: 15.08% - Val loss: 1.9107, Val Acc: 14.29%
2025-08-29 18:37:08,911 - Early stopping à l'epoch 131
2025-08-29 18:37:08,915 - Fold 6 - Accuracy finale: 21.43%
2025-08-29 18:37:08,915 - === Fold 7/10 ===
2025-08-29 18:37:09,072 - Epoch 1/500 - Train Loss: 1.9060, Train Acc: 15.08% - Val loss: 1.9248, Val Acc: 14.29%
2025-08-29 18:37:27,811 - Early stopping à l'epoch 139
2025-08-29 18:37:27,814 - Fold 7 - Accuracy finale: 17.86%
2025-08-29 18:37:27,814 - === Fold 8/10 ===
2025-08-29 18:37:27,978 - Epoch 1/500 - Train Loss: 1.9065, Train Acc: 15.08% - Val loss: 1.9220, Val Acc: 14.29%
2025-08-29 18:37:45,330 - Early stopping à l'epoch 130
2025-08-29 18:37:45,333 - Fold 8 - Accuracy finale: 17.86%
2025-08-29 18:37:45,333 - === Fold 9/10 ===
2025-08-29 18:37:45,490 - Epoch 1/500 - Train Loss: 1.9106, Train Acc: 15.08% - Val loss: 1.8821, Val Acc: 14.29%
2025-08-29 18:37:59,006 - Early stopping à l'epoch 103
2025-08-29 18:37:59,009 - Fold 9 - Accuracy finale: 17.86%
2025-08-29 18:37:59,010 - === Fold 10/10 ===
2025-08-29 18:37:59,166 - Epoch 1/500 - Train Loss: 1.9107, Train Acc: 15.08% - Val loss: 1.8834, Val Acc: 14.29%
2025-08-29 18:38:11,807 - Early stopping à l'epoch 96
2025-08-29 18:38:11,811 - Fold 10 - Accuracy finale: 17.86%
2025-08-29 18:38:11,811 - 
2025-08-29 18:38:11,812 - Résultats de la validation croisée
2025-08-29 18:38:11,812 - 
2025-08-29 18:38:11,812 - Accuracy moyenne: 20.00% ± 1.75%
2025-08-29 18:38:11,812 - Loss moyenne: 1.7849 ± 0.0010
2025-08-29 18:38:11,812 - Nombre d'epochs moyen: 113
2025-08-29 18:38:11,812 - Accuracy par fold: ['21.43%', '21.43%', '21.43%', '21.43%', '21.43%', '21.43%', '17.86%', '17.86%', '17.86%', '17.86%']

2025-08-29 18:38:11,812 - Entrainement du modèle final pour le jeu d'hyperparamètres 40

2025-08-29 18:38:11,981 - Epoch 1/113 - Loss: 1.9059, Acc: 15.00%
2025-08-29 18:38:28,509 - Epoch 113/113 - Loss: 1.7856, Acc: 20.36%
2025-08-29 18:38:28,512 - 

2025-08-29 18:38:28,512 - Résultats finaux pour le jeu d'hyperparamètres 40

2025-08-29 18:38:28,512 - Accuracy de validation croisée: 20.00% ± 1.75%
2025-08-29 18:38:28,512 - Accuracy sur le test: 20.83%

2025-08-29 18:38:35,930 - JEU D'HYPERPARAMÈTRES 41:
2025-08-29 18:38:35,931 - {'estimator_name': 'LSTM', 'estimator_params': {'num_layers': 2, 'hidden_size': 80, 'dropout': 0.075}, 'weight_decay': 7.5e-07, 'lr': 0.0055, 'scheduler_factor': 0.5, 'batch_size': 36}

2025-08-29 18:38:35,931 - Début de la validation croisée pour le jeu d'hyperparamètres 41

2025-08-29 18:38:35,931 - Variables sélectionnées : mêmes variables que celles retenues au départ (pas de sélection en avant)

2025-08-29 18:38:35,931 - === Fold 1/10 ===
2025-08-29 18:38:36,053 - Epoch 1/500 - Train Loss: 1.8786, Train Acc: 15.48% - Val loss: 1.8760, Val Acc: 14.29%
2025-08-29 18:38:50,429 - Early stopping à l'epoch 146
2025-08-29 18:38:50,432 - Fold 1 - Accuracy finale: 21.43%
2025-08-29 18:38:50,432 - === Fold 2/10 ===
2025-08-29 18:38:50,556 - Epoch 1/500 - Train Loss: 1.8767, Train Acc: 15.48% - Val loss: 1.8767, Val Acc: 14.29%
2025-08-29 18:39:01,835 - Early stopping à l'epoch 114
2025-08-29 18:39:01,838 - Fold 2 - Accuracy finale: 21.43%
2025-08-29 18:39:01,838 - === Fold 3/10 ===
2025-08-29 18:39:01,955 - Epoch 1/500 - Train Loss: 1.8799, Train Acc: 15.48% - Val loss: 1.8657, Val Acc: 14.29%
2025-08-29 18:39:14,561 - Early stopping à l'epoch 127
2025-08-29 18:39:14,565 - Fold 3 - Accuracy finale: 21.43%
2025-08-29 18:39:14,565 - === Fold 4/10 ===
2025-08-29 18:39:14,806 - Epoch 1/500 - Train Loss: 1.8772, Train Acc: 15.48% - Val loss: 1.8671, Val Acc: 14.29%
2025-08-29 18:39:29,569 - Early stopping à l'epoch 152
2025-08-29 18:39:29,572 - Fold 4 - Accuracy finale: 21.43%
2025-08-29 18:39:29,573 - === Fold 5/10 ===
2025-08-29 18:39:29,694 - Epoch 1/500 - Train Loss: 1.8785, Train Acc: 15.48% - Val loss: 1.8684, Val Acc: 14.29%
2025-08-29 18:39:44,035 - Early stopping à l'epoch 145
2025-08-29 18:39:44,038 - Fold 5 - Accuracy finale: 21.43%
2025-08-29 18:39:44,038 - === Fold 6/10 ===
2025-08-29 18:39:44,158 - Epoch 1/500 - Train Loss: 1.8808, Train Acc: 15.08% - Val loss: 1.8386, Val Acc: 17.86%
2025-08-29 18:39:53,232 - Early stopping à l'epoch 93
2025-08-29 18:39:53,235 - Fold 6 - Accuracy finale: 21.43%
2025-08-29 18:39:53,235 - === Fold 7/10 ===
2025-08-29 18:39:53,358 - Epoch 1/500 - Train Loss: 1.8815, Train Acc: 15.08% - Val loss: 1.8599, Val Acc: 17.86%
2025-08-29 18:40:03,155 - Early stopping à l'epoch 99
2025-08-29 18:40:03,158 - Fold 7 - Accuracy finale: 17.86%
2025-08-29 18:40:03,158 - === Fold 8/10 ===
2025-08-29 18:40:03,282 - Epoch 1/500 - Train Loss: 1.8784, Train Acc: 15.08% - Val loss: 1.8590, Val Acc: 17.86%
2025-08-29 18:40:12,460 - Early stopping à l'epoch 93
2025-08-29 18:40:12,463 - Fold 8 - Accuracy finale: 17.86%
2025-08-29 18:40:12,464 - === Fold 9/10 ===
2025-08-29 18:40:12,587 - Epoch 1/500 - Train Loss: 1.8770, Train Acc: 15.48% - Val loss: 1.8824, Val Acc: 14.29%
2025-08-29 18:40:26,161 - Early stopping à l'epoch 140
2025-08-29 18:40:26,164 - Fold 9 - Accuracy finale: 17.86%
2025-08-29 18:40:26,164 - === Fold 10/10 ===
2025-08-29 18:40:26,284 - Epoch 1/500 - Train Loss: 1.8762, Train Acc: 15.48% - Val loss: 1.8784, Val Acc: 14.29%
2025-08-29 18:40:39,308 - Early stopping à l'epoch 132
2025-08-29 18:40:39,311 - Fold 10 - Accuracy finale: 17.86%
2025-08-29 18:40:39,311 - 
2025-08-29 18:40:39,311 - Résultats de la validation croisée
2025-08-29 18:40:39,311 - 
2025-08-29 18:40:39,312 - Accuracy moyenne: 20.00% ± 1.75%
2025-08-29 18:40:39,312 - Loss moyenne: 1.7850 ± 0.0013
2025-08-29 18:40:39,312 - Nombre d'epochs moyen: 124
2025-08-29 18:40:39,312 - Accuracy par fold: ['21.43%', '21.43%', '21.43%', '21.43%', '21.43%', '21.43%', '17.86%', '17.86%', '17.86%', '17.86%']

2025-08-29 18:40:39,312 - Entrainement du modèle final pour le jeu d'hyperparamètres 41

2025-08-29 18:40:39,445 - Epoch 1/124 - Loss: 1.8756, Acc: 15.36%
2025-08-29 18:40:53,019 - Epoch 124/124 - Loss: 1.7840, Acc: 20.00%
2025-08-29 18:40:53,022 - 

2025-08-29 18:40:53,022 - Résultats finaux pour le jeu d'hyperparamètres 41

2025-08-29 18:40:53,022 - Accuracy de validation croisée: 20.00% ± 1.75%
2025-08-29 18:40:53,022 - Accuracy sur le test: 20.83%

2025-08-29 18:41:00,641 - JEU D'HYPERPARAMÈTRES 42:
2025-08-29 18:41:00,641 - {'estimator_name': 'CNN + LSTM', 'estimator_params': {'out_channels': 8, 'num_layers': 2, 'hidden_size': 96, 'dropout': 0.125}, 'weight_decay': 5e-07, 'lr': 0.0035, 'scheduler_factor': 0.5, 'batch_size': 36}

2025-08-29 18:41:00,641 - Début de la validation croisée pour le jeu d'hyperparamètres 42

2025-08-29 18:41:00,641 - Variables sélectionnées : mêmes variables que celles retenues au départ (pas de sélection en avant)

2025-08-29 18:41:00,642 - === Fold 1/10 ===
2025-08-29 18:41:00,791 - Epoch 1/500 - Train Loss: 1.9134, Train Acc: 14.68% - Val loss: 1.8770, Val Acc: 17.86%
2025-08-29 18:41:13,656 - Early stopping à l'epoch 109
2025-08-29 18:41:13,659 - Fold 1 - Accuracy finale: 21.43%
2025-08-29 18:41:13,660 - === Fold 2/10 ===
2025-08-29 18:41:13,809 - Epoch 1/500 - Train Loss: 1.9189, Train Acc: 14.68% - Val loss: 1.8784, Val Acc: 17.86%
2025-08-29 18:41:25,995 - Early stopping à l'epoch 105
2025-08-29 18:41:25,999 - Fold 2 - Accuracy finale: 21.43%
2025-08-29 18:41:25,999 - === Fold 3/10 ===
2025-08-29 18:41:26,142 - Epoch 1/500 - Train Loss: 1.9129, Train Acc: 15.08% - Val loss: 1.8954, Val Acc: 14.29%
2025-08-29 18:41:43,870 - Early stopping à l'epoch 153
2025-08-29 18:41:43,873 - Fold 3 - Accuracy finale: 17.86%
2025-08-29 18:41:43,873 - === Fold 4/10 ===
2025-08-29 18:41:44,013 - Epoch 1/500 - Train Loss: 1.9191, Train Acc: 15.08% - Val loss: 1.8958, Val Acc: 14.29%
2025-08-29 18:42:02,757 - Early stopping à l'epoch 162
2025-08-29 18:42:02,760 - Fold 4 - Accuracy finale: 17.86%
2025-08-29 18:42:02,760 - === Fold 5/10 ===
2025-08-29 18:42:02,901 - Epoch 1/500 - Train Loss: 1.9142, Train Acc: 15.08% - Val loss: 1.8940, Val Acc: 14.29%
2025-08-29 18:42:20,014 - Early stopping à l'epoch 146
2025-08-29 18:42:20,018 - Fold 5 - Accuracy finale: 17.86%
2025-08-29 18:42:20,018 - === Fold 6/10 ===
2025-08-29 18:42:20,165 - Epoch 1/500 - Train Loss: 1.9092, Train Acc: 15.08% - Val loss: 1.9221, Val Acc: 14.29%
2025-08-29 18:42:40,600 - Early stopping à l'epoch 172
2025-08-29 18:42:40,603 - Fold 6 - Accuracy finale: 21.43%
2025-08-29 18:42:40,603 - === Fold 7/10 ===
2025-08-29 18:42:40,749 - Epoch 1/500 - Train Loss: 1.9138, Train Acc: 15.08% - Val loss: 1.9341, Val Acc: 14.29%
2025-08-29 18:42:59,881 - Early stopping à l'epoch 162
2025-08-29 18:42:59,885 - Fold 7 - Accuracy finale: 17.86%
2025-08-29 18:42:59,885 - === Fold 8/10 ===
2025-08-29 18:43:00,026 - Epoch 1/500 - Train Loss: 1.9132, Train Acc: 15.08% - Val loss: 1.9341, Val Acc: 14.29%
2025-08-29 18:43:22,605 - Early stopping à l'epoch 190
2025-08-29 18:43:22,609 - Fold 8 - Accuracy finale: 17.86%
2025-08-29 18:43:22,609 - === Fold 9/10 ===
2025-08-29 18:43:22,755 - Epoch 1/500 - Train Loss: 1.9135, Train Acc: 15.08% - Val loss: 1.8915, Val Acc: 14.29%
2025-08-29 18:43:37,982 - Early stopping à l'epoch 132
2025-08-29 18:43:37,985 - Fold 9 - Accuracy finale: 17.86%
2025-08-29 18:43:37,985 - === Fold 10/10 ===
2025-08-29 18:43:38,127 - Epoch 1/500 - Train Loss: 1.9119, Train Acc: 15.08% - Val loss: 1.8941, Val Acc: 14.29%
2025-08-29 18:43:58,881 - Early stopping à l'epoch 176
2025-08-29 18:43:58,884 - Fold 10 - Accuracy finale: 17.86%
2025-08-29 18:43:58,885 - 
2025-08-29 18:43:58,885 - Résultats de la validation croisée
2025-08-29 18:43:58,885 - 
2025-08-29 18:43:58,885 - Accuracy moyenne: 18.93% ± 1.64%
2025-08-29 18:43:58,885 - Loss moyenne: 1.7849 ± 0.0008
2025-08-29 18:43:58,885 - Nombre d'epochs moyen: 150
2025-08-29 18:43:58,885 - Accuracy par fold: ['21.43%', '21.43%', '17.86%', '17.86%', '17.86%', '21.43%', '17.86%', '17.86%', '17.86%', '17.86%']

2025-08-29 18:43:58,885 - Entrainement du modèle final pour le jeu d'hyperparamètres 42

2025-08-29 18:43:59,040 - Epoch 1/150 - Loss: 1.9053, Acc: 15.00%
2025-08-29 18:44:18,925 - Epoch 150/150 - Loss: 1.7864, Acc: 19.64%
2025-08-29 18:44:18,927 - 

2025-08-29 18:44:18,927 - Résultats finaux pour le jeu d'hyperparamètres 42

2025-08-29 18:44:18,927 - Accuracy de validation croisée: 18.93% ± 1.64%
2025-08-29 18:44:18,927 - Accuracy sur le test: 19.17%

2025-08-29 18:44:27,126 - JEU D'HYPERPARAMÈTRES 43:
2025-08-29 18:44:27,127 - {'estimator_name': 'LSTM', 'estimator_params': {'num_layers': 3, 'hidden_size': 96, 'dropout': 0.1}, 'weight_decay': 5e-06, 'lr': 0.0055, 'scheduler_factor': 0.5, 'batch_size': 32}

2025-08-29 18:44:27,127 - Début de la validation croisée pour le jeu d'hyperparamètres 43

2025-08-29 18:44:27,127 - Variables sélectionnées : mêmes variables que celles retenues au départ (pas de sélection en avant)

2025-08-29 18:44:27,127 - === Fold 1/10 ===
2025-08-29 18:44:27,290 - Epoch 1/500 - Train Loss: 1.8520, Train Acc: 16.27% - Val loss: 1.8505, Val Acc: 14.29%
2025-08-29 18:44:42,404 - Early stopping à l'epoch 114
2025-08-29 18:44:42,407 - Fold 1 - Accuracy finale: 21.43%
2025-08-29 18:44:42,407 - === Fold 2/10 ===
2025-08-29 18:44:42,569 - Epoch 1/500 - Train Loss: 1.8580, Train Acc: 13.10% - Val loss: 1.8592, Val Acc: 14.29%
2025-08-29 18:44:58,746 - Early stopping à l'epoch 122
2025-08-29 18:44:58,750 - Fold 2 - Accuracy finale: 21.43%
2025-08-29 18:44:58,750 - === Fold 3/10 ===
2025-08-29 18:44:58,911 - Epoch 1/500 - Train Loss: 1.8576, Train Acc: 15.48% - Val loss: 1.8357, Val Acc: 14.29%
2025-08-29 18:45:10,454 - Early stopping à l'epoch 88
2025-08-29 18:45:10,458 - Fold 3 - Accuracy finale: 21.43%
2025-08-29 18:45:10,458 - === Fold 4/10 ===
2025-08-29 18:45:10,619 - Epoch 1/500 - Train Loss: 1.8612, Train Acc: 14.68% - Val loss: 1.8414, Val Acc: 14.29%
2025-08-29 18:45:22,650 - Early stopping à l'epoch 90
2025-08-29 18:45:22,654 - Fold 4 - Accuracy finale: 21.43%
2025-08-29 18:45:22,654 - === Fold 5/10 ===
2025-08-29 18:45:22,815 - Epoch 1/500 - Train Loss: 1.8560, Train Acc: 15.08% - Val loss: 1.8370, Val Acc: 14.29%
2025-08-29 18:45:34,640 - Early stopping à l'epoch 90
2025-08-29 18:45:34,643 - Fold 5 - Accuracy finale: 21.43%
2025-08-29 18:45:34,643 - === Fold 6/10 ===
2025-08-29 18:45:34,807 - Epoch 1/500 - Train Loss: 1.8551, Train Acc: 17.86% - Val loss: 1.8265, Val Acc: 14.29%
2025-08-29 18:45:48,912 - Early stopping à l'epoch 106
2025-08-29 18:45:48,916 - Fold 6 - Accuracy finale: 21.43%
2025-08-29 18:45:48,916 - === Fold 7/10 ===
2025-08-29 18:45:49,072 - Epoch 1/500 - Train Loss: 1.8599, Train Acc: 14.29% - Val loss: 1.8407, Val Acc: 14.29%
2025-08-29 18:46:05,856 - Early stopping à l'epoch 126
2025-08-29 18:46:05,860 - Fold 7 - Accuracy finale: 17.86%
2025-08-29 18:46:05,860 - === Fold 8/10 ===
2025-08-29 18:46:06,025 - Epoch 1/500 - Train Loss: 1.8524, Train Acc: 14.29% - Val loss: 1.8369, Val Acc: 14.29%
2025-08-29 18:46:20,879 - Early stopping à l'epoch 111
2025-08-29 18:46:20,883 - Fold 8 - Accuracy finale: 17.86%
2025-08-29 18:46:20,883 - === Fold 9/10 ===
2025-08-29 18:46:21,038 - Epoch 1/500 - Train Loss: 1.8587, Train Acc: 14.68% - Val loss: 1.8339, Val Acc: 17.86%
2025-08-29 18:46:33,196 - Early stopping à l'epoch 91
2025-08-29 18:46:33,199 - Fold 9 - Accuracy finale: 17.86%
2025-08-29 18:46:33,200 - === Fold 10/10 ===
2025-08-29 18:46:33,358 - Epoch 1/500 - Train Loss: 1.8566, Train Acc: 14.29% - Val loss: 1.8403, Val Acc: 17.86%
2025-08-29 18:46:50,966 - Early stopping à l'epoch 135
2025-08-29 18:46:50,969 - Fold 10 - Accuracy finale: 17.86%
2025-08-29 18:46:50,970 - 
2025-08-29 18:46:50,970 - Résultats de la validation croisée
2025-08-29 18:46:50,970 - 
2025-08-29 18:46:50,970 - Accuracy moyenne: 20.00% ± 1.75%
2025-08-29 18:46:50,970 - Loss moyenne: 1.7850 ± 0.0011
2025-08-29 18:46:50,970 - Nombre d'epochs moyen: 107
2025-08-29 18:46:50,970 - Accuracy par fold: ['21.43%', '21.43%', '21.43%', '21.43%', '21.43%', '21.43%', '17.86%', '17.86%', '17.86%', '17.86%']

2025-08-29 18:46:50,970 - Entrainement du modèle final pour le jeu d'hyperparamètres 43

2025-08-29 18:46:51,140 - Epoch 1/107 - Loss: 1.8565, Acc: 15.00%
2025-08-29 18:47:06,442 - Epoch 107/107 - Loss: 1.7853, Acc: 20.00%
2025-08-29 18:47:06,445 - 

2025-08-29 18:47:06,445 - Résultats finaux pour le jeu d'hyperparamètres 43

2025-08-29 18:47:06,445 - Accuracy de validation croisée: 20.00% ± 1.75%
2025-08-29 18:47:06,445 - Accuracy sur le test: 20.83%

2025-08-29 18:47:15,034 - JEU D'HYPERPARAMÈTRES 44:
2025-08-29 18:47:15,034 - {'estimator_name': 'Transformer', 'estimator_params': {'d_model': 48, 'nhead': 2, 'num_layers': 4, 'dropout': 0.175}, 'weight_decay': 7.5e-07, 'lr': 0.005, 'scheduler_factor': 0.6, 'batch_size': 28}

2025-08-29 18:47:15,034 - Début de la validation croisée pour le jeu d'hyperparamètres 44

2025-08-29 18:47:15,034 - Variables sélectionnées : mêmes variables que celles retenues au départ (pas de sélection en avant)

2025-08-29 18:47:15,035 - === Fold 1/10 ===
2025-08-29 18:47:15,082 - Epoch 1/500 - Train Loss: 2.0948, Train Acc: 15.08% - Val loss: 1.9523, Val Acc: 17.86%
2025-08-29 18:47:19,408 - Early stopping à l'epoch 111
2025-08-29 18:47:19,410 - Fold 1 - Accuracy finale: 21.43%
2025-08-29 18:47:19,410 - === Fold 2/10 ===
2025-08-29 18:47:19,453 - Epoch 1/500 - Train Loss: 2.1008, Train Acc: 21.43% - Val loss: 2.0159, Val Acc: 17.86%
2025-08-29 18:47:23,909 - Early stopping à l'epoch 111
2025-08-29 18:47:23,911 - Fold 2 - Accuracy finale: 17.86%
2025-08-29 18:47:23,911 - === Fold 3/10 ===
2025-08-29 18:47:23,953 - Epoch 1/500 - Train Loss: 1.9858, Train Acc: 21.03% - Val loss: 1.8256, Val Acc: 14.29%
2025-08-29 18:47:27,137 - Early stopping à l'epoch 84
2025-08-29 18:47:27,139 - Fold 3 - Accuracy finale: 17.86%
2025-08-29 18:47:27,139 - === Fold 4/10 ===
2025-08-29 18:47:27,183 - Epoch 1/500 - Train Loss: 2.0038, Train Acc: 19.84% - Val loss: 1.7510, Val Acc: 25.00%
2025-08-29 18:47:31,353 - Early stopping à l'epoch 117
2025-08-29 18:47:31,355 - Fold 4 - Accuracy finale: 42.86%
2025-08-29 18:47:31,355 - === Fold 5/10 ===
2025-08-29 18:47:31,397 - Epoch 1/500 - Train Loss: 2.1059, Train Acc: 21.83% - Val loss: 1.7865, Val Acc: 17.86%
2025-08-29 18:47:34,591 - Early stopping à l'epoch 84
2025-08-29 18:47:34,593 - Fold 5 - Accuracy finale: 21.43%
2025-08-29 18:47:34,593 - === Fold 6/10 ===
2025-08-29 18:47:34,638 - Epoch 1/500 - Train Loss: 2.0724, Train Acc: 17.46% - Val loss: 1.8556, Val Acc: 14.29%
2025-08-29 18:47:38,139 - Early stopping à l'epoch 93
2025-08-29 18:47:38,141 - Fold 6 - Accuracy finale: 17.86%
2025-08-29 18:47:38,141 - === Fold 7/10 ===
2025-08-29 18:47:38,190 - Epoch 1/500 - Train Loss: 2.0876, Train Acc: 17.06% - Val loss: 1.9028, Val Acc: 14.29%
2025-08-29 18:47:41,455 - Early stopping à l'epoch 82
2025-08-29 18:47:41,457 - Fold 7 - Accuracy finale: 21.43%
2025-08-29 18:47:41,457 - === Fold 8/10 ===
2025-08-29 18:47:41,500 - Epoch 1/500 - Train Loss: 2.0839, Train Acc: 15.08% - Val loss: 1.9226, Val Acc: 21.43%
2025-08-29 18:47:44,703 - Early stopping à l'epoch 87
2025-08-29 18:47:44,705 - Fold 8 - Accuracy finale: 21.43%
2025-08-29 18:47:44,706 - === Fold 9/10 ===
2025-08-29 18:47:44,747 - Epoch 1/500 - Train Loss: 1.9557, Train Acc: 20.63% - Val loss: 1.7538, Val Acc: 35.71%
2025-08-29 18:47:48,381 - Early stopping à l'epoch 98
2025-08-29 18:47:48,383 - Fold 9 - Accuracy finale: 14.29%
2025-08-29 18:47:48,383 - === Fold 10/10 ===
2025-08-29 18:47:48,428 - Epoch 1/500 - Train Loss: 2.1040, Train Acc: 16.27% - Val loss: 1.8295, Val Acc: 21.43%
2025-08-29 18:47:52,617 - Early stopping à l'epoch 110
2025-08-29 18:47:52,619 - Fold 10 - Accuracy finale: 17.86%
2025-08-29 18:47:52,619 - 
2025-08-29 18:47:52,619 - Résultats de la validation croisée
2025-08-29 18:47:52,619 - 
2025-08-29 18:47:52,620 - Accuracy moyenne: 21.43% ± 7.49%
2025-08-29 18:47:52,620 - Loss moyenne: 2.1021 ± 0.5549
2025-08-29 18:47:52,620 - Nombre d'epochs moyen: 97
2025-08-29 18:47:52,620 - Accuracy par fold: ['21.43%', '17.86%', '17.86%', '42.86%', '21.43%', '17.86%', '21.43%', '21.43%', '14.29%', '17.86%']

2025-08-29 18:47:52,620 - Entrainement du modèle final pour le jeu d'hyperparamètres 44

2025-08-29 18:47:52,666 - Epoch 1/97 - Loss: 2.1453, Acc: 13.57%
2025-08-29 18:47:56,399 - Epoch 97/97 - Loss: 1.7890, Acc: 17.50%
2025-08-29 18:47:56,402 - 

2025-08-29 18:47:56,402 - Résultats finaux pour le jeu d'hyperparamètres 44

2025-08-29 18:47:56,402 - Accuracy de validation croisée: 21.43% ± 7.49%
2025-08-29 18:47:56,402 - Accuracy sur le test: 20.83%

2025-08-29 18:48:04,884 - JEU D'HYPERPARAMÈTRES 45:
2025-08-29 18:48:04,885 - {'estimator_name': 'CNN + LSTM', 'estimator_params': {'out_channels': 32, 'num_layers': 4, 'hidden_size': 80, 'dropout': 0.1}, 'weight_decay': 7.5e-07, 'lr': 0.004, 'scheduler_factor': 0.4, 'batch_size': 32}

2025-08-29 18:48:04,885 - Début de la validation croisée pour le jeu d'hyperparamètres 45

2025-08-29 18:48:04,885 - Variables sélectionnées : mêmes variables que celles retenues au départ (pas de sélection en avant)

2025-08-29 18:48:04,885 - === Fold 1/10 ===
2025-08-29 18:48:05,048 - Epoch 1/500 - Train Loss: 1.8580, Train Acc: 14.68% - Val loss: 1.8376, Val Acc: 17.86%
2025-08-29 18:48:16,462 - Early stopping à l'epoch 102
2025-08-29 18:48:16,465 - Fold 1 - Accuracy finale: 21.43%
2025-08-29 18:48:16,465 - === Fold 2/10 ===
2025-08-29 18:48:16,607 - Epoch 1/500 - Train Loss: 1.8611, Train Acc: 14.68% - Val loss: 1.8389, Val Acc: 17.86%
2025-08-29 18:48:26,881 - Early stopping à l'epoch 91
2025-08-29 18:48:26,884 - Fold 2 - Accuracy finale: 21.43%
2025-08-29 18:48:26,884 - === Fold 3/10 ===
2025-08-29 18:48:27,028 - Epoch 1/500 - Train Loss: 1.8609, Train Acc: 14.29% - Val loss: 1.8401, Val Acc: 14.29%
2025-08-29 18:48:37,830 - Early stopping à l'epoch 96
2025-08-29 18:48:37,832 - Fold 3 - Accuracy finale: 21.43%
2025-08-29 18:48:37,832 - === Fold 4/10 ===
2025-08-29 18:48:37,971 - Epoch 1/500 - Train Loss: 1.8619, Train Acc: 15.08% - Val loss: 1.8413, Val Acc: 14.29%
2025-08-29 18:48:48,069 - Early stopping à l'epoch 90
2025-08-29 18:48:48,072 - Fold 4 - Accuracy finale: 21.43%
2025-08-29 18:48:48,072 - === Fold 5/10 ===
2025-08-29 18:48:48,207 - Epoch 1/500 - Train Loss: 1.8565, Train Acc: 15.08% - Val loss: 1.8390, Val Acc: 14.29%
2025-08-29 18:48:58,189 - Early stopping à l'epoch 89
2025-08-29 18:48:58,192 - Fold 5 - Accuracy finale: 21.43%
2025-08-29 18:48:58,192 - === Fold 6/10 ===
2025-08-29 18:48:58,327 - Epoch 1/500 - Train Loss: 1.8574, Train Acc: 14.29% - Val loss: 1.8404, Val Acc: 14.29%
2025-08-29 18:49:08,446 - Early stopping à l'epoch 90
2025-08-29 18:49:08,449 - Fold 6 - Accuracy finale: 21.43%
2025-08-29 18:49:08,449 - === Fold 7/10 ===
2025-08-29 18:49:08,582 - Epoch 1/500 - Train Loss: 1.8600, Train Acc: 15.08% - Val loss: 1.8511, Val Acc: 14.29%
2025-08-29 18:49:21,778 - Early stopping à l'epoch 119
2025-08-29 18:49:21,781 - Fold 7 - Accuracy finale: 17.86%
2025-08-29 18:49:21,781 - === Fold 8/10 ===
2025-08-29 18:49:21,921 - Epoch 1/500 - Train Loss: 1.8555, Train Acc: 15.87% - Val loss: 1.8512, Val Acc: 14.29%
2025-08-29 18:49:32,859 - Early stopping à l'epoch 97
2025-08-29 18:49:32,862 - Fold 8 - Accuracy finale: 17.86%
2025-08-29 18:49:32,862 - === Fold 9/10 ===
2025-08-29 18:49:33,002 - Epoch 1/500 - Train Loss: 1.8551, Train Acc: 13.49% - Val loss: 1.8571, Val Acc: 14.29%
2025-08-29 18:49:45,199 - Early stopping à l'epoch 109
2025-08-29 18:49:45,202 - Fold 9 - Accuracy finale: 17.86%
2025-08-29 18:49:45,202 - === Fold 10/10 ===
2025-08-29 18:49:45,338 - Epoch 1/500 - Train Loss: 1.8539, Train Acc: 15.08% - Val loss: 1.8562, Val Acc: 14.29%
2025-08-29 18:49:57,707 - Early stopping à l'epoch 113
2025-08-29 18:49:57,710 - Fold 10 - Accuracy finale: 17.86%
2025-08-29 18:49:57,711 - 
2025-08-29 18:49:57,711 - Résultats de la validation croisée
2025-08-29 18:49:57,711 - 
2025-08-29 18:49:57,711 - Accuracy moyenne: 20.00% ± 1.75%
2025-08-29 18:49:57,711 - Loss moyenne: 1.7851 ± 0.0011
2025-08-29 18:49:57,711 - Nombre d'epochs moyen: 99
2025-08-29 18:49:57,711 - Accuracy par fold: ['21.43%', '21.43%', '21.43%', '21.43%', '21.43%', '21.43%', '17.86%', '17.86%', '17.86%', '17.86%']

2025-08-29 18:49:57,711 - Entrainement du modèle final pour le jeu d'hyperparamètres 45

2025-08-29 18:49:57,861 - Epoch 1/99 - Loss: 1.8537, Acc: 15.00%
2025-08-29 18:50:10,192 - Epoch 99/99 - Loss: 1.7851, Acc: 19.64%
2025-08-29 18:50:10,194 - 

2025-08-29 18:50:10,194 - Résultats finaux pour le jeu d'hyperparamètres 45

2025-08-29 18:50:10,194 - Accuracy de validation croisée: 20.00% ± 1.75%
2025-08-29 18:50:10,194 - Accuracy sur le test: 20.83%

2025-08-29 18:50:18,775 - JEU D'HYPERPARAMÈTRES 46:
2025-08-29 18:50:18,776 - {'estimator_name': 'CNN + LSTM', 'estimator_params': {'out_channels': 32, 'num_layers': 4, 'hidden_size': 96, 'dropout': 0.025}, 'weight_decay': 2.5e-06, 'lr': 0.0035, 'scheduler_factor': 0.4, 'batch_size': 32}

2025-08-29 18:50:18,776 - Début de la validation croisée pour le jeu d'hyperparamètres 46

2025-08-29 18:50:18,776 - Variables sélectionnées : mêmes variables que celles retenues au départ (pas de sélection en avant)

2025-08-29 18:50:18,776 - === Fold 1/10 ===
2025-08-29 18:50:18,942 - Epoch 1/500 - Train Loss: 1.8287, Train Acc: 19.84% - Val loss: 1.8202, Val Acc: 21.43%
2025-08-29 18:50:31,628 - Early stopping à l'epoch 96
2025-08-29 18:50:31,631 - Fold 1 - Accuracy finale: 21.43%
2025-08-29 18:50:31,632 - === Fold 2/10 ===
2025-08-29 18:50:31,788 - Epoch 1/500 - Train Loss: 1.8283, Train Acc: 19.84% - Val loss: 1.8196, Val Acc: 21.43%
2025-08-29 18:50:44,157 - Early stopping à l'epoch 94
2025-08-29 18:50:44,160 - Fold 2 - Accuracy finale: 21.43%
2025-08-29 18:50:44,160 - === Fold 3/10 ===
2025-08-29 18:50:44,326 - Epoch 1/500 - Train Loss: 1.8305, Train Acc: 19.84% - Val loss: 1.8012, Val Acc: 21.43%
2025-08-29 18:50:56,540 - Early stopping à l'epoch 92
2025-08-29 18:50:56,544 - Fold 3 - Accuracy finale: 21.43%
2025-08-29 18:50:56,544 - === Fold 4/10 ===
2025-08-29 18:50:56,699 - Epoch 1/500 - Train Loss: 1.8298, Train Acc: 19.84% - Val loss: 1.8028, Val Acc: 21.43%
2025-08-29 18:51:09,447 - Early stopping à l'epoch 96
2025-08-29 18:51:09,451 - Fold 4 - Accuracy finale: 21.43%
2025-08-29 18:51:09,451 - === Fold 5/10 ===
2025-08-29 18:51:09,616 - Epoch 1/500 - Train Loss: 1.8305, Train Acc: 19.84% - Val loss: 1.8029, Val Acc: 21.43%
2025-08-29 18:51:22,078 - Early stopping à l'epoch 94
2025-08-29 18:51:22,082 - Fold 5 - Accuracy finale: 21.43%
2025-08-29 18:51:22,082 - === Fold 6/10 ===
2025-08-29 18:51:22,245 - Epoch 1/500 - Train Loss: 1.8261, Train Acc: 19.84% - Val loss: 1.8296, Val Acc: 21.43%
2025-08-29 18:51:38,080 - Early stopping à l'epoch 117
2025-08-29 18:51:38,083 - Fold 6 - Accuracy finale: 21.43%
2025-08-29 18:51:38,083 - === Fold 7/10 ===
2025-08-29 18:51:38,248 - Epoch 1/500 - Train Loss: 1.8256, Train Acc: 20.24% - Val loss: 1.8427, Val Acc: 17.86%
2025-08-29 18:51:57,102 - Early stopping à l'epoch 140
2025-08-29 18:51:57,105 - Fold 7 - Accuracy finale: 17.86%
2025-08-29 18:51:57,105 - === Fold 8/10 ===
2025-08-29 18:51:57,268 - Epoch 1/500 - Train Loss: 1.8267, Train Acc: 20.24% - Val loss: 1.8436, Val Acc: 17.86%
2025-08-29 18:52:14,066 - Early stopping à l'epoch 127
2025-08-29 18:52:14,070 - Fold 8 - Accuracy finale: 17.86%
2025-08-29 18:52:14,070 - === Fold 9/10 ===
2025-08-29 18:52:14,233 - Epoch 1/500 - Train Loss: 1.8304, Train Acc: 20.24% - Val loss: 1.8175, Val Acc: 17.86%
2025-08-29 18:52:28,204 - Early stopping à l'epoch 104
2025-08-29 18:52:28,207 - Fold 9 - Accuracy finale: 17.86%
2025-08-29 18:52:28,207 - === Fold 10/10 ===
2025-08-29 18:52:28,367 - Epoch 1/500 - Train Loss: 1.8280, Train Acc: 20.24% - Val loss: 1.8187, Val Acc: 17.86%
2025-08-29 18:52:45,404 - Early stopping à l'epoch 128
2025-08-29 18:52:45,407 - Fold 10 - Accuracy finale: 17.86%
2025-08-29 18:52:45,409 - 
2025-08-29 18:52:45,409 - Résultats de la validation croisée
2025-08-29 18:52:45,409 - 
2025-08-29 18:52:45,409 - Accuracy moyenne: 20.00% ± 1.75%
2025-08-29 18:52:45,409 - Loss moyenne: 1.7849 ± 0.0010
2025-08-29 18:52:45,409 - Nombre d'epochs moyen: 108
2025-08-29 18:52:45,409 - Accuracy par fold: ['21.43%', '21.43%', '21.43%', '21.43%', '21.43%', '21.43%', '17.86%', '17.86%', '17.86%', '17.86%']

2025-08-29 18:52:45,409 - Entrainement du modèle final pour le jeu d'hyperparamètres 46

2025-08-29 18:52:45,588 - Epoch 1/108 - Loss: 1.8278, Acc: 20.00%
2025-08-29 18:53:01,644 - Epoch 108/108 - Loss: 1.7843, Acc: 19.64%
2025-08-29 18:53:01,646 - 

2025-08-29 18:53:01,646 - Résultats finaux pour le jeu d'hyperparamètres 46

2025-08-29 18:53:01,646 - Accuracy de validation croisée: 20.00% ± 1.75%
2025-08-29 18:53:01,646 - Accuracy sur le test: 20.83%

2025-08-29 18:53:11,040 - JEU D'HYPERPARAMÈTRES 47:
2025-08-29 18:53:11,041 - {'estimator_name': 'Transformer', 'estimator_params': {'d_model': 60, 'nhead': 4, 'num_layers': 3, 'dropout': 0.075}, 'weight_decay': 5e-06, 'lr': 0.0045, 'scheduler_factor': 0.6, 'batch_size': 28}

2025-08-29 18:53:11,041 - Début de la validation croisée pour le jeu d'hyperparamètres 47

2025-08-29 18:53:11,041 - Variables sélectionnées : mêmes variables que celles retenues au départ (pas de sélection en avant)

2025-08-29 18:53:11,041 - === Fold 1/10 ===
2025-08-29 18:53:11,083 - Epoch 1/500 - Train Loss: 2.3838, Train Acc: 14.68% - Val loss: 1.8714, Val Acc: 21.43%
2025-08-29 18:53:18,049 - Epoch 201/500 - Train Loss: 0.8549, Train Acc: 53.17% - Val loss: 1.3650, Val Acc: 42.86%
2025-08-29 18:53:19,522 - Early stopping à l'epoch 243
2025-08-29 18:53:19,523 - Fold 1 - Accuracy finale: 60.71%
2025-08-29 18:53:19,523 - === Fold 2/10 ===
2025-08-29 18:53:19,561 - Epoch 1/500 - Train Loss: 2.1702, Train Acc: 20.63% - Val loss: 1.5116, Val Acc: 32.14%
2025-08-29 18:53:22,671 - Early stopping à l'epoch 89
2025-08-29 18:53:22,672 - Fold 2 - Accuracy finale: 57.14%
2025-08-29 18:53:22,672 - === Fold 3/10 ===
2025-08-29 18:53:22,710 - Epoch 1/500 - Train Loss: 2.1796, Train Acc: 26.59% - Val loss: 1.5185, Val Acc: 39.29%
2025-08-29 18:53:29,509 - Epoch 201/500 - Train Loss: 0.1188, Train Acc: 96.43% - Val loss: 0.7722, Val Acc: 89.29%
2025-08-29 18:53:29,689 - Early stopping à l'epoch 206
2025-08-29 18:53:29,690 - Fold 3 - Accuracy finale: 82.14%
2025-08-29 18:53:29,691 - === Fold 4/10 ===
2025-08-29 18:53:29,730 - Epoch 1/500 - Train Loss: 2.1784, Train Acc: 20.24% - Val loss: 1.8456, Val Acc: 14.29%
2025-08-29 18:53:33,001 - Early stopping à l'epoch 96
2025-08-29 18:53:33,002 - Fold 4 - Accuracy finale: 35.71%
2025-08-29 18:53:33,002 - === Fold 5/10 ===
2025-08-29 18:53:33,046 - Epoch 1/500 - Train Loss: 2.2370, Train Acc: 16.67% - Val loss: 1.7592, Val Acc: 17.86%
2025-08-29 18:53:36,836 - Early stopping à l'epoch 111
2025-08-29 18:53:36,837 - Fold 5 - Accuracy finale: 32.14%
2025-08-29 18:53:36,837 - === Fold 6/10 ===
2025-08-29 18:53:36,878 - Epoch 1/500 - Train Loss: 2.2059, Train Acc: 19.44% - Val loss: 1.7761, Val Acc: 17.86%
2025-08-29 18:53:39,788 - Early stopping à l'epoch 84
2025-08-29 18:53:39,789 - Fold 6 - Accuracy finale: 42.86%
2025-08-29 18:53:39,789 - === Fold 7/10 ===
2025-08-29 18:53:39,827 - Epoch 1/500 - Train Loss: 1.9978, Train Acc: 24.60% - Val loss: 1.3548, Val Acc: 35.71%
2025-08-29 18:53:42,993 - Early stopping à l'epoch 92
2025-08-29 18:53:42,995 - Fold 7 - Accuracy finale: 46.43%
2025-08-29 18:53:42,995 - === Fold 8/10 ===
2025-08-29 18:53:43,032 - Epoch 1/500 - Train Loss: 2.3406, Train Acc: 13.10% - Val loss: 1.7947, Val Acc: 17.86%
2025-08-29 18:53:46,460 - Early stopping à l'epoch 100
2025-08-29 18:53:46,462 - Fold 8 - Accuracy finale: 42.86%
2025-08-29 18:53:46,462 - === Fold 9/10 ===
2025-08-29 18:53:46,498 - Epoch 1/500 - Train Loss: 2.0997, Train Acc: 23.81% - Val loss: 1.4458, Val Acc: 35.71%
2025-08-29 18:53:52,533 - Early stopping à l'epoch 172
2025-08-29 18:53:52,534 - Fold 9 - Accuracy finale: 35.71%
2025-08-29 18:53:52,534 - === Fold 10/10 ===
2025-08-29 18:53:52,577 - Epoch 1/500 - Train Loss: 2.2091, Train Acc: 19.05% - Val loss: 1.7028, Val Acc: 17.86%
2025-08-29 18:53:55,779 - Early stopping à l'epoch 87
2025-08-29 18:53:55,781 - Fold 10 - Accuracy finale: 32.14%
2025-08-29 18:53:55,781 - 
2025-08-29 18:53:55,781 - Résultats de la validation croisée
2025-08-29 18:53:55,781 - 
2025-08-29 18:53:55,781 - Accuracy moyenne: 46.79% ± 15.02%
2025-08-29 18:53:55,781 - Loss moyenne: 1.3471 ± 0.3029
2025-08-29 18:53:55,781 - Nombre d'epochs moyen: 128
2025-08-29 18:53:55,781 - Accuracy par fold: ['60.71%', '57.14%', '82.14%', '35.71%', '32.14%', '42.86%', '46.43%', '42.86%', '35.71%', '32.14%']

2025-08-29 18:53:55,781 - Entrainement du modèle final pour le jeu d'hyperparamètres 47

2025-08-29 18:53:55,823 - Epoch 1/128 - Loss: 1.8340, Acc: 28.57%
2025-08-29 18:54:00,424 - Epoch 128/128 - Loss: 0.7733, Acc: 69.29%
2025-08-29 18:54:00,426 - 

2025-08-29 18:54:00,426 - Résultats finaux pour le jeu d'hyperparamètres 47

2025-08-29 18:54:00,426 - Accuracy de validation croisée: 46.79% ± 15.02%
2025-08-29 18:54:00,426 - Accuracy sur le test: 53.33%

2025-08-29 18:54:09,784 - JEU D'HYPERPARAMÈTRES 48:
2025-08-29 18:54:09,784 - {'estimator_name': 'Transformer', 'estimator_params': {'d_model': 60, 'nhead': 12, 'num_layers': 4, 'dropout': 0.125}, 'weight_decay': 2.5e-06, 'lr': 0.005, 'scheduler_factor': 0.6, 'batch_size': 32}

2025-08-29 18:54:09,784 - Début de la validation croisée pour le jeu d'hyperparamètres 48

2025-08-29 18:54:09,784 - Variables sélectionnées : mêmes variables que celles retenues au départ (pas de sélection en avant)

2025-08-29 18:54:09,785 - === Fold 1/10 ===
2025-08-29 18:54:09,830 - Epoch 1/500 - Train Loss: 2.4734, Train Acc: 16.27% - Val loss: 1.8625, Val Acc: 21.43%
2025-08-29 18:54:13,506 - Early stopping à l'epoch 99
2025-08-29 18:54:13,508 - Fold 1 - Accuracy finale: 17.86%
2025-08-29 18:54:13,508 - === Fold 2/10 ===
2025-08-29 18:54:13,550 - Epoch 1/500 - Train Loss: 2.2626, Train Acc: 25.00% - Val loss: 1.4222, Val Acc: 35.71%
2025-08-29 18:54:17,255 - Early stopping à l'epoch 101
2025-08-29 18:54:17,257 - Fold 2 - Accuracy finale: 21.43%
2025-08-29 18:54:17,257 - === Fold 3/10 ===
2025-08-29 18:54:17,301 - Epoch 1/500 - Train Loss: 2.2946, Train Acc: 20.63% - Val loss: 1.9753, Val Acc: 21.43%
2025-08-29 18:54:20,990 - Early stopping à l'epoch 102
2025-08-29 18:54:20,992 - Fold 3 - Accuracy finale: 17.86%
2025-08-29 18:54:20,992 - === Fold 4/10 ===
2025-08-29 18:54:21,035 - Epoch 1/500 - Train Loss: 2.3240, Train Acc: 17.86% - Val loss: 1.9076, Val Acc: 14.29%
2025-08-29 18:54:25,244 - Early stopping à l'epoch 111
2025-08-29 18:54:25,246 - Fold 4 - Accuracy finale: 46.43%
2025-08-29 18:54:25,246 - === Fold 5/10 ===
2025-08-29 18:54:25,294 - Epoch 1/500 - Train Loss: 2.3521, Train Acc: 15.08% - Val loss: 1.9316, Val Acc: 17.86%
2025-08-29 18:54:29,524 - Early stopping à l'epoch 110
2025-08-29 18:54:29,526 - Fold 5 - Accuracy finale: 21.43%
2025-08-29 18:54:29,526 - === Fold 6/10 ===
2025-08-29 18:54:29,572 - Epoch 1/500 - Train Loss: 2.3412, Train Acc: 15.48% - Val loss: 1.9627, Val Acc: 14.29%
2025-08-29 18:54:32,789 - Early stopping à l'epoch 85
2025-08-29 18:54:32,791 - Fold 6 - Accuracy finale: 17.86%
2025-08-29 18:54:32,791 - === Fold 7/10 ===
2025-08-29 18:54:32,834 - Epoch 1/500 - Train Loss: 2.2140, Train Acc: 17.06% - Val loss: 1.9102, Val Acc: 21.43%
2025-08-29 18:54:35,956 - Early stopping à l'epoch 84
2025-08-29 18:54:35,958 - Fold 7 - Accuracy finale: 17.86%
2025-08-29 18:54:35,958 - === Fold 8/10 ===
2025-08-29 18:54:36,000 - Epoch 1/500 - Train Loss: 2.3154, Train Acc: 15.08% - Val loss: 1.8150, Val Acc: 21.43%
2025-08-29 18:54:39,445 - Early stopping à l'epoch 96
2025-08-29 18:54:39,447 - Fold 8 - Accuracy finale: 17.86%
2025-08-29 18:54:39,447 - === Fold 9/10 ===
2025-08-29 18:54:39,490 - Epoch 1/500 - Train Loss: 2.2469, Train Acc: 17.46% - Val loss: 1.9482, Val Acc: 17.86%
2025-08-29 18:54:43,076 - Early stopping à l'epoch 98
2025-08-29 18:54:43,078 - Fold 9 - Accuracy finale: 21.43%
2025-08-29 18:54:43,078 - === Fold 10/10 ===
2025-08-29 18:54:43,120 - Epoch 1/500 - Train Loss: 2.3847, Train Acc: 20.63% - Val loss: 1.8721, Val Acc: 17.86%
2025-08-29 18:54:46,584 - Early stopping à l'epoch 89
2025-08-29 18:54:46,586 - Fold 10 - Accuracy finale: 17.86%
2025-08-29 18:54:46,586 - 
2025-08-29 18:54:46,586 - Résultats de la validation croisée
2025-08-29 18:54:46,586 - 
2025-08-29 18:54:46,586 - Accuracy moyenne: 21.79% ± 8.37%
2025-08-29 18:54:46,586 - Loss moyenne: 1.7393 ± 0.1469
2025-08-29 18:54:46,586 - Nombre d'epochs moyen: 97
2025-08-29 18:54:46,586 - Accuracy par fold: ['17.86%', '21.43%', '17.86%', '46.43%', '21.43%', '17.86%', '17.86%', '17.86%', '21.43%', '17.86%']

2025-08-29 18:54:46,586 - Entrainement du modèle final pour le jeu d'hyperparamètres 48

2025-08-29 18:54:46,635 - Epoch 1/97 - Loss: 2.0063, Acc: 26.07%
2025-08-29 18:54:50,573 - Epoch 97/97 - Loss: 1.0192, Acc: 57.14%
2025-08-29 18:54:50,576 - 

2025-08-29 18:54:50,576 - Résultats finaux pour le jeu d'hyperparamètres 48

2025-08-29 18:54:50,576 - Accuracy de validation croisée: 21.79% ± 8.37%
2025-08-29 18:54:50,576 - Accuracy sur le test: 48.33%

2025-08-29 18:54:59,909 - JEU D'HYPERPARAMÈTRES 49:
2025-08-29 18:54:59,909 - {'estimator_name': 'CNN + LSTM', 'estimator_params': {'out_channels': 32, 'num_layers': 2, 'hidden_size': 64, 'dropout': 0.1}, 'weight_decay': 5e-06, 'lr': 0.004, 'scheduler_factor': 0.6, 'batch_size': 32}

2025-08-29 18:54:59,909 - Début de la validation croisée pour le jeu d'hyperparamètres 49

2025-08-29 18:54:59,909 - Variables sélectionnées : mêmes variables que celles retenues au départ (pas de sélection en avant)

2025-08-29 18:54:59,910 - === Fold 1/10 ===
2025-08-29 18:55:00,018 - Epoch 1/500 - Train Loss: 1.8677, Train Acc: 14.68% - Val loss: 1.8403, Val Acc: 14.29%
2025-08-29 18:55:12,411 - Early stopping à l'epoch 135
2025-08-29 18:55:12,413 - Fold 1 - Accuracy finale: 21.43%
2025-08-29 18:55:12,413 - === Fold 2/10 ===
2025-08-29 18:55:12,525 - Epoch 1/500 - Train Loss: 1.8635, Train Acc: 16.67% - Val loss: 1.8369, Val Acc: 14.29%
2025-08-29 18:55:23,185 - Early stopping à l'epoch 119
2025-08-29 18:55:23,187 - Fold 2 - Accuracy finale: 21.43%
2025-08-29 18:55:23,187 - === Fold 3/10 ===
2025-08-29 18:55:23,295 - Epoch 1/500 - Train Loss: 1.8664, Train Acc: 13.89% - Val loss: 1.8363, Val Acc: 17.86%
2025-08-29 18:55:34,832 - Early stopping à l'epoch 125
2025-08-29 18:55:34,835 - Fold 3 - Accuracy finale: 21.43%
2025-08-29 18:55:34,835 - === Fold 4/10 ===
2025-08-29 18:55:34,946 - Epoch 1/500 - Train Loss: 1.8649, Train Acc: 12.30% - Val loss: 1.8354, Val Acc: 17.86%
2025-08-29 18:55:43,954 - Early stopping à l'epoch 99
2025-08-29 18:55:43,956 - Fold 4 - Accuracy finale: 21.43%
2025-08-29 18:55:43,956 - === Fold 5/10 ===
2025-08-29 18:55:44,067 - Epoch 1/500 - Train Loss: 1.8659, Train Acc: 13.89% - Val loss: 1.8364, Val Acc: 17.86%
2025-08-29 18:55:53,432 - Early stopping à l'epoch 102
2025-08-29 18:55:53,434 - Fold 5 - Accuracy finale: 21.43%
2025-08-29 18:55:53,434 - === Fold 6/10 ===
2025-08-29 18:55:53,548 - Epoch 1/500 - Train Loss: 1.8638, Train Acc: 13.89% - Val loss: 1.8656, Val Acc: 14.29%
2025-08-29 18:56:07,896 - Early stopping à l'epoch 154
2025-08-29 18:56:07,898 - Fold 6 - Accuracy finale: 21.43%
2025-08-29 18:56:07,898 - === Fold 7/10 ===
2025-08-29 18:56:08,008 - Epoch 1/500 - Train Loss: 1.8645, Train Acc: 13.89% - Val loss: 1.8842, Val Acc: 14.29%
2025-08-29 18:56:22,789 - Early stopping à l'epoch 161
2025-08-29 18:56:22,792 - Fold 7 - Accuracy finale: 17.86%
2025-08-29 18:56:22,792 - === Fold 8/10 ===
2025-08-29 18:56:22,904 - Epoch 1/500 - Train Loss: 1.8626, Train Acc: 14.68% - Val loss: 1.8825, Val Acc: 14.29%
2025-08-29 18:56:36,030 - Early stopping à l'epoch 141
2025-08-29 18:56:36,033 - Fold 8 - Accuracy finale: 17.86%
2025-08-29 18:56:36,033 - === Fold 9/10 ===
2025-08-29 18:56:36,144 - Epoch 1/500 - Train Loss: 1.8614, Train Acc: 15.08% - Val loss: 1.8533, Val Acc: 14.29%
2025-08-29 18:56:44,891 - Early stopping à l'epoch 96
2025-08-29 18:56:44,894 - Fold 9 - Accuracy finale: 17.86%
2025-08-29 18:56:44,894 - === Fold 10/10 ===
2025-08-29 18:56:45,002 - Epoch 1/500 - Train Loss: 1.8648, Train Acc: 10.32% - Val loss: 1.8548, Val Acc: 14.29%
2025-08-29 18:56:53,667 - Early stopping à l'epoch 95
2025-08-29 18:56:53,669 - Fold 10 - Accuracy finale: 17.86%
2025-08-29 18:56:53,670 - 
2025-08-29 18:56:53,670 - Résultats de la validation croisée
2025-08-29 18:56:53,670 - 
2025-08-29 18:56:53,670 - Accuracy moyenne: 20.00% ± 1.75%
2025-08-29 18:56:53,670 - Loss moyenne: 1.7850 ± 0.0013
2025-08-29 18:56:53,670 - Nombre d'epochs moyen: 122
2025-08-29 18:56:53,670 - Accuracy par fold: ['21.43%', '21.43%', '21.43%', '21.43%', '21.43%', '21.43%', '17.86%', '17.86%', '17.86%', '17.86%']

2025-08-29 18:56:53,670 - Entrainement du modèle final pour le jeu d'hyperparamètres 49

2025-08-29 18:56:53,786 - Epoch 1/122 - Loss: 1.8643, Acc: 14.64%
2025-08-29 18:57:06,457 - Epoch 122/122 - Loss: 1.7854, Acc: 20.00%
2025-08-29 18:57:06,459 - 

2025-08-29 18:57:06,459 - Résultats finaux pour le jeu d'hyperparamètres 49

2025-08-29 18:57:06,459 - Accuracy de validation croisée: 20.00% ± 1.75%
2025-08-29 18:57:06,459 - Accuracy sur le test: 20.83%

2025-08-29 18:57:16,028 - JEU D'HYPERPARAMÈTRES 50:
2025-08-29 18:57:16,029 - {'estimator_name': 'CNN + LSTM', 'estimator_params': {'out_channels': 32, 'num_layers': 2, 'hidden_size': 64, 'dropout': 0.125}, 'weight_decay': 5e-07, 'lr': 0.004, 'scheduler_factor': 0.5, 'batch_size': 32}

2025-08-29 18:57:16,029 - Début de la validation croisée pour le jeu d'hyperparamètres 50

2025-08-29 18:57:16,029 - Variables sélectionnées : mêmes variables que celles retenues au départ (pas de sélection en avant)

2025-08-29 18:57:16,029 - === Fold 1/10 ===
2025-08-29 18:57:16,141 - Epoch 1/500 - Train Loss: 1.8677, Train Acc: 14.29% - Val loss: 1.8403, Val Acc: 14.29%
2025-08-29 18:57:28,438 - Early stopping à l'epoch 135
2025-08-29 18:57:28,440 - Fold 1 - Accuracy finale: 21.43%
2025-08-29 18:57:28,440 - === Fold 2/10 ===
2025-08-29 18:57:28,552 - Epoch 1/500 - Train Loss: 1.8638, Train Acc: 15.48% - Val loss: 1.8369, Val Acc: 14.29%
2025-08-29 18:57:41,213 - Early stopping à l'epoch 137
2025-08-29 18:57:41,216 - Fold 2 - Accuracy finale: 21.43%
2025-08-29 18:57:41,216 - === Fold 3/10 ===
2025-08-29 18:57:41,323 - Epoch 1/500 - Train Loss: 1.8664, Train Acc: 13.49% - Val loss: 1.8362, Val Acc: 17.86%
2025-08-29 18:57:52,563 - Early stopping à l'epoch 125
2025-08-29 18:57:52,565 - Fold 3 - Accuracy finale: 21.43%
2025-08-29 18:57:52,565 - === Fold 4/10 ===
2025-08-29 18:57:52,675 - Epoch 1/500 - Train Loss: 1.8657, Train Acc: 12.70% - Val loss: 1.8354, Val Acc: 17.86%
2025-08-29 18:58:01,969 - Early stopping à l'epoch 99
2025-08-29 18:58:01,972 - Fold 4 - Accuracy finale: 21.43%
2025-08-29 18:58:01,972 - === Fold 5/10 ===
2025-08-29 18:58:02,085 - Epoch 1/500 - Train Loss: 1.8665, Train Acc: 14.29% - Val loss: 1.8364, Val Acc: 17.86%
2025-08-29 18:58:13,744 - Early stopping à l'epoch 126
2025-08-29 18:58:13,746 - Fold 5 - Accuracy finale: 21.43%
2025-08-29 18:58:13,746 - === Fold 6/10 ===
2025-08-29 18:58:13,860 - Epoch 1/500 - Train Loss: 1.8644, Train Acc: 13.49% - Val loss: 1.8657, Val Acc: 14.29%
2025-08-29 18:58:28,042 - Early stopping à l'epoch 154
2025-08-29 18:58:28,045 - Fold 6 - Accuracy finale: 21.43%
2025-08-29 18:58:28,045 - === Fold 7/10 ===
2025-08-29 18:58:28,154 - Epoch 1/500 - Train Loss: 1.8651, Train Acc: 13.49% - Val loss: 1.8837, Val Acc: 14.29%
2025-08-29 18:58:40,923 - Early stopping à l'epoch 141
2025-08-29 18:58:40,925 - Fold 7 - Accuracy finale: 17.86%
2025-08-29 18:58:40,925 - === Fold 8/10 ===
2025-08-29 18:58:41,035 - Epoch 1/500 - Train Loss: 1.8620, Train Acc: 15.87% - Val loss: 1.8815, Val Acc: 14.29%
2025-08-29 18:58:55,928 - Early stopping à l'epoch 165
2025-08-29 18:58:55,930 - Fold 8 - Accuracy finale: 17.86%
2025-08-29 18:58:55,930 - === Fold 9/10 ===
2025-08-29 18:58:56,040 - Epoch 1/500 - Train Loss: 1.8630, Train Acc: 14.29% - Val loss: 1.8531, Val Acc: 14.29%
2025-08-29 18:59:04,740 - Early stopping à l'epoch 96
2025-08-29 18:59:04,742 - Fold 9 - Accuracy finale: 17.86%
2025-08-29 18:59:04,742 - === Fold 10/10 ===
2025-08-29 18:59:04,850 - Epoch 1/500 - Train Loss: 1.8645, Train Acc: 10.32% - Val loss: 1.8550, Val Acc: 14.29%
2025-08-29 18:59:13,923 - Early stopping à l'epoch 100
2025-08-29 18:59:13,926 - Fold 10 - Accuracy finale: 17.86%
2025-08-29 18:59:13,926 - 
2025-08-29 18:59:13,927 - Résultats de la validation croisée
2025-08-29 18:59:13,927 - 
2025-08-29 18:59:13,927 - Accuracy moyenne: 20.00% ± 1.75%
2025-08-29 18:59:13,927 - Loss moyenne: 1.7850 ± 0.0012
2025-08-29 18:59:13,927 - Nombre d'epochs moyen: 127
2025-08-29 18:59:13,927 - Accuracy par fold: ['21.43%', '21.43%', '21.43%', '21.43%', '21.43%', '21.43%', '17.86%', '17.86%', '17.86%', '17.86%']

2025-08-29 18:59:13,927 - Entrainement du modèle final pour le jeu d'hyperparamètres 50

2025-08-29 18:59:14,044 - Epoch 1/127 - Loss: 1.8651, Acc: 15.00%
2025-08-29 18:59:27,115 - Epoch 127/127 - Loss: 1.7854, Acc: 20.00%
2025-08-29 18:59:27,117 - 

2025-08-29 18:59:27,117 - Résultats finaux pour le jeu d'hyperparamètres 50

2025-08-29 18:59:27,117 - Accuracy de validation croisée: 20.00% ± 1.75%
2025-08-29 18:59:27,117 - Accuracy sur le test: 20.83%

2025-08-29 18:59:36,756 - JEU D'HYPERPARAMÈTRES 51:
2025-08-29 18:59:36,757 - {'estimator_name': 'CNN + LSTM', 'estimator_params': {'out_channels': 32, 'num_layers': 4, 'hidden_size': 96, 'dropout': 0.1}, 'weight_decay': 7.5e-07, 'lr': 0.0045, 'scheduler_factor': 0.5, 'batch_size': 28}

2025-08-29 18:59:36,757 - Début de la validation croisée pour le jeu d'hyperparamètres 51

2025-08-29 18:59:36,757 - Variables sélectionnées : mêmes variables que celles retenues au départ (pas de sélection en avant)

2025-08-29 18:59:36,757 - === Fold 1/10 ===
2025-08-29 18:59:36,942 - Epoch 1/500 - Train Loss: 1.8208, Train Acc: 19.84% - Val loss: 1.8173, Val Acc: 21.43%
2025-08-29 18:59:51,031 - Early stopping à l'epoch 93
2025-08-29 18:59:51,034 - Fold 1 - Accuracy finale: 21.43%
2025-08-29 18:59:51,034 - === Fold 2/10 ===
2025-08-29 18:59:51,207 - Epoch 1/500 - Train Loss: 1.8285, Train Acc: 20.24% - Val loss: 1.8140, Val Acc: 21.43%
2025-08-29 19:00:05,089 - Early stopping à l'epoch 94
2025-08-29 19:00:05,093 - Fold 2 - Accuracy finale: 21.43%
2025-08-29 19:00:05,093 - === Fold 3/10 ===
2025-08-29 19:00:05,269 - Epoch 1/500 - Train Loss: 1.8292, Train Acc: 19.84% - Val loss: 1.7990, Val Acc: 21.43%
2025-08-29 19:00:18,668 - Early stopping à l'epoch 89
2025-08-29 19:00:18,672 - Fold 3 - Accuracy finale: 21.43%
2025-08-29 19:00:18,672 - === Fold 4/10 ===
2025-08-29 19:00:18,851 - Epoch 1/500 - Train Loss: 1.8320, Train Acc: 19.44% - Val loss: 1.8006, Val Acc: 21.43%
2025-08-29 19:00:33,201 - Early stopping à l'epoch 97
2025-08-29 19:00:33,204 - Fold 4 - Accuracy finale: 21.43%
2025-08-29 19:00:33,204 - === Fold 5/10 ===
2025-08-29 19:00:33,380 - Epoch 1/500 - Train Loss: 1.8286, Train Acc: 19.84% - Val loss: 1.8002, Val Acc: 21.43%
2025-08-29 19:00:47,275 - Early stopping à l'epoch 93
2025-08-29 19:00:47,279 - Fold 5 - Accuracy finale: 21.43%
2025-08-29 19:00:47,279 - === Fold 6/10 ===
2025-08-29 19:00:47,455 - Epoch 1/500 - Train Loss: 1.8250, Train Acc: 19.84% - Val loss: 1.8269, Val Acc: 21.43%
2025-08-29 19:01:05,079 - Early stopping à l'epoch 117
2025-08-29 19:01:05,083 - Fold 6 - Accuracy finale: 21.43%
2025-08-29 19:01:05,083 - === Fold 7/10 ===
2025-08-29 19:01:05,263 - Epoch 1/500 - Train Loss: 1.8237, Train Acc: 20.24% - Val loss: 1.8383, Val Acc: 17.86%
2025-08-29 19:01:28,941 - Early stopping à l'epoch 158
2025-08-29 19:01:28,944 - Fold 7 - Accuracy finale: 17.86%
2025-08-29 19:01:28,944 - === Fold 8/10 ===
2025-08-29 19:01:29,120 - Epoch 1/500 - Train Loss: 1.8292, Train Acc: 19.84% - Val loss: 1.8387, Val Acc: 17.86%
2025-08-29 19:01:47,387 - Early stopping à l'epoch 122
2025-08-29 19:01:47,390 - Fold 8 - Accuracy finale: 17.86%
2025-08-29 19:01:47,390 - === Fold 9/10 ===
2025-08-29 19:01:47,571 - Epoch 1/500 - Train Loss: 1.8282, Train Acc: 19.84% - Val loss: 1.8156, Val Acc: 17.86%
2025-08-29 19:02:03,034 - Early stopping à l'epoch 104
2025-08-29 19:02:03,038 - Fold 9 - Accuracy finale: 17.86%
2025-08-29 19:02:03,038 - === Fold 10/10 ===
2025-08-29 19:02:03,212 - Epoch 1/500 - Train Loss: 1.8265, Train Acc: 21.03% - Val loss: 1.8159, Val Acc: 17.86%
2025-08-29 19:02:18,440 - Early stopping à l'epoch 103
2025-08-29 19:02:18,444 - Fold 10 - Accuracy finale: 17.86%
2025-08-29 19:02:18,445 - 
2025-08-29 19:02:18,445 - Résultats de la validation croisée
2025-08-29 19:02:18,445 - 
2025-08-29 19:02:18,445 - Accuracy moyenne: 20.00% ± 1.75%
2025-08-29 19:02:18,445 - Loss moyenne: 1.7849 ± 0.0011
2025-08-29 19:02:18,445 - Nombre d'epochs moyen: 107
2025-08-29 19:02:18,445 - Accuracy par fold: ['21.43%', '21.43%', '21.43%', '21.43%', '21.43%', '21.43%', '17.86%', '17.86%', '17.86%', '17.86%']

2025-08-29 19:02:18,445 - Entrainement du modèle final pour le jeu d'hyperparamètres 51

2025-08-29 19:02:18,632 - Epoch 1/107 - Loss: 1.8251, Acc: 20.36%
2025-08-29 19:02:36,272 - Epoch 107/107 - Loss: 1.7849, Acc: 21.43%
2025-08-29 19:02:36,275 - 

2025-08-29 19:02:36,275 - Résultats finaux pour le jeu d'hyperparamètres 51

2025-08-29 19:02:36,275 - Accuracy de validation croisée: 20.00% ± 1.75%
2025-08-29 19:02:36,275 - Accuracy sur le test: 20.83%

2025-08-29 19:02:46,588 - JEU D'HYPERPARAMÈTRES 52:
2025-08-29 19:02:46,589 - {'estimator_name': 'CNN + LSTM', 'estimator_params': {'out_channels': 16, 'num_layers': 4, 'hidden_size': 96, 'dropout': 0.05}, 'weight_decay': 5e-06, 'lr': 0.0035, 'scheduler_factor': 0.5, 'batch_size': 32}

2025-08-29 19:02:46,589 - Début de la validation croisée pour le jeu d'hyperparamètres 52

2025-08-29 19:02:46,589 - Variables sélectionnées : mêmes variables que celles retenues au départ (pas de sélection en avant)

2025-08-29 19:02:46,589 - === Fold 1/10 ===
2025-08-29 19:02:46,760 - Epoch 1/500 - Train Loss: 1.8012, Train Acc: 19.44% - Val loss: 1.7994, Val Acc: 17.86%
2025-08-29 19:03:02,009 - Early stopping à l'epoch 115
2025-08-29 19:03:02,013 - Fold 1 - Accuracy finale: 21.43%
2025-08-29 19:03:02,013 - === Fold 2/10 ===
2025-08-29 19:03:02,173 - Epoch 1/500 - Train Loss: 1.8018, Train Acc: 19.44% - Val loss: 1.7985, Val Acc: 17.86%
2025-08-29 19:03:15,424 - Early stopping à l'epoch 98
2025-08-29 19:03:15,427 - Fold 2 - Accuracy finale: 21.43%
2025-08-29 19:03:15,427 - === Fold 3/10 ===
2025-08-29 19:03:15,594 - Epoch 1/500 - Train Loss: 1.7994, Train Acc: 20.24% - Val loss: 1.8035, Val Acc: 17.86%
2025-08-29 19:03:35,062 - Early stopping à l'epoch 145
2025-08-29 19:03:35,066 - Fold 3 - Accuracy finale: 21.43%
2025-08-29 19:03:35,066 - === Fold 4/10 ===
2025-08-29 19:03:35,237 - Epoch 1/500 - Train Loss: 1.8020, Train Acc: 18.65% - Val loss: 1.8018, Val Acc: 17.86%
2025-08-29 19:03:52,529 - Early stopping à l'epoch 129
2025-08-29 19:03:52,532 - Fold 4 - Accuracy finale: 21.43%
2025-08-29 19:03:52,532 - === Fold 5/10 ===
2025-08-29 19:03:52,698 - Epoch 1/500 - Train Loss: 1.7994, Train Acc: 19.44% - Val loss: 1.8037, Val Acc: 17.86%
2025-08-29 19:04:06,436 - Early stopping à l'epoch 103
2025-08-29 19:04:06,440 - Fold 5 - Accuracy finale: 21.43%
2025-08-29 19:04:06,440 - === Fold 6/10 ===
2025-08-29 19:04:06,607 - Epoch 1/500 - Train Loss: 1.8024, Train Acc: 18.65% - Val loss: 1.7990, Val Acc: 17.86%
2025-08-29 19:04:26,181 - Early stopping à l'epoch 145
2025-08-29 19:04:26,184 - Fold 6 - Accuracy finale: 21.43%
2025-08-29 19:04:26,185 - === Fold 7/10 ===
2025-08-29 19:04:26,352 - Epoch 1/500 - Train Loss: 1.8016, Train Acc: 19.05% - Val loss: 1.7930, Val Acc: 21.43%
2025-08-29 19:04:38,516 - Early stopping à l'epoch 91
2025-08-29 19:04:38,519 - Fold 7 - Accuracy finale: 17.86%
2025-08-29 19:04:38,519 - === Fold 8/10 ===
2025-08-29 19:04:38,686 - Epoch 1/500 - Train Loss: 1.8043, Train Acc: 19.84% - Val loss: 1.7961, Val Acc: 21.43%
2025-08-29 19:04:50,158 - Early stopping à l'epoch 86
2025-08-29 19:04:50,161 - Fold 8 - Accuracy finale: 17.86%
2025-08-29 19:04:50,161 - === Fold 9/10 ===
2025-08-29 19:04:50,320 - Epoch 1/500 - Train Loss: 1.8025, Train Acc: 18.65% - Val loss: 1.7836, Val Acc: 21.43%
2025-08-29 19:05:01,374 - Early stopping à l'epoch 83
2025-08-29 19:05:01,378 - Fold 9 - Accuracy finale: 17.86%
2025-08-29 19:05:01,378 - === Fold 10/10 ===
2025-08-29 19:05:01,545 - Epoch 1/500 - Train Loss: 1.8060, Train Acc: 18.65% - Val loss: 1.7846, Val Acc: 21.43%
2025-08-29 19:05:12,536 - Early stopping à l'epoch 83
2025-08-29 19:05:12,539 - Fold 10 - Accuracy finale: 17.86%
2025-08-29 19:05:12,540 - 
2025-08-29 19:05:12,540 - Résultats de la validation croisée
2025-08-29 19:05:12,540 - 
2025-08-29 19:05:12,540 - Accuracy moyenne: 20.00% ± 1.75%
2025-08-29 19:05:12,540 - Loss moyenne: 1.7849 ± 0.0009
2025-08-29 19:05:12,540 - Nombre d'epochs moyen: 107
2025-08-29 19:05:12,540 - Accuracy par fold: ['21.43%', '21.43%', '21.43%', '21.43%', '21.43%', '21.43%', '17.86%', '17.86%', '17.86%', '17.86%']

2025-08-29 19:05:12,540 - Entrainement du modèle final pour le jeu d'hyperparamètres 52

2025-08-29 19:05:12,713 - Epoch 1/107 - Loss: 1.7995, Acc: 19.64%
2025-08-29 19:05:28,457 - Epoch 107/107 - Loss: 1.7812, Acc: 20.00%
2025-08-29 19:05:28,459 - 

2025-08-29 19:05:28,459 - Résultats finaux pour le jeu d'hyperparamètres 52

2025-08-29 19:05:28,459 - Accuracy de validation croisée: 20.00% ± 1.75%
2025-08-29 19:05:28,459 - Accuracy sur le test: 20.83%

2025-08-29 19:05:39,408 - JEU D'HYPERPARAMÈTRES 53:
2025-08-29 19:05:39,408 - {'estimator_name': 'CNN + LSTM', 'estimator_params': {'out_channels': 8, 'num_layers': 2, 'hidden_size': 80, 'dropout': 0.15}, 'weight_decay': 2.5e-06, 'lr': 0.005, 'scheduler_factor': 0.6, 'batch_size': 36}

2025-08-29 19:05:39,408 - Début de la validation croisée pour le jeu d'hyperparamètres 53

2025-08-29 19:05:39,408 - Variables sélectionnées : mêmes variables que celles retenues au départ (pas de sélection en avant)

2025-08-29 19:05:39,409 - === Fold 1/10 ===
2025-08-29 19:05:39,530 - Epoch 1/500 - Train Loss: 1.8682, Train Acc: 15.08% - Val loss: 1.8563, Val Acc: 14.29%
2025-08-29 19:05:48,786 - Early stopping à l'epoch 94
2025-08-29 19:05:48,788 - Fold 1 - Accuracy finale: 21.43%
2025-08-29 19:05:48,789 - === Fold 2/10 ===
2025-08-29 19:05:48,918 - Epoch 1/500 - Train Loss: 1.8652, Train Acc: 15.08% - Val loss: 1.8550, Val Acc: 14.29%
2025-08-29 19:06:00,849 - Early stopping à l'epoch 120
2025-08-29 19:06:00,852 - Fold 2 - Accuracy finale: 21.43%
2025-08-29 19:06:00,852 - === Fold 3/10 ===
2025-08-29 19:06:00,977 - Epoch 1/500 - Train Loss: 1.8695, Train Acc: 15.08% - Val loss: 1.8392, Val Acc: 14.29%
2025-08-29 19:06:11,804 - Early stopping à l'epoch 109
2025-08-29 19:06:11,807 - Fold 3 - Accuracy finale: 21.43%
2025-08-29 19:06:11,807 - === Fold 4/10 ===
2025-08-29 19:06:11,932 - Epoch 1/500 - Train Loss: 1.8694, Train Acc: 15.08% - Val loss: 1.8381, Val Acc: 14.29%
2025-08-29 19:06:23,261 - Early stopping à l'epoch 113
2025-08-29 19:06:23,264 - Fold 4 - Accuracy finale: 21.43%
2025-08-29 19:06:23,264 - === Fold 5/10 ===
2025-08-29 19:06:23,389 - Epoch 1/500 - Train Loss: 1.8692, Train Acc: 15.08% - Val loss: 1.8389, Val Acc: 14.29%
2025-08-29 19:06:33,333 - Early stopping à l'epoch 100
2025-08-29 19:06:33,336 - Fold 5 - Accuracy finale: 21.43%
2025-08-29 19:06:33,336 - === Fold 6/10 ===
2025-08-29 19:06:33,460 - Epoch 1/500 - Train Loss: 1.8663, Train Acc: 15.08% - Val loss: 1.8619, Val Acc: 14.29%
2025-08-29 19:06:43,133 - Early stopping à l'epoch 97
2025-08-29 19:06:43,136 - Fold 6 - Accuracy finale: 21.43%
2025-08-29 19:06:43,136 - === Fold 7/10 ===
2025-08-29 19:06:43,258 - Epoch 1/500 - Train Loss: 1.8613, Train Acc: 15.08% - Val loss: 1.8843, Val Acc: 14.29%
2025-08-29 19:07:03,464 - Epoch 201/500 - Train Loss: 1.7846, Train Acc: 20.24% - Val loss: 1.7859, Val Acc: 17.86%
2025-08-29 19:07:10,198 - Early stopping à l'epoch 267
2025-08-29 19:07:10,201 - Fold 7 - Accuracy finale: 17.86%
2025-08-29 19:07:10,201 - === Fold 8/10 ===
2025-08-29 19:07:10,323 - Epoch 1/500 - Train Loss: 1.8652, Train Acc: 15.08% - Val loss: 1.8897, Val Acc: 14.29%
2025-08-29 19:07:23,481 - Early stopping à l'epoch 135
2025-08-29 19:07:23,484 - Fold 8 - Accuracy finale: 17.86%
2025-08-29 19:07:23,484 - === Fold 9/10 ===
2025-08-29 19:07:23,608 - Epoch 1/500 - Train Loss: 1.8669, Train Acc: 14.68% - Val loss: 1.8569, Val Acc: 17.86%
2025-08-29 19:07:33,682 - Early stopping à l'epoch 101
2025-08-29 19:07:33,685 - Fold 9 - Accuracy finale: 17.86%
2025-08-29 19:07:33,685 - === Fold 10/10 ===
2025-08-29 19:07:33,809 - Epoch 1/500 - Train Loss: 1.8661, Train Acc: 14.68% - Val loss: 1.8550, Val Acc: 17.86%
2025-08-29 19:07:44,549 - Early stopping à l'epoch 111
2025-08-29 19:07:44,552 - Fold 10 - Accuracy finale: 17.86%
2025-08-29 19:07:44,553 - 
2025-08-29 19:07:44,553 - Résultats de la validation croisée
2025-08-29 19:07:44,553 - 
2025-08-29 19:07:44,553 - Accuracy moyenne: 20.00% ± 1.75%
2025-08-29 19:07:44,553 - Loss moyenne: 1.7850 ± 0.0012
2025-08-29 19:07:44,553 - Nombre d'epochs moyen: 124
2025-08-29 19:07:44,553 - Accuracy par fold: ['21.43%', '21.43%', '21.43%', '21.43%', '21.43%', '21.43%', '17.86%', '17.86%', '17.86%', '17.86%']

2025-08-29 19:07:44,553 - Entrainement du modèle final pour le jeu d'hyperparamètres 53

2025-08-29 19:07:44,686 - Epoch 1/124 - Loss: 1.8669, Acc: 15.00%
2025-08-29 19:07:58,109 - Epoch 124/124 - Loss: 1.7828, Acc: 20.00%
2025-08-29 19:07:58,111 - 

2025-08-29 19:07:58,112 - Résultats finaux pour le jeu d'hyperparamètres 53

2025-08-29 19:07:58,112 - Accuracy de validation croisée: 20.00% ± 1.75%
2025-08-29 19:07:58,112 - Accuracy sur le test: 20.83%

2025-08-29 19:08:09,062 - JEU D'HYPERPARAMÈTRES 54:
2025-08-29 19:08:09,063 - {'estimator_name': 'LSTM', 'estimator_params': {'num_layers': 3, 'hidden_size': 64, 'dropout': 0.125}, 'weight_decay': 1e-06, 'lr': 0.0045, 'scheduler_factor': 0.4, 'batch_size': 28}

2025-08-29 19:08:09,063 - Début de la validation croisée pour le jeu d'hyperparamètres 54

2025-08-29 19:08:09,063 - Variables sélectionnées : mêmes variables que celles retenues au départ (pas de sélection en avant)

2025-08-29 19:08:09,063 - === Fold 1/10 ===
2025-08-29 19:08:09,185 - Epoch 1/500 - Train Loss: 1.8256, Train Acc: 15.48% - Val loss: 1.8237, Val Acc: 14.29%
2025-08-29 19:08:19,119 - Early stopping à l'epoch 97
2025-08-29 19:08:19,122 - Fold 1 - Accuracy finale: 21.43%
2025-08-29 19:08:19,122 - === Fold 2/10 ===
2025-08-29 19:08:19,238 - Epoch 1/500 - Train Loss: 1.8267, Train Acc: 15.48% - Val loss: 1.8251, Val Acc: 14.29%
2025-08-29 19:08:29,166 - Early stopping à l'epoch 98
2025-08-29 19:08:29,169 - Fold 2 - Accuracy finale: 21.43%
2025-08-29 19:08:29,169 - === Fold 3/10 ===
2025-08-29 19:08:29,292 - Epoch 1/500 - Train Loss: 1.8268, Train Acc: 15.48% - Val loss: 1.8232, Val Acc: 14.29%
2025-08-29 19:08:41,026 - Early stopping à l'epoch 113
2025-08-29 19:08:41,029 - Fold 3 - Accuracy finale: 21.43%
2025-08-29 19:08:41,029 - === Fold 4/10 ===
2025-08-29 19:08:41,151 - Epoch 1/500 - Train Loss: 1.8263, Train Acc: 15.48% - Val loss: 1.8253, Val Acc: 14.29%
2025-08-29 19:08:52,661 - Early stopping à l'epoch 112
2025-08-29 19:08:52,664 - Fold 4 - Accuracy finale: 21.43%
2025-08-29 19:08:52,664 - === Fold 5/10 ===
2025-08-29 19:08:52,782 - Epoch 1/500 - Train Loss: 1.8270, Train Acc: 15.48% - Val loss: 1.8243, Val Acc: 14.29%
2025-08-29 19:09:06,721 - Early stopping à l'epoch 140
2025-08-29 19:09:06,723 - Fold 5 - Accuracy finale: 21.43%
2025-08-29 19:09:06,723 - === Fold 6/10 ===
2025-08-29 19:09:06,842 - Epoch 1/500 - Train Loss: 1.8297, Train Acc: 15.08% - Val loss: 1.8119, Val Acc: 17.86%
2025-08-29 19:09:16,030 - Early stopping à l'epoch 93
2025-08-29 19:09:16,033 - Fold 6 - Accuracy finale: 21.43%
2025-08-29 19:09:16,033 - === Fold 7/10 ===
2025-08-29 19:09:16,154 - Epoch 1/500 - Train Loss: 1.8283, Train Acc: 15.08% - Val loss: 1.8114, Val Acc: 17.86%
2025-08-29 19:09:25,349 - Early stopping à l'epoch 93
2025-08-29 19:09:25,351 - Fold 7 - Accuracy finale: 17.86%
2025-08-29 19:09:25,351 - === Fold 8/10 ===
2025-08-29 19:09:25,470 - Epoch 1/500 - Train Loss: 1.8265, Train Acc: 15.08% - Val loss: 1.8116, Val Acc: 17.86%
2025-08-29 19:09:34,856 - Early stopping à l'epoch 93
2025-08-29 19:09:34,858 - Fold 8 - Accuracy finale: 17.86%
2025-08-29 19:09:34,858 - === Fold 9/10 ===
2025-08-29 19:09:34,983 - Epoch 1/500 - Train Loss: 1.8239, Train Acc: 15.48% - Val loss: 1.8202, Val Acc: 14.29%
2025-08-29 19:09:46,845 - Early stopping à l'epoch 118
2025-08-29 19:09:46,848 - Fold 9 - Accuracy finale: 17.86%
2025-08-29 19:09:46,848 - === Fold 10/10 ===
2025-08-29 19:09:46,967 - Epoch 1/500 - Train Loss: 1.8259, Train Acc: 15.48% - Val loss: 1.8196, Val Acc: 14.29%
2025-08-29 19:09:58,364 - Early stopping à l'epoch 112
2025-08-29 19:09:58,366 - Fold 10 - Accuracy finale: 17.86%
2025-08-29 19:09:58,367 - 
2025-08-29 19:09:58,367 - Résultats de la validation croisée
2025-08-29 19:09:58,367 - 
2025-08-29 19:09:58,367 - Accuracy moyenne: 20.00% ± 1.75%
2025-08-29 19:09:58,367 - Loss moyenne: 1.7850 ± 0.0010
2025-08-29 19:09:58,367 - Nombre d'epochs moyen: 106
2025-08-29 19:09:58,367 - Accuracy par fold: ['21.43%', '21.43%', '21.43%', '21.43%', '21.43%', '21.43%', '17.86%', '17.86%', '17.86%', '17.86%']

2025-08-29 19:09:58,367 - Entrainement du modèle final pour le jeu d'hyperparamètres 54

2025-08-29 19:09:58,492 - Epoch 1/106 - Loss: 1.8260, Acc: 15.36%
2025-08-29 19:10:10,046 - Epoch 106/106 - Loss: 1.7846, Acc: 20.00%
2025-08-29 19:10:10,048 - 

2025-08-29 19:10:10,048 - Résultats finaux pour le jeu d'hyperparamètres 54

2025-08-29 19:10:10,048 - Accuracy de validation croisée: 20.00% ± 1.75%
2025-08-29 19:10:10,048 - Accuracy sur le test: 20.83%

2025-08-29 19:10:21,194 - JEU D'HYPERPARAMÈTRES 55:
2025-08-29 19:10:21,194 - {'estimator_name': 'Transformer', 'estimator_params': {'d_model': 72, 'nhead': 3, 'num_layers': 3, 'dropout': 0.1}, 'weight_decay': 5e-07, 'lr': 0.0045, 'scheduler_factor': 0.4, 'batch_size': 36}

2025-08-29 19:10:21,194 - Début de la validation croisée pour le jeu d'hyperparamètres 55

2025-08-29 19:10:21,194 - Variables sélectionnées : mêmes variables que celles retenues au départ (pas de sélection en avant)

2025-08-29 19:10:21,195 - === Fold 1/10 ===
2025-08-29 19:10:21,227 - Epoch 1/500 - Train Loss: 2.2906, Train Acc: 17.06% - Val loss: 1.9521, Val Acc: 14.29%
2025-08-29 19:10:24,136 - Early stopping à l'epoch 124
2025-08-29 19:10:24,137 - Fold 1 - Accuracy finale: 42.86%
2025-08-29 19:10:24,137 - === Fold 2/10 ===
2025-08-29 19:10:24,166 - Epoch 1/500 - Train Loss: 2.2795, Train Acc: 19.05% - Val loss: 1.7924, Val Acc: 21.43%
2025-08-29 19:10:26,230 - Early stopping à l'epoch 84
2025-08-29 19:10:26,232 - Fold 2 - Accuracy finale: 21.43%
2025-08-29 19:10:26,232 - === Fold 3/10 ===
2025-08-29 19:10:26,262 - Epoch 1/500 - Train Loss: 2.4013, Train Acc: 15.87% - Val loss: 1.8612, Val Acc: 25.00%
2025-08-29 19:10:28,319 - Early stopping à l'epoch 84
2025-08-29 19:10:28,320 - Fold 3 - Accuracy finale: 32.14%
2025-08-29 19:10:28,321 - === Fold 4/10 ===
2025-08-29 19:10:28,349 - Epoch 1/500 - Train Loss: 2.2876, Train Acc: 13.10% - Val loss: 1.9768, Val Acc: 14.29%
2025-08-29 19:10:30,332 - Early stopping à l'epoch 87
2025-08-29 19:10:30,334 - Fold 4 - Accuracy finale: 21.43%
2025-08-29 19:10:30,334 - === Fold 5/10 ===
2025-08-29 19:10:30,363 - Epoch 1/500 - Train Loss: 2.3135, Train Acc: 18.65% - Val loss: 1.9212, Val Acc: 39.29%
2025-08-29 19:10:32,673 - Early stopping à l'epoch 100
2025-08-29 19:10:32,675 - Fold 5 - Accuracy finale: 35.71%
2025-08-29 19:10:32,675 - === Fold 6/10 ===
2025-08-29 19:10:32,703 - Epoch 1/500 - Train Loss: 2.2516, Train Acc: 15.48% - Val loss: 1.8727, Val Acc: 21.43%
2025-08-29 19:10:34,811 - Early stopping à l'epoch 85
2025-08-29 19:10:34,813 - Fold 6 - Accuracy finale: 32.14%
2025-08-29 19:10:34,813 - === Fold 7/10 ===
2025-08-29 19:10:34,843 - Epoch 1/500 - Train Loss: 2.3675, Train Acc: 13.89% - Val loss: 1.8548, Val Acc: 17.86%
2025-08-29 19:10:37,019 - Early stopping à l'epoch 88
2025-08-29 19:10:37,020 - Fold 7 - Accuracy finale: 17.86%
2025-08-29 19:10:37,020 - === Fold 8/10 ===
2025-08-29 19:10:37,050 - Epoch 1/500 - Train Loss: 2.1120, Train Acc: 16.27% - Val loss: 1.8264, Val Acc: 17.86%
2025-08-29 19:10:39,063 - Early stopping à l'epoch 85
2025-08-29 19:10:39,064 - Fold 8 - Accuracy finale: 17.86%
2025-08-29 19:10:39,064 - === Fold 9/10 ===
2025-08-29 19:10:39,093 - Epoch 1/500 - Train Loss: 2.2106, Train Acc: 17.86% - Val loss: 1.8344, Val Acc: 17.86%
2025-08-29 19:10:41,194 - Early stopping à l'epoch 87
2025-08-29 19:10:41,195 - Fold 9 - Accuracy finale: 32.14%
2025-08-29 19:10:41,195 - === Fold 10/10 ===
2025-08-29 19:10:41,226 - Epoch 1/500 - Train Loss: 2.2847, Train Acc: 19.84% - Val loss: 1.9626, Val Acc: 17.86%
2025-08-29 19:10:43,187 - Early stopping à l'epoch 84
2025-08-29 19:10:43,189 - Fold 10 - Accuracy finale: 32.14%
2025-08-29 19:10:43,189 - 
2025-08-29 19:10:43,189 - Résultats de la validation croisée
2025-08-29 19:10:43,189 - 
2025-08-29 19:10:43,189 - Accuracy moyenne: 28.57% ± 7.99%
2025-08-29 19:10:43,189 - Loss moyenne: 1.5636 ± 0.2013
2025-08-29 19:10:43,189 - Nombre d'epochs moyen: 90
2025-08-29 19:10:43,189 - Accuracy par fold: ['42.86%', '21.43%', '32.14%', '21.43%', '35.71%', '32.14%', '17.86%', '17.86%', '32.14%', '32.14%']

2025-08-29 19:10:43,189 - Entrainement du modèle final pour le jeu d'hyperparamètres 55

2025-08-29 19:10:43,221 - Epoch 1/90 - Loss: 2.3023, Acc: 14.29%
2025-08-29 19:10:45,540 - Epoch 90/90 - Loss: 1.3698, Acc: 40.36%
2025-08-29 19:10:45,542 - 

2025-08-29 19:10:45,542 - Résultats finaux pour le jeu d'hyperparamètres 55

2025-08-29 19:10:45,542 - Accuracy de validation croisée: 28.57% ± 7.99%
2025-08-29 19:10:45,542 - Accuracy sur le test: 37.50%

2025-08-29 19:10:56,853 - JEU D'HYPERPARAMÈTRES 56:
2025-08-29 19:10:56,853 - {'estimator_name': 'CNN + LSTM', 'estimator_params': {'out_channels': 32, 'num_layers': 4, 'hidden_size': 64, 'dropout': 0.025}, 'weight_decay': 2.5e-06, 'lr': 0.0055, 'scheduler_factor': 0.5, 'batch_size': 28}

2025-08-29 19:10:56,853 - Début de la validation croisée pour le jeu d'hyperparamètres 56

2025-08-29 19:10:56,853 - Variables sélectionnées : mêmes variables que celles retenues au départ (pas de sélection en avant)

2025-08-29 19:10:56,854 - === Fold 1/10 ===
2025-08-29 19:10:56,978 - Epoch 1/500 - Train Loss: 1.8484, Train Acc: 15.48% - Val loss: 1.8398, Val Acc: 14.29%
2025-08-29 19:11:08,832 - Early stopping à l'epoch 115
2025-08-29 19:11:08,834 - Fold 1 - Accuracy finale: 21.43%
2025-08-29 19:11:08,834 - === Fold 2/10 ===
2025-08-29 19:11:08,961 - Epoch 1/500 - Train Loss: 1.8476, Train Acc: 15.48% - Val loss: 1.8324, Val Acc: 14.29%
2025-08-29 19:11:20,864 - Early stopping à l'epoch 117
2025-08-29 19:11:20,867 - Fold 2 - Accuracy finale: 21.43%
2025-08-29 19:11:20,867 - === Fold 3/10 ===
2025-08-29 19:11:20,991 - Epoch 1/500 - Train Loss: 1.8553, Train Acc: 15.08% - Val loss: 1.8166, Val Acc: 17.86%
2025-08-29 19:11:29,717 - Early stopping à l'epoch 84
2025-08-29 19:11:29,720 - Fold 3 - Accuracy finale: 21.43%
2025-08-29 19:11:29,720 - === Fold 4/10 ===
2025-08-29 19:11:29,846 - Epoch 1/500 - Train Loss: 1.8546, Train Acc: 15.08% - Val loss: 1.8181, Val Acc: 17.86%
2025-08-29 19:11:38,652 - Early stopping à l'epoch 87
2025-08-29 19:11:38,655 - Fold 4 - Accuracy finale: 21.43%
2025-08-29 19:11:38,655 - === Fold 5/10 ===
2025-08-29 19:11:38,775 - Epoch 1/500 - Train Loss: 1.8536, Train Acc: 15.08% - Val loss: 1.8140, Val Acc: 17.86%
2025-08-29 19:11:47,468 - Early stopping à l'epoch 86
2025-08-29 19:11:47,471 - Fold 5 - Accuracy finale: 21.43%
2025-08-29 19:11:47,471 - === Fold 6/10 ===
2025-08-29 19:11:47,600 - Epoch 1/500 - Train Loss: 1.8487, Train Acc: 15.48% - Val loss: 1.8379, Val Acc: 14.29%
2025-08-29 19:11:56,382 - Early stopping à l'epoch 86
2025-08-29 19:11:56,384 - Fold 6 - Accuracy finale: 21.43%
2025-08-29 19:11:56,384 - === Fold 7/10 ===
2025-08-29 19:11:56,502 - Epoch 1/500 - Train Loss: 1.8505, Train Acc: 15.48% - Val loss: 1.8337, Val Acc: 14.29%
2025-08-29 19:12:06,760 - Early stopping à l'epoch 99
2025-08-29 19:12:06,763 - Fold 7 - Accuracy finale: 17.86%
2025-08-29 19:12:06,763 - === Fold 8/10 ===
2025-08-29 19:12:06,890 - Epoch 1/500 - Train Loss: 1.8491, Train Acc: 15.48% - Val loss: 1.8347, Val Acc: 14.29%
2025-08-29 19:12:20,052 - Early stopping à l'epoch 129
2025-08-29 19:12:20,054 - Fold 8 - Accuracy finale: 17.86%
2025-08-29 19:12:20,054 - === Fold 9/10 ===
2025-08-29 19:12:20,175 - Epoch 1/500 - Train Loss: 1.8522, Train Acc: 15.48% - Val loss: 1.8349, Val Acc: 14.29%
2025-08-29 19:12:29,702 - Early stopping à l'epoch 94
2025-08-29 19:12:29,704 - Fold 9 - Accuracy finale: 17.86%
2025-08-29 19:12:29,704 - === Fold 10/10 ===
2025-08-29 19:12:29,832 - Epoch 1/500 - Train Loss: 1.8526, Train Acc: 15.48% - Val loss: 1.8329, Val Acc: 14.29%
2025-08-29 19:12:43,749 - Early stopping à l'epoch 137
2025-08-29 19:12:43,752 - Fold 10 - Accuracy finale: 17.86%
2025-08-29 19:12:43,752 - 
2025-08-29 19:12:43,753 - Résultats de la validation croisée
2025-08-29 19:12:43,753 - 
2025-08-29 19:12:43,753 - Accuracy moyenne: 20.00% ± 1.75%
2025-08-29 19:12:43,753 - Loss moyenne: 1.7850 ± 0.0010
2025-08-29 19:12:43,753 - Nombre d'epochs moyen: 103
2025-08-29 19:12:43,753 - Accuracy par fold: ['21.43%', '21.43%', '21.43%', '21.43%', '21.43%', '21.43%', '17.86%', '17.86%', '17.86%', '17.86%']

2025-08-29 19:12:43,753 - Entrainement du modèle final pour le jeu d'hyperparamètres 56

2025-08-29 19:12:43,882 - Epoch 1/103 - Loss: 1.8508, Acc: 15.36%
2025-08-29 19:12:55,302 - Epoch 103/103 - Loss: 1.7840, Acc: 19.64%
2025-08-29 19:12:55,304 - 

2025-08-29 19:12:55,304 - Résultats finaux pour le jeu d'hyperparamètres 56

2025-08-29 19:12:55,304 - Accuracy de validation croisée: 20.00% ± 1.75%
2025-08-29 19:12:55,304 - Accuracy sur le test: 20.83%

2025-08-29 19:13:06,455 - JEU D'HYPERPARAMÈTRES 57:
2025-08-29 19:13:06,456 - {'estimator_name': 'LSTM', 'estimator_params': {'num_layers': 4, 'hidden_size': 64, 'dropout': 0.025}, 'weight_decay': 5e-06, 'lr': 0.004, 'scheduler_factor': 0.5, 'batch_size': 28}

2025-08-29 19:13:06,456 - Début de la validation croisée pour le jeu d'hyperparamètres 57

2025-08-29 19:13:06,456 - Variables sélectionnées : mêmes variables que celles retenues au départ (pas de sélection en avant)

2025-08-29 19:13:06,456 - === Fold 1/10 ===
2025-08-29 19:13:06,581 - Epoch 1/500 - Train Loss: 1.8475, Train Acc: 15.08% - Val loss: 1.8343, Val Acc: 14.29%
2025-08-29 19:13:15,569 - Early stopping à l'epoch 89
2025-08-29 19:13:15,572 - Fold 1 - Accuracy finale: 21.43%
2025-08-29 19:13:15,572 - === Fold 2/10 ===
2025-08-29 19:13:15,699 - Epoch 1/500 - Train Loss: 1.8469, Train Acc: 15.08% - Val loss: 1.8329, Val Acc: 14.29%
2025-08-29 19:13:24,712 - Early stopping à l'epoch 89
2025-08-29 19:13:24,715 - Fold 2 - Accuracy finale: 21.43%
2025-08-29 19:13:24,715 - === Fold 3/10 ===
2025-08-29 19:13:24,841 - Epoch 1/500 - Train Loss: 1.8461, Train Acc: 15.08% - Val loss: 1.8436, Val Acc: 14.29%
2025-08-29 19:13:36,505 - Early stopping à l'epoch 113
2025-08-29 19:13:36,508 - Fold 3 - Accuracy finale: 21.43%
2025-08-29 19:13:36,508 - === Fold 4/10 ===
2025-08-29 19:13:36,628 - Epoch 1/500 - Train Loss: 1.8458, Train Acc: 15.08% - Val loss: 1.8408, Val Acc: 14.29%
2025-08-29 19:13:47,698 - Early stopping à l'epoch 110
2025-08-29 19:13:47,701 - Fold 4 - Accuracy finale: 21.43%
2025-08-29 19:13:47,701 - === Fold 5/10 ===
2025-08-29 19:13:47,822 - Epoch 1/500 - Train Loss: 1.8464, Train Acc: 15.08% - Val loss: 1.8432, Val Acc: 14.29%
2025-08-29 19:13:59,409 - Early stopping à l'epoch 113
2025-08-29 19:13:59,411 - Fold 5 - Accuracy finale: 21.43%
2025-08-29 19:13:59,411 - === Fold 6/10 ===
2025-08-29 19:13:59,531 - Epoch 1/500 - Train Loss: 1.8483, Train Acc: 15.08% - Val loss: 1.8354, Val Acc: 14.29%
2025-08-29 19:14:08,848 - Early stopping à l'epoch 91
2025-08-29 19:14:08,851 - Fold 6 - Accuracy finale: 21.43%
2025-08-29 19:14:08,851 - === Fold 7/10 ===
2025-08-29 19:14:08,976 - Epoch 1/500 - Train Loss: 1.8438, Train Acc: 15.08% - Val loss: 1.8282, Val Acc: 14.29%
2025-08-29 19:14:18,332 - Early stopping à l'epoch 90
2025-08-29 19:14:18,335 - Fold 7 - Accuracy finale: 17.86%
2025-08-29 19:14:18,335 - === Fold 8/10 ===
2025-08-29 19:14:18,461 - Epoch 1/500 - Train Loss: 1.8453, Train Acc: 15.08% - Val loss: 1.8288, Val Acc: 14.29%
2025-08-29 19:14:27,451 - Early stopping à l'epoch 89
2025-08-29 19:14:27,453 - Fold 8 - Accuracy finale: 17.86%
2025-08-29 19:14:27,454 - === Fold 9/10 ===
2025-08-29 19:14:27,572 - Epoch 1/500 - Train Loss: 1.8468, Train Acc: 14.68% - Val loss: 1.8203, Val Acc: 17.86%
2025-08-29 19:14:39,185 - Early stopping à l'epoch 114
2025-08-29 19:14:39,188 - Fold 9 - Accuracy finale: 17.86%
2025-08-29 19:14:39,188 - === Fold 10/10 ===
2025-08-29 19:14:39,308 - Epoch 1/500 - Train Loss: 1.8501, Train Acc: 14.68% - Val loss: 1.8188, Val Acc: 17.86%
2025-08-29 19:14:50,346 - Early stopping à l'epoch 108
2025-08-29 19:14:50,348 - Fold 10 - Accuracy finale: 17.86%
2025-08-29 19:14:50,349 - 
2025-08-29 19:14:50,349 - Résultats de la validation croisée
2025-08-29 19:14:50,349 - 
2025-08-29 19:14:50,349 - Accuracy moyenne: 20.00% ± 1.75%
2025-08-29 19:14:50,349 - Loss moyenne: 1.7850 ± 0.0010
2025-08-29 19:14:50,349 - Nombre d'epochs moyen: 100
2025-08-29 19:14:50,349 - Accuracy par fold: ['21.43%', '21.43%', '21.43%', '21.43%', '21.43%', '21.43%', '17.86%', '17.86%', '17.86%', '17.86%']

2025-08-29 19:14:50,349 - Entrainement du modèle final pour le jeu d'hyperparamètres 57

2025-08-29 19:14:50,479 - Epoch 1/100 - Loss: 1.8434, Acc: 15.00%
2025-08-29 19:15:01,641 - Epoch 100/100 - Loss: 1.7866, Acc: 19.29%
2025-08-29 19:15:01,643 - 

2025-08-29 19:15:01,643 - Résultats finaux pour le jeu d'hyperparamètres 57

2025-08-29 19:15:01,644 - Accuracy de validation croisée: 20.00% ± 1.75%
2025-08-29 19:15:01,644 - Accuracy sur le test: 20.83%

2025-08-29 19:15:13,493 - JEU D'HYPERPARAMÈTRES 58:
2025-08-29 19:15:13,493 - {'estimator_name': 'Transformer', 'estimator_params': {'d_model': 36, 'nhead': 12, 'num_layers': 4, 'dropout': 0.15}, 'weight_decay': 7.5e-07, 'lr': 0.005, 'scheduler_factor': 0.6, 'batch_size': 32}

2025-08-29 19:15:13,494 - Début de la validation croisée pour le jeu d'hyperparamètres 58

2025-08-29 19:15:13,494 - Variables sélectionnées : mêmes variables que celles retenues au départ (pas de sélection en avant)

2025-08-29 19:15:13,494 - === Fold 1/10 ===
2025-08-29 19:15:13,542 - Epoch 1/500 - Train Loss: 1.9550, Train Acc: 15.08% - Val loss: 1.5898, Val Acc: 32.14%
2025-08-29 19:15:16,808 - Early stopping à l'epoch 92
2025-08-29 19:15:16,810 - Fold 1 - Accuracy finale: 21.43%
2025-08-29 19:15:16,810 - === Fold 2/10 ===
2025-08-29 19:15:16,857 - Epoch 1/500 - Train Loss: 2.0363, Train Acc: 14.68% - Val loss: 1.8103, Val Acc: 14.29%
2025-08-29 19:15:20,124 - Early stopping à l'epoch 86
2025-08-29 19:15:20,126 - Fold 2 - Accuracy finale: 21.43%
2025-08-29 19:15:20,126 - === Fold 3/10 ===
2025-08-29 19:15:20,172 - Epoch 1/500 - Train Loss: 2.0857, Train Acc: 13.10% - Val loss: 1.8745, Val Acc: 14.29%
2025-08-29 19:15:23,792 - Early stopping à l'epoch 99
2025-08-29 19:15:23,794 - Fold 3 - Accuracy finale: 21.43%
2025-08-29 19:15:23,794 - === Fold 4/10 ===
2025-08-29 19:15:23,838 - Epoch 1/500 - Train Loss: 2.0404, Train Acc: 17.86% - Val loss: 1.7574, Val Acc: 21.43%
2025-08-29 19:15:27,026 - Early stopping à l'epoch 88
2025-08-29 19:15:27,028 - Fold 4 - Accuracy finale: 21.43%
2025-08-29 19:15:27,028 - === Fold 5/10 ===
2025-08-29 19:15:27,070 - Epoch 1/500 - Train Loss: 1.8915, Train Acc: 20.24% - Val loss: 1.3492, Val Acc: 32.14%
2025-08-29 19:15:31,317 - Early stopping à l'epoch 112
2025-08-29 19:15:31,319 - Fold 5 - Accuracy finale: 21.43%
2025-08-29 19:15:31,319 - === Fold 6/10 ===
2025-08-29 19:15:31,360 - Epoch 1/500 - Train Loss: 2.0477, Train Acc: 13.10% - Val loss: 1.8250, Val Acc: 17.86%
2025-08-29 19:15:35,746 - Early stopping à l'epoch 115
2025-08-29 19:15:35,747 - Fold 6 - Accuracy finale: 21.43%
2025-08-29 19:15:35,748 - === Fold 7/10 ===
2025-08-29 19:15:35,789 - Epoch 1/500 - Train Loss: 2.0319, Train Acc: 13.49% - Val loss: 1.8038, Val Acc: 25.00%
2025-08-29 19:15:38,985 - Early stopping à l'epoch 86
2025-08-29 19:15:38,987 - Fold 7 - Accuracy finale: 21.43%
2025-08-29 19:15:38,987 - === Fold 8/10 ===
2025-08-29 19:15:39,028 - Epoch 1/500 - Train Loss: 1.9861, Train Acc: 17.46% - Val loss: 1.7879, Val Acc: 21.43%
2025-08-29 19:15:42,468 - Early stopping à l'epoch 87
2025-08-29 19:15:42,470 - Fold 8 - Accuracy finale: 17.86%
2025-08-29 19:15:42,470 - === Fold 9/10 ===
2025-08-29 19:15:42,514 - Epoch 1/500 - Train Loss: 1.8546, Train Acc: 25.40% - Val loss: 1.4019, Val Acc: 35.71%
2025-08-29 19:15:48,544 - Early stopping à l'epoch 165
2025-08-29 19:15:48,546 - Fold 9 - Accuracy finale: 57.14%
2025-08-29 19:15:48,546 - === Fold 10/10 ===
2025-08-29 19:15:48,588 - Epoch 1/500 - Train Loss: 2.0302, Train Acc: 17.86% - Val loss: 1.7357, Val Acc: 17.86%
2025-08-29 19:15:52,100 - Early stopping à l'epoch 89
2025-08-29 19:15:52,102 - Fold 10 - Accuracy finale: 17.86%
2025-08-29 19:15:52,102 - 
2025-08-29 19:15:52,103 - Résultats de la validation croisée
2025-08-29 19:15:52,103 - 
2025-08-29 19:15:52,103 - Accuracy moyenne: 24.29% ± 11.04%
2025-08-29 19:15:52,103 - Loss moyenne: 1.8681 ± 0.4630
2025-08-29 19:15:52,103 - Nombre d'epochs moyen: 101
2025-08-29 19:15:52,103 - Accuracy par fold: ['21.43%', '21.43%', '21.43%', '21.43%', '21.43%', '21.43%', '21.43%', '17.86%', '57.14%', '17.86%']

2025-08-29 19:15:52,103 - Entrainement du modèle final pour le jeu d'hyperparamètres 58

2025-08-29 19:15:52,150 - Epoch 1/101 - Loss: 2.0847, Acc: 11.79%
2025-08-29 19:15:56,476 - Epoch 101/101 - Loss: 1.7013, Acc: 23.57%
2025-08-29 19:15:56,478 - 

2025-08-29 19:15:56,478 - Résultats finaux pour le jeu d'hyperparamètres 58

2025-08-29 19:15:56,478 - Accuracy de validation croisée: 24.29% ± 11.04%
2025-08-29 19:15:56,478 - Accuracy sur le test: 19.17%

2025-08-29 19:16:08,206 - JEU D'HYPERPARAMÈTRES 59:
2025-08-29 19:16:08,206 - {'estimator_name': 'LSTM', 'estimator_params': {'num_layers': 3, 'hidden_size': 64, 'dropout': 0.175}, 'weight_decay': 5e-07, 'lr': 0.0055, 'scheduler_factor': 0.4, 'batch_size': 32}

2025-08-29 19:16:08,206 - Début de la validation croisée pour le jeu d'hyperparamètres 59

2025-08-29 19:16:08,206 - Variables sélectionnées : mêmes variables que celles retenues au départ (pas de sélection en avant)

2025-08-29 19:16:08,207 - === Fold 1/10 ===
2025-08-29 19:16:08,318 - Epoch 1/500 - Train Loss: 1.8254, Train Acc: 15.48% - Val loss: 1.8232, Val Acc: 14.29%
2025-08-29 19:16:16,512 - Early stopping à l'epoch 92
2025-08-29 19:16:16,514 - Fold 1 - Accuracy finale: 21.43%
2025-08-29 19:16:16,514 - === Fold 2/10 ===
2025-08-29 19:16:16,622 - Epoch 1/500 - Train Loss: 1.8255, Train Acc: 15.48% - Val loss: 1.8218, Val Acc: 14.29%
2025-08-29 19:16:25,415 - Early stopping à l'epoch 98
2025-08-29 19:16:25,417 - Fold 2 - Accuracy finale: 21.43%
2025-08-29 19:16:25,418 - === Fold 3/10 ===
2025-08-29 19:16:25,526 - Epoch 1/500 - Train Loss: 1.8268, Train Acc: 15.48% - Val loss: 1.8231, Val Acc: 14.29%
2025-08-29 19:16:35,672 - Early stopping à l'epoch 113
2025-08-29 19:16:35,675 - Fold 3 - Accuracy finale: 21.43%
2025-08-29 19:16:35,675 - === Fold 4/10 ===
2025-08-29 19:16:35,787 - Epoch 1/500 - Train Loss: 1.8262, Train Acc: 15.48% - Val loss: 1.8231, Val Acc: 14.29%
2025-08-29 19:16:45,954 - Early stopping à l'epoch 114
2025-08-29 19:16:45,956 - Fold 4 - Accuracy finale: 21.43%
2025-08-29 19:16:45,956 - === Fold 5/10 ===
2025-08-29 19:16:46,063 - Epoch 1/500 - Train Loss: 1.8249, Train Acc: 15.48% - Val loss: 1.8232, Val Acc: 14.29%
2025-08-29 19:16:57,385 - Early stopping à l'epoch 125
2025-08-29 19:16:57,388 - Fold 5 - Accuracy finale: 21.43%
2025-08-29 19:16:57,398 - === Fold 6/10 ===
2025-08-29 19:16:57,510 - Epoch 1/500 - Train Loss: 1.8278, Train Acc: 15.08% - Val loss: 1.8117, Val Acc: 17.86%
2025-08-29 19:17:06,035 - Early stopping à l'epoch 93
2025-08-29 19:17:06,038 - Fold 6 - Accuracy finale: 21.43%
2025-08-29 19:17:06,038 - === Fold 7/10 ===
2025-08-29 19:17:06,155 - Epoch 1/500 - Train Loss: 1.8293, Train Acc: 15.08% - Val loss: 1.8109, Val Acc: 17.86%
2025-08-29 19:17:14,323 - Early stopping à l'epoch 90
2025-08-29 19:17:14,326 - Fold 7 - Accuracy finale: 17.86%
2025-08-29 19:17:14,326 - === Fold 8/10 ===
2025-08-29 19:17:14,439 - Epoch 1/500 - Train Loss: 1.8266, Train Acc: 15.08% - Val loss: 1.8093, Val Acc: 17.86%
2025-08-29 19:17:22,688 - Early stopping à l'epoch 90
2025-08-29 19:17:22,691 - Fold 8 - Accuracy finale: 17.86%
2025-08-29 19:17:22,691 - === Fold 9/10 ===
2025-08-29 19:17:22,802 - Epoch 1/500 - Train Loss: 1.8250, Train Acc: 15.48% - Val loss: 1.8202, Val Acc: 14.29%
2025-08-29 19:17:36,168 - Early stopping à l'epoch 146
2025-08-29 19:17:36,170 - Fold 9 - Accuracy finale: 17.86%
2025-08-29 19:17:36,170 - === Fold 10/10 ===
2025-08-29 19:17:36,280 - Epoch 1/500 - Train Loss: 1.8243, Train Acc: 15.48% - Val loss: 1.8193, Val Acc: 14.29%
2025-08-29 19:17:46,565 - Early stopping à l'epoch 114
2025-08-29 19:17:46,568 - Fold 10 - Accuracy finale: 17.86%
2025-08-29 19:17:46,569 - 
2025-08-29 19:17:46,569 - Résultats de la validation croisée
2025-08-29 19:17:46,569 - 
2025-08-29 19:17:46,569 - Accuracy moyenne: 20.00% ± 1.75%
2025-08-29 19:17:46,569 - Loss moyenne: 1.7850 ± 0.0010
2025-08-29 19:17:46,569 - Nombre d'epochs moyen: 107
2025-08-29 19:17:46,569 - Accuracy par fold: ['21.43%', '21.43%', '21.43%', '21.43%', '21.43%', '21.43%', '17.86%', '17.86%', '17.86%', '17.86%']

2025-08-29 19:17:46,569 - Entrainement du modèle final pour le jeu d'hyperparamètres 59

2025-08-29 19:17:46,686 - Epoch 1/107 - Loss: 1.8277, Acc: 15.36%
2025-08-29 19:17:57,247 - Epoch 107/107 - Loss: 1.7841, Acc: 20.00%
2025-08-29 19:17:57,250 - 

2025-08-29 19:17:57,250 - Résultats finaux pour le jeu d'hyperparamètres 59

2025-08-29 19:17:57,250 - Accuracy de validation croisée: 20.00% ± 1.75%
2025-08-29 19:17:57,250 - Accuracy sur le test: 20.83%

2025-08-29 19:18:09,091 - JEU D'HYPERPARAMÈTRES 60:
2025-08-29 19:18:09,092 - {'estimator_name': 'LSTM', 'estimator_params': {'num_layers': 3, 'hidden_size': 96, 'dropout': 0.175}, 'weight_decay': 2.5e-06, 'lr': 0.005, 'scheduler_factor': 0.5, 'batch_size': 32}

2025-08-29 19:18:09,092 - Début de la validation croisée pour le jeu d'hyperparamètres 60

2025-08-29 19:18:09,092 - Variables sélectionnées : mêmes variables que celles retenues au départ (pas de sélection en avant)

2025-08-29 19:18:09,092 - === Fold 1/10 ===
2025-08-29 19:18:09,398 - Epoch 1/500 - Train Loss: 1.8519, Train Acc: 17.06% - Val loss: 1.8536, Val Acc: 14.29%
2025-08-29 19:18:29,320 - Early stopping à l'epoch 151
2025-08-29 19:18:29,324 - Fold 1 - Accuracy finale: 21.43%
2025-08-29 19:18:29,324 - === Fold 2/10 ===
2025-08-29 19:18:29,527 - Epoch 1/500 - Train Loss: 1.8594, Train Acc: 13.49% - Val loss: 1.8611, Val Acc: 14.29%
2025-08-29 19:18:51,577 - Early stopping à l'epoch 165
2025-08-29 19:18:51,581 - Fold 2 - Accuracy finale: 21.43%
2025-08-29 19:18:51,581 - === Fold 3/10 ===
2025-08-29 19:18:51,740 - Epoch 1/500 - Train Loss: 1.8586, Train Acc: 15.87% - Val loss: 1.8384, Val Acc: 14.29%
2025-08-29 19:19:03,502 - Early stopping à l'epoch 90
2025-08-29 19:19:03,505 - Fold 3 - Accuracy finale: 21.43%
2025-08-29 19:19:03,505 - === Fold 4/10 ===
2025-08-29 19:19:03,667 - Epoch 1/500 - Train Loss: 1.8657, Train Acc: 13.49% - Val loss: 1.8430, Val Acc: 14.29%
2025-08-29 19:19:15,736 - Early stopping à l'epoch 91
2025-08-29 19:19:15,739 - Fold 4 - Accuracy finale: 21.43%
2025-08-29 19:19:15,740 - === Fold 5/10 ===
2025-08-29 19:19:15,901 - Epoch 1/500 - Train Loss: 1.8599, Train Acc: 14.68% - Val loss: 1.8396, Val Acc: 14.29%
2025-08-29 19:19:27,998 - Early stopping à l'epoch 90
2025-08-29 19:19:28,002 - Fold 5 - Accuracy finale: 21.43%
2025-08-29 19:19:28,002 - === Fold 6/10 ===
2025-08-29 19:19:28,162 - Epoch 1/500 - Train Loss: 1.8603, Train Acc: 17.86% - Val loss: 1.8288, Val Acc: 14.29%
2025-08-29 19:19:43,658 - Early stopping à l'epoch 118
2025-08-29 19:19:43,662 - Fold 6 - Accuracy finale: 21.43%
2025-08-29 19:19:43,662 - === Fold 7/10 ===
2025-08-29 19:19:43,825 - Epoch 1/500 - Train Loss: 1.8611, Train Acc: 15.08% - Val loss: 1.8423, Val Acc: 14.29%
2025-08-29 19:20:01,738 - Early stopping à l'epoch 137
2025-08-29 19:20:01,742 - Fold 7 - Accuracy finale: 17.86%
2025-08-29 19:20:01,750 - === Fold 8/10 ===
2025-08-29 19:20:01,906 - Epoch 1/500 - Train Loss: 1.8537, Train Acc: 14.68% - Val loss: 1.8394, Val Acc: 14.29%
2025-08-29 19:20:16,568 - Early stopping à l'epoch 111
2025-08-29 19:20:16,572 - Fold 8 - Accuracy finale: 17.86%
2025-08-29 19:20:16,572 - === Fold 9/10 ===
2025-08-29 19:20:16,730 - Epoch 1/500 - Train Loss: 1.8626, Train Acc: 16.27% - Val loss: 1.8366, Val Acc: 17.86%
2025-08-29 19:20:28,702 - Early stopping à l'epoch 91
2025-08-29 19:20:28,706 - Fold 9 - Accuracy finale: 17.86%
2025-08-29 19:20:28,706 - === Fold 10/10 ===
2025-08-29 19:20:28,863 - Epoch 1/500 - Train Loss: 1.8571, Train Acc: 14.68% - Val loss: 1.8422, Val Acc: 17.86%
2025-08-29 19:20:44,769 - Early stopping à l'epoch 121
2025-08-29 19:20:44,772 - Fold 10 - Accuracy finale: 17.86%
2025-08-29 19:20:44,773 - 
2025-08-29 19:20:44,773 - Résultats de la validation croisée
2025-08-29 19:20:44,773 - 
2025-08-29 19:20:44,773 - Accuracy moyenne: 20.00% ± 1.75%
2025-08-29 19:20:44,773 - Loss moyenne: 1.7849 ± 0.0011
2025-08-29 19:20:44,773 - Nombre d'epochs moyen: 116
2025-08-29 19:20:44,773 - Accuracy par fold: ['21.43%', '21.43%', '21.43%', '21.43%', '21.43%', '21.43%', '17.86%', '17.86%', '17.86%', '17.86%']

2025-08-29 19:20:44,773 - Entrainement du modèle final pour le jeu d'hyperparamètres 60

2025-08-29 19:20:44,940 - Epoch 1/116 - Loss: 1.8617, Acc: 15.71%
2025-08-29 19:21:01,883 - Epoch 116/116 - Loss: 1.7834, Acc: 18.57%
2025-08-29 19:21:01,886 - 

2025-08-29 19:21:01,886 - Résultats finaux pour le jeu d'hyperparamètres 60

2025-08-29 19:21:01,886 - Accuracy de validation croisée: 20.00% ± 1.75%
2025-08-29 19:21:01,886 - Accuracy sur le test: 20.83%

2025-08-29 19:21:13,962 - JEU D'HYPERPARAMÈTRES 61:
2025-08-29 19:21:13,962 - {'estimator_name': 'LSTM', 'estimator_params': {'num_layers': 4, 'hidden_size': 80, 'dropout': 0.025}, 'weight_decay': 2.5e-06, 'lr': 0.005, 'scheduler_factor': 0.4, 'batch_size': 32}

2025-08-29 19:21:13,962 - Début de la validation croisée pour le jeu d'hyperparamètres 61

2025-08-29 19:21:13,962 - Variables sélectionnées : mêmes variables que celles retenues au départ (pas de sélection en avant)

2025-08-29 19:21:13,963 - === Fold 1/10 ===
2025-08-29 19:21:14,101 - Epoch 1/500 - Train Loss: 1.8074, Train Acc: 19.84% - Val loss: 1.7956, Val Acc: 21.43%
2025-08-29 19:21:24,565 - Early stopping à l'epoch 93
2025-08-29 19:21:24,568 - Fold 1 - Accuracy finale: 21.43%
2025-08-29 19:21:24,568 - === Fold 2/10 ===
2025-08-29 19:21:24,699 - Epoch 1/500 - Train Loss: 1.8072, Train Acc: 19.84% - Val loss: 1.7961, Val Acc: 21.43%
2025-08-29 19:21:36,847 - Early stopping à l'epoch 108
2025-08-29 19:21:36,851 - Fold 2 - Accuracy finale: 21.43%
2025-08-29 19:21:36,851 - === Fold 3/10 ===
2025-08-29 19:21:36,985 - Epoch 1/500 - Train Loss: 1.8065, Train Acc: 19.84% - Val loss: 1.7963, Val Acc: 21.43%
2025-08-29 19:21:46,681 - Early stopping à l'epoch 86
2025-08-29 19:21:46,684 - Fold 3 - Accuracy finale: 21.43%
2025-08-29 19:21:46,684 - === Fold 4/10 ===
2025-08-29 19:21:46,822 - Epoch 1/500 - Train Loss: 1.8048, Train Acc: 19.84% - Val loss: 1.7933, Val Acc: 21.43%
2025-08-29 19:21:56,553 - Early stopping à l'epoch 87
2025-08-29 19:21:56,556 - Fold 4 - Accuracy finale: 21.43%
2025-08-29 19:21:56,556 - === Fold 5/10 ===
2025-08-29 19:21:56,691 - Epoch 1/500 - Train Loss: 1.8084, Train Acc: 19.84% - Val loss: 1.7934, Val Acc: 21.43%
2025-08-29 19:22:06,369 - Early stopping à l'epoch 86
2025-08-29 19:22:06,372 - Fold 5 - Accuracy finale: 21.43%
2025-08-29 19:22:06,372 - === Fold 6/10 ===
2025-08-29 19:22:06,515 - Epoch 1/500 - Train Loss: 1.8075, Train Acc: 19.84% - Val loss: 1.7862, Val Acc: 21.43%
2025-08-29 19:22:15,941 - Early stopping à l'epoch 85
2025-08-29 19:22:15,944 - Fold 6 - Accuracy finale: 21.43%
2025-08-29 19:22:15,944 - === Fold 7/10 ===
2025-08-29 19:22:16,077 - Epoch 1/500 - Train Loss: 1.8062, Train Acc: 20.24% - Val loss: 1.8061, Val Acc: 17.86%
2025-08-29 19:22:27,507 - Early stopping à l'epoch 103
2025-08-29 19:22:27,510 - Fold 7 - Accuracy finale: 17.86%
2025-08-29 19:22:27,510 - === Fold 8/10 ===
2025-08-29 19:22:27,645 - Epoch 1/500 - Train Loss: 1.8057, Train Acc: 20.24% - Val loss: 1.8053, Val Acc: 17.86%
2025-08-29 19:22:39,640 - Early stopping à l'epoch 108
2025-08-29 19:22:39,643 - Fold 8 - Accuracy finale: 17.86%
2025-08-29 19:22:39,643 - === Fold 9/10 ===
2025-08-29 19:22:39,777 - Epoch 1/500 - Train Loss: 1.8064, Train Acc: 20.24% - Val loss: 1.8184, Val Acc: 17.86%
2025-08-29 19:22:50,971 - Early stopping à l'epoch 101
2025-08-29 19:22:50,975 - Fold 9 - Accuracy finale: 17.86%
2025-08-29 19:22:50,975 - === Fold 10/10 ===
2025-08-29 19:22:51,114 - Epoch 1/500 - Train Loss: 1.8046, Train Acc: 20.24% - Val loss: 1.8155, Val Acc: 17.86%
2025-08-29 19:23:03,311 - Early stopping à l'epoch 109
2025-08-29 19:23:03,315 - Fold 10 - Accuracy finale: 17.86%
2025-08-29 19:23:03,315 - 
2025-08-29 19:23:03,315 - Résultats de la validation croisée
2025-08-29 19:23:03,315 - 
2025-08-29 19:23:03,315 - Accuracy moyenne: 20.00% ± 1.75%
2025-08-29 19:23:03,315 - Loss moyenne: 1.7850 ± 0.0010
2025-08-29 19:23:03,315 - Nombre d'epochs moyen: 96
2025-08-29 19:23:03,316 - Accuracy par fold: ['21.43%', '21.43%', '21.43%', '21.43%', '21.43%', '21.43%', '17.86%', '17.86%', '17.86%', '17.86%']

2025-08-29 19:23:03,316 - Entrainement du modèle final pour le jeu d'hyperparamètres 61

2025-08-29 19:23:03,463 - Epoch 1/96 - Loss: 1.8044, Acc: 20.00%
2025-08-29 19:23:15,398 - Epoch 96/96 - Loss: 1.7858, Acc: 20.00%
2025-08-29 19:23:15,400 - 

2025-08-29 19:23:15,400 - Résultats finaux pour le jeu d'hyperparamètres 61

2025-08-29 19:23:15,400 - Accuracy de validation croisée: 20.00% ± 1.75%
2025-08-29 19:23:15,400 - Accuracy sur le test: 20.83%

2025-08-29 19:23:27,749 - JEU D'HYPERPARAMÈTRES 62:
2025-08-29 19:23:27,749 - {'estimator_name': 'CNN + LSTM', 'estimator_params': {'out_channels': 16, 'num_layers': 2, 'hidden_size': 64, 'dropout': 0}, 'weight_decay': 7.5e-07, 'lr': 0.004, 'scheduler_factor': 0.5, 'batch_size': 36}

2025-08-29 19:23:27,749 - Début de la validation croisée pour le jeu d'hyperparamètres 62

2025-08-29 19:23:27,749 - Variables sélectionnées : mêmes variables que celles retenues au départ (pas de sélection en avant)

2025-08-29 19:23:27,749 - === Fold 1/10 ===
2025-08-29 19:23:27,847 - Epoch 1/500 - Train Loss: 1.8713, Train Acc: 15.08% - Val loss: 1.8847, Val Acc: 14.29%
2025-08-29 19:23:35,196 - Early stopping à l'epoch 94
2025-08-29 19:23:35,198 - Fold 1 - Accuracy finale: 21.43%
2025-08-29 19:23:35,198 - === Fold 2/10 ===
2025-08-29 19:23:35,298 - Epoch 1/500 - Train Loss: 1.8719, Train Acc: 15.08% - Val loss: 1.8828, Val Acc: 14.29%
2025-08-29 19:23:42,785 - Early stopping à l'epoch 95
2025-08-29 19:23:42,788 - Fold 2 - Accuracy finale: 21.43%
2025-08-29 19:23:42,788 - === Fold 3/10 ===
2025-08-29 19:23:42,888 - Epoch 1/500 - Train Loss: 1.8736, Train Acc: 15.08% - Val loss: 1.8679, Val Acc: 14.29%
2025-08-29 19:23:53,630 - Early stopping à l'epoch 133
2025-08-29 19:23:53,633 - Fold 3 - Accuracy finale: 21.43%
2025-08-29 19:23:53,633 - === Fold 4/10 ===
2025-08-29 19:23:53,732 - Epoch 1/500 - Train Loss: 1.8726, Train Acc: 15.08% - Val loss: 1.8681, Val Acc: 14.29%
2025-08-29 19:24:02,473 - Early stopping à l'epoch 114
2025-08-29 19:24:02,475 - Fold 4 - Accuracy finale: 21.43%
2025-08-29 19:24:02,476 - === Fold 5/10 ===
2025-08-29 19:24:02,571 - Epoch 1/500 - Train Loss: 1.8781, Train Acc: 15.08% - Val loss: 1.8717, Val Acc: 14.29%
2025-08-29 19:24:13,451 - Early stopping à l'epoch 140
2025-08-29 19:24:13,454 - Fold 5 - Accuracy finale: 21.43%
2025-08-29 19:24:13,454 - === Fold 6/10 ===
2025-08-29 19:24:13,548 - Epoch 1/500 - Train Loss: 1.8707, Train Acc: 15.08% - Val loss: 1.8858, Val Acc: 14.29%
2025-08-29 19:24:22,710 - Early stopping à l'epoch 117
2025-08-29 19:24:22,712 - Fold 6 - Accuracy finale: 21.43%
2025-08-29 19:24:22,712 - === Fold 7/10 ===
2025-08-29 19:24:22,808 - Epoch 1/500 - Train Loss: 1.8746, Train Acc: 15.08% - Val loss: 1.8625, Val Acc: 14.29%
2025-08-29 19:24:33,728 - Early stopping à l'epoch 139
2025-08-29 19:24:33,730 - Fold 7 - Accuracy finale: 17.86%
2025-08-29 19:24:33,730 - === Fold 8/10 ===
2025-08-29 19:24:33,827 - Epoch 1/500 - Train Loss: 1.8740, Train Acc: 15.08% - Val loss: 1.8634, Val Acc: 14.29%
2025-08-29 19:24:44,896 - Early stopping à l'epoch 140
2025-08-29 19:24:44,899 - Fold 8 - Accuracy finale: 17.86%
2025-08-29 19:24:44,899 - === Fold 9/10 ===
2025-08-29 19:24:44,999 - Epoch 1/500 - Train Loss: 1.8791, Train Acc: 14.68% - Val loss: 1.8276, Val Acc: 17.86%
2025-08-29 19:24:51,778 - Early stopping à l'epoch 89
2025-08-29 19:24:51,780 - Fold 9 - Accuracy finale: 17.86%
2025-08-29 19:24:51,781 - === Fold 10/10 ===
2025-08-29 19:24:51,875 - Epoch 1/500 - Train Loss: 1.8833, Train Acc: 14.68% - Val loss: 1.8309, Val Acc: 17.86%
2025-08-29 19:24:58,930 - Early stopping à l'epoch 90
2025-08-29 19:24:58,932 - Fold 10 - Accuracy finale: 17.86%
2025-08-29 19:24:58,933 - 
2025-08-29 19:24:58,933 - Résultats de la validation croisée
2025-08-29 19:24:58,933 - 
2025-08-29 19:24:58,933 - Accuracy moyenne: 20.00% ± 1.75%
2025-08-29 19:24:58,933 - Loss moyenne: 1.7850 ± 0.0010
2025-08-29 19:24:58,933 - Nombre d'epochs moyen: 115
2025-08-29 19:24:58,933 - Accuracy par fold: ['21.43%', '21.43%', '21.43%', '21.43%', '21.43%', '21.43%', '17.86%', '17.86%', '17.86%', '17.86%']

2025-08-29 19:24:58,933 - Entrainement du modèle final pour le jeu d'hyperparamètres 62

2025-08-29 19:24:59,041 - Epoch 1/115 - Loss: 1.8733, Acc: 15.00%
2025-08-29 19:25:09,142 - Epoch 115/115 - Loss: 1.7843, Acc: 20.00%
2025-08-29 19:25:09,144 - 

2025-08-29 19:25:09,144 - Résultats finaux pour le jeu d'hyperparamètres 62

2025-08-29 19:25:09,144 - Accuracy de validation croisée: 20.00% ± 1.75%
2025-08-29 19:25:09,144 - Accuracy sur le test: 20.83%

2025-08-29 19:25:21,768 - JEU D'HYPERPARAMÈTRES 63:
2025-08-29 19:25:21,769 - {'estimator_name': 'LSTM', 'estimator_params': {'num_layers': 4, 'hidden_size': 96, 'dropout': 0.175}, 'weight_decay': 2.5e-06, 'lr': 0.005, 'scheduler_factor': 0.6, 'batch_size': 32}

2025-08-29 19:25:21,769 - Début de la validation croisée pour le jeu d'hyperparamètres 63

2025-08-29 19:25:21,769 - Variables sélectionnées : mêmes variables que celles retenues au départ (pas de sélection en avant)

2025-08-29 19:25:21,769 - === Fold 1/10 ===
2025-08-29 19:25:21,935 - Epoch 1/500 - Train Loss: 1.7968, Train Acc: 21.03% - Val loss: 1.7966, Val Acc: 21.43%
2025-08-29 19:25:36,130 - Early stopping à l'epoch 108
2025-08-29 19:25:36,134 - Fold 1 - Accuracy finale: 21.43%
2025-08-29 19:25:36,134 - === Fold 2/10 ===
2025-08-29 19:25:36,291 - Epoch 1/500 - Train Loss: 1.8002, Train Acc: 17.06% - Val loss: 1.7954, Val Acc: 21.43%
2025-08-29 19:25:50,351 - Early stopping à l'epoch 105
2025-08-29 19:25:50,355 - Fold 2 - Accuracy finale: 21.43%
2025-08-29 19:25:50,355 - === Fold 3/10 ===
2025-08-29 19:25:50,517 - Epoch 1/500 - Train Loss: 1.7957, Train Acc: 21.03% - Val loss: 1.7944, Val Acc: 21.43%
2025-08-29 19:26:16,291 - Early stopping à l'epoch 192
2025-08-29 19:26:16,294 - Fold 3 - Accuracy finale: 21.43%
2025-08-29 19:26:16,294 - === Fold 4/10 ===
2025-08-29 19:26:16,467 - Epoch 1/500 - Train Loss: 1.7965, Train Acc: 18.65% - Val loss: 1.7937, Val Acc: 21.43%
2025-08-29 19:26:35,837 - Early stopping à l'epoch 145
2025-08-29 19:26:35,841 - Fold 4 - Accuracy finale: 21.43%
2025-08-29 19:26:35,841 - === Fold 5/10 ===
2025-08-29 19:26:36,007 - Epoch 1/500 - Train Loss: 1.7965, Train Acc: 19.05% - Val loss: 1.7926, Val Acc: 21.43%
2025-08-29 19:26:50,790 - Early stopping à l'epoch 111
2025-08-29 19:26:50,794 - Fold 5 - Accuracy finale: 21.43%
2025-08-29 19:26:50,794 - === Fold 6/10 ===
2025-08-29 19:26:50,954 - Epoch 1/500 - Train Loss: 1.7965, Train Acc: 21.03% - Val loss: 1.7847, Val Acc: 21.43%
2025-08-29 19:27:02,511 - Early stopping à l'epoch 85
2025-08-29 19:27:02,515 - Fold 6 - Accuracy finale: 21.43%
2025-08-29 19:27:02,515 - === Fold 7/10 ===
2025-08-29 19:27:02,679 - Epoch 1/500 - Train Loss: 1.7936, Train Acc: 21.43% - Val loss: 1.7902, Val Acc: 17.86%
2025-08-29 19:27:18,405 - Early stopping à l'epoch 117
2025-08-29 19:27:18,409 - Fold 7 - Accuracy finale: 17.86%
2025-08-29 19:27:18,409 - === Fold 8/10 ===
2025-08-29 19:27:18,572 - Epoch 1/500 - Train Loss: 1.7939, Train Acc: 19.44% - Val loss: 1.7878, Val Acc: 17.86%
2025-08-29 19:27:30,442 - Early stopping à l'epoch 88
2025-08-29 19:27:30,445 - Fold 8 - Accuracy finale: 17.86%
2025-08-29 19:27:30,445 - === Fold 9/10 ===
2025-08-29 19:27:30,609 - Epoch 1/500 - Train Loss: 1.7991, Train Acc: 19.05% - Val loss: 1.7866, Val Acc: 17.86%
2025-08-29 19:27:41,808 - Early stopping à l'epoch 83
2025-08-29 19:27:41,812 - Fold 9 - Accuracy finale: 17.86%
2025-08-29 19:27:41,812 - === Fold 10/10 ===
2025-08-29 19:27:41,979 - Epoch 1/500 - Train Loss: 1.7951, Train Acc: 21.83% - Val loss: 1.7884, Val Acc: 17.86%
2025-08-29 19:27:58,729 - Early stopping à l'epoch 125
2025-08-29 19:27:58,733 - Fold 10 - Accuracy finale: 17.86%
2025-08-29 19:27:58,733 - 
2025-08-29 19:27:58,734 - Résultats de la validation croisée
2025-08-29 19:27:58,734 - 
2025-08-29 19:27:58,734 - Accuracy moyenne: 20.00% ± 1.75%
2025-08-29 19:27:58,734 - Loss moyenne: 1.7849 ± 0.0008
2025-08-29 19:27:58,734 - Nombre d'epochs moyen: 115
2025-08-29 19:27:58,734 - Accuracy par fold: ['21.43%', '21.43%', '21.43%', '21.43%', '21.43%', '21.43%', '17.86%', '17.86%', '17.86%', '17.86%']

2025-08-29 19:27:58,734 - Entrainement du modèle final pour le jeu d'hyperparamètres 63

2025-08-29 19:27:58,906 - Epoch 1/115 - Loss: 1.8000, Acc: 21.07%
2025-08-29 19:28:15,820 - Epoch 115/115 - Loss: 1.7851, Acc: 19.64%
2025-08-29 19:28:15,822 - 

2025-08-29 19:28:15,822 - Résultats finaux pour le jeu d'hyperparamètres 63

2025-08-29 19:28:15,822 - Accuracy de validation croisée: 20.00% ± 1.75%
2025-08-29 19:28:15,822 - Accuracy sur le test: 20.83%

2025-08-29 19:28:28,671 - JEU D'HYPERPARAMÈTRES 64:
2025-08-29 19:28:28,671 - {'estimator_name': 'LSTM', 'estimator_params': {'num_layers': 2, 'hidden_size': 80, 'dropout': 0.15}, 'weight_decay': 5e-06, 'lr': 0.005, 'scheduler_factor': 0.6, 'batch_size': 28}

2025-08-29 19:28:28,671 - Début de la validation croisée pour le jeu d'hyperparamètres 64

2025-08-29 19:28:28,671 - Variables sélectionnées : mêmes variables que celles retenues au départ (pas de sélection en avant)

2025-08-29 19:28:28,672 - === Fold 1/10 ===
2025-08-29 19:28:28,827 - Epoch 1/500 - Train Loss: 1.8748, Train Acc: 15.48% - Val loss: 1.8739, Val Acc: 14.29%
2025-08-29 19:28:49,787 - Early stopping à l'epoch 167
2025-08-29 19:28:49,790 - Fold 1 - Accuracy finale: 21.43%
2025-08-29 19:28:49,790 - === Fold 2/10 ===
2025-08-29 19:28:49,942 - Epoch 1/500 - Train Loss: 1.8790, Train Acc: 15.48% - Val loss: 1.8762, Val Acc: 14.29%
2025-08-29 19:29:12,987 - Early stopping à l'epoch 182
2025-08-29 19:29:12,990 - Fold 2 - Accuracy finale: 21.43%
2025-08-29 19:29:12,990 - === Fold 3/10 ===
2025-08-29 19:29:13,145 - Epoch 1/500 - Train Loss: 1.8799, Train Acc: 15.48% - Val loss: 1.8653, Val Acc: 14.29%
2025-08-29 19:29:31,841 - Early stopping à l'epoch 149
2025-08-29 19:29:31,844 - Fold 3 - Accuracy finale: 21.43%
2025-08-29 19:29:31,844 - === Fold 4/10 ===
2025-08-29 19:29:31,995 - Epoch 1/500 - Train Loss: 1.8744, Train Acc: 15.48% - Val loss: 1.8662, Val Acc: 14.29%
2025-08-29 19:29:48,532 - Early stopping à l'epoch 134
2025-08-29 19:29:48,536 - Fold 4 - Accuracy finale: 21.43%
2025-08-29 19:29:48,536 - === Fold 5/10 ===
2025-08-29 19:29:48,686 - Epoch 1/500 - Train Loss: 1.8783, Train Acc: 15.48% - Val loss: 1.8661, Val Acc: 14.29%
2025-08-29 19:30:03,729 - Early stopping à l'epoch 123
2025-08-29 19:30:03,732 - Fold 5 - Accuracy finale: 21.43%
2025-08-29 19:30:03,732 - === Fold 6/10 ===
2025-08-29 19:30:03,882 - Epoch 1/500 - Train Loss: 1.8850, Train Acc: 15.08% - Val loss: 1.8370, Val Acc: 17.86%
2025-08-29 19:30:15,588 - Early stopping à l'epoch 95
2025-08-29 19:30:15,591 - Fold 6 - Accuracy finale: 21.43%
2025-08-29 19:30:15,591 - === Fold 7/10 ===
2025-08-29 19:30:15,740 - Epoch 1/500 - Train Loss: 1.8810, Train Acc: 15.08% - Val loss: 1.8598, Val Acc: 17.86%
2025-08-29 19:30:28,040 - Early stopping à l'epoch 99
2025-08-29 19:30:28,043 - Fold 7 - Accuracy finale: 17.86%
2025-08-29 19:30:28,043 - === Fold 8/10 ===
2025-08-29 19:30:28,194 - Epoch 1/500 - Train Loss: 1.8790, Train Acc: 15.08% - Val loss: 1.8604, Val Acc: 17.86%
2025-08-29 19:30:39,904 - Early stopping à l'epoch 94
2025-08-29 19:30:39,908 - Fold 8 - Accuracy finale: 17.86%
2025-08-29 19:30:39,908 - === Fold 9/10 ===
2025-08-29 19:30:40,064 - Epoch 1/500 - Train Loss: 1.8813, Train Acc: 15.48% - Val loss: 1.8797, Val Acc: 14.29%
2025-08-29 19:31:01,185 - Early stopping à l'epoch 167
2025-08-29 19:31:01,188 - Fold 9 - Accuracy finale: 17.86%
2025-08-29 19:31:01,188 - === Fold 10/10 ===
2025-08-29 19:31:01,336 - Epoch 1/500 - Train Loss: 1.8758, Train Acc: 15.48% - Val loss: 1.8762, Val Acc: 14.29%
2025-08-29 19:31:18,848 - Early stopping à l'epoch 143
2025-08-29 19:31:18,852 - Fold 10 - Accuracy finale: 17.86%
2025-08-29 19:31:18,852 - 
2025-08-29 19:31:18,852 - Résultats de la validation croisée
2025-08-29 19:31:18,852 - 
2025-08-29 19:31:18,853 - Accuracy moyenne: 20.00% ± 1.75%
2025-08-29 19:31:18,853 - Loss moyenne: 1.7850 ± 0.0013
2025-08-29 19:31:18,853 - Nombre d'epochs moyen: 135
2025-08-29 19:31:18,853 - Accuracy par fold: ['21.43%', '21.43%', '21.43%', '21.43%', '21.43%', '21.43%', '17.86%', '17.86%', '17.86%', '17.86%']

2025-08-29 19:31:18,853 - Entrainement du modèle final pour le jeu d'hyperparamètres 64

2025-08-29 19:31:19,007 - Epoch 1/135 - Loss: 1.8776, Acc: 15.36%
2025-08-29 19:31:37,509 - Epoch 135/135 - Loss: 1.7848, Acc: 20.00%
2025-08-29 19:31:37,512 - 

2025-08-29 19:31:37,521 - Résultats finaux pour le jeu d'hyperparamètres 64

2025-08-29 19:31:37,521 - Accuracy de validation croisée: 20.00% ± 1.75%
2025-08-29 19:31:37,521 - Accuracy sur le test: 20.83%

2025-08-29 19:31:50,760 - JEU D'HYPERPARAMÈTRES 65:
2025-08-29 19:31:50,760 - {'estimator_name': 'LSTM', 'estimator_params': {'num_layers': 4, 'hidden_size': 96, 'dropout': 0.025}, 'weight_decay': 5e-07, 'lr': 0.004, 'scheduler_factor': 0.4, 'batch_size': 32}

2025-08-29 19:31:50,760 - Début de la validation croisée pour le jeu d'hyperparamètres 65

2025-08-29 19:31:50,760 - Variables sélectionnées : mêmes variables que celles retenues au départ (pas de sélection en avant)

2025-08-29 19:31:50,760 - === Fold 1/10 ===
2025-08-29 19:31:50,925 - Epoch 1/500 - Train Loss: 1.7961, Train Acc: 19.44% - Val loss: 1.7973, Val Acc: 21.43%
2025-08-29 19:32:06,142 - Early stopping à l'epoch 116
2025-08-29 19:32:06,146 - Fold 1 - Accuracy finale: 21.43%
2025-08-29 19:32:06,146 - === Fold 2/10 ===
2025-08-29 19:32:06,307 - Epoch 1/500 - Train Loss: 1.7957, Train Acc: 19.84% - Val loss: 1.7971, Val Acc: 21.43%
2025-08-29 19:32:20,367 - Early stopping à l'epoch 105
2025-08-29 19:32:20,371 - Fold 2 - Accuracy finale: 21.43%
2025-08-29 19:32:20,371 - === Fold 3/10 ===
2025-08-29 19:32:20,533 - Epoch 1/500 - Train Loss: 1.7944, Train Acc: 20.24% - Val loss: 1.7944, Val Acc: 21.43%
2025-08-29 19:32:34,009 - Early stopping à l'epoch 101
2025-08-29 19:32:34,013 - Fold 3 - Accuracy finale: 21.43%
2025-08-29 19:32:34,013 - === Fold 4/10 ===
2025-08-29 19:32:34,173 - Epoch 1/500 - Train Loss: 1.7958, Train Acc: 19.84% - Val loss: 1.7939, Val Acc: 21.43%
2025-08-29 19:32:47,561 - Early stopping à l'epoch 101
2025-08-29 19:32:47,565 - Fold 4 - Accuracy finale: 21.43%
2025-08-29 19:32:47,565 - === Fold 5/10 ===
2025-08-29 19:32:47,727 - Epoch 1/500 - Train Loss: 1.7958, Train Acc: 19.84% - Val loss: 1.7928, Val Acc: 21.43%
2025-08-29 19:33:03,065 - Early stopping à l'epoch 115
2025-08-29 19:33:03,069 - Fold 5 - Accuracy finale: 21.43%
2025-08-29 19:33:03,069 - === Fold 6/10 ===
2025-08-29 19:33:03,235 - Epoch 1/500 - Train Loss: 1.7969, Train Acc: 19.84% - Val loss: 1.7853, Val Acc: 21.43%
2025-08-29 19:33:14,685 - Early stopping à l'epoch 87
2025-08-29 19:33:14,689 - Fold 6 - Accuracy finale: 21.43%
2025-08-29 19:33:14,689 - === Fold 7/10 ===
2025-08-29 19:33:14,854 - Epoch 1/500 - Train Loss: 1.7960, Train Acc: 20.24% - Val loss: 1.7909, Val Acc: 17.86%
2025-08-29 19:33:26,285 - Early stopping à l'epoch 86
2025-08-29 19:33:26,289 - Fold 7 - Accuracy finale: 17.86%
2025-08-29 19:33:26,289 - === Fold 8/10 ===
2025-08-29 19:33:26,446 - Epoch 1/500 - Train Loss: 1.7983, Train Acc: 20.24% - Val loss: 1.7902, Val Acc: 17.86%
2025-08-29 19:33:38,094 - Early stopping à l'epoch 88
2025-08-29 19:33:38,098 - Fold 8 - Accuracy finale: 17.86%
2025-08-29 19:33:38,098 - === Fold 9/10 ===
2025-08-29 19:33:38,263 - Epoch 1/500 - Train Loss: 1.7957, Train Acc: 19.84% - Val loss: 1.7877, Val Acc: 17.86%
2025-08-29 19:33:49,403 - Early stopping à l'epoch 83
2025-08-29 19:33:49,407 - Fold 9 - Accuracy finale: 17.86%
2025-08-29 19:33:49,407 - === Fold 10/10 ===
2025-08-29 19:33:49,567 - Epoch 1/500 - Train Loss: 1.7967, Train Acc: 20.24% - Val loss: 1.7875, Val Acc: 17.86%
2025-08-29 19:34:01,330 - Early stopping à l'epoch 89
2025-08-29 19:34:01,333 - Fold 10 - Accuracy finale: 17.86%
2025-08-29 19:34:01,334 - 
2025-08-29 19:34:01,334 - Résultats de la validation croisée
2025-08-29 19:34:01,334 - 
2025-08-29 19:34:01,334 - Accuracy moyenne: 20.00% ± 1.75%
2025-08-29 19:34:01,335 - Loss moyenne: 1.7849 ± 0.0009
2025-08-29 19:34:01,335 - Nombre d'epochs moyen: 97
2025-08-29 19:34:01,335 - Accuracy par fold: ['21.43%', '21.43%', '21.43%', '21.43%', '21.43%', '21.43%', '17.86%', '17.86%', '17.86%', '17.86%']

2025-08-29 19:34:01,335 - Entrainement du modèle final pour le jeu d'hyperparamètres 65

2025-08-29 19:34:01,511 - Epoch 1/97 - Loss: 1.7960, Acc: 20.00%
2025-08-29 19:34:15,826 - Epoch 97/97 - Loss: 1.7851, Acc: 18.93%
2025-08-29 19:34:15,829 - 

2025-08-29 19:34:15,829 - Résultats finaux pour le jeu d'hyperparamètres 65

2025-08-29 19:34:15,829 - Accuracy de validation croisée: 20.00% ± 1.75%
2025-08-29 19:34:15,829 - Accuracy sur le test: 20.83%

2025-08-29 19:34:29,265 - JEU D'HYPERPARAMÈTRES 66:
2025-08-29 19:34:29,265 - {'estimator_name': 'CNN + LSTM', 'estimator_params': {'out_channels': 32, 'num_layers': 3, 'hidden_size': 80, 'dropout': 0.025}, 'weight_decay': 7.5e-07, 'lr': 0.0035, 'scheduler_factor': 0.6, 'batch_size': 28}

2025-08-29 19:34:29,265 - Début de la validation croisée pour le jeu d'hyperparamètres 66

2025-08-29 19:34:29,265 - Variables sélectionnées : mêmes variables que celles retenues au départ (pas de sélection en avant)

2025-08-29 19:34:29,266 - === Fold 1/10 ===
2025-08-29 19:34:29,418 - Epoch 1/500 - Train Loss: 1.8416, Train Acc: 15.48% - Val loss: 1.8479, Val Acc: 14.29%
2025-08-29 19:34:42,058 - Early stopping à l'epoch 100
2025-08-29 19:34:42,061 - Fold 1 - Accuracy finale: 21.43%
2025-08-29 19:34:42,061 - === Fold 2/10 ===
2025-08-29 19:34:42,209 - Epoch 1/500 - Train Loss: 1.8429, Train Acc: 15.48% - Val loss: 1.8448, Val Acc: 14.29%
2025-08-29 19:35:00,501 - Early stopping à l'epoch 145
2025-08-29 19:35:00,504 - Fold 2 - Accuracy finale: 21.43%
2025-08-29 19:35:00,504 - === Fold 3/10 ===
2025-08-29 19:35:00,652 - Epoch 1/500 - Train Loss: 1.8458, Train Acc: 15.08% - Val loss: 1.8134, Val Acc: 17.86%
2025-08-29 19:35:12,083 - Early stopping à l'epoch 90
2025-08-29 19:35:12,086 - Fold 3 - Accuracy finale: 21.43%
2025-08-29 19:35:12,086 - === Fold 4/10 ===
2025-08-29 19:35:12,238 - Epoch 1/500 - Train Loss: 1.8439, Train Acc: 15.08% - Val loss: 1.8164, Val Acc: 17.86%
2025-08-29 19:35:23,742 - Early stopping à l'epoch 91
2025-08-29 19:35:23,745 - Fold 4 - Accuracy finale: 21.43%
2025-08-29 19:35:23,745 - === Fold 5/10 ===
2025-08-29 19:35:23,896 - Epoch 1/500 - Train Loss: 1.8457, Train Acc: 15.08% - Val loss: 1.8148, Val Acc: 17.86%
2025-08-29 19:35:35,337 - Early stopping à l'epoch 91
2025-08-29 19:35:35,340 - Fold 5 - Accuracy finale: 21.43%
2025-08-29 19:35:35,340 - === Fold 6/10 ===
2025-08-29 19:35:35,490 - Epoch 1/500 - Train Loss: 1.8426, Train Acc: 15.48% - Val loss: 1.8312, Val Acc: 14.29%
2025-08-29 19:35:52,394 - Early stopping à l'epoch 133
2025-08-29 19:35:52,397 - Fold 6 - Accuracy finale: 21.43%
2025-08-29 19:35:52,397 - === Fold 7/10 ===
2025-08-29 19:35:52,546 - Epoch 1/500 - Train Loss: 1.8428, Train Acc: 15.48% - Val loss: 1.8453, Val Acc: 14.29%
2025-08-29 19:36:07,824 - Early stopping à l'epoch 121
2025-08-29 19:36:07,827 - Fold 7 - Accuracy finale: 17.86%
2025-08-29 19:36:07,827 - === Fold 8/10 ===
2025-08-29 19:36:07,979 - Epoch 1/500 - Train Loss: 1.8430, Train Acc: 15.48% - Val loss: 1.8431, Val Acc: 14.29%
2025-08-29 19:36:22,936 - Early stopping à l'epoch 119
2025-08-29 19:36:22,939 - Fold 8 - Accuracy finale: 17.86%
2025-08-29 19:36:22,939 - === Fold 9/10 ===
2025-08-29 19:36:23,088 - Epoch 1/500 - Train Loss: 1.8405, Train Acc: 15.48% - Val loss: 1.8518, Val Acc: 14.29%
2025-08-29 19:36:41,034 - Early stopping à l'epoch 143
2025-08-29 19:36:41,037 - Fold 9 - Accuracy finale: 17.86%
2025-08-29 19:36:41,038 - === Fold 10/10 ===
2025-08-29 19:36:41,187 - Epoch 1/500 - Train Loss: 1.8402, Train Acc: 15.48% - Val loss: 1.8517, Val Acc: 14.29%
2025-08-29 19:36:57,294 - Early stopping à l'epoch 126
2025-08-29 19:36:57,297 - Fold 10 - Accuracy finale: 17.86%
2025-08-29 19:36:57,297 - 
2025-08-29 19:36:57,298 - Résultats de la validation croisée
2025-08-29 19:36:57,298 - 
2025-08-29 19:36:57,298 - Accuracy moyenne: 20.00% ± 1.75%
2025-08-29 19:36:57,298 - Loss moyenne: 1.7850 ± 0.0012
2025-08-29 19:36:57,298 - Nombre d'epochs moyen: 115
2025-08-29 19:36:57,298 - Accuracy par fold: ['21.43%', '21.43%', '21.43%', '21.43%', '21.43%', '21.43%', '17.86%', '17.86%', '17.86%', '17.86%']

2025-08-29 19:36:57,298 - Entrainement du modèle final pour le jeu d'hyperparamètres 66

2025-08-29 19:36:57,467 - Epoch 1/115 - Loss: 1.8430, Acc: 15.36%
2025-08-29 19:37:13,158 - Epoch 115/115 - Loss: 1.7855, Acc: 20.00%
2025-08-29 19:37:13,161 - 

2025-08-29 19:37:13,161 - Résultats finaux pour le jeu d'hyperparamètres 66

2025-08-29 19:37:13,161 - Accuracy de validation croisée: 20.00% ± 1.75%
2025-08-29 19:37:13,161 - Accuracy sur le test: 20.83%

2025-08-29 19:37:27,112 - JEU D'HYPERPARAMÈTRES 67:
2025-08-29 19:37:27,112 - {'estimator_name': 'Transformer', 'estimator_params': {'d_model': 60, 'nhead': 3, 'num_layers': 2, 'dropout': 0.15}, 'weight_decay': 1e-06, 'lr': 0.0045, 'scheduler_factor': 0.5, 'batch_size': 32}

2025-08-29 19:37:27,112 - Début de la validation croisée pour le jeu d'hyperparamètres 67

2025-08-29 19:37:27,112 - Variables sélectionnées : mêmes variables que celles retenues au départ (pas de sélection en avant)

2025-08-29 19:37:27,112 - === Fold 1/10 ===
2025-08-29 19:37:27,137 - Epoch 1/500 - Train Loss: 1.9433, Train Acc: 26.59% - Val loss: 1.2558, Val Acc: 46.43%
2025-08-29 19:37:28,778 - Early stopping à l'epoch 86
2025-08-29 19:37:28,780 - Fold 1 - Accuracy finale: 89.29%
2025-08-29 19:37:28,780 - === Fold 2/10 ===
2025-08-29 19:37:28,803 - Epoch 1/500 - Train Loss: 2.1075, Train Acc: 19.44% - Val loss: 1.4176, Val Acc: 39.29%
2025-08-29 19:37:30,511 - Early stopping à l'epoch 90
2025-08-29 19:37:30,512 - Fold 2 - Accuracy finale: 92.86%
2025-08-29 19:37:30,512 - === Fold 3/10 ===
2025-08-29 19:37:30,536 - Epoch 1/500 - Train Loss: 1.8475, Train Acc: 35.32% - Val loss: 1.1471, Val Acc: 57.14%
2025-08-29 19:37:33,682 - Early stopping à l'epoch 162
2025-08-29 19:37:33,683 - Fold 3 - Accuracy finale: 100.00%
2025-08-29 19:37:33,683 - === Fold 4/10 ===
2025-08-29 19:37:33,709 - Epoch 1/500 - Train Loss: 2.1700, Train Acc: 19.84% - Val loss: 1.5894, Val Acc: 32.14%
2025-08-29 19:37:37,590 - Epoch 201/500 - Train Loss: 0.0004, Train Acc: 100.00% - Val loss: 0.0081, Val Acc: 100.00%
2025-08-29 19:37:37,667 - Early stopping à l'epoch 205
2025-08-29 19:37:37,668 - Fold 4 - Accuracy finale: 100.00%
2025-08-29 19:37:37,668 - === Fold 5/10 ===
2025-08-29 19:37:37,692 - Epoch 1/500 - Train Loss: 2.0446, Train Acc: 31.35% - Val loss: 1.4152, Val Acc: 46.43%
2025-08-29 19:37:40,475 - Early stopping à l'epoch 144
2025-08-29 19:37:40,476 - Fold 5 - Accuracy finale: 92.86%
2025-08-29 19:37:40,476 - === Fold 6/10 ===
2025-08-29 19:37:40,499 - Epoch 1/500 - Train Loss: 2.1737, Train Acc: 21.03% - Val loss: 1.4914, Val Acc: 39.29%
2025-08-29 19:37:42,323 - Early stopping à l'epoch 95
2025-08-29 19:37:42,324 - Fold 6 - Accuracy finale: 89.29%
2025-08-29 19:37:42,324 - === Fold 7/10 ===
2025-08-29 19:37:42,347 - Epoch 1/500 - Train Loss: 1.6788, Train Acc: 34.52% - Val loss: 1.0620, Val Acc: 46.43%
2025-08-29 19:37:44,981 - Early stopping à l'epoch 139
2025-08-29 19:37:44,983 - Fold 7 - Accuracy finale: 85.71%
2025-08-29 19:37:44,983 - === Fold 8/10 ===
2025-08-29 19:37:45,007 - Epoch 1/500 - Train Loss: 2.0344, Train Acc: 22.22% - Val loss: 1.4337, Val Acc: 39.29%
2025-08-29 19:37:48,121 - Early stopping à l'epoch 164
2025-08-29 19:37:48,123 - Fold 8 - Accuracy finale: 100.00%
2025-08-29 19:37:48,123 - === Fold 9/10 ===
2025-08-29 19:37:48,146 - Epoch 1/500 - Train Loss: 1.7601, Train Acc: 37.30% - Val loss: 1.0399, Val Acc: 57.14%
2025-08-29 19:37:50,465 - Early stopping à l'epoch 116
2025-08-29 19:37:50,466 - Fold 9 - Accuracy finale: 96.43%
2025-08-29 19:37:50,466 - === Fold 10/10 ===
2025-08-29 19:37:50,490 - Epoch 1/500 - Train Loss: 1.8655, Train Acc: 28.57% - Val loss: 1.2726, Val Acc: 42.86%
2025-08-29 19:37:54,308 - Epoch 201/500 - Train Loss: 0.0003, Train Acc: 100.00% - Val loss: 0.0746, Val Acc: 96.43%
2025-08-29 19:37:55,782 - Early stopping à l'epoch 278
2025-08-29 19:37:55,783 - Fold 10 - Accuracy finale: 92.86%
2025-08-29 19:37:55,783 - 
2025-08-29 19:37:55,783 - Résultats de la validation croisée
2025-08-29 19:37:55,783 - 
2025-08-29 19:37:55,784 - Accuracy moyenne: 93.93% ± 4.80%
2025-08-29 19:37:55,784 - Loss moyenne: 0.3527 ± 0.3104
2025-08-29 19:37:55,784 - Nombre d'epochs moyen: 147
2025-08-29 19:37:55,784 - Accuracy par fold: ['89.29%', '92.86%', '100.00%', '100.00%', '92.86%', '89.29%', '85.71%', '100.00%', '96.43%', '92.86%']

2025-08-29 19:37:55,784 - Entrainement du modèle final pour le jeu d'hyperparamètres 67

2025-08-29 19:37:55,807 - Epoch 1/147 - Loss: 1.6362, Acc: 38.21%
2025-08-29 19:37:58,802 - Epoch 147/147 - Loss: 0.1721, Acc: 93.57%
2025-08-29 19:37:58,804 - 

2025-08-29 19:37:58,804 - Résultats finaux pour le jeu d'hyperparamètres 67

2025-08-29 19:37:58,804 - Accuracy de validation croisée: 93.93% ± 4.80%
2025-08-29 19:37:58,804 - Accuracy sur le test: 80.83%

2025-08-29 19:38:12,702 - JEU D'HYPERPARAMÈTRES 68:
2025-08-29 19:38:12,702 - {'estimator_name': 'CNN + LSTM', 'estimator_params': {'out_channels': 16, 'num_layers': 3, 'hidden_size': 96, 'dropout': 0}, 'weight_decay': 2.5e-06, 'lr': 0.005, 'scheduler_factor': 0.5, 'batch_size': 32}

2025-08-29 19:38:12,702 - Début de la validation croisée pour le jeu d'hyperparamètres 68

2025-08-29 19:38:12,702 - Variables sélectionnées : mêmes variables que celles retenues au départ (pas de sélection en avant)

2025-08-29 19:38:12,703 - === Fold 1/10 ===
2025-08-29 19:38:12,861 - Epoch 1/500 - Train Loss: 1.8665, Train Acc: 15.48% - Val loss: 1.8423, Val Acc: 14.29%
2025-08-29 19:38:28,534 - Early stopping à l'epoch 122
2025-08-29 19:38:28,537 - Fold 1 - Accuracy finale: 21.43%
2025-08-29 19:38:28,538 - === Fold 2/10 ===
2025-08-29 19:38:28,692 - Epoch 1/500 - Train Loss: 1.8704, Train Acc: 15.48% - Val loss: 1.8447, Val Acc: 14.29%
2025-08-29 19:38:43,108 - Early stopping à l'epoch 112
2025-08-29 19:38:43,112 - Fold 2 - Accuracy finale: 21.43%
2025-08-29 19:38:43,112 - === Fold 3/10 ===
2025-08-29 19:38:43,269 - Epoch 1/500 - Train Loss: 1.8705, Train Acc: 15.08% - Val loss: 1.8221, Val Acc: 17.86%
2025-08-29 19:38:54,922 - Early stopping à l'epoch 91
2025-08-29 19:38:54,925 - Fold 3 - Accuracy finale: 21.43%
2025-08-29 19:38:54,925 - === Fold 4/10 ===
2025-08-29 19:38:55,086 - Epoch 1/500 - Train Loss: 1.8716, Train Acc: 15.08% - Val loss: 1.8238, Val Acc: 17.86%
2025-08-29 19:39:06,808 - Early stopping à l'epoch 90
2025-08-29 19:39:06,812 - Fold 4 - Accuracy finale: 21.43%
2025-08-29 19:39:06,812 - === Fold 5/10 ===
2025-08-29 19:39:06,976 - Epoch 1/500 - Train Loss: 1.8705, Train Acc: 15.08% - Val loss: 1.8225, Val Acc: 17.86%
2025-08-29 19:39:18,688 - Early stopping à l'epoch 89
2025-08-29 19:39:18,691 - Fold 5 - Accuracy finale: 21.43%
2025-08-29 19:39:18,691 - === Fold 6/10 ===
2025-08-29 19:39:18,846 - Epoch 1/500 - Train Loss: 1.8689, Train Acc: 15.48% - Val loss: 1.8581, Val Acc: 14.29%
2025-08-29 19:39:34,316 - Early stopping à l'epoch 119
2025-08-29 19:39:34,320 - Fold 6 - Accuracy finale: 21.43%
2025-08-29 19:39:34,320 - === Fold 7/10 ===
2025-08-29 19:39:34,485 - Epoch 1/500 - Train Loss: 1.8643, Train Acc: 15.48% - Val loss: 1.8864, Val Acc: 14.29%
2025-08-29 19:39:48,006 - Early stopping à l'epoch 105
2025-08-29 19:39:48,009 - Fold 7 - Accuracy finale: 17.86%
2025-08-29 19:39:48,009 - === Fold 8/10 ===
2025-08-29 19:39:48,168 - Epoch 1/500 - Train Loss: 1.8631, Train Acc: 15.48% - Val loss: 1.8879, Val Acc: 14.29%
2025-08-29 19:40:03,730 - Early stopping à l'epoch 119
2025-08-29 19:40:03,733 - Fold 8 - Accuracy finale: 17.86%
2025-08-29 19:40:03,733 - === Fold 9/10 ===
2025-08-29 19:40:03,893 - Epoch 1/500 - Train Loss: 1.8632, Train Acc: 15.48% - Val loss: 1.8755, Val Acc: 14.29%
2025-08-29 19:40:16,130 - Early stopping à l'epoch 95
2025-08-29 19:40:16,133 - Fold 9 - Accuracy finale: 17.86%
2025-08-29 19:40:16,133 - === Fold 10/10 ===
2025-08-29 19:40:16,287 - Epoch 1/500 - Train Loss: 1.8650, Train Acc: 15.48% - Val loss: 1.8769, Val Acc: 14.29%
2025-08-29 19:40:31,769 - Early stopping à l'epoch 120
2025-08-29 19:40:31,772 - Fold 10 - Accuracy finale: 17.86%
2025-08-29 19:40:31,773 - 
2025-08-29 19:40:31,773 - Résultats de la validation croisée
2025-08-29 19:40:31,773 - 
2025-08-29 19:40:31,773 - Accuracy moyenne: 20.00% ± 1.75%
2025-08-29 19:40:31,773 - Loss moyenne: 1.7849 ± 0.0010
2025-08-29 19:40:31,773 - Nombre d'epochs moyen: 106
2025-08-29 19:40:31,773 - Accuracy par fold: ['21.43%', '21.43%', '21.43%', '21.43%', '21.43%', '21.43%', '17.86%', '17.86%', '17.86%', '17.86%']

2025-08-29 19:40:31,773 - Entrainement du modèle final pour le jeu d'hyperparamètres 68

2025-08-29 19:40:31,938 - Epoch 1/106 - Loss: 1.8659, Acc: 15.36%
2025-08-29 19:40:46,776 - Epoch 106/106 - Loss: 1.7849, Acc: 20.00%
2025-08-29 19:40:46,779 - 

2025-08-29 19:40:46,779 - Résultats finaux pour le jeu d'hyperparamètres 68

2025-08-29 19:40:46,779 - Accuracy de validation croisée: 20.00% ± 1.75%
2025-08-29 19:40:46,779 - Accuracy sur le test: 20.83%

2025-08-29 19:41:01,154 - JEU D'HYPERPARAMÈTRES 69:
2025-08-29 19:41:01,154 - {'estimator_name': 'Transformer', 'estimator_params': {'d_model': 36, 'nhead': 4, 'num_layers': 4, 'dropout': 0.15}, 'weight_decay': 7.5e-07, 'lr': 0.0055, 'scheduler_factor': 0.5, 'batch_size': 36}

2025-08-29 19:41:01,154 - Début de la validation croisée pour le jeu d'hyperparamètres 69

2025-08-29 19:41:01,154 - Variables sélectionnées : mêmes variables que celles retenues au départ (pas de sélection en avant)

2025-08-29 19:41:01,154 - === Fold 1/10 ===
2025-08-29 19:41:01,196 - Epoch 1/500 - Train Loss: 2.0543, Train Acc: 11.51% - Val loss: 1.8619, Val Acc: 21.43%
2025-08-29 19:41:04,235 - Early stopping à l'epoch 86
2025-08-29 19:41:04,237 - Fold 1 - Accuracy finale: 21.43%
2025-08-29 19:41:04,237 - === Fold 2/10 ===
2025-08-29 19:41:04,277 - Epoch 1/500 - Train Loss: 2.1320, Train Acc: 13.89% - Val loss: 1.8120, Val Acc: 17.86%
2025-08-29 19:41:09,408 - Early stopping à l'epoch 161
2025-08-29 19:41:09,410 - Fold 2 - Accuracy finale: 17.86%
2025-08-29 19:41:09,410 - === Fold 3/10 ===
2025-08-29 19:41:09,447 - Epoch 1/500 - Train Loss: 1.8335, Train Acc: 21.03% - Val loss: 1.3998, Val Acc: 46.43%
2025-08-29 19:41:12,254 - Early stopping à l'epoch 86
2025-08-29 19:41:12,256 - Fold 3 - Accuracy finale: 39.29%
2025-08-29 19:41:12,256 - === Fold 4/10 ===
2025-08-29 19:41:12,296 - Epoch 1/500 - Train Loss: 1.8245, Train Acc: 23.81% - Val loss: 1.3075, Val Acc: 32.14%
2025-08-29 19:41:19,436 - Epoch 201/500 - Train Loss: 0.2193, Train Acc: 93.65% - Val loss: 0.5947, Val Acc: 78.57%
2025-08-29 19:41:24,576 - Early stopping à l'epoch 355
2025-08-29 19:41:24,578 - Fold 4 - Accuracy finale: 100.00%
2025-08-29 19:41:24,578 - === Fold 5/10 ===
2025-08-29 19:41:24,615 - Epoch 1/500 - Train Loss: 2.0684, Train Acc: 14.29% - Val loss: 1.8453, Val Acc: 21.43%
2025-08-29 19:41:28,289 - Early stopping à l'epoch 113
2025-08-29 19:41:28,291 - Fold 5 - Accuracy finale: 28.57%
2025-08-29 19:41:28,291 - === Fold 6/10 ===
2025-08-29 19:41:28,327 - Epoch 1/500 - Train Loss: 2.0921, Train Acc: 9.52% - Val loss: 1.8655, Val Acc: 17.86%
2025-08-29 19:41:31,274 - Early stopping à l'epoch 91
2025-08-29 19:41:31,276 - Fold 6 - Accuracy finale: 21.43%
2025-08-29 19:41:31,276 - === Fold 7/10 ===
2025-08-29 19:41:31,317 - Epoch 1/500 - Train Loss: 1.9720, Train Acc: 20.63% - Val loss: 1.8429, Val Acc: 14.29%
2025-08-29 19:41:33,916 - Early stopping à l'epoch 84
2025-08-29 19:41:33,918 - Fold 7 - Accuracy finale: 17.86%
2025-08-29 19:41:33,918 - === Fold 8/10 ===
2025-08-29 19:41:33,959 - Epoch 1/500 - Train Loss: 2.0216, Train Acc: 13.10% - Val loss: 1.7769, Val Acc: 17.86%
2025-08-29 19:41:37,440 - Early stopping à l'epoch 104
2025-08-29 19:41:37,442 - Fold 8 - Accuracy finale: 17.86%
2025-08-29 19:41:37,443 - === Fold 9/10 ===
2025-08-29 19:41:37,480 - Epoch 1/500 - Train Loss: 2.0459, Train Acc: 13.10% - Val loss: 1.7541, Val Acc: 17.86%
2025-08-29 19:41:43,821 - Epoch 201/500 - Train Loss: 1.1747, Train Acc: 49.21% - Val loss: 1.1017, Val Acc: 42.86%
2025-08-29 19:41:44,668 - Early stopping à l'epoch 228
2025-08-29 19:41:44,670 - Fold 9 - Accuracy finale: 42.86%
2025-08-29 19:41:44,680 - === Fold 10/10 ===
2025-08-29 19:41:44,718 - Epoch 1/500 - Train Loss: 2.0386, Train Acc: 17.86% - Val loss: 1.8086, Val Acc: 17.86%
2025-08-29 19:41:47,343 - Early stopping à l'epoch 85
2025-08-29 19:41:47,345 - Fold 10 - Accuracy finale: 17.86%
2025-08-29 19:41:47,345 - 
2025-08-29 19:41:47,346 - Résultats de la validation croisée
2025-08-29 19:41:47,346 - 
2025-08-29 19:41:47,346 - Accuracy moyenne: 32.50% ± 24.14%
2025-08-29 19:41:47,346 - Loss moyenne: 1.8213 ± 1.2166
2025-08-29 19:41:47,346 - Nombre d'epochs moyen: 139
2025-08-29 19:41:47,346 - Accuracy par fold: ['21.43%', '17.86%', '39.29%', '100.00%', '28.57%', '21.43%', '17.86%', '17.86%', '42.86%', '17.86%']

2025-08-29 19:41:47,346 - Entrainement du modèle final pour le jeu d'hyperparamètres 69

2025-08-29 19:41:47,385 - Epoch 1/139 - Loss: 2.1475, Acc: 14.64%
2025-08-29 19:41:52,319 - Epoch 139/139 - Loss: 1.7873, Acc: 20.00%
2025-08-29 19:41:52,321 - 

2025-08-29 19:41:52,321 - Résultats finaux pour le jeu d'hyperparamètres 69

2025-08-29 19:41:52,321 - Accuracy de validation croisée: 32.50% ± 24.14%
2025-08-29 19:41:52,321 - Accuracy sur le test: 20.83%

2025-08-29 19:42:06,535 - JEU D'HYPERPARAMÈTRES 70:
2025-08-29 19:42:06,535 - {'estimator_name': 'CNN + LSTM', 'estimator_params': {'out_channels': 16, 'num_layers': 3, 'hidden_size': 96, 'dropout': 0.025}, 'weight_decay': 7.5e-07, 'lr': 0.004, 'scheduler_factor': 0.6, 'batch_size': 32}

2025-08-29 19:42:06,535 - Début de la validation croisée pour le jeu d'hyperparamètres 70

2025-08-29 19:42:06,535 - Variables sélectionnées : mêmes variables que celles retenues au départ (pas de sélection en avant)

2025-08-29 19:42:06,536 - === Fold 1/10 ===
2025-08-29 19:42:06,706 - Epoch 1/500 - Train Loss: 1.8704, Train Acc: 15.48% - Val loss: 1.8465, Val Acc: 14.29%
2025-08-29 19:42:23,027 - Early stopping à l'epoch 122
2025-08-29 19:42:23,031 - Fold 1 - Accuracy finale: 21.43%
2025-08-29 19:42:23,039 - === Fold 2/10 ===
2025-08-29 19:42:23,201 - Epoch 1/500 - Train Loss: 1.8729, Train Acc: 15.48% - Val loss: 1.8483, Val Acc: 14.29%
2025-08-29 19:42:38,009 - Early stopping à l'epoch 112
2025-08-29 19:42:38,012 - Fold 2 - Accuracy finale: 21.43%
2025-08-29 19:42:38,012 - === Fold 3/10 ===
2025-08-29 19:42:38,217 - Epoch 1/500 - Train Loss: 1.8730, Train Acc: 15.08% - Val loss: 1.8251, Val Acc: 17.86%
2025-08-29 19:42:50,658 - Early stopping à l'epoch 94
2025-08-29 19:42:50,661 - Fold 3 - Accuracy finale: 21.43%
2025-08-29 19:42:50,661 - === Fold 4/10 ===
2025-08-29 19:42:50,826 - Epoch 1/500 - Train Loss: 1.8736, Train Acc: 15.08% - Val loss: 1.8273, Val Acc: 17.86%
2025-08-29 19:43:03,280 - Early stopping à l'epoch 94
2025-08-29 19:43:03,283 - Fold 4 - Accuracy finale: 21.43%
2025-08-29 19:43:03,283 - === Fold 5/10 ===
2025-08-29 19:43:03,443 - Epoch 1/500 - Train Loss: 1.8726, Train Acc: 15.08% - Val loss: 1.8255, Val Acc: 17.86%
2025-08-29 19:43:15,446 - Early stopping à l'epoch 91
2025-08-29 19:43:15,449 - Fold 5 - Accuracy finale: 21.43%
2025-08-29 19:43:15,449 - === Fold 6/10 ===
2025-08-29 19:43:15,609 - Epoch 1/500 - Train Loss: 1.8704, Train Acc: 15.48% - Val loss: 1.8625, Val Acc: 14.29%
2025-08-29 19:43:31,553 - Early stopping à l'epoch 119
2025-08-29 19:43:31,557 - Fold 6 - Accuracy finale: 21.43%
2025-08-29 19:43:31,557 - === Fold 7/10 ===
2025-08-29 19:43:31,729 - Epoch 1/500 - Train Loss: 1.8659, Train Acc: 15.48% - Val loss: 1.8905, Val Acc: 14.29%
2025-08-29 19:43:46,506 - Early stopping à l'epoch 113
2025-08-29 19:43:46,509 - Fold 7 - Accuracy finale: 17.86%
2025-08-29 19:43:46,509 - === Fold 8/10 ===
2025-08-29 19:43:46,667 - Epoch 1/500 - Train Loss: 1.8654, Train Acc: 15.48% - Val loss: 1.8922, Val Acc: 14.29%
2025-08-29 19:44:02,537 - Early stopping à l'epoch 119
2025-08-29 19:44:02,541 - Fold 8 - Accuracy finale: 17.86%
2025-08-29 19:44:02,541 - === Fold 9/10 ===
2025-08-29 19:44:02,699 - Epoch 1/500 - Train Loss: 1.8652, Train Acc: 15.48% - Val loss: 1.8802, Val Acc: 14.29%
2025-08-29 19:44:16,347 - Early stopping à l'epoch 104
2025-08-29 19:44:16,351 - Fold 9 - Accuracy finale: 17.86%
2025-08-29 19:44:16,351 - === Fold 10/10 ===
2025-08-29 19:44:16,509 - Epoch 1/500 - Train Loss: 1.8676, Train Acc: 15.48% - Val loss: 1.8815, Val Acc: 14.29%
2025-08-29 19:44:32,687 - Early stopping à l'epoch 123
2025-08-29 19:44:32,690 - Fold 10 - Accuracy finale: 17.86%
2025-08-29 19:44:32,691 - 
2025-08-29 19:44:32,691 - Résultats de la validation croisée
2025-08-29 19:44:32,691 - 
2025-08-29 19:44:32,691 - Accuracy moyenne: 20.00% ± 1.75%
2025-08-29 19:44:32,691 - Loss moyenne: 1.7850 ± 0.0012
2025-08-29 19:44:32,691 - Nombre d'epochs moyen: 109
2025-08-29 19:44:32,691 - Accuracy par fold: ['21.43%', '21.43%', '21.43%', '21.43%', '21.43%', '21.43%', '17.86%', '17.86%', '17.86%', '17.86%']

2025-08-29 19:44:32,691 - Entrainement du modèle final pour le jeu d'hyperparamètres 70

2025-08-29 19:44:32,868 - Epoch 1/109 - Loss: 1.8680, Acc: 15.36%
2025-08-29 19:44:49,295 - Epoch 109/109 - Loss: 1.7853, Acc: 19.29%
2025-08-29 19:44:49,297 - 

2025-08-29 19:44:49,297 - Résultats finaux pour le jeu d'hyperparamètres 70

2025-08-29 19:44:49,297 - Accuracy de validation croisée: 20.00% ± 1.75%
2025-08-29 19:44:49,297 - Accuracy sur le test: 20.83%

2025-08-29 19:45:04,324 - JEU D'HYPERPARAMÈTRES 71:
2025-08-29 19:45:04,324 - {'estimator_name': 'LSTM', 'estimator_params': {'num_layers': 4, 'hidden_size': 96, 'dropout': 0}, 'weight_decay': 2.5e-06, 'lr': 0.0035, 'scheduler_factor': 0.6, 'batch_size': 28}

2025-08-29 19:45:04,324 - Début de la validation croisée pour le jeu d'hyperparamètres 71

2025-08-29 19:45:04,324 - Variables sélectionnées : mêmes variables que celles retenues au départ (pas de sélection en avant)

2025-08-29 19:45:04,325 - === Fold 1/10 ===
2025-08-29 19:45:04,494 - Epoch 1/500 - Train Loss: 1.7958, Train Acc: 19.84% - Val loss: 1.7977, Val Acc: 21.43%
2025-08-29 19:45:21,198 - Early stopping à l'epoch 116
2025-08-29 19:45:21,202 - Fold 1 - Accuracy finale: 21.43%
2025-08-29 19:45:21,202 - === Fold 2/10 ===
2025-08-29 19:45:21,371 - Epoch 1/500 - Train Loss: 1.7959, Train Acc: 19.84% - Val loss: 1.7980, Val Acc: 21.43%
2025-08-29 19:45:36,497 - Early stopping à l'epoch 105
2025-08-29 19:45:36,501 - Fold 2 - Accuracy finale: 21.43%
2025-08-29 19:45:36,501 - === Fold 3/10 ===
2025-08-29 19:45:36,675 - Epoch 1/500 - Train Loss: 1.7955, Train Acc: 19.84% - Val loss: 1.7949, Val Acc: 21.43%
2025-08-29 19:45:55,920 - Early stopping à l'epoch 132
2025-08-29 19:45:55,924 - Fold 3 - Accuracy finale: 21.43%
2025-08-29 19:45:55,924 - === Fold 4/10 ===
2025-08-29 19:45:56,095 - Epoch 1/500 - Train Loss: 1.7952, Train Acc: 19.84% - Val loss: 1.7931, Val Acc: 21.43%
2025-08-29 19:46:10,645 - Early stopping à l'epoch 101
2025-08-29 19:46:10,648 - Fold 4 - Accuracy finale: 21.43%
2025-08-29 19:46:10,648 - === Fold 5/10 ===
2025-08-29 19:46:10,820 - Epoch 1/500 - Train Loss: 1.7952, Train Acc: 19.84% - Val loss: 1.7926, Val Acc: 21.43%
2025-08-29 19:46:24,504 - Early stopping à l'epoch 95
2025-08-29 19:46:24,507 - Fold 5 - Accuracy finale: 21.43%
2025-08-29 19:46:24,508 - === Fold 6/10 ===
2025-08-29 19:46:24,681 - Epoch 1/500 - Train Loss: 1.7964, Train Acc: 19.84% - Val loss: 1.7854, Val Acc: 21.43%
2025-08-29 19:46:36,978 - Early stopping à l'epoch 87
2025-08-29 19:46:36,982 - Fold 6 - Accuracy finale: 21.43%
2025-08-29 19:46:36,982 - === Fold 7/10 ===
2025-08-29 19:46:37,152 - Epoch 1/500 - Train Loss: 1.7953, Train Acc: 20.24% - Val loss: 1.7910, Val Acc: 17.86%
2025-08-29 19:46:50,920 - Early stopping à l'epoch 96
2025-08-29 19:46:50,924 - Fold 7 - Accuracy finale: 17.86%
2025-08-29 19:46:50,924 - === Fold 8/10 ===
2025-08-29 19:46:51,093 - Epoch 1/500 - Train Loss: 1.7967, Train Acc: 20.24% - Val loss: 1.7915, Val Acc: 17.86%
2025-08-29 19:47:06,573 - Early stopping à l'epoch 108
2025-08-29 19:47:06,577 - Fold 8 - Accuracy finale: 17.86%
2025-08-29 19:47:06,577 - === Fold 9/10 ===
2025-08-29 19:47:06,747 - Epoch 1/500 - Train Loss: 1.7961, Train Acc: 20.24% - Val loss: 1.7881, Val Acc: 17.86%
2025-08-29 19:47:18,806 - Early stopping à l'epoch 85
2025-08-29 19:47:18,810 - Fold 9 - Accuracy finale: 17.86%
2025-08-29 19:47:18,810 - === Fold 10/10 ===
2025-08-29 19:47:18,977 - Epoch 1/500 - Train Loss: 1.7959, Train Acc: 20.24% - Val loss: 1.7882, Val Acc: 17.86%
2025-08-29 19:47:32,811 - Early stopping à l'epoch 96
2025-08-29 19:47:32,815 - Fold 10 - Accuracy finale: 17.86%
2025-08-29 19:47:32,824 - 
2025-08-29 19:47:32,824 - Résultats de la validation croisée
2025-08-29 19:47:32,824 - 
2025-08-29 19:47:32,825 - Accuracy moyenne: 20.00% ± 1.75%
2025-08-29 19:47:32,825 - Loss moyenne: 1.7850 ± 0.0010
2025-08-29 19:47:32,825 - Nombre d'epochs moyen: 102
2025-08-29 19:47:32,825 - Accuracy par fold: ['21.43%', '21.43%', '21.43%', '21.43%', '21.43%', '21.43%', '17.86%', '17.86%', '17.86%', '17.86%']

2025-08-29 19:47:32,825 - Entrainement du modèle final pour le jeu d'hyperparamètres 71

2025-08-29 19:47:33,004 - Epoch 1/102 - Loss: 1.7961, Acc: 20.00%
2025-08-29 19:47:48,882 - Epoch 102/102 - Loss: 1.7841, Acc: 20.00%
2025-08-29 19:47:48,885 - 

2025-08-29 19:47:48,885 - Résultats finaux pour le jeu d'hyperparamètres 71

2025-08-29 19:47:48,885 - Accuracy de validation croisée: 20.00% ± 1.75%
2025-08-29 19:47:48,885 - Accuracy sur le test: 20.83%

2025-08-29 19:48:04,345 - JEU D'HYPERPARAMÈTRES 72:
2025-08-29 19:48:04,345 - {'estimator_name': 'LSTM', 'estimator_params': {'num_layers': 4, 'hidden_size': 80, 'dropout': 0.1}, 'weight_decay': 5e-06, 'lr': 0.004, 'scheduler_factor': 0.6, 'batch_size': 28}

2025-08-29 19:48:04,345 - Début de la validation croisée pour le jeu d'hyperparamètres 72

2025-08-29 19:48:04,345 - Variables sélectionnées : mêmes variables que celles retenues au départ (pas de sélection en avant)

2025-08-29 19:48:04,346 - === Fold 1/10 ===
2025-08-29 19:48:04,496 - Epoch 1/500 - Train Loss: 1.8079, Train Acc: 19.84% - Val loss: 1.7961, Val Acc: 21.43%
2025-08-29 19:48:16,182 - Early stopping à l'epoch 93
2025-08-29 19:48:16,185 - Fold 1 - Accuracy finale: 21.43%
2025-08-29 19:48:16,185 - === Fold 2/10 ===
2025-08-29 19:48:16,338 - Epoch 1/500 - Train Loss: 1.8080, Train Acc: 19.84% - Val loss: 1.7972, Val Acc: 21.43%
2025-08-29 19:48:30,080 - Early stopping à l'epoch 108
2025-08-29 19:48:30,083 - Fold 2 - Accuracy finale: 21.43%
2025-08-29 19:48:30,083 - === Fold 3/10 ===
2025-08-29 19:48:30,237 - Epoch 1/500 - Train Loss: 1.8091, Train Acc: 19.84% - Val loss: 1.7974, Val Acc: 21.43%
2025-08-29 19:48:41,030 - Early stopping à l'epoch 86
2025-08-29 19:48:41,033 - Fold 3 - Accuracy finale: 21.43%
2025-08-29 19:48:41,033 - === Fold 4/10 ===
2025-08-29 19:48:41,185 - Epoch 1/500 - Train Loss: 1.8092, Train Acc: 19.84% - Val loss: 1.7991, Val Acc: 21.43%
2025-08-29 19:48:52,245 - Early stopping à l'epoch 87
2025-08-29 19:48:52,249 - Fold 4 - Accuracy finale: 21.43%
2025-08-29 19:48:52,249 - === Fold 5/10 ===
2025-08-29 19:48:52,402 - Epoch 1/500 - Train Loss: 1.8084, Train Acc: 19.84% - Val loss: 1.7972, Val Acc: 21.43%
2025-08-29 19:49:03,174 - Early stopping à l'epoch 84
2025-08-29 19:49:03,177 - Fold 5 - Accuracy finale: 21.43%
2025-08-29 19:49:03,177 - === Fold 6/10 ===
2025-08-29 19:49:03,328 - Epoch 1/500 - Train Loss: 1.8068, Train Acc: 19.84% - Val loss: 1.7865, Val Acc: 21.43%
2025-08-29 19:49:14,358 - Early stopping à l'epoch 87
2025-08-29 19:49:14,361 - Fold 6 - Accuracy finale: 21.43%
2025-08-29 19:49:14,361 - === Fold 7/10 ===
2025-08-29 19:49:14,521 - Epoch 1/500 - Train Loss: 1.8077, Train Acc: 20.24% - Val loss: 1.8074, Val Acc: 17.86%
2025-08-29 19:49:32,308 - Early stopping à l'epoch 141
2025-08-29 19:49:32,312 - Fold 7 - Accuracy finale: 17.86%
2025-08-29 19:49:32,312 - === Fold 8/10 ===
2025-08-29 19:49:32,460 - Epoch 1/500 - Train Loss: 1.8069, Train Acc: 20.24% - Val loss: 1.8058, Val Acc: 17.86%
2025-08-29 19:49:46,688 - Early stopping à l'epoch 113
2025-08-29 19:49:46,691 - Fold 8 - Accuracy finale: 17.86%
2025-08-29 19:49:46,691 - === Fold 9/10 ===
2025-08-29 19:49:46,841 - Epoch 1/500 - Train Loss: 1.8083, Train Acc: 20.24% - Val loss: 1.8203, Val Acc: 17.86%
2025-08-29 19:49:59,429 - Early stopping à l'epoch 101
2025-08-29 19:49:59,432 - Fold 9 - Accuracy finale: 17.86%
2025-08-29 19:49:59,432 - === Fold 10/10 ===
2025-08-29 19:49:59,581 - Epoch 1/500 - Train Loss: 1.8060, Train Acc: 20.24% - Val loss: 1.8170, Val Acc: 17.86%
2025-08-29 19:50:13,385 - Early stopping à l'epoch 109
2025-08-29 19:50:13,388 - Fold 10 - Accuracy finale: 17.86%
2025-08-29 19:50:13,389 - 
2025-08-29 19:50:13,389 - Résultats de la validation croisée
2025-08-29 19:50:13,389 - 
2025-08-29 19:50:13,389 - Accuracy moyenne: 20.00% ± 1.75%
2025-08-29 19:50:13,389 - Loss moyenne: 1.7850 ± 0.0010
2025-08-29 19:50:13,389 - Nombre d'epochs moyen: 100
2025-08-29 19:50:13,389 - Accuracy par fold: ['21.43%', '21.43%', '21.43%', '21.43%', '21.43%', '21.43%', '17.86%', '17.86%', '17.86%', '17.86%']

2025-08-29 19:50:13,389 - Entrainement du modèle final pour le jeu d'hyperparamètres 72

2025-08-29 19:50:13,547 - Epoch 1/100 - Loss: 1.8069, Acc: 20.00%
2025-08-29 19:50:27,337 - Epoch 100/100 - Loss: 1.7854, Acc: 20.00%
2025-08-29 19:50:27,339 - 

2025-08-29 19:50:27,339 - Résultats finaux pour le jeu d'hyperparamètres 72

2025-08-29 19:50:27,339 - Accuracy de validation croisée: 20.00% ± 1.75%
2025-08-29 19:50:27,339 - Accuracy sur le test: 20.83%

2025-08-29 19:50:43,055 - JEU D'HYPERPARAMÈTRES 73:
2025-08-29 19:50:43,056 - {'estimator_name': 'Transformer', 'estimator_params': {'d_model': 36, 'nhead': 12, 'num_layers': 4, 'dropout': 0.025}, 'weight_decay': 2.5e-06, 'lr': 0.004, 'scheduler_factor': 0.4, 'batch_size': 28}

2025-08-29 19:50:43,056 - Début de la validation croisée pour le jeu d'hyperparamètres 73

2025-08-29 19:50:43,056 - Variables sélectionnées : mêmes variables que celles retenues au départ (pas de sélection en avant)

2025-08-29 19:50:43,056 - === Fold 1/10 ===
2025-08-29 19:50:43,108 - Epoch 1/500 - Train Loss: 1.8213, Train Acc: 25.40% - Val loss: 1.3025, Val Acc: 32.14%
2025-08-29 19:50:47,267 - Early stopping à l'epoch 104
2025-08-29 19:50:47,269 - Fold 1 - Accuracy finale: 75.00%
2025-08-29 19:50:47,269 - === Fold 2/10 ===
2025-08-29 19:50:47,314 - Epoch 1/500 - Train Loss: 1.9865, Train Acc: 15.48% - Val loss: 1.4866, Val Acc: 39.29%
2025-08-29 19:50:53,061 - Early stopping à l'epoch 146
2025-08-29 19:50:53,063 - Fold 2 - Accuracy finale: 35.71%
2025-08-29 19:50:53,063 - === Fold 3/10 ===
2025-08-29 19:50:53,109 - Epoch 1/500 - Train Loss: 1.8638, Train Acc: 26.19% - Val loss: 1.4095, Val Acc: 32.14%
2025-08-29 19:50:58,966 - Early stopping à l'epoch 142
2025-08-29 19:50:58,968 - Fold 3 - Accuracy finale: 82.14%
2025-08-29 19:50:58,968 - === Fold 4/10 ===
2025-08-29 19:50:59,013 - Epoch 1/500 - Train Loss: 1.7159, Train Acc: 26.59% - Val loss: 1.2229, Val Acc: 46.43%
2025-08-29 19:51:07,412 - Epoch 201/500 - Train Loss: 0.0195, Train Acc: 99.60% - Val loss: 0.5738, Val Acc: 85.71%
2025-08-29 19:51:08,056 - Early stopping à l'epoch 215
2025-08-29 19:51:08,058 - Fold 4 - Accuracy finale: 92.86%
2025-08-29 19:51:08,058 - === Fold 5/10 ===
2025-08-29 19:51:08,109 - Epoch 1/500 - Train Loss: 1.7290, Train Acc: 25.00% - Val loss: 1.2412, Val Acc: 42.86%
2025-08-29 19:51:16,766 - Epoch 201/500 - Train Loss: 0.0025, Train Acc: 100.00% - Val loss: 0.0062, Val Acc: 100.00%
2025-08-29 19:51:18,231 - Early stopping à l'epoch 238
2025-08-29 19:51:18,233 - Fold 5 - Accuracy finale: 100.00%
2025-08-29 19:51:18,233 - === Fold 6/10 ===
2025-08-29 19:51:18,278 - Epoch 1/500 - Train Loss: 1.9887, Train Acc: 18.25% - Val loss: 1.5063, Val Acc: 35.71%
2025-08-29 19:51:22,865 - Early stopping à l'epoch 107
2025-08-29 19:51:22,866 - Fold 6 - Accuracy finale: 89.29%
2025-08-29 19:51:22,866 - === Fold 7/10 ===
2025-08-29 19:51:22,916 - Epoch 1/500 - Train Loss: 1.7850, Train Acc: 24.21% - Val loss: 1.2859, Val Acc: 32.14%
2025-08-29 19:51:27,761 - Early stopping à l'epoch 114
2025-08-29 19:51:27,763 - Fold 7 - Accuracy finale: 92.86%
2025-08-29 19:51:27,763 - === Fold 8/10 ===
2025-08-29 19:51:27,810 - Epoch 1/500 - Train Loss: 1.7724, Train Acc: 27.78% - Val loss: 1.2773, Val Acc: 35.71%
2025-08-29 19:51:36,021 - Epoch 201/500 - Train Loss: 0.0797, Train Acc: 98.02% - Val loss: 0.4241, Val Acc: 89.29%
2025-08-29 19:51:36,265 - Early stopping à l'epoch 206
2025-08-29 19:51:36,267 - Fold 8 - Accuracy finale: 89.29%
2025-08-29 19:51:36,268 - === Fold 9/10 ===
2025-08-29 19:51:36,319 - Epoch 1/500 - Train Loss: 1.9837, Train Acc: 16.27% - Val loss: 1.8217, Val Acc: 14.29%
2025-08-29 19:51:40,245 - Early stopping à l'epoch 89
2025-08-29 19:51:40,247 - Fold 9 - Accuracy finale: 64.29%
2025-08-29 19:51:40,247 - === Fold 10/10 ===
2025-08-29 19:51:40,298 - Epoch 1/500 - Train Loss: 1.9200, Train Acc: 29.37% - Val loss: 1.4975, Val Acc: 35.71%
2025-08-29 19:51:44,004 - Early stopping à l'epoch 90
2025-08-29 19:51:44,006 - Fold 10 - Accuracy finale: 17.86%
2025-08-29 19:51:44,006 - 
2025-08-29 19:51:44,006 - Résultats de la validation croisée
2025-08-29 19:51:44,006 - 
2025-08-29 19:51:44,006 - Accuracy moyenne: 73.93% ± 25.76%
2025-08-29 19:51:44,006 - Loss moyenne: 0.7994 ± 0.4877
2025-08-29 19:51:44,006 - Nombre d'epochs moyen: 145
2025-08-29 19:51:44,006 - Accuracy par fold: ['75.00%', '35.71%', '82.14%', '92.86%', '100.00%', '89.29%', '92.86%', '89.29%', '64.29%', '17.86%']

2025-08-29 19:51:44,006 - Entrainement du modèle final pour le jeu d'hyperparamètres 73

2025-08-29 19:51:44,054 - Epoch 1/145 - Loss: 1.6909, Acc: 22.86%
2025-08-29 19:51:50,253 - Epoch 145/145 - Loss: 0.7983, Acc: 63.21%
2025-08-29 19:51:50,256 - 

2025-08-29 19:51:50,256 - Résultats finaux pour le jeu d'hyperparamètres 73

2025-08-29 19:51:50,256 - Accuracy de validation croisée: 73.93% ± 25.76%
2025-08-29 19:51:50,256 - Accuracy sur le test: 59.17%

2025-08-29 19:52:05,886 - JEU D'HYPERPARAMÈTRES 74:
2025-08-29 19:52:05,886 - {'estimator_name': 'CNN + LSTM', 'estimator_params': {'out_channels': 16, 'num_layers': 3, 'hidden_size': 64, 'dropout': 0.15}, 'weight_decay': 5e-07, 'lr': 0.0035, 'scheduler_factor': 0.4, 'batch_size': 28}

2025-08-29 19:52:05,886 - Début de la validation croisée pour le jeu d'hyperparamètres 74

2025-08-29 19:52:05,886 - Variables sélectionnées : mêmes variables que celles retenues au départ (pas de sélection en avant)

2025-08-29 19:52:05,887 - === Fold 1/10 ===
2025-08-29 19:52:06,013 - Epoch 1/500 - Train Loss: 1.9122, Train Acc: 15.08% - Val loss: 1.8926, Val Acc: 14.29%
2025-08-29 19:52:19,397 - Early stopping à l'epoch 129
2025-08-29 19:52:19,400 - Fold 1 - Accuracy finale: 21.43%
2025-08-29 19:52:19,400 - === Fold 2/10 ===
2025-08-29 19:52:19,527 - Epoch 1/500 - Train Loss: 1.9066, Train Acc: 15.08% - Val loss: 1.8961, Val Acc: 14.29%
2025-08-29 19:52:35,999 - Early stopping à l'epoch 158
2025-08-29 19:52:36,001 - Fold 2 - Accuracy finale: 21.43%
2025-08-29 19:52:36,001 - === Fold 3/10 ===
2025-08-29 19:52:36,123 - Epoch 1/500 - Train Loss: 1.9032, Train Acc: 15.08% - Val loss: 1.8831, Val Acc: 14.29%
2025-08-29 19:52:50,243 - Early stopping à l'epoch 138
2025-08-29 19:52:50,245 - Fold 3 - Accuracy finale: 21.43%
2025-08-29 19:52:50,245 - === Fold 4/10 ===
2025-08-29 19:52:50,371 - Epoch 1/500 - Train Loss: 1.9055, Train Acc: 15.08% - Val loss: 1.8835, Val Acc: 14.29%
2025-08-29 19:53:03,862 - Early stopping à l'epoch 131
2025-08-29 19:53:03,865 - Fold 4 - Accuracy finale: 21.43%
2025-08-29 19:53:03,865 - === Fold 5/10 ===
2025-08-29 19:53:03,993 - Epoch 1/500 - Train Loss: 1.9060, Train Acc: 15.08% - Val loss: 1.8850, Val Acc: 14.29%
2025-08-29 19:53:21,102 - Early stopping à l'epoch 167
2025-08-29 19:53:21,104 - Fold 5 - Accuracy finale: 21.43%
2025-08-29 19:53:21,104 - === Fold 6/10 ===
2025-08-29 19:53:21,230 - Epoch 1/500 - Train Loss: 1.9040, Train Acc: 15.08% - Val loss: 1.9109, Val Acc: 14.29%
2025-08-29 19:53:40,829 - Early stopping à l'epoch 192
2025-08-29 19:53:40,831 - Fold 6 - Accuracy finale: 21.43%
2025-08-29 19:53:40,831 - === Fold 7/10 ===
2025-08-29 19:53:40,953 - Epoch 1/500 - Train Loss: 1.9024, Train Acc: 15.08% - Val loss: 1.9146, Val Acc: 14.29%
2025-08-29 19:53:54,588 - Early stopping à l'epoch 133
2025-08-29 19:53:54,590 - Fold 7 - Accuracy finale: 17.86%
2025-08-29 19:53:54,590 - === Fold 8/10 ===
2025-08-29 19:53:54,711 - Epoch 1/500 - Train Loss: 1.9021, Train Acc: 15.08% - Val loss: 1.9152, Val Acc: 14.29%
2025-08-29 19:54:10,046 - Early stopping à l'epoch 151
2025-08-29 19:54:10,048 - Fold 8 - Accuracy finale: 17.86%
2025-08-29 19:54:10,048 - === Fold 9/10 ===
2025-08-29 19:54:10,169 - Epoch 1/500 - Train Loss: 1.9090, Train Acc: 14.68% - Val loss: 1.8730, Val Acc: 17.86%
2025-08-29 19:54:20,472 - Early stopping à l'epoch 102
2025-08-29 19:54:20,474 - Fold 9 - Accuracy finale: 17.86%
2025-08-29 19:54:20,474 - === Fold 10/10 ===
2025-08-29 19:54:20,596 - Epoch 1/500 - Train Loss: 1.9116, Train Acc: 14.68% - Val loss: 1.8719, Val Acc: 17.86%
2025-08-29 19:54:30,911 - Early stopping à l'epoch 100
2025-08-29 19:54:30,914 - Fold 10 - Accuracy finale: 17.86%
2025-08-29 19:54:30,914 - 
2025-08-29 19:54:30,915 - Résultats de la validation croisée
2025-08-29 19:54:30,915 - 
2025-08-29 19:54:30,915 - Accuracy moyenne: 20.00% ± 1.75%
2025-08-29 19:54:30,915 - Loss moyenne: 1.7850 ± 0.0010
2025-08-29 19:54:30,915 - Nombre d'epochs moyen: 140
2025-08-29 19:54:30,915 - Accuracy par fold: ['21.43%', '21.43%', '21.43%', '21.43%', '21.43%', '21.43%', '17.86%', '17.86%', '17.86%', '17.86%']

2025-08-29 19:54:30,915 - Entrainement du modèle final pour le jeu d'hyperparamètres 74

2025-08-29 19:54:31,045 - Epoch 1/140 - Loss: 1.9056, Acc: 15.00%
2025-08-29 19:54:46,824 - Epoch 140/140 - Loss: 1.7857, Acc: 20.36%
2025-08-29 19:54:46,826 - 

2025-08-29 19:54:46,826 - Résultats finaux pour le jeu d'hyperparamètres 74

2025-08-29 19:54:46,826 - Accuracy de validation croisée: 20.00% ± 1.75%
2025-08-29 19:54:46,826 - Accuracy sur le test: 20.83%

2025-08-29 19:55:02,556 - JEU D'HYPERPARAMÈTRES 75:
2025-08-29 19:55:02,556 - {'estimator_name': 'Transformer', 'estimator_params': {'d_model': 72, 'nhead': 2, 'num_layers': 2, 'dropout': 0.075}, 'weight_decay': 5e-06, 'lr': 0.0055, 'scheduler_factor': 0.6, 'batch_size': 36}

2025-08-29 19:55:02,556 - Début de la validation croisée pour le jeu d'hyperparamètres 75

2025-08-29 19:55:02,556 - Variables sélectionnées : mêmes variables que celles retenues au départ (pas de sélection en avant)

2025-08-29 19:55:02,557 - === Fold 1/10 ===
2025-08-29 19:55:02,663 - Epoch 1/500 - Train Loss: 2.2607, Train Acc: 18.65% - Val loss: 1.8071, Val Acc: 28.57%
2025-08-29 19:55:04,653 - Early stopping à l'epoch 116
2025-08-29 19:55:04,655 - Fold 1 - Accuracy finale: 85.71%
2025-08-29 19:55:04,655 - === Fold 2/10 ===
2025-08-29 19:55:04,676 - Epoch 1/500 - Train Loss: 2.1328, Train Acc: 24.21% - Val loss: 1.3257, Val Acc: 46.43%
2025-08-29 19:55:06,314 - Early stopping à l'epoch 97
2025-08-29 19:55:06,316 - Fold 2 - Accuracy finale: 75.00%
2025-08-29 19:55:06,316 - === Fold 3/10 ===
2025-08-29 19:55:06,337 - Epoch 1/500 - Train Loss: 2.3202, Train Acc: 21.83% - Val loss: 1.6572, Val Acc: 28.57%
2025-08-29 19:55:09,292 - Early stopping à l'epoch 174
2025-08-29 19:55:09,293 - Fold 3 - Accuracy finale: 92.86%
2025-08-29 19:55:09,293 - === Fold 4/10 ===
2025-08-29 19:55:09,315 - Epoch 1/500 - Train Loss: 2.1642, Train Acc: 16.67% - Val loss: 1.6509, Val Acc: 17.86%
2025-08-29 19:55:11,676 - Early stopping à l'epoch 139
2025-08-29 19:55:11,677 - Fold 4 - Accuracy finale: 85.71%
2025-08-29 19:55:11,688 - === Fold 5/10 ===
2025-08-29 19:55:11,711 - Epoch 1/500 - Train Loss: 1.9656, Train Acc: 27.78% - Val loss: 1.4052, Val Acc: 35.71%
2025-08-29 19:55:15,025 - Early stopping à l'epoch 188
2025-08-29 19:55:15,026 - Fold 5 - Accuracy finale: 78.57%
2025-08-29 19:55:15,026 - === Fold 6/10 ===
2025-08-29 19:55:15,049 - Epoch 1/500 - Train Loss: 2.1284, Train Acc: 18.65% - Val loss: 1.6706, Val Acc: 21.43%
2025-08-29 19:55:17,262 - Early stopping à l'epoch 128
2025-08-29 19:55:17,264 - Fold 6 - Accuracy finale: 85.71%
2025-08-29 19:55:17,264 - === Fold 7/10 ===
2025-08-29 19:55:17,286 - Epoch 1/500 - Train Loss: 2.3773, Train Acc: 19.44% - Val loss: 1.7068, Val Acc: 32.14%
2025-08-29 19:55:19,236 - Early stopping à l'epoch 115
2025-08-29 19:55:19,237 - Fold 7 - Accuracy finale: 67.86%
2025-08-29 19:55:19,237 - === Fold 8/10 ===
2025-08-29 19:55:19,259 - Epoch 1/500 - Train Loss: 1.9811, Train Acc: 27.78% - Val loss: 1.3123, Val Acc: 57.14%
2025-08-29 19:55:21,185 - Early stopping à l'epoch 112
2025-08-29 19:55:21,187 - Fold 8 - Accuracy finale: 96.43%
2025-08-29 19:55:21,187 - === Fold 9/10 ===
2025-08-29 19:55:21,213 - Epoch 1/500 - Train Loss: 2.1949, Train Acc: 21.43% - Val loss: 1.6726, Val Acc: 21.43%
2025-08-29 19:55:23,231 - Early stopping à l'epoch 114
2025-08-29 19:55:23,233 - Fold 9 - Accuracy finale: 89.29%
2025-08-29 19:55:23,233 - === Fold 10/10 ===
2025-08-29 19:55:23,254 - Epoch 1/500 - Train Loss: 2.1966, Train Acc: 26.59% - Val loss: 1.3917, Val Acc: 42.86%
2025-08-29 19:55:26,738 - Epoch 201/500 - Train Loss: 0.0203, Train Acc: 99.21% - Val loss: 0.4250, Val Acc: 92.86%
2025-08-29 19:55:27,654 - Early stopping à l'epoch 252
2025-08-29 19:55:27,655 - Fold 10 - Accuracy finale: 92.86%
2025-08-29 19:55:27,655 - 
2025-08-29 19:55:27,655 - Résultats de la validation croisée
2025-08-29 19:55:27,655 - 
2025-08-29 19:55:27,656 - Accuracy moyenne: 85.00% ± 8.42%
2025-08-29 19:55:27,656 - Loss moyenne: 0.7374 ± 0.3495
2025-08-29 19:55:27,656 - Nombre d'epochs moyen: 143
2025-08-29 19:55:27,656 - Accuracy par fold: ['85.71%', '75.00%', '92.86%', '85.71%', '78.57%', '85.71%', '67.86%', '96.43%', '89.29%', '92.86%']

2025-08-29 19:55:27,656 - Entrainement du modèle final pour le jeu d'hyperparamètres 75

2025-08-29 19:55:27,680 - Epoch 1/143 - Loss: 2.0374, Acc: 21.79%
2025-08-29 19:55:30,440 - Epoch 143/143 - Loss: 0.3420, Acc: 86.43%
2025-08-29 19:55:30,442 - 

2025-08-29 19:55:30,442 - Résultats finaux pour le jeu d'hyperparamètres 75

2025-08-29 19:55:30,442 - Accuracy de validation croisée: 85.00% ± 8.42%
2025-08-29 19:55:30,442 - Accuracy sur le test: 75.00%

2025-08-29 19:55:46,694 - JEU D'HYPERPARAMÈTRES 76:
2025-08-29 19:55:46,695 - {'estimator_name': 'CNN + LSTM', 'estimator_params': {'out_channels': 16, 'num_layers': 2, 'hidden_size': 64, 'dropout': 0.075}, 'weight_decay': 5e-06, 'lr': 0.0035, 'scheduler_factor': 0.5, 'batch_size': 32}

2025-08-29 19:55:46,695 - Début de la validation croisée pour le jeu d'hyperparamètres 76

2025-08-29 19:55:46,695 - Variables sélectionnées : mêmes variables que celles retenues au départ (pas de sélection en avant)

2025-08-29 19:55:46,695 - === Fold 1/10 ===
2025-08-29 19:55:46,811 - Epoch 1/500 - Train Loss: 1.8696, Train Acc: 15.08% - Val loss: 1.8841, Val Acc: 14.29%
2025-08-29 19:55:55,380 - Early stopping à l'epoch 94
2025-08-29 19:55:55,382 - Fold 1 - Accuracy finale: 17.86%
2025-08-29 19:55:55,383 - === Fold 2/10 ===
2025-08-29 19:55:55,495 - Epoch 1/500 - Train Loss: 1.8725, Train Acc: 15.08% - Val loss: 1.8826, Val Acc: 14.29%
2025-08-29 19:56:04,602 - Early stopping à l'epoch 99
2025-08-29 19:56:04,604 - Fold 2 - Accuracy finale: 21.43%
2025-08-29 19:56:04,605 - === Fold 3/10 ===
2025-08-29 19:56:04,719 - Epoch 1/500 - Train Loss: 1.8717, Train Acc: 15.08% - Val loss: 1.8673, Val Acc: 14.29%
2025-08-29 19:56:14,637 - Early stopping à l'epoch 109
2025-08-29 19:56:14,639 - Fold 3 - Accuracy finale: 17.86%
2025-08-29 19:56:14,639 - === Fold 4/10 ===
2025-08-29 19:56:14,758 - Epoch 1/500 - Train Loss: 1.8715, Train Acc: 15.08% - Val loss: 1.8690, Val Acc: 14.29%
2025-08-29 19:56:26,472 - Early stopping à l'epoch 127
2025-08-29 19:56:26,475 - Fold 4 - Accuracy finale: 21.43%
2025-08-29 19:56:26,475 - === Fold 5/10 ===
2025-08-29 19:56:26,589 - Epoch 1/500 - Train Loss: 1.8776, Train Acc: 15.08% - Val loss: 1.8712, Val Acc: 14.29%
2025-08-29 19:56:37,627 - Early stopping à l'epoch 119
2025-08-29 19:56:37,629 - Fold 5 - Accuracy finale: 21.43%
2025-08-29 19:56:37,629 - === Fold 6/10 ===
2025-08-29 19:56:37,747 - Epoch 1/500 - Train Loss: 1.8718, Train Acc: 15.08% - Val loss: 1.8882, Val Acc: 14.29%
2025-08-29 19:56:49,279 - Early stopping à l'epoch 125
2025-08-29 19:56:49,282 - Fold 6 - Accuracy finale: 21.43%
2025-08-29 19:56:49,282 - === Fold 7/10 ===
2025-08-29 19:56:49,392 - Epoch 1/500 - Train Loss: 1.8721, Train Acc: 15.08% - Val loss: 1.8627, Val Acc: 14.29%
2025-08-29 19:57:00,608 - Early stopping à l'epoch 122
2025-08-29 19:57:00,611 - Fold 7 - Accuracy finale: 17.86%
2025-08-29 19:57:00,611 - === Fold 8/10 ===
2025-08-29 19:57:00,726 - Epoch 1/500 - Train Loss: 1.8752, Train Acc: 15.08% - Val loss: 1.8650, Val Acc: 14.29%
2025-08-29 19:57:10,980 - Early stopping à l'epoch 108
2025-08-29 19:57:10,983 - Fold 8 - Accuracy finale: 17.86%
2025-08-29 19:57:10,983 - === Fold 9/10 ===
2025-08-29 19:57:11,098 - Epoch 1/500 - Train Loss: 1.8796, Train Acc: 14.68% - Val loss: 1.8284, Val Acc: 17.86%
2025-08-29 19:57:19,538 - Early stopping à l'epoch 91
2025-08-29 19:57:19,541 - Fold 9 - Accuracy finale: 17.86%
2025-08-29 19:57:19,541 - === Fold 10/10 ===
2025-08-29 19:57:19,651 - Epoch 1/500 - Train Loss: 1.8793, Train Acc: 14.68% - Val loss: 1.8285, Val Acc: 17.86%
2025-08-29 19:57:27,763 - Early stopping à l'epoch 90
2025-08-29 19:57:27,766 - Fold 10 - Accuracy finale: 17.86%
2025-08-29 19:57:27,766 - 
2025-08-29 19:57:27,766 - Résultats de la validation croisée
2025-08-29 19:57:27,766 - 
2025-08-29 19:57:27,766 - Accuracy moyenne: 19.29% ± 1.75%
2025-08-29 19:57:27,767 - Loss moyenne: 1.7851 ± 0.0009
2025-08-29 19:57:27,767 - Nombre d'epochs moyen: 108
2025-08-29 19:57:27,767 - Accuracy par fold: ['17.86%', '21.43%', '17.86%', '21.43%', '21.43%', '21.43%', '17.86%', '17.86%', '17.86%', '17.86%']

2025-08-29 19:57:27,767 - Entrainement du modèle final pour le jeu d'hyperparamètres 76

2025-08-29 19:57:27,884 - Epoch 1/108 - Loss: 1.8731, Acc: 15.00%
2025-08-29 19:57:39,171 - Epoch 108/108 - Loss: 1.7873, Acc: 18.21%
2025-08-29 19:57:39,173 - 

2025-08-29 19:57:39,173 - Résultats finaux pour le jeu d'hyperparamètres 76

2025-08-29 19:57:39,173 - Accuracy de validation croisée: 19.29% ± 1.75%
2025-08-29 19:57:39,173 - Accuracy sur le test: 20.83%

2025-08-29 19:57:55,293 - JEU D'HYPERPARAMÈTRES 77:
2025-08-29 19:57:55,293 - {'estimator_name': 'Transformer', 'estimator_params': {'d_model': 36, 'nhead': 12, 'num_layers': 4, 'dropout': 0.075}, 'weight_decay': 2.5e-06, 'lr': 0.005, 'scheduler_factor': 0.5, 'batch_size': 36}

2025-08-29 19:57:55,293 - Début de la validation croisée pour le jeu d'hyperparamètres 77

2025-08-29 19:57:55,293 - Variables sélectionnées : mêmes variables que celles retenues au départ (pas de sélection en avant)

2025-08-29 19:57:55,294 - === Fold 1/10 ===
2025-08-29 19:57:55,336 - Epoch 1/500 - Train Loss: 1.9512, Train Acc: 22.22% - Val loss: 1.5482, Val Acc: 28.57%
2025-08-29 19:57:58,710 - Early stopping à l'epoch 108
2025-08-29 19:57:58,712 - Fold 1 - Accuracy finale: 67.86%
2025-08-29 19:57:58,712 - === Fold 2/10 ===
2025-08-29 19:57:58,749 - Epoch 1/500 - Train Loss: 2.1413, Train Acc: 13.49% - Val loss: 1.8033, Val Acc: 21.43%
2025-08-29 19:58:01,741 - Early stopping à l'epoch 87
2025-08-29 19:58:01,743 - Fold 2 - Accuracy finale: 21.43%
2025-08-29 19:58:01,743 - === Fold 3/10 ===
2025-08-29 19:58:01,781 - Epoch 1/500 - Train Loss: 1.9377, Train Acc: 17.86% - Val loss: 1.6202, Val Acc: 25.00%
2025-08-29 19:58:05,709 - Early stopping à l'epoch 116
2025-08-29 19:58:05,711 - Fold 3 - Accuracy finale: 82.14%
2025-08-29 19:58:05,711 - === Fold 4/10 ===
2025-08-29 19:58:05,747 - Epoch 1/500 - Train Loss: 1.9481, Train Acc: 18.65% - Val loss: 1.4582, Val Acc: 32.14%
2025-08-29 19:58:09,438 - Early stopping à l'epoch 116
2025-08-29 19:58:09,440 - Fold 4 - Accuracy finale: 21.43%
2025-08-29 19:58:09,440 - === Fold 5/10 ===
2025-08-29 19:58:09,477 - Epoch 1/500 - Train Loss: 2.0994, Train Acc: 13.89% - Val loss: 1.8532, Val Acc: 21.43%
2025-08-29 19:58:12,823 - Early stopping à l'epoch 99
2025-08-29 19:58:12,825 - Fold 5 - Accuracy finale: 21.43%
2025-08-29 19:58:12,825 - === Fold 6/10 ===
2025-08-29 19:58:12,865 - Epoch 1/500 - Train Loss: 2.1136, Train Acc: 8.33% - Val loss: 1.8667, Val Acc: 17.86%
2025-08-29 19:58:15,851 - Early stopping à l'epoch 90
2025-08-29 19:58:15,853 - Fold 6 - Accuracy finale: 21.43%
2025-08-29 19:58:15,853 - === Fold 7/10 ===
2025-08-29 19:58:15,891 - Epoch 1/500 - Train Loss: 2.0732, Train Acc: 17.86% - Val loss: 1.8448, Val Acc: 17.86%
2025-08-29 19:58:18,708 - Early stopping à l'epoch 89
2025-08-29 19:58:18,710 - Fold 7 - Accuracy finale: 25.00%
2025-08-29 19:58:18,710 - === Fold 8/10 ===
2025-08-29 19:58:18,747 - Epoch 1/500 - Train Loss: 1.9945, Train Acc: 15.48% - Val loss: 1.5239, Val Acc: 32.14%
2025-08-29 19:58:21,543 - Early stopping à l'epoch 90
2025-08-29 19:58:21,545 - Fold 8 - Accuracy finale: 17.86%
2025-08-29 19:58:21,545 - === Fold 9/10 ===
2025-08-29 19:58:21,582 - Epoch 1/500 - Train Loss: 1.9076, Train Acc: 23.81% - Val loss: 1.4361, Val Acc: 32.14%
2025-08-29 19:58:24,632 - Early stopping à l'epoch 88
2025-08-29 19:58:24,634 - Fold 9 - Accuracy finale: 35.71%
2025-08-29 19:58:24,634 - === Fold 10/10 ===
2025-08-29 19:58:24,677 - Epoch 1/500 - Train Loss: 2.0313, Train Acc: 19.05% - Val loss: 1.7543, Val Acc: 17.86%
2025-08-29 19:58:27,355 - Early stopping à l'epoch 83
2025-08-29 19:58:27,356 - Fold 10 - Accuracy finale: 17.86%
2025-08-29 19:58:27,357 - 
2025-08-29 19:58:27,357 - Résultats de la validation croisée
2025-08-29 19:58:27,357 - 
2025-08-29 19:58:27,357 - Accuracy moyenne: 33.21% ± 21.67%
2025-08-29 19:58:27,357 - Loss moyenne: 1.5176 ± 0.4026
2025-08-29 19:58:27,357 - Nombre d'epochs moyen: 96
2025-08-29 19:58:27,357 - Accuracy par fold: ['67.86%', '21.43%', '82.14%', '21.43%', '21.43%', '21.43%', '25.00%', '17.86%', '35.71%', '17.86%']

2025-08-29 19:58:27,357 - Entrainement du modèle final pour le jeu d'hyperparamètres 77

2025-08-29 19:58:27,404 - Epoch 1/96 - Loss: 2.1174, Acc: 12.14%
2025-08-29 19:58:30,833 - Epoch 96/96 - Loss: 1.4412, Acc: 35.36%
2025-08-29 19:58:30,836 - 

2025-08-29 19:58:30,836 - Résultats finaux pour le jeu d'hyperparamètres 77

2025-08-29 19:58:30,836 - Accuracy de validation croisée: 33.21% ± 21.67%
2025-08-29 19:58:30,836 - Accuracy sur le test: 28.33%

2025-08-29 19:58:46,624 - JEU D'HYPERPARAMÈTRES 78:
2025-08-29 19:58:46,624 - {'estimator_name': 'Transformer', 'estimator_params': {'d_model': 60, 'nhead': 3, 'num_layers': 2, 'dropout': 0.075}, 'weight_decay': 7.5e-07, 'lr': 0.004, 'scheduler_factor': 0.4, 'batch_size': 36}

2025-08-29 19:58:46,624 - Début de la validation croisée pour le jeu d'hyperparamètres 78

2025-08-29 19:58:46,624 - Variables sélectionnées : mêmes variables que celles retenues au départ (pas de sélection en avant)

2025-08-29 19:58:46,625 - === Fold 1/10 ===
2025-08-29 19:58:46,649 - Epoch 1/500 - Train Loss: 1.9457, Train Acc: 26.98% - Val loss: 1.3453, Val Acc: 35.71%
2025-08-29 19:58:48,383 - Early stopping à l'epoch 97
2025-08-29 19:58:48,384 - Fold 1 - Accuracy finale: 85.71%
2025-08-29 19:58:48,384 - === Fold 2/10 ===
2025-08-29 19:58:48,407 - Epoch 1/500 - Train Loss: 2.0794, Train Acc: 25.40% - Val loss: 1.4556, Val Acc: 39.29%
2025-08-29 19:58:49,991 - Early stopping à l'epoch 92
2025-08-29 19:58:49,993 - Fold 2 - Accuracy finale: 92.86%
2025-08-29 19:58:49,993 - === Fold 3/10 ===
2025-08-29 19:58:50,019 - Epoch 1/500 - Train Loss: 1.7403, Train Acc: 38.10% - Val loss: 1.1232, Val Acc: 53.57%
2025-08-29 19:58:51,716 - Early stopping à l'epoch 93
2025-08-29 19:58:51,717 - Fold 3 - Accuracy finale: 96.43%
2025-08-29 19:58:51,717 - === Fold 4/10 ===
2025-08-29 19:58:51,739 - Epoch 1/500 - Train Loss: 2.2676, Train Acc: 21.43% - Val loss: 1.5907, Val Acc: 32.14%
2025-08-29 19:58:55,036 - Early stopping à l'epoch 190
2025-08-29 19:58:55,037 - Fold 4 - Accuracy finale: 96.43%
2025-08-29 19:58:55,037 - === Fold 5/10 ===
2025-08-29 19:58:55,059 - Epoch 1/500 - Train Loss: 2.0441, Train Acc: 28.97% - Val loss: 1.4677, Val Acc: 35.71%
2025-08-29 19:58:56,880 - Early stopping à l'epoch 105
2025-08-29 19:58:56,882 - Fold 5 - Accuracy finale: 85.71%
2025-08-29 19:58:56,882 - === Fold 6/10 ===
2025-08-29 19:58:56,904 - Epoch 1/500 - Train Loss: 2.2444, Train Acc: 21.83% - Val loss: 1.6156, Val Acc: 28.57%
2025-08-29 19:58:59,315 - Early stopping à l'epoch 140
2025-08-29 19:58:59,316 - Fold 6 - Accuracy finale: 96.43%
2025-08-29 19:58:59,316 - === Fold 7/10 ===
2025-08-29 19:58:59,338 - Epoch 1/500 - Train Loss: 1.6383, Train Acc: 36.51% - Val loss: 1.0514, Val Acc: 42.86%
2025-08-29 19:59:01,323 - Early stopping à l'epoch 113
2025-08-29 19:59:01,325 - Fold 7 - Accuracy finale: 89.29%
2025-08-29 19:59:01,325 - === Fold 8/10 ===
2025-08-29 19:59:01,347 - Epoch 1/500 - Train Loss: 1.9922, Train Acc: 30.95% - Val loss: 1.3791, Val Acc: 39.29%
2025-08-29 19:59:03,364 - Early stopping à l'epoch 116
2025-08-29 19:59:03,365 - Fold 8 - Accuracy finale: 96.43%
2025-08-29 19:59:03,365 - === Fold 9/10 ===
2025-08-29 19:59:03,387 - Epoch 1/500 - Train Loss: 1.8758, Train Acc: 27.78% - Val loss: 1.1436, Val Acc: 46.43%
2025-08-29 19:59:06,064 - Early stopping à l'epoch 158
2025-08-29 19:59:06,065 - Fold 9 - Accuracy finale: 96.43%
2025-08-29 19:59:06,066 - === Fold 10/10 ===
2025-08-29 19:59:06,087 - Epoch 1/500 - Train Loss: 1.9291, Train Acc: 31.35% - Val loss: 1.1478, Val Acc: 57.14%
2025-08-29 19:59:07,811 - Early stopping à l'epoch 101
2025-08-29 19:59:07,812 - Fold 10 - Accuracy finale: 96.43%
2025-08-29 19:59:07,812 - 
2025-08-29 19:59:07,812 - Résultats de la validation croisée
2025-08-29 19:59:07,812 - 
2025-08-29 19:59:07,812 - Accuracy moyenne: 93.21% ± 4.36%
2025-08-29 19:59:07,812 - Loss moyenne: 0.3334 ± 0.1972
2025-08-29 19:59:07,812 - Nombre d'epochs moyen: 120
2025-08-29 19:59:07,812 - Accuracy par fold: ['85.71%', '92.86%', '96.43%', '96.43%', '85.71%', '96.43%', '89.29%', '96.43%', '96.43%', '96.43%']

2025-08-29 19:59:07,812 - Entrainement du modèle final pour le jeu d'hyperparamètres 78

2025-08-29 19:59:07,834 - Epoch 1/120 - Loss: 1.6456, Acc: 37.50%
2025-08-29 19:59:10,033 - Epoch 120/120 - Loss: 0.0003, Acc: 100.00%
2025-08-29 19:59:10,034 - 

2025-08-29 19:59:10,035 - Résultats finaux pour le jeu d'hyperparamètres 78

2025-08-29 19:59:10,035 - Accuracy de validation croisée: 93.21% ± 4.36%
2025-08-29 19:59:10,035 - Accuracy sur le test: 85.83%

2025-08-29 19:59:26,752 - JEU D'HYPERPARAMÈTRES 79:
2025-08-29 19:59:26,752 - {'estimator_name': 'LSTM', 'estimator_params': {'num_layers': 3, 'hidden_size': 96, 'dropout': 0.025}, 'weight_decay': 1e-06, 'lr': 0.004, 'scheduler_factor': 0.6, 'batch_size': 32}

2025-08-29 19:59:26,752 - Début de la validation croisée pour le jeu d'hyperparamètres 79

2025-08-29 19:59:26,752 - Variables sélectionnées : mêmes variables que celles retenues au départ (pas de sélection en avant)

2025-08-29 19:59:26,753 - === Fold 1/10 ===
2025-08-29 19:59:26,913 - Epoch 1/500 - Train Loss: 1.8549, Train Acc: 15.08% - Val loss: 1.8578, Val Acc: 14.29%
2025-08-29 19:59:40,023 - Early stopping à l'epoch 99
2025-08-29 19:59:40,027 - Fold 1 - Accuracy finale: 21.43%
2025-08-29 19:59:40,027 - === Fold 2/10 ===
2025-08-29 19:59:40,183 - Epoch 1/500 - Train Loss: 1.8600, Train Acc: 13.49% - Val loss: 1.8642, Val Acc: 14.29%
2025-08-29 19:59:53,669 - Early stopping à l'epoch 101
2025-08-29 19:59:53,673 - Fold 2 - Accuracy finale: 21.43%
2025-08-29 19:59:53,673 - === Fold 3/10 ===
2025-08-29 19:59:53,834 - Epoch 1/500 - Train Loss: 1.8589, Train Acc: 15.48% - Val loss: 1.8435, Val Acc: 14.29%
2025-08-29 20:00:05,625 - Early stopping à l'epoch 90
2025-08-29 20:00:05,629 - Fold 3 - Accuracy finale: 21.43%
2025-08-29 20:00:05,629 - === Fold 4/10 ===
2025-08-29 20:00:05,785 - Epoch 1/500 - Train Loss: 1.8603, Train Acc: 15.87% - Val loss: 1.8471, Val Acc: 14.29%
2025-08-29 20:00:17,770 - Early stopping à l'epoch 92
2025-08-29 20:00:17,774 - Fold 4 - Accuracy finale: 21.43%
2025-08-29 20:00:17,774 - === Fold 5/10 ===
2025-08-29 20:00:17,933 - Epoch 1/500 - Train Loss: 1.8579, Train Acc: 15.48% - Val loss: 1.8436, Val Acc: 14.29%
2025-08-29 20:00:29,593 - Early stopping à l'epoch 90
2025-08-29 20:00:29,597 - Fold 5 - Accuracy finale: 21.43%
2025-08-29 20:00:29,597 - === Fold 6/10 ===
2025-08-29 20:00:29,760 - Epoch 1/500 - Train Loss: 1.8579, Train Acc: 15.87% - Val loss: 1.8317, Val Acc: 14.29%
2025-08-29 20:00:44,707 - Early stopping à l'epoch 114
2025-08-29 20:00:44,711 - Fold 6 - Accuracy finale: 21.43%
2025-08-29 20:00:44,711 - === Fold 7/10 ===
2025-08-29 20:00:44,868 - Epoch 1/500 - Train Loss: 1.8596, Train Acc: 13.89% - Val loss: 1.8462, Val Acc: 14.29%
2025-08-29 20:01:03,011 - Early stopping à l'epoch 137
2025-08-29 20:01:03,015 - Fold 7 - Accuracy finale: 17.86%
2025-08-29 20:01:03,015 - === Fold 8/10 ===
2025-08-29 20:01:03,176 - Epoch 1/500 - Train Loss: 1.8550, Train Acc: 15.08% - Val loss: 1.8429, Val Acc: 14.29%
2025-08-29 20:01:19,925 - Early stopping à l'epoch 125
2025-08-29 20:01:19,929 - Fold 8 - Accuracy finale: 17.86%
2025-08-29 20:01:19,929 - === Fold 9/10 ===
2025-08-29 20:01:20,088 - Epoch 1/500 - Train Loss: 1.8578, Train Acc: 14.29% - Val loss: 1.8411, Val Acc: 17.86%
2025-08-29 20:01:33,281 - Early stopping à l'epoch 100
2025-08-29 20:01:33,284 - Fold 9 - Accuracy finale: 17.86%
2025-08-29 20:01:33,284 - === Fold 10/10 ===
2025-08-29 20:01:33,444 - Epoch 1/500 - Train Loss: 1.8590, Train Acc: 15.08% - Val loss: 1.8461, Val Acc: 17.86%
2025-08-29 20:01:49,525 - Early stopping à l'epoch 121
2025-08-29 20:01:49,528 - Fold 10 - Accuracy finale: 17.86%
2025-08-29 20:01:49,529 - 
2025-08-29 20:01:49,529 - Résultats de la validation croisée
2025-08-29 20:01:49,530 - 
2025-08-29 20:01:49,530 - Accuracy moyenne: 20.00% ± 1.75%
2025-08-29 20:01:49,530 - Loss moyenne: 1.7850 ± 0.0011
2025-08-29 20:01:49,530 - Nombre d'epochs moyen: 106
2025-08-29 20:01:49,530 - Accuracy par fold: ['21.43%', '21.43%', '21.43%', '21.43%', '21.43%', '21.43%', '17.86%', '17.86%', '17.86%', '17.86%']

2025-08-29 20:01:49,530 - Entrainement du modèle final pour le jeu d'hyperparamètres 79

2025-08-29 20:01:49,717 - Epoch 1/106 - Loss: 1.8562, Acc: 15.00%
2025-08-29 20:02:05,193 - Epoch 106/106 - Loss: 1.7838, Acc: 19.64%
2025-08-29 20:02:05,196 - 

2025-08-29 20:02:05,196 - Résultats finaux pour le jeu d'hyperparamètres 79

2025-08-29 20:02:05,196 - Accuracy de validation croisée: 20.00% ± 1.75%
2025-08-29 20:02:05,196 - Accuracy sur le test: 20.83%

2025-08-29 20:02:21,685 - JEU D'HYPERPARAMÈTRES 80:
2025-08-29 20:02:21,685 - {'estimator_name': 'Transformer', 'estimator_params': {'d_model': 60, 'nhead': 12, 'num_layers': 3, 'dropout': 0.175}, 'weight_decay': 5e-07, 'lr': 0.0035, 'scheduler_factor': 0.5, 'batch_size': 36}

2025-08-29 20:02:21,685 - Début de la validation croisée pour le jeu d'hyperparamètres 80

2025-08-29 20:02:21,685 - Variables sélectionnées : mêmes variables que celles retenues au départ (pas de sélection en avant)

2025-08-29 20:02:21,686 - === Fold 1/10 ===
2025-08-29 20:02:21,721 - Epoch 1/500 - Train Loss: 2.3274, Train Acc: 19.05% - Val loss: 1.7601, Val Acc: 21.43%
2025-08-29 20:02:24,251 - Early stopping à l'epoch 101
2025-08-29 20:02:24,253 - Fold 1 - Accuracy finale: 82.14%
2025-08-29 20:02:24,253 - === Fold 2/10 ===
2025-08-29 20:02:24,286 - Epoch 1/500 - Train Loss: 2.2048, Train Acc: 20.24% - Val loss: 1.5827, Val Acc: 39.29%
2025-08-29 20:02:27,131 - Early stopping à l'epoch 112
2025-08-29 20:02:27,132 - Fold 2 - Accuracy finale: 96.43%
2025-08-29 20:02:27,133 - === Fold 3/10 ===
2025-08-29 20:02:27,163 - Epoch 1/500 - Train Loss: 2.1237, Train Acc: 25.40% - Val loss: 1.6652, Val Acc: 25.00%
2025-08-29 20:02:30,373 - Early stopping à l'epoch 126
2025-08-29 20:02:30,374 - Fold 3 - Accuracy finale: 96.43%
2025-08-29 20:02:30,375 - === Fold 4/10 ===
2025-08-29 20:02:30,408 - Epoch 1/500 - Train Loss: 2.3662, Train Acc: 22.62% - Val loss: 1.7130, Val Acc: 17.86%
2025-08-29 20:02:35,293 - Early stopping à l'epoch 188
2025-08-29 20:02:35,295 - Fold 4 - Accuracy finale: 89.29%
2025-08-29 20:02:35,295 - === Fold 5/10 ===
2025-08-29 20:02:35,325 - Epoch 1/500 - Train Loss: 2.2515, Train Acc: 18.65% - Val loss: 1.8735, Val Acc: 35.71%
2025-08-29 20:02:38,876 - Early stopping à l'epoch 139
2025-08-29 20:02:38,877 - Fold 5 - Accuracy finale: 92.86%
2025-08-29 20:02:38,877 - === Fold 6/10 ===
2025-08-29 20:02:38,911 - Epoch 1/500 - Train Loss: 2.3361, Train Acc: 17.86% - Val loss: 1.8561, Val Acc: 17.86%
2025-08-29 20:02:42,962 - Early stopping à l'epoch 159
2025-08-29 20:02:42,964 - Fold 6 - Accuracy finale: 75.00%
2025-08-29 20:02:42,964 - === Fold 7/10 ===
2025-08-29 20:02:42,997 - Epoch 1/500 - Train Loss: 2.0170, Train Acc: 22.22% - Val loss: 1.3576, Val Acc: 42.86%
2025-08-29 20:02:45,514 - Early stopping à l'epoch 99
2025-08-29 20:02:45,515 - Fold 7 - Accuracy finale: 92.86%
2025-08-29 20:02:45,516 - === Fold 8/10 ===
2025-08-29 20:02:45,546 - Epoch 1/500 - Train Loss: 2.1403, Train Acc: 17.86% - Val loss: 1.7155, Val Acc: 39.29%
2025-08-29 20:02:49,572 - Early stopping à l'epoch 151
2025-08-29 20:02:49,573 - Fold 8 - Accuracy finale: 96.43%
2025-08-29 20:02:49,573 - === Fold 9/10 ===
2025-08-29 20:02:49,607 - Epoch 1/500 - Train Loss: 1.8733, Train Acc: 34.52% - Val loss: 1.2141, Val Acc: 46.43%
2025-08-29 20:02:53,679 - Early stopping à l'epoch 143
2025-08-29 20:02:53,681 - Fold 9 - Accuracy finale: 89.29%
2025-08-29 20:02:53,681 - === Fold 10/10 ===
2025-08-29 20:02:53,715 - Epoch 1/500 - Train Loss: 2.4399, Train Acc: 13.89% - Val loss: 2.2045, Val Acc: 17.86%
2025-08-29 20:02:56,535 - Early stopping à l'epoch 104
2025-08-29 20:02:56,537 - Fold 10 - Accuracy finale: 32.14%
2025-08-29 20:02:56,537 - 
2025-08-29 20:02:56,537 - Résultats de la validation croisée
2025-08-29 20:02:56,537 - 
2025-08-29 20:02:56,537 - Accuracy moyenne: 84.29% ± 18.57%
2025-08-29 20:02:56,537 - Loss moyenne: 0.6808 ± 0.4058
2025-08-29 20:02:56,537 - Nombre d'epochs moyen: 132
2025-08-29 20:02:56,537 - Accuracy par fold: ['82.14%', '96.43%', '96.43%', '89.29%', '92.86%', '75.00%', '92.86%', '96.43%', '89.29%', '32.14%']

2025-08-29 20:02:56,537 - Entrainement du modèle final pour le jeu d'hyperparamètres 80

2025-08-29 20:02:56,574 - Epoch 1/132 - Loss: 1.8252, Acc: 28.93%
2025-08-29 20:03:00,448 - Epoch 132/132 - Loss: 0.0564, Acc: 98.57%
2025-08-29 20:03:00,450 - 

2025-08-29 20:03:00,451 - Résultats finaux pour le jeu d'hyperparamètres 80

2025-08-29 20:03:00,451 - Accuracy de validation croisée: 84.29% ± 18.57%
2025-08-29 20:03:00,451 - Accuracy sur le test: 82.50%

2025-08-29 20:03:16,806 - JEU D'HYPERPARAMÈTRES 81:
2025-08-29 20:03:16,807 - {'estimator_name': 'Transformer', 'estimator_params': {'d_model': 48, 'nhead': 4, 'num_layers': 3, 'dropout': 0.1}, 'weight_decay': 5e-06, 'lr': 0.0055, 'scheduler_factor': 0.6, 'batch_size': 36}

2025-08-29 20:03:16,807 - Début de la validation croisée pour le jeu d'hyperparamètres 81

2025-08-29 20:03:16,807 - Variables sélectionnées : mêmes variables que celles retenues au départ (pas de sélection en avant)

2025-08-29 20:03:16,807 - === Fold 1/10 ===
2025-08-29 20:03:16,839 - Epoch 1/500 - Train Loss: 2.1145, Train Acc: 15.87% - Val loss: 1.9936, Val Acc: 17.86%
2025-08-29 20:03:18,828 - Early stopping à l'epoch 86
2025-08-29 20:03:18,830 - Fold 1 - Accuracy finale: 42.86%
2025-08-29 20:03:18,830 - === Fold 2/10 ===
2025-08-29 20:03:18,857 - Epoch 1/500 - Train Loss: 2.2055, Train Acc: 17.06% - Val loss: 2.0741, Val Acc: 17.86%
2025-08-29 20:03:21,261 - Early stopping à l'epoch 105
2025-08-29 20:03:21,263 - Fold 2 - Accuracy finale: 39.29%
2025-08-29 20:03:21,263 - === Fold 3/10 ===
2025-08-29 20:03:21,290 - Epoch 1/500 - Train Loss: 2.0483, Train Acc: 21.83% - Val loss: 1.8561, Val Acc: 14.29%
2025-08-29 20:03:23,356 - Early stopping à l'epoch 88
2025-08-29 20:03:23,358 - Fold 3 - Accuracy finale: 46.43%
2025-08-29 20:03:23,358 - === Fold 4/10 ===
2025-08-29 20:03:23,386 - Epoch 1/500 - Train Loss: 2.0746, Train Acc: 21.03% - Val loss: 1.8702, Val Acc: 14.29%
2025-08-29 20:03:27,994 - Epoch 201/500 - Train Loss: 0.0654, Train Acc: 98.02% - Val loss: 0.1630, Val Acc: 96.43%
2025-08-29 20:03:28,339 - Early stopping à l'epoch 216
2025-08-29 20:03:28,341 - Fold 4 - Accuracy finale: 96.43%
2025-08-29 20:03:28,341 - === Fold 5/10 ===
2025-08-29 20:03:28,369 - Epoch 1/500 - Train Loss: 2.1130, Train Acc: 19.84% - Val loss: 1.7432, Val Acc: 17.86%
2025-08-29 20:03:30,913 - Early stopping à l'epoch 111
2025-08-29 20:03:30,915 - Fold 5 - Accuracy finale: 78.57%
2025-08-29 20:03:30,915 - === Fold 6/10 ===
2025-08-29 20:03:30,943 - Epoch 1/500 - Train Loss: 2.0408, Train Acc: 21.43% - Val loss: 1.8020, Val Acc: 17.86%
2025-08-29 20:03:33,127 - Early stopping à l'epoch 91
2025-08-29 20:03:33,129 - Fold 6 - Accuracy finale: 17.86%
2025-08-29 20:03:33,129 - === Fold 7/10 ===
2025-08-29 20:03:33,157 - Epoch 1/500 - Train Loss: 2.0136, Train Acc: 22.62% - Val loss: 1.7641, Val Acc: 35.71%
2025-08-29 20:03:36,549 - Early stopping à l'epoch 147
2025-08-29 20:03:36,551 - Fold 7 - Accuracy finale: 82.14%
2025-08-29 20:03:36,551 - === Fold 8/10 ===
2025-08-29 20:03:36,578 - Epoch 1/500 - Train Loss: 1.9649, Train Acc: 22.62% - Val loss: 1.5517, Val Acc: 50.00%
2025-08-29 20:03:40,221 - Early stopping à l'epoch 162
2025-08-29 20:03:40,223 - Fold 8 - Accuracy finale: 82.14%
2025-08-29 20:03:40,223 - === Fold 9/10 ===
2025-08-29 20:03:40,250 - Epoch 1/500 - Train Loss: 2.1398, Train Acc: 16.27% - Val loss: 1.8924, Val Acc: 17.86%
2025-08-29 20:03:42,274 - Early stopping à l'epoch 86
2025-08-29 20:03:42,276 - Fold 9 - Accuracy finale: 35.71%
2025-08-29 20:03:42,276 - === Fold 10/10 ===
2025-08-29 20:03:42,308 - Epoch 1/500 - Train Loss: 2.1520, Train Acc: 15.08% - Val loss: 1.8576, Val Acc: 21.43%
2025-08-29 20:03:45,590 - Early stopping à l'epoch 136
2025-08-29 20:03:45,591 - Fold 10 - Accuracy finale: 28.57%
2025-08-29 20:03:45,592 - 
2025-08-29 20:03:45,592 - Résultats de la validation croisée
2025-08-29 20:03:45,592 - 
2025-08-29 20:03:45,592 - Accuracy moyenne: 55.00% ± 25.81%
2025-08-29 20:03:45,592 - Loss moyenne: 1.1736 ± 0.5827
2025-08-29 20:03:45,592 - Nombre d'epochs moyen: 122
2025-08-29 20:03:45,592 - Accuracy par fold: ['42.86%', '39.29%', '46.43%', '96.43%', '78.57%', '17.86%', '82.14%', '82.14%', '35.71%', '28.57%']

2025-08-29 20:03:45,592 - Entrainement du modèle final pour le jeu d'hyperparamètres 81

2025-08-29 20:03:45,623 - Epoch 1/122 - Loss: 2.1043, Acc: 16.07%
2025-08-29 20:03:48,859 - Epoch 122/122 - Loss: 1.3096, Acc: 42.50%
2025-08-29 20:03:48,861 - 

2025-08-29 20:03:48,861 - Résultats finaux pour le jeu d'hyperparamètres 81

2025-08-29 20:03:48,861 - Accuracy de validation croisée: 55.00% ± 25.81%
2025-08-29 20:03:48,861 - Accuracy sur le test: 43.33%

2025-08-29 20:04:05,343 - JEU D'HYPERPARAMÈTRES 82:
2025-08-29 20:04:05,343 - {'estimator_name': 'Transformer', 'estimator_params': {'d_model': 60, 'nhead': 3, 'num_layers': 2, 'dropout': 0}, 'weight_decay': 5e-07, 'lr': 0.0045, 'scheduler_factor': 0.6, 'batch_size': 28}

2025-08-29 20:04:05,344 - Début de la validation croisée pour le jeu d'hyperparamètres 82

2025-08-29 20:04:05,344 - Variables sélectionnées : mêmes variables que celles retenues au départ (pas de sélection en avant)

2025-08-29 20:04:05,344 - === Fold 1/10 ===
2025-08-29 20:04:05,370 - Epoch 1/500 - Train Loss: 2.0010, Train Acc: 25.40% - Val loss: 1.2617, Val Acc: 60.71%
2025-08-29 20:04:07,238 - Early stopping à l'epoch 92
2025-08-29 20:04:07,239 - Fold 1 - Accuracy finale: 89.29%
2025-08-29 20:04:07,239 - === Fold 2/10 ===
2025-08-29 20:04:07,263 - Epoch 1/500 - Train Loss: 1.8606, Train Acc: 27.38% - Val loss: 1.2538, Val Acc: 39.29%
2025-08-29 20:04:09,116 - Early stopping à l'epoch 90
2025-08-29 20:04:09,118 - Fold 2 - Accuracy finale: 85.71%
2025-08-29 20:04:09,118 - === Fold 3/10 ===
2025-08-29 20:04:09,142 - Epoch 1/500 - Train Loss: 1.8899, Train Acc: 32.14% - Val loss: 1.1769, Val Acc: 50.00%
2025-08-29 20:04:10,937 - Early stopping à l'epoch 88
2025-08-29 20:04:10,939 - Fold 3 - Accuracy finale: 85.71%
2025-08-29 20:04:10,939 - === Fold 4/10 ===
2025-08-29 20:04:10,963 - Epoch 1/500 - Train Loss: 2.0753, Train Acc: 28.17% - Val loss: 1.4431, Val Acc: 35.71%
2025-08-29 20:04:13,725 - Early stopping à l'epoch 135
2025-08-29 20:04:13,726 - Fold 4 - Accuracy finale: 100.00%
2025-08-29 20:04:13,726 - === Fold 5/10 ===
2025-08-29 20:04:13,751 - Epoch 1/500 - Train Loss: 1.8787, Train Acc: 31.35% - Val loss: 1.1864, Val Acc: 50.00%
2025-08-29 20:04:15,972 - Early stopping à l'epoch 110
2025-08-29 20:04:15,973 - Fold 5 - Accuracy finale: 92.86%
2025-08-29 20:04:15,973 - === Fold 6/10 ===
2025-08-29 20:04:15,998 - Epoch 1/500 - Train Loss: 1.9841, Train Acc: 28.57% - Val loss: 1.2748, Val Acc: 39.29%
2025-08-29 20:04:18,081 - Early stopping à l'epoch 102
2025-08-29 20:04:18,082 - Fold 6 - Accuracy finale: 92.86%
2025-08-29 20:04:18,082 - === Fold 7/10 ===
2025-08-29 20:04:18,108 - Epoch 1/500 - Train Loss: 1.7255, Train Acc: 30.95% - Val loss: 1.1791, Val Acc: 35.71%
2025-08-29 20:04:20,607 - Early stopping à l'epoch 119
2025-08-29 20:04:20,609 - Fold 7 - Accuracy finale: 92.86%
2025-08-29 20:04:20,609 - === Fold 8/10 ===
2025-08-29 20:04:20,635 - Epoch 1/500 - Train Loss: 2.1282, Train Acc: 19.05% - Val loss: 1.5243, Val Acc: 39.29%
2025-08-29 20:04:22,642 - Early stopping à l'epoch 99
2025-08-29 20:04:22,643 - Fold 8 - Accuracy finale: 92.86%
2025-08-29 20:04:22,643 - === Fold 9/10 ===
2025-08-29 20:04:22,669 - Epoch 1/500 - Train Loss: 1.7447, Train Acc: 31.35% - Val loss: 1.0070, Val Acc: 60.71%
2025-08-29 20:04:24,562 - Early stopping à l'epoch 93
2025-08-29 20:04:24,563 - Fold 9 - Accuracy finale: 92.86%
2025-08-29 20:04:24,563 - === Fold 10/10 ===
2025-08-29 20:04:24,588 - Epoch 1/500 - Train Loss: 1.8335, Train Acc: 28.17% - Val loss: 1.1968, Val Acc: 35.71%
2025-08-29 20:04:26,656 - Early stopping à l'epoch 102
2025-08-29 20:04:26,657 - Fold 10 - Accuracy finale: 89.29%
2025-08-29 20:04:26,657 - 
2025-08-29 20:04:26,657 - Résultats de la validation croisée
2025-08-29 20:04:26,657 - 
2025-08-29 20:04:26,657 - Accuracy moyenne: 91.43% ± 3.98%
2025-08-29 20:04:26,657 - Loss moyenne: 0.4057 ± 0.2299
2025-08-29 20:04:26,657 - Nombre d'epochs moyen: 103
2025-08-29 20:04:26,657 - Accuracy par fold: ['89.29%', '85.71%', '85.71%', '100.00%', '92.86%', '92.86%', '92.86%', '92.86%', '92.86%', '89.29%']

2025-08-29 20:04:26,657 - Entrainement du modèle final pour le jeu d'hyperparamètres 82

2025-08-29 20:04:26,683 - Epoch 1/103 - Loss: 1.6566, Acc: 34.29%
2025-08-29 20:04:28,904 - Epoch 103/103 - Loss: 0.0002, Acc: 100.00%
2025-08-29 20:04:28,905 - 

2025-08-29 20:04:28,905 - Résultats finaux pour le jeu d'hyperparamètres 82

2025-08-29 20:04:28,905 - Accuracy de validation croisée: 91.43% ± 3.98%
2025-08-29 20:04:28,905 - Accuracy sur le test: 86.67%

2025-08-29 20:04:45,392 - JEU D'HYPERPARAMÈTRES 83:
2025-08-29 20:04:45,392 - {'estimator_name': 'Transformer', 'estimator_params': {'d_model': 72, 'nhead': 4, 'num_layers': 4, 'dropout': 0.15}, 'weight_decay': 5e-06, 'lr': 0.0055, 'scheduler_factor': 0.6, 'batch_size': 32}

2025-08-29 20:04:45,392 - Début de la validation croisée pour le jeu d'hyperparamètres 83

2025-08-29 20:04:45,392 - Variables sélectionnées : mêmes variables que celles retenues au départ (pas de sélection en avant)

2025-08-29 20:04:45,393 - === Fold 1/10 ===
2025-08-29 20:04:45,440 - Epoch 1/500 - Train Loss: 2.1663, Train Acc: 13.89% - Val loss: 1.8288, Val Acc: 17.86%
2025-08-29 20:04:49,435 - Early stopping à l'epoch 104
2025-08-29 20:04:49,437 - Fold 1 - Accuracy finale: 21.43%
2025-08-29 20:04:49,437 - === Fold 2/10 ===
2025-08-29 20:04:49,481 - Epoch 1/500 - Train Loss: 2.2840, Train Acc: 15.08% - Val loss: 1.9830, Val Acc: 14.29%
2025-08-29 20:04:53,047 - Early stopping à l'epoch 100
2025-08-29 20:04:53,049 - Fold 2 - Accuracy finale: 21.43%
2025-08-29 20:04:53,049 - === Fold 3/10 ===
2025-08-29 20:04:53,092 - Epoch 1/500 - Train Loss: 2.3415, Train Acc: 15.48% - Val loss: 1.8009, Val Acc: 17.86%
2025-08-29 20:04:57,622 - Early stopping à l'epoch 117
2025-08-29 20:04:57,624 - Fold 3 - Accuracy finale: 21.43%
2025-08-29 20:04:57,624 - === Fold 4/10 ===
2025-08-29 20:04:57,668 - Epoch 1/500 - Train Loss: 2.2318, Train Acc: 16.67% - Val loss: 1.9381, Val Acc: 17.86%
2025-08-29 20:05:03,899 - Early stopping à l'epoch 166
2025-08-29 20:05:03,901 - Fold 4 - Accuracy finale: 21.43%
2025-08-29 20:05:03,901 - === Fold 5/10 ===
2025-08-29 20:05:03,945 - Epoch 1/500 - Train Loss: 2.3059, Train Acc: 16.27% - Val loss: 1.9763, Val Acc: 14.29%
2025-08-29 20:05:07,225 - Early stopping à l'epoch 91
2025-08-29 20:05:07,226 - Fold 5 - Accuracy finale: 17.86%
2025-08-29 20:05:07,227 - === Fold 6/10 ===
2025-08-29 20:05:07,269 - Epoch 1/500 - Train Loss: 2.1261, Train Acc: 15.08% - Val loss: 1.9557, Val Acc: 17.86%
2025-08-29 20:05:10,521 - Early stopping à l'epoch 88
2025-08-29 20:05:10,523 - Fold 6 - Accuracy finale: 21.43%
2025-08-29 20:05:10,523 - === Fold 7/10 ===
2025-08-29 20:05:10,566 - Epoch 1/500 - Train Loss: 2.2586, Train Acc: 16.67% - Val loss: 1.8325, Val Acc: 14.29%
2025-08-29 20:05:17,581 - Early stopping à l'epoch 183
2025-08-29 20:05:17,583 - Fold 7 - Accuracy finale: 17.86%
2025-08-29 20:05:17,583 - === Fold 8/10 ===
2025-08-29 20:05:17,630 - Epoch 1/500 - Train Loss: 2.1046, Train Acc: 12.70% - Val loss: 1.8750, Val Acc: 14.29%
2025-08-29 20:05:21,787 - Early stopping à l'epoch 113
2025-08-29 20:05:21,789 - Fold 8 - Accuracy finale: 17.86%
2025-08-29 20:05:21,789 - === Fold 9/10 ===
2025-08-29 20:05:21,832 - Epoch 1/500 - Train Loss: 2.2264, Train Acc: 15.48% - Val loss: 1.8169, Val Acc: 21.43%
2025-08-29 20:05:25,069 - Early stopping à l'epoch 89
2025-08-29 20:05:25,071 - Fold 9 - Accuracy finale: 17.86%
2025-08-29 20:05:25,071 - === Fold 10/10 ===
2025-08-29 20:05:25,118 - Epoch 1/500 - Train Loss: 2.2293, Train Acc: 21.03% - Val loss: 1.9314, Val Acc: 17.86%
2025-08-29 20:05:28,871 - Early stopping à l'epoch 102
2025-08-29 20:05:28,873 - Fold 10 - Accuracy finale: 17.86%
2025-08-29 20:05:28,873 - 
2025-08-29 20:05:28,874 - Résultats de la validation croisée
2025-08-29 20:05:28,874 - 
2025-08-29 20:05:28,874 - Accuracy moyenne: 19.64% ± 1.79%
2025-08-29 20:05:28,874 - Loss moyenne: 1.8854 ± 0.2986
2025-08-29 20:05:28,874 - Nombre d'epochs moyen: 115
2025-08-29 20:05:28,874 - Accuracy par fold: ['21.43%', '21.43%', '21.43%', '21.43%', '17.86%', '21.43%', '17.86%', '17.86%', '17.86%', '17.86%']

2025-08-29 20:05:28,874 - Entrainement du modèle final pour le jeu d'hyperparamètres 83

2025-08-29 20:05:28,919 - Epoch 1/115 - Loss: 2.2246, Acc: 16.07%
2025-08-29 20:05:33,472 - Epoch 115/115 - Loss: 1.7880, Acc: 19.64%
2025-08-29 20:05:33,474 - 

2025-08-29 20:05:33,474 - Résultats finaux pour le jeu d'hyperparamètres 83

2025-08-29 20:05:33,474 - Accuracy de validation croisée: 19.64% ± 1.79%
2025-08-29 20:05:33,474 - Accuracy sur le test: 20.83%

2025-08-29 20:05:49,601 - JEU D'HYPERPARAMÈTRES 84:
2025-08-29 20:05:49,601 - {'estimator_name': 'LSTM', 'estimator_params': {'num_layers': 3, 'hidden_size': 64, 'dropout': 0.125}, 'weight_decay': 1e-06, 'lr': 0.0035, 'scheduler_factor': 0.6, 'batch_size': 32}

2025-08-29 20:05:49,601 - Début de la validation croisée pour le jeu d'hyperparamètres 84

2025-08-29 20:05:49,601 - Variables sélectionnées : mêmes variables que celles retenues au départ (pas de sélection en avant)

2025-08-29 20:05:49,602 - === Fold 1/10 ===
2025-08-29 20:05:49,712 - Epoch 1/500 - Train Loss: 1.8268, Train Acc: 15.48% - Val loss: 1.8273, Val Acc: 14.29%
2025-08-29 20:06:01,238 - Early stopping à l'epoch 131
2025-08-29 20:06:01,241 - Fold 1 - Accuracy finale: 21.43%
2025-08-29 20:06:01,241 - === Fold 2/10 ===
2025-08-29 20:06:01,347 - Epoch 1/500 - Train Loss: 1.8273, Train Acc: 15.48% - Val loss: 1.8268, Val Acc: 14.29%
2025-08-29 20:06:10,072 - Early stopping à l'epoch 98
2025-08-29 20:06:10,074 - Fold 2 - Accuracy finale: 21.43%
2025-08-29 20:06:10,074 - === Fold 3/10 ===
2025-08-29 20:06:10,182 - Epoch 1/500 - Train Loss: 1.8277, Train Acc: 15.48% - Val loss: 1.8268, Val Acc: 14.29%
2025-08-29 20:06:27,505 - Early stopping à l'epoch 191
2025-08-29 20:06:27,507 - Fold 3 - Accuracy finale: 21.43%
2025-08-29 20:06:27,507 - === Fold 4/10 ===
2025-08-29 20:06:27,615 - Epoch 1/500 - Train Loss: 1.8282, Train Acc: 15.48% - Val loss: 1.8270, Val Acc: 14.29%
2025-08-29 20:06:39,894 - Early stopping à l'epoch 138
2025-08-29 20:06:39,896 - Fold 4 - Accuracy finale: 21.43%
2025-08-29 20:06:39,896 - === Fold 5/10 ===
2025-08-29 20:06:40,004 - Epoch 1/500 - Train Loss: 1.8270, Train Acc: 15.48% - Val loss: 1.8271, Val Acc: 14.29%
2025-08-29 20:06:51,374 - Early stopping à l'epoch 125
2025-08-29 20:06:51,377 - Fold 5 - Accuracy finale: 21.43%
2025-08-29 20:06:51,377 - === Fold 6/10 ===
2025-08-29 20:06:51,485 - Epoch 1/500 - Train Loss: 1.8300, Train Acc: 15.08% - Val loss: 1.8151, Val Acc: 17.86%
2025-08-29 20:07:05,890 - Early stopping à l'epoch 156
2025-08-29 20:07:05,893 - Fold 6 - Accuracy finale: 21.43%
2025-08-29 20:07:05,893 - === Fold 7/10 ===
2025-08-29 20:07:06,003 - Epoch 1/500 - Train Loss: 1.8298, Train Acc: 15.08% - Val loss: 1.8141, Val Acc: 17.86%
2025-08-29 20:07:14,759 - Early stopping à l'epoch 97
2025-08-29 20:07:14,762 - Fold 7 - Accuracy finale: 17.86%
2025-08-29 20:07:14,762 - === Fold 8/10 ===
2025-08-29 20:07:14,868 - Epoch 1/500 - Train Loss: 1.8273, Train Acc: 15.08% - Val loss: 1.8132, Val Acc: 17.86%
2025-08-29 20:07:23,693 - Early stopping à l'epoch 96
2025-08-29 20:07:23,696 - Fold 8 - Accuracy finale: 17.86%
2025-08-29 20:07:23,696 - === Fold 9/10 ===
2025-08-29 20:07:23,805 - Epoch 1/500 - Train Loss: 1.8269, Train Acc: 15.48% - Val loss: 1.8233, Val Acc: 14.29%
2025-08-29 20:07:37,648 - Early stopping à l'epoch 150
2025-08-29 20:07:37,650 - Fold 9 - Accuracy finale: 17.86%
2025-08-29 20:07:37,650 - === Fold 10/10 ===
2025-08-29 20:07:37,762 - Epoch 1/500 - Train Loss: 1.8254, Train Acc: 15.48% - Val loss: 1.8227, Val Acc: 14.29%
2025-08-29 20:07:52,250 - Early stopping à l'epoch 160
2025-08-29 20:07:52,253 - Fold 10 - Accuracy finale: 17.86%
2025-08-29 20:07:52,254 - 
2025-08-29 20:07:52,254 - Résultats de la validation croisée
2025-08-29 20:07:52,254 - 
2025-08-29 20:07:52,254 - Accuracy moyenne: 20.00% ± 1.75%
2025-08-29 20:07:52,254 - Loss moyenne: 1.7851 ± 0.0010
2025-08-29 20:07:52,254 - Nombre d'epochs moyen: 134
2025-08-29 20:07:52,254 - Accuracy par fold: ['21.43%', '21.43%', '21.43%', '21.43%', '21.43%', '21.43%', '17.86%', '17.86%', '17.86%', '17.86%']

2025-08-29 20:07:52,254 - Entrainement du modèle final pour le jeu d'hyperparamètres 84

2025-08-29 20:07:52,373 - Epoch 1/134 - Loss: 1.8287, Acc: 15.36%
2025-08-29 20:08:05,766 - Epoch 134/134 - Loss: 1.7839, Acc: 20.00%
2025-08-29 20:08:05,768 - 

2025-08-29 20:08:05,768 - Résultats finaux pour le jeu d'hyperparamètres 84

2025-08-29 20:08:05,768 - Accuracy de validation croisée: 20.00% ± 1.75%
2025-08-29 20:08:05,768 - Accuracy sur le test: 20.83%

2025-08-29 20:08:22,760 - JEU D'HYPERPARAMÈTRES 85:
2025-08-29 20:08:22,761 - {'estimator_name': 'LSTM', 'estimator_params': {'num_layers': 2, 'hidden_size': 96, 'dropout': 0.025}, 'weight_decay': 5e-07, 'lr': 0.0035, 'scheduler_factor': 0.6, 'batch_size': 32}

2025-08-29 20:08:22,761 - Début de la validation croisée pour le jeu d'hyperparamètres 85

2025-08-29 20:08:22,761 - Variables sélectionnées : mêmes variables que celles retenues au départ (pas de sélection en avant)

2025-08-29 20:08:22,761 - === Fold 1/10 ===
2025-08-29 20:08:22,922 - Epoch 1/500 - Train Loss: 1.8517, Train Acc: 19.84% - Val loss: 1.8386, Val Acc: 21.43%
2025-08-29 20:08:38,561 - Early stopping à l'epoch 117
2025-08-29 20:08:38,565 - Fold 1 - Accuracy finale: 21.43%
2025-08-29 20:08:38,565 - === Fold 2/10 ===
2025-08-29 20:08:38,720 - Epoch 1/500 - Train Loss: 1.8557, Train Acc: 19.84% - Val loss: 1.8392, Val Acc: 21.43%
2025-08-29 20:08:54,499 - Early stopping à l'epoch 119
2025-08-29 20:08:54,503 - Fold 2 - Accuracy finale: 21.43%
2025-08-29 20:08:54,503 - === Fold 3/10 ===
2025-08-29 20:08:54,661 - Epoch 1/500 - Train Loss: 1.8538, Train Acc: 19.84% - Val loss: 1.8317, Val Acc: 21.43%
2025-08-29 20:09:08,217 - Early stopping à l'epoch 102
2025-08-29 20:09:08,221 - Fold 3 - Accuracy finale: 21.43%
2025-08-29 20:09:08,221 - === Fold 4/10 ===
2025-08-29 20:09:08,386 - Epoch 1/500 - Train Loss: 1.8506, Train Acc: 19.84% - Val loss: 1.8300, Val Acc: 21.43%
2025-08-29 20:09:21,300 - Early stopping à l'epoch 98
2025-08-29 20:09:21,304 - Fold 4 - Accuracy finale: 21.43%
2025-08-29 20:09:21,304 - === Fold 5/10 ===
2025-08-29 20:09:21,463 - Epoch 1/500 - Train Loss: 1.8512, Train Acc: 19.84% - Val loss: 1.8304, Val Acc: 21.43%
2025-08-29 20:09:34,818 - Early stopping à l'epoch 103
2025-08-29 20:09:34,822 - Fold 5 - Accuracy finale: 21.43%
2025-08-29 20:09:34,822 - === Fold 6/10 ===
2025-08-29 20:09:34,987 - Epoch 1/500 - Train Loss: 1.8515, Train Acc: 19.84% - Val loss: 1.8490, Val Acc: 21.43%
2025-08-29 20:09:57,748 - Early stopping à l'epoch 171
2025-08-29 20:09:57,751 - Fold 6 - Accuracy finale: 21.43%
2025-08-29 20:09:57,751 - === Fold 7/10 ===
2025-08-29 20:09:57,913 - Epoch 1/500 - Train Loss: 1.8489, Train Acc: 20.24% - Val loss: 1.8724, Val Acc: 17.86%
2025-08-29 20:10:19,685 - Early stopping à l'epoch 163
2025-08-29 20:10:19,689 - Fold 7 - Accuracy finale: 17.86%
2025-08-29 20:10:19,689 - === Fold 8/10 ===
2025-08-29 20:10:19,849 - Epoch 1/500 - Train Loss: 1.8493, Train Acc: 20.24% - Val loss: 1.8719, Val Acc: 17.86%
2025-08-29 20:10:43,424 - Early stopping à l'epoch 176
2025-08-29 20:10:43,428 - Fold 8 - Accuracy finale: 17.86%
2025-08-29 20:10:43,428 - === Fold 9/10 ===
2025-08-29 20:10:43,600 - Epoch 1/500 - Train Loss: 1.8528, Train Acc: 20.24% - Val loss: 1.8422, Val Acc: 17.86%
2025-08-29 20:11:00,809 - Early stopping à l'epoch 131
2025-08-29 20:11:00,813 - Fold 9 - Accuracy finale: 17.86%
2025-08-29 20:11:00,813 - === Fold 10/10 ===
2025-08-29 20:11:00,971 - Epoch 1/500 - Train Loss: 1.8507, Train Acc: 20.24% - Val loss: 1.8397, Val Acc: 17.86%
2025-08-29 20:11:23,945 - Early stopping à l'epoch 174
2025-08-29 20:11:23,949 - Fold 10 - Accuracy finale: 17.86%
2025-08-29 20:11:23,950 - 
2025-08-29 20:11:23,950 - Résultats de la validation croisée
2025-08-29 20:11:23,950 - 
2025-08-29 20:11:23,950 - Accuracy moyenne: 20.00% ± 1.75%
2025-08-29 20:11:23,950 - Loss moyenne: 1.7850 ± 0.0010
2025-08-29 20:11:23,950 - Nombre d'epochs moyen: 135
2025-08-29 20:11:23,950 - Accuracy par fold: ['21.43%', '21.43%', '21.43%', '21.43%', '21.43%', '21.43%', '17.86%', '17.86%', '17.86%', '17.86%']

2025-08-29 20:11:23,950 - Entrainement du modèle final pour le jeu d'hyperparamètres 85

2025-08-29 20:11:24,122 - Epoch 1/135 - Loss: 1.8514, Acc: 20.00%
2025-08-29 20:11:43,853 - Epoch 135/135 - Loss: 1.7838, Acc: 20.00%
2025-08-29 20:11:43,856 - 

2025-08-29 20:11:43,856 - Résultats finaux pour le jeu d'hyperparamètres 85

2025-08-29 20:11:43,856 - Accuracy de validation croisée: 20.00% ± 1.75%
2025-08-29 20:11:43,856 - Accuracy sur le test: 20.83%

2025-08-29 20:12:01,139 - JEU D'HYPERPARAMÈTRES 86:
2025-08-29 20:12:01,139 - {'estimator_name': 'CNN + LSTM', 'estimator_params': {'out_channels': 8, 'num_layers': 4, 'hidden_size': 80, 'dropout': 0}, 'weight_decay': 1e-06, 'lr': 0.0055, 'scheduler_factor': 0.6, 'batch_size': 32}

2025-08-29 20:12:01,139 - Début de la validation croisée pour le jeu d'hyperparamètres 86

2025-08-29 20:12:01,140 - Variables sélectionnées : mêmes variables que celles retenues au départ (pas de sélection en avant)

2025-08-29 20:12:01,140 - === Fold 1/10 ===
2025-08-29 20:12:01,271 - Epoch 1/500 - Train Loss: 1.8014, Train Acc: 15.48% - Val loss: 1.8086, Val Acc: 14.29%
2025-08-29 20:12:12,552 - Early stopping à l'epoch 104
2025-08-29 20:12:12,555 - Fold 1 - Accuracy finale: 21.43%
2025-08-29 20:12:12,556 - === Fold 2/10 ===
2025-08-29 20:12:12,689 - Epoch 1/500 - Train Loss: 1.8027, Train Acc: 15.48% - Val loss: 1.8090, Val Acc: 14.29%
2025-08-29 20:12:27,476 - Early stopping à l'epoch 135
2025-08-29 20:12:27,478 - Fold 2 - Accuracy finale: 21.43%
2025-08-29 20:12:27,478 - === Fold 3/10 ===
2025-08-29 20:12:27,610 - Epoch 1/500 - Train Loss: 1.8030, Train Acc: 15.48% - Val loss: 1.8008, Val Acc: 14.29%
2025-08-29 20:12:40,444 - Early stopping à l'epoch 119
2025-08-29 20:12:40,447 - Fold 3 - Accuracy finale: 21.43%
2025-08-29 20:12:40,447 - === Fold 4/10 ===
2025-08-29 20:12:40,581 - Epoch 1/500 - Train Loss: 1.8033, Train Acc: 15.48% - Val loss: 1.8000, Val Acc: 14.29%
2025-08-29 20:12:53,405 - Early stopping à l'epoch 117
2025-08-29 20:12:53,408 - Fold 4 - Accuracy finale: 21.43%
2025-08-29 20:12:53,408 - === Fold 5/10 ===
2025-08-29 20:12:53,542 - Epoch 1/500 - Train Loss: 1.8037, Train Acc: 14.29% - Val loss: 1.7992, Val Acc: 21.43%
2025-08-29 20:13:05,667 - Early stopping à l'epoch 111
2025-08-29 20:13:05,670 - Fold 5 - Accuracy finale: 21.43%
2025-08-29 20:13:05,670 - === Fold 6/10 ===
2025-08-29 20:13:05,803 - Epoch 1/500 - Train Loss: 1.8030, Train Acc: 15.87% - Val loss: 1.7878, Val Acc: 21.43%
2025-08-29 20:13:16,978 - Early stopping à l'epoch 104
2025-08-29 20:13:16,980 - Fold 6 - Accuracy finale: 21.43%
2025-08-29 20:13:16,981 - === Fold 7/10 ===
2025-08-29 20:13:17,111 - Epoch 1/500 - Train Loss: 1.8043, Train Acc: 16.67% - Val loss: 1.7930, Val Acc: 17.86%
2025-08-29 20:13:27,504 - Early stopping à l'epoch 97
2025-08-29 20:13:27,507 - Fold 7 - Accuracy finale: 17.86%
2025-08-29 20:13:27,507 - === Fold 8/10 ===
2025-08-29 20:13:27,639 - Epoch 1/500 - Train Loss: 1.8047, Train Acc: 15.08% - Val loss: 1.7931, Val Acc: 17.86%
2025-08-29 20:13:38,035 - Early stopping à l'epoch 96
2025-08-29 20:13:38,038 - Fold 8 - Accuracy finale: 17.86%
2025-08-29 20:13:38,038 - === Fold 9/10 ===
2025-08-29 20:13:38,179 - Epoch 1/500 - Train Loss: 1.8032, Train Acc: 15.48% - Val loss: 1.7956, Val Acc: 17.86%
2025-08-29 20:13:47,761 - Early stopping à l'epoch 88
2025-08-29 20:13:47,764 - Fold 9 - Accuracy finale: 17.86%
2025-08-29 20:13:47,764 - === Fold 10/10 ===
2025-08-29 20:13:47,900 - Epoch 1/500 - Train Loss: 1.8029, Train Acc: 16.27% - Val loss: 1.7963, Val Acc: 17.86%
2025-08-29 20:13:57,631 - Early stopping à l'epoch 88
2025-08-29 20:13:57,634 - Fold 10 - Accuracy finale: 17.86%
2025-08-29 20:13:57,634 - 
2025-08-29 20:13:57,635 - Résultats de la validation croisée
2025-08-29 20:13:57,635 - 
2025-08-29 20:13:57,635 - Accuracy moyenne: 20.00% ± 1.75%
2025-08-29 20:13:57,635 - Loss moyenne: 1.7850 ± 0.0010
2025-08-29 20:13:57,635 - Nombre d'epochs moyen: 105
2025-08-29 20:13:57,635 - Accuracy par fold: ['21.43%', '21.43%', '21.43%', '21.43%', '21.43%', '21.43%', '17.86%', '17.86%', '17.86%', '17.86%']

2025-08-29 20:13:57,635 - Entrainement du modèle final pour le jeu d'hyperparamètres 86

2025-08-29 20:13:57,778 - Epoch 1/105 - Loss: 1.8024, Acc: 15.36%
2025-08-29 20:14:10,538 - Epoch 105/105 - Loss: 1.7842, Acc: 20.00%
2025-08-29 20:14:10,541 - 

2025-08-29 20:14:10,541 - Résultats finaux pour le jeu d'hyperparamètres 86

2025-08-29 20:14:10,541 - Accuracy de validation croisée: 20.00% ± 1.75%
2025-08-29 20:14:10,541 - Accuracy sur le test: 20.83%

2025-08-29 20:14:27,964 - JEU D'HYPERPARAMÈTRES 87:
2025-08-29 20:14:27,965 - {'estimator_name': 'LSTM', 'estimator_params': {'num_layers': 2, 'hidden_size': 64, 'dropout': 0.175}, 'weight_decay': 1e-06, 'lr': 0.005, 'scheduler_factor': 0.5, 'batch_size': 36}

2025-08-29 20:14:27,965 - Début de la validation croisée pour le jeu d'hyperparamètres 87

2025-08-29 20:14:27,965 - Variables sélectionnées : mêmes variables que celles retenues au départ (pas de sélection en avant)

2025-08-29 20:14:27,965 - === Fold 1/10 ===
2025-08-29 20:14:28,065 - Epoch 1/500 - Train Loss: 1.8831, Train Acc: 15.48% - Val loss: 1.8701, Val Acc: 14.29%
2025-08-29 20:14:36,930 - Early stopping à l'epoch 108
2025-08-29 20:14:36,932 - Fold 1 - Accuracy finale: 21.43%
2025-08-29 20:14:36,932 - === Fold 2/10 ===
2025-08-29 20:14:37,035 - Epoch 1/500 - Train Loss: 1.8824, Train Acc: 15.48% - Val loss: 1.8708, Val Acc: 14.29%
2025-08-29 20:14:48,437 - Early stopping à l'epoch 143
2025-08-29 20:14:48,440 - Fold 2 - Accuracy finale: 21.43%
2025-08-29 20:14:48,440 - === Fold 3/10 ===
2025-08-29 20:14:48,541 - Epoch 1/500 - Train Loss: 1.8837, Train Acc: 15.08% - Val loss: 1.8419, Val Acc: 17.86%
2025-08-29 20:14:56,300 - Early stopping à l'epoch 97
2025-08-29 20:14:56,303 - Fold 3 - Accuracy finale: 21.43%
2025-08-29 20:14:56,303 - === Fold 4/10 ===
2025-08-29 20:14:56,403 - Epoch 1/500 - Train Loss: 1.8856, Train Acc: 15.08% - Val loss: 1.8407, Val Acc: 17.86%
2025-08-29 20:15:04,289 - Early stopping à l'epoch 99
2025-08-29 20:15:04,292 - Fold 4 - Accuracy finale: 21.43%
2025-08-29 20:15:04,292 - === Fold 5/10 ===
2025-08-29 20:15:04,395 - Epoch 1/500 - Train Loss: 1.8845, Train Acc: 15.08% - Val loss: 1.8404, Val Acc: 17.86%
2025-08-29 20:15:12,474 - Early stopping à l'epoch 100
2025-08-29 20:15:12,477 - Fold 5 - Accuracy finale: 21.43%
2025-08-29 20:15:12,477 - === Fold 6/10 ===
2025-08-29 20:15:12,576 - Epoch 1/500 - Train Loss: 1.8809, Train Acc: 15.48% - Val loss: 1.8849, Val Acc: 14.29%
2025-08-29 20:15:20,786 - Early stopping à l'epoch 103
2025-08-29 20:15:20,789 - Fold 6 - Accuracy finale: 21.43%
2025-08-29 20:15:20,789 - === Fold 7/10 ===
2025-08-29 20:15:20,892 - Epoch 1/500 - Train Loss: 1.8812, Train Acc: 15.48% - Val loss: 1.8884, Val Acc: 14.29%
2025-08-29 20:15:31,779 - Early stopping à l'epoch 137
2025-08-29 20:15:31,782 - Fold 7 - Accuracy finale: 17.86%
2025-08-29 20:15:31,782 - === Fold 8/10 ===
2025-08-29 20:15:31,885 - Epoch 1/500 - Train Loss: 1.8807, Train Acc: 15.48% - Val loss: 1.8885, Val Acc: 14.29%
2025-08-29 20:15:41,726 - Early stopping à l'epoch 122
2025-08-29 20:15:41,729 - Fold 8 - Accuracy finale: 17.86%
2025-08-29 20:15:41,729 - === Fold 9/10 ===
2025-08-29 20:15:41,828 - Epoch 1/500 - Train Loss: 1.8841, Train Acc: 15.48% - Val loss: 1.8881, Val Acc: 14.29%
2025-08-29 20:15:51,953 - Early stopping à l'epoch 125
2025-08-29 20:15:51,956 - Fold 9 - Accuracy finale: 17.86%
2025-08-29 20:15:51,956 - === Fold 10/10 ===
2025-08-29 20:15:52,058 - Epoch 1/500 - Train Loss: 1.8798, Train Acc: 15.48% - Val loss: 1.8834, Val Acc: 14.29%
2025-08-29 20:16:03,242 - Early stopping à l'epoch 138
2025-08-29 20:16:03,244 - Fold 10 - Accuracy finale: 17.86%
2025-08-29 20:16:03,245 - 
2025-08-29 20:16:03,245 - Résultats de la validation croisée
2025-08-29 20:16:03,245 - 
2025-08-29 20:16:03,245 - Accuracy moyenne: 20.00% ± 1.75%
2025-08-29 20:16:03,245 - Loss moyenne: 1.7849 ± 0.0013
2025-08-29 20:16:03,245 - Nombre d'epochs moyen: 117
2025-08-29 20:16:03,245 - Accuracy par fold: ['21.43%', '21.43%', '21.43%', '21.43%', '21.43%', '21.43%', '17.86%', '17.86%', '17.86%', '17.86%']

2025-08-29 20:16:03,245 - Entrainement du modèle final pour le jeu d'hyperparamètres 87

2025-08-29 20:16:03,351 - Epoch 1/117 - Loss: 1.8788, Acc: 15.36%
2025-08-29 20:16:13,748 - Epoch 117/117 - Loss: 1.7839, Acc: 20.00%
2025-08-29 20:16:13,751 - 

2025-08-29 20:16:13,751 - Résultats finaux pour le jeu d'hyperparamètres 87

2025-08-29 20:16:13,751 - Accuracy de validation croisée: 20.00% ± 1.75%
2025-08-29 20:16:13,751 - Accuracy sur le test: 20.83%

2025-08-29 20:16:31,987 - JEU D'HYPERPARAMÈTRES 88:
2025-08-29 20:16:31,988 - {'estimator_name': 'Transformer', 'estimator_params': {'d_model': 36, 'nhead': 4, 'num_layers': 2, 'dropout': 0.125}, 'weight_decay': 7.5e-07, 'lr': 0.005, 'scheduler_factor': 0.6, 'batch_size': 32}

2025-08-29 20:16:31,988 - Début de la validation croisée pour le jeu d'hyperparamètres 88

2025-08-29 20:16:31,988 - Variables sélectionnées : mêmes variables que celles retenues au départ (pas de sélection en avant)

2025-08-29 20:16:31,989 - === Fold 1/10 ===
2025-08-29 20:16:32,016 - Epoch 1/500 - Train Loss: 1.9905, Train Acc: 21.03% - Val loss: 1.7285, Val Acc: 42.86%
2025-08-29 20:16:34,289 - Early stopping à l'epoch 99
2025-08-29 20:16:34,290 - Fold 1 - Accuracy finale: 92.86%
2025-08-29 20:16:34,290 - === Fold 2/10 ===
2025-08-29 20:16:34,317 - Epoch 1/500 - Train Loss: 2.0221, Train Acc: 20.63% - Val loss: 1.7086, Val Acc: 21.43%
2025-08-29 20:16:36,646 - Early stopping à l'epoch 106
2025-08-29 20:16:36,647 - Fold 2 - Accuracy finale: 92.86%
2025-08-29 20:16:36,647 - === Fold 3/10 ===
2025-08-29 20:16:36,675 - Epoch 1/500 - Train Loss: 1.7468, Train Acc: 30.16% - Val loss: 1.2474, Val Acc: 53.57%
2025-08-29 20:16:39,282 - Early stopping à l'epoch 114
2025-08-29 20:16:39,283 - Fold 3 - Accuracy finale: 96.43%
2025-08-29 20:16:39,283 - === Fold 4/10 ===
2025-08-29 20:16:39,310 - Epoch 1/500 - Train Loss: 1.9819, Train Acc: 23.41% - Val loss: 1.6425, Val Acc: 35.71%
2025-08-29 20:16:43,675 - Early stopping à l'epoch 197
2025-08-29 20:16:43,676 - Fold 4 - Accuracy finale: 96.43%
2025-08-29 20:16:43,676 - === Fold 5/10 ===
2025-08-29 20:16:43,701 - Epoch 1/500 - Train Loss: 1.6082, Train Acc: 40.08% - Val loss: 1.1732, Val Acc: 50.00%
2025-08-29 20:16:46,073 - Early stopping à l'epoch 112
2025-08-29 20:16:46,074 - Fold 5 - Accuracy finale: 89.29%
2025-08-29 20:16:46,074 - === Fold 6/10 ===
2025-08-29 20:16:46,099 - Epoch 1/500 - Train Loss: 1.9040, Train Acc: 23.02% - Val loss: 1.3969, Val Acc: 53.57%
2025-08-29 20:16:48,141 - Early stopping à l'epoch 96
2025-08-29 20:16:48,142 - Fold 6 - Accuracy finale: 92.86%
2025-08-29 20:16:48,142 - === Fold 7/10 ===
2025-08-29 20:16:48,167 - Epoch 1/500 - Train Loss: 1.6200, Train Acc: 32.54% - Val loss: 1.1588, Val Acc: 46.43%
2025-08-29 20:16:50,112 - Early stopping à l'epoch 92
2025-08-29 20:16:50,113 - Fold 7 - Accuracy finale: 96.43%
2025-08-29 20:16:50,113 - === Fold 8/10 ===
2025-08-29 20:16:50,138 - Epoch 1/500 - Train Loss: 1.9807, Train Acc: 18.65% - Val loss: 1.6044, Val Acc: 28.57%
2025-08-29 20:16:52,724 - Early stopping à l'epoch 121
2025-08-29 20:16:52,726 - Fold 8 - Accuracy finale: 96.43%
2025-08-29 20:16:52,726 - === Fold 9/10 ===
2025-08-29 20:16:52,750 - Epoch 1/500 - Train Loss: 1.8468, Train Acc: 24.60% - Val loss: 1.3999, Val Acc: 46.43%
2025-08-29 20:16:55,859 - Early stopping à l'epoch 143
2025-08-29 20:16:55,861 - Fold 9 - Accuracy finale: 96.43%
2025-08-29 20:16:55,861 - === Fold 10/10 ===
2025-08-29 20:16:55,886 - Epoch 1/500 - Train Loss: 1.9378, Train Acc: 29.37% - Val loss: 1.5081, Val Acc: 39.29%
2025-08-29 20:16:58,423 - Early stopping à l'epoch 117
2025-08-29 20:16:58,424 - Fold 10 - Accuracy finale: 92.86%
2025-08-29 20:16:58,424 - 
2025-08-29 20:16:58,425 - Résultats de la validation croisée
2025-08-29 20:16:58,425 - 
2025-08-29 20:16:58,425 - Accuracy moyenne: 94.29% ± 2.37%
2025-08-29 20:16:58,425 - Loss moyenne: 0.3090 ± 0.1184
2025-08-29 20:16:58,425 - Nombre d'epochs moyen: 119
2025-08-29 20:16:58,425 - Accuracy par fold: ['92.86%', '92.86%', '96.43%', '96.43%', '89.29%', '92.86%', '96.43%', '96.43%', '96.43%', '92.86%']

2025-08-29 20:16:58,425 - Entrainement du modèle final pour le jeu d'hyperparamètres 88

2025-08-29 20:16:58,450 - Epoch 1/119 - Loss: 1.8653, Acc: 21.07%
2025-08-29 20:17:01,153 - Epoch 119/119 - Loss: 0.0257, Acc: 99.29%
2025-08-29 20:17:01,155 - 

2025-08-29 20:17:01,155 - Résultats finaux pour le jeu d'hyperparamètres 88

2025-08-29 20:17:01,155 - Accuracy de validation croisée: 94.29% ± 2.37%
2025-08-29 20:17:01,155 - Accuracy sur le test: 85.00%

2025-08-29 20:17:18,627 - JEU D'HYPERPARAMÈTRES 89:
2025-08-29 20:17:18,628 - {'estimator_name': 'CNN + LSTM', 'estimator_params': {'out_channels': 8, 'num_layers': 4, 'hidden_size': 64, 'dropout': 0.1}, 'weight_decay': 5e-06, 'lr': 0.0035, 'scheduler_factor': 0.4, 'batch_size': 36}

2025-08-29 20:17:18,628 - Début de la validation croisée pour le jeu d'hyperparamètres 89

2025-08-29 20:17:18,628 - Variables sélectionnées : mêmes variables que celles retenues au départ (pas de sélection en avant)

2025-08-29 20:17:18,629 - === Fold 1/10 ===
2025-08-29 20:17:18,903 - Epoch 1/500 - Train Loss: 1.8183, Train Acc: 14.68% - Val loss: 1.8053, Val Acc: 17.86%
2025-08-29 20:17:26,675 - Early stopping à l'epoch 92
2025-08-29 20:17:26,677 - Fold 1 - Accuracy finale: 21.43%
2025-08-29 20:17:26,677 - === Fold 2/10 ===
2025-08-29 20:17:26,779 - Epoch 1/500 - Train Loss: 1.8161, Train Acc: 14.68% - Val loss: 1.8053, Val Acc: 17.86%
2025-08-29 20:17:35,030 - Early stopping à l'epoch 101
2025-08-29 20:17:35,033 - Fold 2 - Accuracy finale: 21.43%
2025-08-29 20:17:35,033 - === Fold 3/10 ===
2025-08-29 20:17:35,138 - Epoch 1/500 - Train Loss: 1.8208, Train Acc: 15.08% - Val loss: 1.8160, Val Acc: 14.29%
2025-08-29 20:17:48,691 - Early stopping à l'epoch 168
2025-08-29 20:17:48,694 - Fold 3 - Accuracy finale: 21.43%
2025-08-29 20:17:48,694 - === Fold 4/10 ===
2025-08-29 20:17:48,793 - Epoch 1/500 - Train Loss: 1.8161, Train Acc: 15.08% - Val loss: 1.8166, Val Acc: 14.29%
2025-08-29 20:17:59,431 - Early stopping à l'epoch 128
2025-08-29 20:17:59,434 - Fold 4 - Accuracy finale: 21.43%
2025-08-29 20:17:59,434 - === Fold 5/10 ===
2025-08-29 20:17:59,534 - Epoch 1/500 - Train Loss: 1.8167, Train Acc: 15.08% - Val loss: 1.8149, Val Acc: 14.29%
2025-08-29 20:18:15,560 - Early stopping à l'epoch 195
2025-08-29 20:18:15,562 - Fold 5 - Accuracy finale: 21.43%
2025-08-29 20:18:15,562 - === Fold 6/10 ===
2025-08-29 20:18:15,661 - Epoch 1/500 - Train Loss: 1.8176, Train Acc: 15.08% - Val loss: 1.8082, Val Acc: 14.29%
2025-08-29 20:18:23,169 - Early stopping à l'epoch 94
2025-08-29 20:18:23,171 - Fold 6 - Accuracy finale: 21.43%
2025-08-29 20:18:23,171 - === Fold 7/10 ===
2025-08-29 20:18:23,268 - Epoch 1/500 - Train Loss: 1.8174, Train Acc: 15.08% - Val loss: 1.8077, Val Acc: 14.29%
2025-08-29 20:18:30,628 - Early stopping à l'epoch 91
2025-08-29 20:18:30,631 - Fold 7 - Accuracy finale: 17.86%
2025-08-29 20:18:30,631 - === Fold 8/10 ===
2025-08-29 20:18:30,729 - Epoch 1/500 - Train Loss: 1.8174, Train Acc: 15.08% - Val loss: 1.8074, Val Acc: 14.29%
2025-08-29 20:18:38,082 - Early stopping à l'epoch 92
2025-08-29 20:18:38,084 - Fold 8 - Accuracy finale: 17.86%
2025-08-29 20:18:38,084 - === Fold 9/10 ===
2025-08-29 20:18:38,181 - Epoch 1/500 - Train Loss: 1.8205, Train Acc: 15.08% - Val loss: 1.8134, Val Acc: 14.29%
2025-08-29 20:18:45,699 - Early stopping à l'epoch 91
2025-08-29 20:18:45,701 - Fold 9 - Accuracy finale: 17.86%
2025-08-29 20:18:45,701 - === Fold 10/10 ===
2025-08-29 20:18:45,802 - Epoch 1/500 - Train Loss: 1.8188, Train Acc: 15.08% - Val loss: 1.8129, Val Acc: 14.29%
2025-08-29 20:18:52,953 - Early stopping à l'epoch 89
2025-08-29 20:18:52,956 - Fold 10 - Accuracy finale: 17.86%
2025-08-29 20:18:52,957 - 
2025-08-29 20:18:52,958 - Résultats de la validation croisée
2025-08-29 20:18:52,958 - 
2025-08-29 20:18:52,958 - Accuracy moyenne: 20.00% ± 1.75%
2025-08-29 20:18:52,958 - Loss moyenne: 1.7849 ± 0.0010
2025-08-29 20:18:52,958 - Nombre d'epochs moyen: 114
2025-08-29 20:18:52,958 - Accuracy par fold: ['21.43%', '21.43%', '21.43%', '21.43%', '21.43%', '21.43%', '17.86%', '17.86%', '17.86%', '17.86%']

2025-08-29 20:18:52,958 - Entrainement du modèle final pour le jeu d'hyperparamètres 89

2025-08-29 20:18:53,078 - Epoch 1/114 - Loss: 1.8180, Acc: 15.00%
2025-08-29 20:19:03,478 - Epoch 114/114 - Loss: 1.7843, Acc: 20.00%
2025-08-29 20:19:03,480 - 

2025-08-29 20:19:03,480 - Résultats finaux pour le jeu d'hyperparamètres 89

2025-08-29 20:19:03,480 - Accuracy de validation croisée: 20.00% ± 1.75%
2025-08-29 20:19:03,480 - Accuracy sur le test: 20.83%

2025-08-29 20:19:22,232 - JEU D'HYPERPARAMÈTRES 90:
2025-08-29 20:19:22,233 - {'estimator_name': 'LSTM', 'estimator_params': {'num_layers': 3, 'hidden_size': 64, 'dropout': 0.1}, 'weight_decay': 7.5e-07, 'lr': 0.005, 'scheduler_factor': 0.5, 'batch_size': 28}

2025-08-29 20:19:22,233 - Début de la validation croisée pour le jeu d'hyperparamètres 90

2025-08-29 20:19:22,233 - Variables sélectionnées : mêmes variables que celles retenues au départ (pas de sélection en avant)

2025-08-29 20:19:22,234 - === Fold 1/10 ===
2025-08-29 20:19:22,354 - Epoch 1/500 - Train Loss: 1.8250, Train Acc: 15.48% - Val loss: 1.8221, Val Acc: 14.29%
2025-08-29 20:19:32,368 - Early stopping à l'epoch 97
2025-08-29 20:19:32,371 - Fold 1 - Accuracy finale: 21.43%
2025-08-29 20:19:32,371 - === Fold 2/10 ===
2025-08-29 20:19:32,497 - Epoch 1/500 - Train Loss: 1.8261, Train Acc: 15.48% - Val loss: 1.8240, Val Acc: 14.29%
2025-08-29 20:19:42,562 - Early stopping à l'epoch 98
2025-08-29 20:19:42,565 - Fold 2 - Accuracy finale: 21.43%
2025-08-29 20:19:42,565 - === Fold 3/10 ===
2025-08-29 20:19:42,694 - Epoch 1/500 - Train Loss: 1.8257, Train Acc: 15.48% - Val loss: 1.8218, Val Acc: 14.29%
2025-08-29 20:19:54,478 - Early stopping à l'epoch 113
2025-08-29 20:19:54,481 - Fold 3 - Accuracy finale: 21.43%
2025-08-29 20:19:54,481 - === Fold 4/10 ===
2025-08-29 20:19:54,601 - Epoch 1/500 - Train Loss: 1.8251, Train Acc: 15.48% - Val loss: 1.8242, Val Acc: 14.29%
2025-08-29 20:20:06,052 - Early stopping à l'epoch 112
2025-08-29 20:20:06,055 - Fold 4 - Accuracy finale: 21.43%
2025-08-29 20:20:06,055 - === Fold 5/10 ===
2025-08-29 20:20:06,177 - Epoch 1/500 - Train Loss: 1.8262, Train Acc: 15.48% - Val loss: 1.8235, Val Acc: 14.29%
2025-08-29 20:20:20,611 - Early stopping à l'epoch 140
2025-08-29 20:20:20,613 - Fold 5 - Accuracy finale: 21.43%
2025-08-29 20:20:20,613 - === Fold 6/10 ===
2025-08-29 20:20:20,738 - Epoch 1/500 - Train Loss: 1.8289, Train Acc: 15.08% - Val loss: 1.8109, Val Acc: 17.86%
2025-08-29 20:20:30,601 - Early stopping à l'epoch 93
2025-08-29 20:20:30,604 - Fold 6 - Accuracy finale: 21.43%
2025-08-29 20:20:30,604 - === Fold 7/10 ===
2025-08-29 20:20:30,724 - Epoch 1/500 - Train Loss: 1.8275, Train Acc: 15.08% - Val loss: 1.8104, Val Acc: 17.86%
2025-08-29 20:20:39,826 - Early stopping à l'epoch 89
2025-08-29 20:20:39,829 - Fold 7 - Accuracy finale: 17.86%
2025-08-29 20:20:39,829 - === Fold 8/10 ===
2025-08-29 20:20:39,949 - Epoch 1/500 - Train Loss: 1.8259, Train Acc: 15.08% - Val loss: 1.8106, Val Acc: 17.86%
2025-08-29 20:20:49,443 - Early stopping à l'epoch 93
2025-08-29 20:20:49,446 - Fold 8 - Accuracy finale: 17.86%
2025-08-29 20:20:49,446 - === Fold 9/10 ===
2025-08-29 20:20:49,566 - Epoch 1/500 - Train Loss: 1.8240, Train Acc: 15.48% - Val loss: 1.8193, Val Acc: 14.29%
2025-08-29 20:21:01,748 - Early stopping à l'epoch 118
2025-08-29 20:21:01,750 - Fold 9 - Accuracy finale: 17.86%
2025-08-29 20:21:01,750 - === Fold 10/10 ===
2025-08-29 20:21:01,871 - Epoch 1/500 - Train Loss: 1.8253, Train Acc: 15.48% - Val loss: 1.8186, Val Acc: 14.29%
2025-08-29 20:21:13,329 - Early stopping à l'epoch 112
2025-08-29 20:21:13,332 - Fold 10 - Accuracy finale: 17.86%
2025-08-29 20:21:13,332 - 
2025-08-29 20:21:13,332 - Résultats de la validation croisée
2025-08-29 20:21:13,332 - 
2025-08-29 20:21:13,333 - Accuracy moyenne: 20.00% ± 1.75%
2025-08-29 20:21:13,333 - Loss moyenne: 1.7850 ± 0.0010
2025-08-29 20:21:13,333 - Nombre d'epochs moyen: 106
2025-08-29 20:21:13,333 - Accuracy par fold: ['21.43%', '21.43%', '21.43%', '21.43%', '21.43%', '21.43%', '17.86%', '17.86%', '17.86%', '17.86%']

2025-08-29 20:21:13,333 - Entrainement du modèle final pour le jeu d'hyperparamètres 90

2025-08-29 20:21:13,464 - Epoch 1/106 - Loss: 1.8256, Acc: 15.36%
2025-08-29 20:21:25,176 - Epoch 106/106 - Loss: 1.7845, Acc: 20.00%
2025-08-29 20:21:25,178 - 

2025-08-29 20:21:25,178 - Résultats finaux pour le jeu d'hyperparamètres 90

2025-08-29 20:21:25,178 - Accuracy de validation croisée: 20.00% ± 1.75%
2025-08-29 20:21:25,178 - Accuracy sur le test: 20.83%

2025-08-29 20:21:43,693 - JEU D'HYPERPARAMÈTRES 91:
2025-08-29 20:21:43,694 - {'estimator_name': 'LSTM', 'estimator_params': {'num_layers': 2, 'hidden_size': 96, 'dropout': 0.175}, 'weight_decay': 2.5e-06, 'lr': 0.0035, 'scheduler_factor': 0.4, 'batch_size': 32}

2025-08-29 20:21:43,694 - Début de la validation croisée pour le jeu d'hyperparamètres 91

2025-08-29 20:21:43,694 - Variables sélectionnées : mêmes variables que celles retenues au départ (pas de sélection en avant)

2025-08-29 20:21:43,695 - === Fold 1/10 ===
2025-08-29 20:21:43,861 - Epoch 1/500 - Train Loss: 1.8555, Train Acc: 19.84% - Val loss: 1.8387, Val Acc: 21.43%
2025-08-29 20:21:58,842 - Early stopping à l'epoch 112
2025-08-29 20:21:58,845 - Fold 1 - Accuracy finale: 21.43%
2025-08-29 20:21:58,846 - === Fold 2/10 ===
2025-08-29 20:21:59,005 - Epoch 1/500 - Train Loss: 1.8586, Train Acc: 19.84% - Val loss: 1.8394, Val Acc: 21.43%
2025-08-29 20:22:13,760 - Early stopping à l'epoch 110
2025-08-29 20:22:13,764 - Fold 2 - Accuracy finale: 21.43%
2025-08-29 20:22:13,764 - === Fold 3/10 ===
2025-08-29 20:22:13,939 - Epoch 1/500 - Train Loss: 1.8513, Train Acc: 19.84% - Val loss: 1.8332, Val Acc: 21.43%
2025-08-29 20:22:26,926 - Early stopping à l'epoch 99
2025-08-29 20:22:26,929 - Fold 3 - Accuracy finale: 21.43%
2025-08-29 20:22:26,929 - === Fold 4/10 ===
2025-08-29 20:22:27,095 - Epoch 1/500 - Train Loss: 1.8522, Train Acc: 19.84% - Val loss: 1.8299, Val Acc: 21.43%
2025-08-29 20:22:40,469 - Early stopping à l'epoch 100
2025-08-29 20:22:40,473 - Fold 4 - Accuracy finale: 21.43%
2025-08-29 20:22:40,473 - === Fold 5/10 ===
2025-08-29 20:22:40,636 - Epoch 1/500 - Train Loss: 1.8512, Train Acc: 19.84% - Val loss: 1.8303, Val Acc: 21.43%
2025-08-29 20:22:54,357 - Early stopping à l'epoch 103
2025-08-29 20:22:54,361 - Fold 5 - Accuracy finale: 21.43%
2025-08-29 20:22:54,361 - === Fold 6/10 ===
2025-08-29 20:22:54,525 - Epoch 1/500 - Train Loss: 1.8570, Train Acc: 19.84% - Val loss: 1.8490, Val Acc: 21.43%
2025-08-29 20:23:17,756 - Early stopping à l'epoch 171
2025-08-29 20:23:17,760 - Fold 6 - Accuracy finale: 21.43%
2025-08-29 20:23:17,760 - === Fold 7/10 ===
2025-08-29 20:23:17,918 - Epoch 1/500 - Train Loss: 1.8527, Train Acc: 20.24% - Val loss: 1.8719, Val Acc: 17.86%
2025-08-29 20:23:39,904 - Early stopping à l'epoch 163
2025-08-29 20:23:39,908 - Fold 7 - Accuracy finale: 17.86%
2025-08-29 20:23:39,908 - === Fold 8/10 ===
2025-08-29 20:23:40,072 - Epoch 1/500 - Train Loss: 1.8536, Train Acc: 20.24% - Val loss: 1.8719, Val Acc: 17.86%
2025-08-29 20:24:02,723 - Early stopping à l'epoch 167
2025-08-29 20:24:02,727 - Fold 8 - Accuracy finale: 17.86%
2025-08-29 20:24:02,727 - === Fold 9/10 ===
2025-08-29 20:24:02,896 - Epoch 1/500 - Train Loss: 1.8547, Train Acc: 20.24% - Val loss: 1.8413, Val Acc: 17.86%
2025-08-29 20:24:22,770 - Early stopping à l'epoch 147
2025-08-29 20:24:22,774 - Fold 9 - Accuracy finale: 17.86%
2025-08-29 20:24:22,774 - === Fold 10/10 ===
2025-08-29 20:24:22,950 - Epoch 1/500 - Train Loss: 1.8503, Train Acc: 20.24% - Val loss: 1.8387, Val Acc: 17.86%
2025-08-29 20:24:41,737 - Early stopping à l'epoch 142
2025-08-29 20:24:41,740 - Fold 10 - Accuracy finale: 17.86%
2025-08-29 20:24:41,741 - 
2025-08-29 20:24:41,741 - Résultats de la validation croisée
2025-08-29 20:24:41,741 - 
2025-08-29 20:24:41,742 - Accuracy moyenne: 20.00% ± 1.75%
2025-08-29 20:24:41,742 - Loss moyenne: 1.7850 ± 0.0009
2025-08-29 20:24:41,742 - Nombre d'epochs moyen: 131
2025-08-29 20:24:41,742 - Accuracy par fold: ['21.43%', '21.43%', '21.43%', '21.43%', '21.43%', '21.43%', '17.86%', '17.86%', '17.86%', '17.86%']

2025-08-29 20:24:41,742 - Entrainement du modèle final pour le jeu d'hyperparamètres 91

2025-08-29 20:24:41,910 - Epoch 1/131 - Loss: 1.8528, Acc: 20.00%
2025-08-29 20:25:01,471 - Epoch 131/131 - Loss: 1.7851, Acc: 20.00%
2025-08-29 20:25:01,474 - 

2025-08-29 20:25:01,474 - Résultats finaux pour le jeu d'hyperparamètres 91

2025-08-29 20:25:01,474 - Accuracy de validation croisée: 20.00% ± 1.75%
2025-08-29 20:25:01,474 - Accuracy sur le test: 20.83%

2025-08-29 20:25:20,324 - JEU D'HYPERPARAMÈTRES 92:
2025-08-29 20:25:20,325 - {'estimator_name': 'LSTM', 'estimator_params': {'num_layers': 3, 'hidden_size': 96, 'dropout': 0.125}, 'weight_decay': 5e-06, 'lr': 0.0045, 'scheduler_factor': 0.6, 'batch_size': 32}

2025-08-29 20:25:20,325 - Début de la validation croisée pour le jeu d'hyperparamètres 92

2025-08-29 20:25:20,325 - Variables sélectionnées : mêmes variables que celles retenues au départ (pas de sélection en avant)

2025-08-29 20:25:20,325 - === Fold 1/10 ===
2025-08-29 20:25:20,501 - Epoch 1/500 - Train Loss: 1.8541, Train Acc: 16.27% - Val loss: 1.8555, Val Acc: 14.29%
2025-08-29 20:25:38,362 - Early stopping à l'epoch 132
2025-08-29 20:25:38,366 - Fold 1 - Accuracy finale: 21.43%
2025-08-29 20:25:38,366 - === Fold 2/10 ===
2025-08-29 20:25:38,527 - Epoch 1/500 - Train Loss: 1.8604, Train Acc: 12.30% - Val loss: 1.8628, Val Acc: 14.29%
2025-08-29 20:25:54,746 - Early stopping à l'epoch 122
2025-08-29 20:25:54,749 - Fold 2 - Accuracy finale: 21.43%
2025-08-29 20:25:54,749 - === Fold 3/10 ===
2025-08-29 20:25:54,908 - Epoch 1/500 - Train Loss: 1.8598, Train Acc: 14.29% - Val loss: 1.8407, Val Acc: 14.29%
2025-08-29 20:26:06,883 - Early stopping à l'epoch 90
2025-08-29 20:26:06,887 - Fold 3 - Accuracy finale: 21.43%
2025-08-29 20:26:06,887 - === Fold 4/10 ===
2025-08-29 20:26:07,049 - Epoch 1/500 - Train Loss: 1.8644, Train Acc: 14.29% - Val loss: 1.8450, Val Acc: 14.29%
2025-08-29 20:26:19,386 - Early stopping à l'epoch 92
2025-08-29 20:26:19,390 - Fold 4 - Accuracy finale: 21.43%
2025-08-29 20:26:19,390 - === Fold 5/10 ===
2025-08-29 20:26:19,567 - Epoch 1/500 - Train Loss: 1.8590, Train Acc: 15.48% - Val loss: 1.8412, Val Acc: 14.29%
2025-08-29 20:26:31,738 - Early stopping à l'epoch 90
2025-08-29 20:26:31,742 - Fold 5 - Accuracy finale: 21.43%
2025-08-29 20:26:31,742 - === Fold 6/10 ===
2025-08-29 20:26:31,917 - Epoch 1/500 - Train Loss: 1.8596, Train Acc: 18.25% - Val loss: 1.8306, Val Acc: 14.29%
2025-08-29 20:26:50,290 - Early stopping à l'epoch 136
2025-08-29 20:26:50,293 - Fold 6 - Accuracy finale: 21.43%
2025-08-29 20:26:50,293 - === Fold 7/10 ===
2025-08-29 20:26:50,453 - Epoch 1/500 - Train Loss: 1.8631, Train Acc: 14.29% - Val loss: 1.8446, Val Acc: 14.29%
2025-08-29 20:27:07,989 - Early stopping à l'epoch 129
2025-08-29 20:27:07,992 - Fold 7 - Accuracy finale: 17.86%
2025-08-29 20:27:07,993 - === Fold 8/10 ===
2025-08-29 20:27:08,149 - Epoch 1/500 - Train Loss: 1.8555, Train Acc: 14.29% - Val loss: 1.8412, Val Acc: 14.29%
2025-08-29 20:27:22,846 - Early stopping à l'epoch 112
2025-08-29 20:27:22,850 - Fold 8 - Accuracy finale: 17.86%
2025-08-29 20:27:22,850 - === Fold 9/10 ===
2025-08-29 20:27:23,007 - Epoch 1/500 - Train Loss: 1.8608, Train Acc: 15.08% - Val loss: 1.8387, Val Acc: 17.86%
2025-08-29 20:27:36,347 - Early stopping à l'epoch 100
2025-08-29 20:27:36,351 - Fold 9 - Accuracy finale: 17.86%
2025-08-29 20:27:36,351 - === Fold 10/10 ===
2025-08-29 20:27:36,517 - Epoch 1/500 - Train Loss: 1.8594, Train Acc: 15.08% - Val loss: 1.8436, Val Acc: 17.86%
2025-08-29 20:27:53,799 - Early stopping à l'epoch 121
2025-08-29 20:27:53,803 - Fold 10 - Accuracy finale: 17.86%
2025-08-29 20:27:53,805 - 
2025-08-29 20:27:53,805 - Résultats de la validation croisée
2025-08-29 20:27:53,805 - 
2025-08-29 20:27:53,805 - Accuracy moyenne: 20.00% ± 1.75%
2025-08-29 20:27:53,805 - Loss moyenne: 1.7850 ± 0.0011
2025-08-29 20:27:53,805 - Nombre d'epochs moyen: 112
2025-08-29 20:27:53,805 - Accuracy par fold: ['21.43%', '21.43%', '21.43%', '21.43%', '21.43%', '21.43%', '17.86%', '17.86%', '17.86%', '17.86%']

2025-08-29 20:27:53,805 - Entrainement du modèle final pour le jeu d'hyperparamètres 92

2025-08-29 20:27:53,993 - Epoch 1/112 - Loss: 1.8596, Acc: 15.71%
2025-08-29 20:28:11,419 - Epoch 112/112 - Loss: 1.7831, Acc: 20.00%
2025-08-29 20:28:11,422 - 

2025-08-29 20:28:11,422 - Résultats finaux pour le jeu d'hyperparamètres 92

2025-08-29 20:28:11,422 - Accuracy de validation croisée: 20.00% ± 1.75%
2025-08-29 20:28:11,422 - Accuracy sur le test: 20.83%

2025-08-29 20:28:30,845 - JEU D'HYPERPARAMÈTRES 93:
2025-08-29 20:28:30,846 - {'estimator_name': 'LSTM', 'estimator_params': {'num_layers': 2, 'hidden_size': 96, 'dropout': 0.125}, 'weight_decay': 7.5e-07, 'lr': 0.0045, 'scheduler_factor': 0.5, 'batch_size': 32}

2025-08-29 20:28:30,846 - Début de la validation croisée pour le jeu d'hyperparamètres 93

2025-08-29 20:28:30,846 - Variables sélectionnées : mêmes variables que celles retenues au départ (pas de sélection en avant)

2025-08-29 20:28:30,847 - === Fold 1/10 ===
2025-08-29 20:28:31,015 - Epoch 1/500 - Train Loss: 1.8534, Train Acc: 19.84% - Val loss: 1.8358, Val Acc: 21.43%
2025-08-29 20:28:50,203 - Early stopping à l'epoch 136
2025-08-29 20:28:50,206 - Fold 1 - Accuracy finale: 21.43%
2025-08-29 20:28:50,206 - === Fold 2/10 ===
2025-08-29 20:28:50,371 - Epoch 1/500 - Train Loss: 1.8549, Train Acc: 19.84% - Val loss: 1.8365, Val Acc: 21.43%
2025-08-29 20:29:04,905 - Early stopping à l'epoch 102
2025-08-29 20:29:04,909 - Fold 2 - Accuracy finale: 21.43%
2025-08-29 20:29:04,909 - === Fold 3/10 ===
2025-08-29 20:29:05,072 - Epoch 1/500 - Train Loss: 1.8506, Train Acc: 19.84% - Val loss: 1.8296, Val Acc: 21.43%
2025-08-29 20:29:18,804 - Early stopping à l'epoch 99
2025-08-29 20:29:18,808 - Fold 3 - Accuracy finale: 21.43%
2025-08-29 20:29:18,808 - === Fold 4/10 ===
2025-08-29 20:29:18,977 - Epoch 1/500 - Train Loss: 1.8499, Train Acc: 19.84% - Val loss: 1.8266, Val Acc: 21.43%
2025-08-29 20:29:33,452 - Early stopping à l'epoch 102
2025-08-29 20:29:33,456 - Fold 4 - Accuracy finale: 21.43%
2025-08-29 20:29:33,456 - === Fold 5/10 ===
2025-08-29 20:29:33,628 - Epoch 1/500 - Train Loss: 1.8501, Train Acc: 19.84% - Val loss: 1.8273, Val Acc: 21.43%
2025-08-29 20:29:47,075 - Early stopping à l'epoch 96
2025-08-29 20:29:47,079 - Fold 5 - Accuracy finale: 21.43%
2025-08-29 20:29:47,079 - === Fold 6/10 ===
2025-08-29 20:29:47,241 - Epoch 1/500 - Train Loss: 1.8528, Train Acc: 19.84% - Val loss: 1.8466, Val Acc: 21.43%
2025-08-29 20:30:11,879 - Early stopping à l'epoch 171
2025-08-29 20:30:11,883 - Fold 6 - Accuracy finale: 21.43%
2025-08-29 20:30:11,883 - === Fold 7/10 ===
2025-08-29 20:30:12,073 - Epoch 1/500 - Train Loss: 1.8496, Train Acc: 20.24% - Val loss: 1.8681, Val Acc: 17.86%
2025-08-29 20:30:28,552 - Early stopping à l'epoch 117
2025-08-29 20:30:28,556 - Fold 7 - Accuracy finale: 17.86%
2025-08-29 20:30:28,556 - === Fold 8/10 ===
2025-08-29 20:30:28,718 - Epoch 1/500 - Train Loss: 1.8517, Train Acc: 20.24% - Val loss: 1.8680, Val Acc: 17.86%
2025-08-29 20:30:57,349 - Epoch 201/500 - Train Loss: 1.7853, Train Acc: 20.24% - Val loss: 1.7856, Val Acc: 17.86%
2025-08-29 20:30:59,874 - Early stopping à l'epoch 219
2025-08-29 20:30:59,878 - Fold 8 - Accuracy finale: 17.86%
2025-08-29 20:30:59,878 - === Fold 9/10 ===
2025-08-29 20:31:00,041 - Epoch 1/500 - Train Loss: 1.8515, Train Acc: 20.24% - Val loss: 1.8392, Val Acc: 17.86%
2025-08-29 20:31:16,235 - Early stopping à l'epoch 115
2025-08-29 20:31:16,238 - Fold 9 - Accuracy finale: 17.86%
2025-08-29 20:31:16,239 - === Fold 10/10 ===
2025-08-29 20:31:16,399 - Epoch 1/500 - Train Loss: 1.8496, Train Acc: 20.24% - Val loss: 1.8354, Val Acc: 17.86%
2025-08-29 20:31:36,315 - Early stopping à l'epoch 142
2025-08-29 20:31:36,319 - Fold 10 - Accuracy finale: 17.86%
2025-08-29 20:31:36,320 - 
2025-08-29 20:31:36,320 - Résultats de la validation croisée
2025-08-29 20:31:36,320 - 
2025-08-29 20:31:36,320 - Accuracy moyenne: 20.00% ± 1.75%
2025-08-29 20:31:36,320 - Loss moyenne: 1.7850 ± 0.0009
2025-08-29 20:31:36,320 - Nombre d'epochs moyen: 129
2025-08-29 20:31:36,320 - Accuracy par fold: ['21.43%', '21.43%', '21.43%', '21.43%', '21.43%', '21.43%', '17.86%', '17.86%', '17.86%', '17.86%']

2025-08-29 20:31:36,320 - Entrainement du modèle final pour le jeu d'hyperparamètres 93

2025-08-29 20:31:36,512 - Epoch 1/129 - Loss: 1.8508, Acc: 20.00%
2025-08-29 20:31:56,249 - Epoch 129/129 - Loss: 1.7846, Acc: 20.00%
2025-08-29 20:31:56,252 - 

2025-08-29 20:31:56,252 - Résultats finaux pour le jeu d'hyperparamètres 93

2025-08-29 20:31:56,252 - Accuracy de validation croisée: 20.00% ± 1.75%
2025-08-29 20:31:56,252 - Accuracy sur le test: 20.83%

2025-08-29 20:32:15,875 - JEU D'HYPERPARAMÈTRES 94:
2025-08-29 20:32:15,877 - {'estimator_name': 'Transformer', 'estimator_params': {'d_model': 60, 'nhead': 2, 'num_layers': 4, 'dropout': 0.025}, 'weight_decay': 5e-07, 'lr': 0.004, 'scheduler_factor': 0.5, 'batch_size': 28}

2025-08-29 20:32:15,877 - Début de la validation croisée pour le jeu d'hyperparamètres 94

2025-08-29 20:32:15,877 - Variables sélectionnées : mêmes variables que celles retenues au départ (pas de sélection en avant)

2025-08-29 20:32:15,877 - === Fold 1/10 ===
2025-08-29 20:32:15,931 - Epoch 1/500 - Train Loss: 2.4511, Train Acc: 15.08% - Val loss: 1.8065, Val Acc: 21.43%
2025-08-29 20:32:21,222 - Early stopping à l'epoch 124
2025-08-29 20:32:21,223 - Fold 1 - Accuracy finale: 21.43%
2025-08-29 20:32:21,224 - === Fold 2/10 ===
2025-08-29 20:32:21,272 - Epoch 1/500 - Train Loss: 2.0295, Train Acc: 22.62% - Val loss: 1.3132, Val Acc: 35.71%
2025-08-29 20:32:24,851 - Early stopping à l'epoch 85
2025-08-29 20:32:24,854 - Fold 2 - Accuracy finale: 46.43%
2025-08-29 20:32:24,854 - === Fold 3/10 ===
2025-08-29 20:32:24,907 - Epoch 1/500 - Train Loss: 2.2349, Train Acc: 19.44% - Val loss: 1.7755, Val Acc: 35.71%
2025-08-29 20:32:28,502 - Early stopping à l'epoch 86
2025-08-29 20:32:28,504 - Fold 3 - Accuracy finale: 25.00%
2025-08-29 20:32:28,504 - === Fold 4/10 ===
2025-08-29 20:32:28,552 - Epoch 1/500 - Train Loss: 2.2144, Train Acc: 19.84% - Val loss: 1.8526, Val Acc: 14.29%
2025-08-29 20:32:32,356 - Early stopping à l'epoch 85
2025-08-29 20:32:32,358 - Fold 4 - Accuracy finale: 21.43%
2025-08-29 20:32:32,358 - === Fold 5/10 ===
2025-08-29 20:32:32,415 - Epoch 1/500 - Train Loss: 2.3264, Train Acc: 14.29% - Val loss: 1.9157, Val Acc: 14.29%
2025-08-29 20:32:36,430 - Early stopping à l'epoch 87
2025-08-29 20:32:36,432 - Fold 5 - Accuracy finale: 21.43%
2025-08-29 20:32:36,432 - === Fold 6/10 ===
2025-08-29 20:32:36,489 - Epoch 1/500 - Train Loss: 2.2926, Train Acc: 16.67% - Val loss: 1.9888, Val Acc: 17.86%
2025-08-29 20:32:40,399 - Early stopping à l'epoch 87
2025-08-29 20:32:40,401 - Fold 6 - Accuracy finale: 35.71%
2025-08-29 20:32:40,401 - === Fold 7/10 ===
2025-08-29 20:32:40,450 - Epoch 1/500 - Train Loss: 2.1528, Train Acc: 19.84% - Val loss: 1.5424, Val Acc: 35.71%
2025-08-29 20:32:43,879 - Early stopping à l'epoch 82
2025-08-29 20:32:43,881 - Fold 7 - Accuracy finale: 21.43%
2025-08-29 20:32:43,881 - === Fold 8/10 ===
2025-08-29 20:32:43,938 - Epoch 1/500 - Train Loss: 2.3671, Train Acc: 13.10% - Val loss: 1.7892, Val Acc: 17.86%
2025-08-29 20:32:47,475 - Early stopping à l'epoch 84
2025-08-29 20:32:47,477 - Fold 8 - Accuracy finale: 17.86%
2025-08-29 20:32:47,477 - === Fold 9/10 ===
2025-08-29 20:32:47,524 - Epoch 1/500 - Train Loss: 2.2578, Train Acc: 18.65% - Val loss: 1.9437, Val Acc: 17.86%
2025-08-29 20:32:50,962 - Early stopping à l'epoch 83
2025-08-29 20:32:50,964 - Fold 9 - Accuracy finale: 17.86%
2025-08-29 20:32:50,964 - === Fold 10/10 ===
2025-08-29 20:32:51,012 - Epoch 1/500 - Train Loss: 2.1198, Train Acc: 25.40% - Val loss: 1.4628, Val Acc: 35.71%
2025-08-29 20:32:54,702 - Early stopping à l'epoch 82
2025-08-29 20:32:54,704 - Fold 10 - Accuracy finale: 17.86%
2025-08-29 20:32:54,704 - 
2025-08-29 20:32:54,704 - Résultats de la validation croisée
2025-08-29 20:32:54,704 - 
2025-08-29 20:32:54,704 - Accuracy moyenne: 24.64% ± 8.81%
2025-08-29 20:32:54,704 - Loss moyenne: 1.7307 ± 0.1324
2025-08-29 20:32:54,704 - Nombre d'epochs moyen: 88
2025-08-29 20:32:54,704 - Accuracy par fold: ['21.43%', '46.43%', '25.00%', '21.43%', '21.43%', '35.71%', '21.43%', '17.86%', '17.86%', '17.86%']

2025-08-29 20:32:54,704 - Entrainement du modèle final pour le jeu d'hyperparamètres 94

2025-08-29 20:32:54,760 - Epoch 1/88 - Loss: 1.8667, Acc: 28.93%
2025-08-29 20:32:59,139 - Epoch 88/88 - Loss: 1.7905, Acc: 18.93%
2025-08-29 20:32:59,141 - 

2025-08-29 20:32:59,141 - Résultats finaux pour le jeu d'hyperparamètres 94

2025-08-29 20:32:59,141 - Accuracy de validation croisée: 24.64% ± 8.81%
2025-08-29 20:32:59,141 - Accuracy sur le test: 20.83%

2025-08-29 20:33:19,129 - JEU D'HYPERPARAMÈTRES 95:
2025-08-29 20:33:19,130 - {'estimator_name': 'CNN + LSTM', 'estimator_params': {'out_channels': 32, 'num_layers': 2, 'hidden_size': 96, 'dropout': 0.175}, 'weight_decay': 5e-06, 'lr': 0.0055, 'scheduler_factor': 0.4, 'batch_size': 36}

2025-08-29 20:33:19,130 - Début de la validation croisée pour le jeu d'hyperparamètres 95

2025-08-29 20:33:19,130 - Variables sélectionnées : mêmes variables que celles retenues au départ (pas de sélection en avant)

2025-08-29 20:33:19,130 - === Fold 1/10 ===
2025-08-29 20:33:19,275 - Epoch 1/500 - Train Loss: 1.8601, Train Acc: 15.48% - Val loss: 1.8674, Val Acc: 14.29%
2025-08-29 20:33:38,033 - Early stopping à l'epoch 153
2025-08-29 20:33:38,036 - Fold 1 - Accuracy finale: 21.43%
2025-08-29 20:33:38,036 - === Fold 2/10 ===
2025-08-29 20:33:38,199 - Epoch 1/500 - Train Loss: 1.8636, Train Acc: 18.65% - Val loss: 1.8689, Val Acc: 14.29%
2025-08-29 20:33:56,960 - Early stopping à l'epoch 153
2025-08-29 20:33:56,963 - Fold 2 - Accuracy finale: 21.43%
2025-08-29 20:33:56,964 - === Fold 3/10 ===
2025-08-29 20:33:57,122 - Epoch 1/500 - Train Loss: 1.8660, Train Acc: 14.68% - Val loss: 1.8525, Val Acc: 14.29%
2025-08-29 20:34:09,823 - Early stopping à l'epoch 103
2025-08-29 20:34:09,827 - Fold 3 - Accuracy finale: 21.43%
2025-08-29 20:34:09,827 - === Fold 4/10 ===
2025-08-29 20:34:09,979 - Epoch 1/500 - Train Loss: 1.8633, Train Acc: 15.08% - Val loss: 1.8520, Val Acc: 14.29%
2025-08-29 20:34:22,018 - Early stopping à l'epoch 99
2025-08-29 20:34:22,021 - Fold 4 - Accuracy finale: 21.43%
2025-08-29 20:34:22,022 - === Fold 5/10 ===
2025-08-29 20:34:22,184 - Epoch 1/500 - Train Loss: 1.8710, Train Acc: 16.27% - Val loss: 1.8558, Val Acc: 14.29%
2025-08-29 20:34:36,106 - Early stopping à l'epoch 114
2025-08-29 20:34:36,109 - Fold 5 - Accuracy finale: 21.43%
2025-08-29 20:34:36,109 - === Fold 6/10 ===
2025-08-29 20:34:36,265 - Epoch 1/500 - Train Loss: 1.8668, Train Acc: 15.48% - Val loss: 1.8545, Val Acc: 14.29%
2025-08-29 20:34:55,911 - Early stopping à l'epoch 158
2025-08-29 20:34:55,915 - Fold 6 - Accuracy finale: 21.43%
2025-08-29 20:34:55,915 - === Fold 7/10 ===
2025-08-29 20:34:56,078 - Epoch 1/500 - Train Loss: 1.8661, Train Acc: 16.67% - Val loss: 1.8623, Val Acc: 14.29%
2025-08-29 20:35:13,541 - Early stopping à l'epoch 141
2025-08-29 20:35:13,544 - Fold 7 - Accuracy finale: 17.86%
2025-08-29 20:35:13,544 - === Fold 8/10 ===
2025-08-29 20:35:13,692 - Epoch 1/500 - Train Loss: 1.8686, Train Acc: 17.46% - Val loss: 1.8643, Val Acc: 14.29%
2025-08-29 20:35:27,720 - Early stopping à l'epoch 113
2025-08-29 20:35:27,724 - Fold 8 - Accuracy finale: 17.86%
2025-08-29 20:35:27,724 - === Fold 9/10 ===
2025-08-29 20:35:27,881 - Epoch 1/500 - Train Loss: 1.8692, Train Acc: 14.29% - Val loss: 1.8333, Val Acc: 17.86%
2025-08-29 20:35:40,308 - Early stopping à l'epoch 102
2025-08-29 20:35:40,311 - Fold 9 - Accuracy finale: 17.86%
2025-08-29 20:35:40,311 - === Fold 10/10 ===
2025-08-29 20:35:40,462 - Epoch 1/500 - Train Loss: 1.8668, Train Acc: 15.87% - Val loss: 1.8345, Val Acc: 17.86%
2025-08-29 20:35:52,739 - Early stopping à l'epoch 101
2025-08-29 20:35:52,743 - Fold 10 - Accuracy finale: 17.86%
2025-08-29 20:35:52,744 - 
2025-08-29 20:35:52,745 - Résultats de la validation croisée
2025-08-29 20:35:52,745 - 
2025-08-29 20:35:52,745 - Accuracy moyenne: 20.00% ± 1.75%
2025-08-29 20:35:52,745 - Loss moyenne: 1.7850 ± 0.0007
2025-08-29 20:35:52,745 - Nombre d'epochs moyen: 123
2025-08-29 20:35:52,745 - Accuracy par fold: ['21.43%', '21.43%', '21.43%', '21.43%', '21.43%', '21.43%', '17.86%', '17.86%', '17.86%', '17.86%']

2025-08-29 20:35:52,745 - Entrainement du modèle final pour le jeu d'hyperparamètres 95

2025-08-29 20:35:52,909 - Epoch 1/123 - Loss: 1.8629, Acc: 14.64%
2025-08-29 20:36:09,879 - Epoch 123/123 - Loss: 1.7832, Acc: 20.71%
2025-08-29 20:36:09,882 - 

2025-08-29 20:36:09,882 - Résultats finaux pour le jeu d'hyperparamètres 95

2025-08-29 20:36:09,882 - Accuracy de validation croisée: 20.00% ± 1.75%
2025-08-29 20:36:09,882 - Accuracy sur le test: 20.83%

2025-08-29 20:36:30,002 - JEU D'HYPERPARAMÈTRES 96:
2025-08-29 20:36:30,003 - {'estimator_name': 'CNN + LSTM', 'estimator_params': {'out_channels': 16, 'num_layers': 3, 'hidden_size': 80, 'dropout': 0.025}, 'weight_decay': 7.5e-07, 'lr': 0.0035, 'scheduler_factor': 0.5, 'batch_size': 28}

2025-08-29 20:36:30,003 - Début de la validation croisée pour le jeu d'hyperparamètres 96

2025-08-29 20:36:30,003 - Variables sélectionnées : mêmes variables que celles retenues au départ (pas de sélection en avant)

2025-08-29 20:36:30,004 - === Fold 1/10 ===
2025-08-29 20:36:30,162 - Epoch 1/500 - Train Loss: 1.8240, Train Acc: 19.44% - Val loss: 1.8338, Val Acc: 17.86%
2025-08-29 20:36:50,538 - Early stopping à l'epoch 153
2025-08-29 20:36:50,541 - Fold 1 - Accuracy finale: 21.43%
2025-08-29 20:36:50,541 - === Fold 2/10 ===
2025-08-29 20:36:50,692 - Epoch 1/500 - Train Loss: 1.8239, Train Acc: 19.44% - Val loss: 1.8363, Val Acc: 17.86%
2025-08-29 20:37:08,997 - Early stopping à l'epoch 137
2025-08-29 20:37:09,000 - Fold 2 - Accuracy finale: 21.43%
2025-08-29 20:37:09,000 - === Fold 3/10 ===
2025-08-29 20:37:09,167 - Epoch 1/500 - Train Loss: 1.8252, Train Acc: 19.44% - Val loss: 1.8116, Val Acc: 17.86%
2025-08-29 20:37:22,046 - Early stopping à l'epoch 96
2025-08-29 20:37:22,049 - Fold 3 - Accuracy finale: 21.43%
2025-08-29 20:37:22,049 - === Fold 4/10 ===
2025-08-29 20:37:22,209 - Epoch 1/500 - Train Loss: 1.8276, Train Acc: 19.44% - Val loss: 1.8131, Val Acc: 17.86%
2025-08-29 20:37:34,768 - Early stopping à l'epoch 94
2025-08-29 20:37:34,772 - Fold 4 - Accuracy finale: 21.43%
2025-08-29 20:37:34,772 - === Fold 5/10 ===
2025-08-29 20:37:34,941 - Epoch 1/500 - Train Loss: 1.8277, Train Acc: 19.44% - Val loss: 1.8131, Val Acc: 17.86%
2025-08-29 20:37:47,998 - Early stopping à l'epoch 97
2025-08-29 20:37:48,001 - Fold 5 - Accuracy finale: 21.43%
2025-08-29 20:37:48,001 - === Fold 6/10 ===
2025-08-29 20:37:48,156 - Epoch 1/500 - Train Loss: 1.8265, Train Acc: 19.44% - Val loss: 1.8097, Val Acc: 17.86%
2025-08-29 20:38:05,348 - Early stopping à l'epoch 129
2025-08-29 20:38:05,351 - Fold 6 - Accuracy finale: 21.43%
2025-08-29 20:38:05,351 - === Fold 7/10 ===
2025-08-29 20:38:05,523 - Epoch 1/500 - Train Loss: 1.8265, Train Acc: 19.05% - Val loss: 1.8045, Val Acc: 21.43%
2025-08-29 20:38:19,239 - Early stopping à l'epoch 104
2025-08-29 20:38:19,243 - Fold 7 - Accuracy finale: 17.86%
2025-08-29 20:38:19,243 - === Fold 8/10 ===
2025-08-29 20:38:19,414 - Epoch 1/500 - Train Loss: 1.8266, Train Acc: 19.05% - Val loss: 1.8097, Val Acc: 21.43%
2025-08-29 20:38:31,461 - Early stopping à l'epoch 91
2025-08-29 20:38:31,464 - Fold 8 - Accuracy finale: 17.86%
2025-08-29 20:38:31,464 - === Fold 9/10 ===
2025-08-29 20:38:31,619 - Epoch 1/500 - Train Loss: 1.8234, Train Acc: 19.05% - Val loss: 1.8259, Val Acc: 21.43%
2025-08-29 20:38:46,529 - Early stopping à l'epoch 113
2025-08-29 20:38:46,532 - Fold 9 - Accuracy finale: 17.86%
2025-08-29 20:38:46,532 - === Fold 10/10 ===
2025-08-29 20:38:46,680 - Epoch 1/500 - Train Loss: 1.8231, Train Acc: 19.05% - Val loss: 1.8229, Val Acc: 21.43%
2025-08-29 20:39:04,487 - Early stopping à l'epoch 135
2025-08-29 20:39:04,490 - Fold 10 - Accuracy finale: 17.86%
2025-08-29 20:39:04,490 - 
2025-08-29 20:39:04,491 - Résultats de la validation croisée
2025-08-29 20:39:04,491 - 
2025-08-29 20:39:04,491 - Accuracy moyenne: 20.00% ± 1.75%
2025-08-29 20:39:04,491 - Loss moyenne: 1.7850 ± 0.0010
2025-08-29 20:39:04,491 - Nombre d'epochs moyen: 114
2025-08-29 20:39:04,491 - Accuracy par fold: ['21.43%', '21.43%', '21.43%', '21.43%', '21.43%', '21.43%', '17.86%', '17.86%', '17.86%', '17.86%']

2025-08-29 20:39:04,491 - Entrainement du modèle final pour le jeu d'hyperparamètres 96

2025-08-29 20:39:04,653 - Epoch 1/114 - Loss: 1.8227, Acc: 19.29%
2025-08-29 20:39:21,036 - Epoch 114/114 - Loss: 1.7861, Acc: 19.64%
2025-08-29 20:39:21,038 - 

2025-08-29 20:39:21,038 - Résultats finaux pour le jeu d'hyperparamètres 96

2025-08-29 20:39:21,038 - Accuracy de validation croisée: 20.00% ± 1.75%
2025-08-29 20:39:21,038 - Accuracy sur le test: 20.83%

2025-08-29 20:39:41,217 - JEU D'HYPERPARAMÈTRES 97:
2025-08-29 20:39:41,219 - {'estimator_name': 'Transformer', 'estimator_params': {'d_model': 60, 'nhead': 2, 'num_layers': 2, 'dropout': 0}, 'weight_decay': 7.5e-07, 'lr': 0.0055, 'scheduler_factor': 0.4, 'batch_size': 36}

2025-08-29 20:39:41,219 - Début de la validation croisée pour le jeu d'hyperparamètres 97

2025-08-29 20:39:41,219 - Variables sélectionnées : mêmes variables que celles retenues au départ (pas de sélection en avant)

2025-08-29 20:39:41,219 - === Fold 1/10 ===
2025-08-29 20:39:41,242 - Epoch 1/500 - Train Loss: 2.0395, Train Acc: 25.00% - Val loss: 1.3124, Val Acc: 39.29%
2025-08-29 20:39:43,030 - Early stopping à l'epoch 98
2025-08-29 20:39:43,032 - Fold 1 - Accuracy finale: 85.71%
2025-08-29 20:39:43,032 - === Fold 2/10 ===
2025-08-29 20:39:43,057 - Epoch 1/500 - Train Loss: 2.1834, Train Acc: 21.83% - Val loss: 1.4882, Val Acc: 39.29%
2025-08-29 20:39:44,897 - Early stopping à l'epoch 99
2025-08-29 20:39:44,898 - Fold 2 - Accuracy finale: 89.29%
2025-08-29 20:39:44,898 - === Fold 3/10 ===
2025-08-29 20:39:44,922 - Epoch 1/500 - Train Loss: 1.9317, Train Acc: 33.73% - Val loss: 1.2963, Val Acc: 39.29%
2025-08-29 20:39:46,685 - Early stopping à l'epoch 96
2025-08-29 20:39:46,686 - Fold 3 - Accuracy finale: 92.86%
2025-08-29 20:39:46,686 - === Fold 4/10 ===
2025-08-29 20:39:46,711 - Epoch 1/500 - Train Loss: 2.3330, Train Acc: 24.21% - Val loss: 1.5899, Val Acc: 35.71%
2025-08-29 20:39:49,155 - Early stopping à l'epoch 132
2025-08-29 20:39:49,157 - Fold 4 - Accuracy finale: 89.29%
2025-08-29 20:39:49,157 - === Fold 5/10 ===
2025-08-29 20:39:49,182 - Epoch 1/500 - Train Loss: 2.1115, Train Acc: 31.35% - Val loss: 1.4784, Val Acc: 46.43%
2025-08-29 20:39:51,059 - Early stopping à l'epoch 98
2025-08-29 20:39:51,061 - Fold 5 - Accuracy finale: 89.29%
2025-08-29 20:39:51,061 - === Fold 6/10 ===
2025-08-29 20:39:51,084 - Epoch 1/500 - Train Loss: 2.2998, Train Acc: 21.43% - Val loss: 1.5543, Val Acc: 32.14%
2025-08-29 20:39:52,988 - Early stopping à l'epoch 97
2025-08-29 20:39:52,989 - Fold 6 - Accuracy finale: 85.71%
2025-08-29 20:39:52,989 - === Fold 7/10 ===
2025-08-29 20:39:53,015 - Epoch 1/500 - Train Loss: 1.7559, Train Acc: 31.35% - Val loss: 1.1817, Val Acc: 39.29%
2025-08-29 20:39:55,278 - Early stopping à l'epoch 114
2025-08-29 20:39:55,279 - Fold 7 - Accuracy finale: 96.43%
2025-08-29 20:39:55,280 - === Fold 8/10 ===
2025-08-29 20:39:55,306 - Epoch 1/500 - Train Loss: 2.0449, Train Acc: 26.19% - Val loss: 1.3423, Val Acc: 39.29%
2025-08-29 20:39:57,456 - Early stopping à l'epoch 117
2025-08-29 20:39:57,457 - Fold 8 - Accuracy finale: 96.43%
2025-08-29 20:39:57,457 - === Fold 9/10 ===
2025-08-29 20:39:57,482 - Epoch 1/500 - Train Loss: 2.0823, Train Acc: 28.17% - Val loss: 1.4196, Val Acc: 32.14%
2025-08-29 20:39:59,261 - Early stopping à l'epoch 90
2025-08-29 20:39:59,262 - Fold 9 - Accuracy finale: 92.86%
2025-08-29 20:39:59,262 - === Fold 10/10 ===
2025-08-29 20:39:59,286 - Epoch 1/500 - Train Loss: 2.0511, Train Acc: 30.95% - Val loss: 1.2627, Val Acc: 46.43%
2025-08-29 20:40:01,243 - Early stopping à l'epoch 98
2025-08-29 20:40:01,244 - Fold 10 - Accuracy finale: 96.43%
2025-08-29 20:40:01,244 - 
2025-08-29 20:40:01,244 - Résultats de la validation croisée
2025-08-29 20:40:01,244 - 
2025-08-29 20:40:01,244 - Accuracy moyenne: 91.43% ± 3.98%
2025-08-29 20:40:01,244 - Loss moyenne: 0.4045 ± 0.2105
2025-08-29 20:40:01,244 - Nombre d'epochs moyen: 103
2025-08-29 20:40:01,245 - Accuracy par fold: ['85.71%', '89.29%', '92.86%', '89.29%', '89.29%', '85.71%', '96.43%', '96.43%', '92.86%', '96.43%']

2025-08-29 20:40:01,245 - Entrainement du modèle final pour le jeu d'hyperparamètres 97

2025-08-29 20:40:01,274 - Epoch 1/103 - Loss: 1.8326, Acc: 28.21%
2025-08-29 20:40:03,304 - Epoch 103/103 - Loss: 0.0002, Acc: 100.00%
2025-08-29 20:40:03,306 - 

2025-08-29 20:40:03,306 - Résultats finaux pour le jeu d'hyperparamètres 97

2025-08-29 20:40:03,306 - Accuracy de validation croisée: 91.43% ± 3.98%
2025-08-29 20:40:03,306 - Accuracy sur le test: 89.17%

2025-08-29 20:40:23,739 - JEU D'HYPERPARAMÈTRES 98:
2025-08-29 20:40:23,741 - {'estimator_name': 'LSTM', 'estimator_params': {'num_layers': 3, 'hidden_size': 64, 'dropout': 0.075}, 'weight_decay': 5e-07, 'lr': 0.004, 'scheduler_factor': 0.4, 'batch_size': 28}

2025-08-29 20:40:23,741 - Début de la validation croisée pour le jeu d'hyperparamètres 98

2025-08-29 20:40:23,741 - Variables sélectionnées : mêmes variables que celles retenues au départ (pas de sélection en avant)

2025-08-29 20:40:23,741 - === Fold 1/10 ===
2025-08-29 20:40:23,869 - Epoch 1/500 - Train Loss: 1.8258, Train Acc: 15.48% - Val loss: 1.8248, Val Acc: 14.29%
2025-08-29 20:40:34,210 - Early stopping à l'epoch 97
2025-08-29 20:40:34,212 - Fold 1 - Accuracy finale: 21.43%
2025-08-29 20:40:34,212 - === Fold 2/10 ===
2025-08-29 20:40:34,340 - Epoch 1/500 - Train Loss: 1.8270, Train Acc: 15.48% - Val loss: 1.8267, Val Acc: 14.29%
2025-08-29 20:40:44,682 - Early stopping à l'epoch 98
2025-08-29 20:40:44,684 - Fold 2 - Accuracy finale: 21.43%
2025-08-29 20:40:44,684 - === Fold 3/10 ===
2025-08-29 20:40:44,809 - Epoch 1/500 - Train Loss: 1.8264, Train Acc: 15.48% - Val loss: 1.8241, Val Acc: 14.29%
2025-08-29 20:40:56,782 - Early stopping à l'epoch 113
2025-08-29 20:40:56,785 - Fold 3 - Accuracy finale: 21.43%
2025-08-29 20:40:56,785 - === Fold 4/10 ===
2025-08-29 20:40:56,912 - Epoch 1/500 - Train Loss: 1.8260, Train Acc: 15.48% - Val loss: 1.8260, Val Acc: 14.29%
2025-08-29 20:41:10,401 - Early stopping à l'epoch 124
2025-08-29 20:41:10,403 - Fold 4 - Accuracy finale: 21.43%
2025-08-29 20:41:10,403 - === Fold 5/10 ===
2025-08-29 20:41:10,531 - Epoch 1/500 - Train Loss: 1.8270, Train Acc: 15.48% - Val loss: 1.8254, Val Acc: 14.29%
2025-08-29 20:41:25,441 - Early stopping à l'epoch 140
2025-08-29 20:41:25,443 - Fold 5 - Accuracy finale: 21.43%
2025-08-29 20:41:25,443 - === Fold 6/10 ===
2025-08-29 20:41:25,562 - Epoch 1/500 - Train Loss: 1.8296, Train Acc: 15.08% - Val loss: 1.8126, Val Acc: 17.86%
2025-08-29 20:41:35,215 - Early stopping à l'epoch 93
2025-08-29 20:41:35,218 - Fold 6 - Accuracy finale: 21.43%
2025-08-29 20:41:35,218 - === Fold 7/10 ===
2025-08-29 20:41:35,348 - Epoch 1/500 - Train Loss: 1.8284, Train Acc: 15.08% - Val loss: 1.8123, Val Acc: 17.86%
2025-08-29 20:41:45,400 - Early stopping à l'epoch 93
2025-08-29 20:41:45,403 - Fold 7 - Accuracy finale: 17.86%
2025-08-29 20:41:45,403 - === Fold 8/10 ===
2025-08-29 20:41:45,529 - Epoch 1/500 - Train Loss: 1.8269, Train Acc: 15.08% - Val loss: 1.8125, Val Acc: 17.86%
2025-08-29 20:41:55,421 - Early stopping à l'epoch 93
2025-08-29 20:41:55,424 - Fold 8 - Accuracy finale: 17.86%
2025-08-29 20:41:55,424 - === Fold 9/10 ===
2025-08-29 20:41:55,547 - Epoch 1/500 - Train Loss: 1.8250, Train Acc: 15.48% - Val loss: 1.8212, Val Acc: 14.29%
2025-08-29 20:42:10,975 - Early stopping à l'epoch 146
2025-08-29 20:42:10,978 - Fold 9 - Accuracy finale: 17.86%
2025-08-29 20:42:10,978 - === Fold 10/10 ===
2025-08-29 20:42:11,115 - Epoch 1/500 - Train Loss: 1.8255, Train Acc: 15.48% - Val loss: 1.8206, Val Acc: 14.29%
2025-08-29 20:42:26,239 - Early stopping à l'epoch 143
2025-08-29 20:42:26,242 - Fold 10 - Accuracy finale: 17.86%
2025-08-29 20:42:26,242 - 
2025-08-29 20:42:26,242 - Résultats de la validation croisée
2025-08-29 20:42:26,242 - 
2025-08-29 20:42:26,243 - Accuracy moyenne: 20.00% ± 1.75%
2025-08-29 20:42:26,243 - Loss moyenne: 1.7850 ± 0.0010
2025-08-29 20:42:26,243 - Nombre d'epochs moyen: 114
2025-08-29 20:42:26,243 - Accuracy par fold: ['21.43%', '21.43%', '21.43%', '21.43%', '21.43%', '21.43%', '17.86%', '17.86%', '17.86%', '17.86%']

2025-08-29 20:42:26,243 - Entrainement du modèle final pour le jeu d'hyperparamètres 98

2025-08-29 20:42:26,374 - Epoch 1/114 - Loss: 1.8263, Acc: 15.36%
2025-08-29 20:42:39,436 - Epoch 114/114 - Loss: 1.7852, Acc: 20.00%
2025-08-29 20:42:39,439 - 

2025-08-29 20:42:39,439 - Résultats finaux pour le jeu d'hyperparamètres 98

2025-08-29 20:42:39,439 - Accuracy de validation croisée: 20.00% ± 1.75%
2025-08-29 20:42:39,439 - Accuracy sur le test: 20.83%

2025-08-29 20:43:00,091 - JEU D'HYPERPARAMÈTRES 99:
2025-08-29 20:43:00,092 - {'estimator_name': 'LSTM', 'estimator_params': {'num_layers': 4, 'hidden_size': 64, 'dropout': 0}, 'weight_decay': 7.5e-07, 'lr': 0.004, 'scheduler_factor': 0.5, 'batch_size': 32}

2025-08-29 20:43:00,092 - Début de la validation croisée pour le jeu d'hyperparamètres 99

2025-08-29 20:43:00,092 - Variables sélectionnées : mêmes variables que celles retenues au départ (pas de sélection en avant)

2025-08-29 20:43:00,093 - === Fold 1/10 ===
2025-08-29 20:43:00,207 - Epoch 1/500 - Train Loss: 1.8489, Train Acc: 15.08% - Val loss: 1.8358, Val Acc: 14.29%
2025-08-29 20:43:08,300 - Early stopping à l'epoch 89
2025-08-29 20:43:08,303 - Fold 1 - Accuracy finale: 21.43%
2025-08-29 20:43:08,303 - === Fold 2/10 ===
2025-08-29 20:43:08,411 - Epoch 1/500 - Train Loss: 1.8485, Train Acc: 15.08% - Val loss: 1.8344, Val Acc: 14.29%
2025-08-29 20:43:16,630 - Early stopping à l'epoch 89
2025-08-29 20:43:16,633 - Fold 2 - Accuracy finale: 21.43%
2025-08-29 20:43:16,633 - === Fold 3/10 ===
2025-08-29 20:43:16,742 - Epoch 1/500 - Train Loss: 1.8465, Train Acc: 15.08% - Val loss: 1.8453, Val Acc: 14.29%
2025-08-29 20:43:27,341 - Early stopping à l'epoch 113
2025-08-29 20:43:27,344 - Fold 3 - Accuracy finale: 21.43%
2025-08-29 20:43:27,344 - === Fold 4/10 ===
2025-08-29 20:43:27,463 - Epoch 1/500 - Train Loss: 1.8471, Train Acc: 15.08% - Val loss: 1.8432, Val Acc: 14.29%
2025-08-29 20:43:37,396 - Early stopping à l'epoch 106
2025-08-29 20:43:37,399 - Fold 4 - Accuracy finale: 21.43%
2025-08-29 20:43:37,399 - === Fold 5/10 ===
2025-08-29 20:43:37,509 - Epoch 1/500 - Train Loss: 1.8469, Train Acc: 15.08% - Val loss: 1.8450, Val Acc: 14.29%
2025-08-29 20:43:46,814 - Early stopping à l'epoch 102
2025-08-29 20:43:46,817 - Fold 5 - Accuracy finale: 21.43%
2025-08-29 20:43:46,817 - === Fold 6/10 ===
2025-08-29 20:43:46,936 - Epoch 1/500 - Train Loss: 1.8476, Train Acc: 15.08% - Val loss: 1.8374, Val Acc: 14.29%
2025-08-29 20:43:55,227 - Early stopping à l'epoch 91
2025-08-29 20:43:55,230 - Fold 6 - Accuracy finale: 21.43%
2025-08-29 20:43:55,230 - === Fold 7/10 ===
2025-08-29 20:43:55,340 - Epoch 1/500 - Train Loss: 1.8457, Train Acc: 15.08% - Val loss: 1.8312, Val Acc: 14.29%
2025-08-29 20:44:03,740 - Early stopping à l'epoch 90
2025-08-29 20:44:03,743 - Fold 7 - Accuracy finale: 17.86%
2025-08-29 20:44:03,743 - === Fold 8/10 ===
2025-08-29 20:44:03,853 - Epoch 1/500 - Train Loss: 1.8475, Train Acc: 15.08% - Val loss: 1.8328, Val Acc: 14.29%
2025-08-29 20:44:12,057 - Early stopping à l'epoch 89
2025-08-29 20:44:12,060 - Fold 8 - Accuracy finale: 17.86%
2025-08-29 20:44:12,060 - === Fold 9/10 ===
2025-08-29 20:44:12,168 - Epoch 1/500 - Train Loss: 1.8462, Train Acc: 14.68% - Val loss: 1.8202, Val Acc: 17.86%
2025-08-29 20:44:23,253 - Early stopping à l'epoch 120
2025-08-29 20:44:23,256 - Fold 9 - Accuracy finale: 17.86%
2025-08-29 20:44:23,256 - === Fold 10/10 ===
2025-08-29 20:44:23,369 - Epoch 1/500 - Train Loss: 1.8492, Train Acc: 14.68% - Val loss: 1.8195, Val Acc: 17.86%
2025-08-29 20:44:33,587 - Early stopping à l'epoch 108
2025-08-29 20:44:33,590 - Fold 10 - Accuracy finale: 17.86%
2025-08-29 20:44:33,590 - 
2025-08-29 20:44:33,591 - Résultats de la validation croisée
2025-08-29 20:44:33,591 - 
2025-08-29 20:44:33,591 - Accuracy moyenne: 20.00% ± 1.75%
2025-08-29 20:44:33,591 - Loss moyenne: 1.7850 ± 0.0010
2025-08-29 20:44:33,591 - Nombre d'epochs moyen: 99
2025-08-29 20:44:33,591 - Accuracy par fold: ['21.43%', '21.43%', '21.43%', '21.43%', '21.43%', '21.43%', '17.86%', '17.86%', '17.86%', '17.86%']

2025-08-29 20:44:33,591 - Entrainement du modèle final pour le jeu d'hyperparamètres 99

2025-08-29 20:44:33,712 - Epoch 1/99 - Loss: 1.8461, Acc: 15.00%
2025-08-29 20:44:43,855 - Epoch 99/99 - Loss: 1.7843, Acc: 20.00%
2025-08-29 20:44:43,858 - 

2025-08-29 20:44:43,858 - Résultats finaux pour le jeu d'hyperparamètres 99

2025-08-29 20:44:43,858 - Accuracy de validation croisée: 20.00% ± 1.75%
2025-08-29 20:44:43,858 - Accuracy sur le test: 20.83%

2025-08-29 20:45:04,573 - JEU D'HYPERPARAMÈTRES 100:
2025-08-29 20:45:04,575 - {'estimator_name': 'CNN + LSTM', 'estimator_params': {'out_channels': 16, 'num_layers': 4, 'hidden_size': 80, 'dropout': 0.025}, 'weight_decay': 7.5e-07, 'lr': 0.005, 'scheduler_factor': 0.4, 'batch_size': 32}

2025-08-29 20:45:04,575 - Début de la validation croisée pour le jeu d'hyperparamètres 100

2025-08-29 20:45:04,575 - Variables sélectionnées : mêmes variables que celles retenues au départ (pas de sélection en avant)

2025-08-29 20:45:04,575 - === Fold 1/10 ===
2025-08-29 20:45:04,712 - Epoch 1/500 - Train Loss: 1.8275, Train Acc: 16.27% - Val loss: 1.8279, Val Acc: 21.43%
2025-08-29 20:45:15,316 - Early stopping à l'epoch 90
2025-08-29 20:45:15,319 - Fold 1 - Accuracy finale: 21.43%
2025-08-29 20:45:15,319 - === Fold 2/10 ===
2025-08-29 20:45:15,460 - Epoch 1/500 - Train Loss: 1.8269, Train Acc: 14.68% - Val loss: 1.8268, Val Acc: 21.43%
2025-08-29 20:45:26,463 - Early stopping à l'epoch 93
2025-08-29 20:45:26,466 - Fold 2 - Accuracy finale: 21.43%
2025-08-29 20:45:26,466 - === Fold 3/10 ===
2025-08-29 20:45:26,604 - Epoch 1/500 - Train Loss: 1.8362, Train Acc: 14.68% - Val loss: 1.8099, Val Acc: 17.86%
2025-08-29 20:45:39,232 - Early stopping à l'epoch 107
2025-08-29 20:45:39,235 - Fold 3 - Accuracy finale: 21.43%
2025-08-29 20:45:39,235 - === Fold 4/10 ===
2025-08-29 20:45:39,377 - Epoch 1/500 - Train Loss: 1.8325, Train Acc: 15.87% - Val loss: 1.8066, Val Acc: 21.43%
2025-08-29 20:45:51,353 - Early stopping à l'epoch 101
2025-08-29 20:45:51,356 - Fold 4 - Accuracy finale: 21.43%
2025-08-29 20:45:51,356 - === Fold 5/10 ===
2025-08-29 20:45:51,502 - Epoch 1/500 - Train Loss: 1.8300, Train Acc: 15.08% - Val loss: 1.8068, Val Acc: 14.29%
2025-08-29 20:46:06,279 - Early stopping à l'epoch 125
2025-08-29 20:46:06,282 - Fold 5 - Accuracy finale: 21.43%
2025-08-29 20:46:06,282 - === Fold 6/10 ===
2025-08-29 20:46:06,418 - Epoch 1/500 - Train Loss: 1.8325, Train Acc: 12.70% - Val loss: 1.8192, Val Acc: 14.29%
2025-08-29 20:46:16,625 - Early stopping à l'epoch 87
2025-08-29 20:46:16,628 - Fold 6 - Accuracy finale: 21.43%
2025-08-29 20:46:16,628 - === Fold 7/10 ===
2025-08-29 20:46:16,778 - Epoch 1/500 - Train Loss: 1.8273, Train Acc: 17.06% - Val loss: 1.8335, Val Acc: 14.29%
2025-08-29 20:46:27,791 - Early stopping à l'epoch 92
2025-08-29 20:46:27,794 - Fold 7 - Accuracy finale: 17.86%
2025-08-29 20:46:27,794 - === Fold 8/10 ===
2025-08-29 20:46:27,934 - Epoch 1/500 - Train Loss: 1.8263, Train Acc: 19.44% - Val loss: 1.8342, Val Acc: 17.86%
2025-08-29 20:46:39,404 - Early stopping à l'epoch 96
2025-08-29 20:46:39,407 - Fold 8 - Accuracy finale: 17.86%
2025-08-29 20:46:39,407 - === Fold 9/10 ===
2025-08-29 20:46:39,563 - Epoch 1/500 - Train Loss: 1.8294, Train Acc: 12.30% - Val loss: 1.8218, Val Acc: 17.86%
2025-08-29 20:46:53,208 - Early stopping à l'epoch 114
2025-08-29 20:46:53,211 - Fold 9 - Accuracy finale: 17.86%
2025-08-29 20:46:53,211 - === Fold 10/10 ===
2025-08-29 20:46:53,364 - Epoch 1/500 - Train Loss: 1.8264, Train Acc: 14.68% - Val loss: 1.8220, Val Acc: 17.86%
2025-08-29 20:47:06,970 - Early stopping à l'epoch 115
2025-08-29 20:47:06,974 - Fold 10 - Accuracy finale: 17.86%
2025-08-29 20:47:06,975 - 
2025-08-29 20:47:06,975 - Résultats de la validation croisée
2025-08-29 20:47:06,975 - 
2025-08-29 20:47:06,975 - Accuracy moyenne: 20.00% ± 1.75%
2025-08-29 20:47:06,976 - Loss moyenne: 1.7850 ± 0.0011
2025-08-29 20:47:06,976 - Nombre d'epochs moyen: 102
2025-08-29 20:47:06,976 - Accuracy par fold: ['21.43%', '21.43%', '21.43%', '21.43%', '21.43%', '21.43%', '17.86%', '17.86%', '17.86%', '17.86%']

2025-08-29 20:47:06,976 - Entrainement du modèle final pour le jeu d'hyperparamètres 100

2025-08-29 20:47:07,141 - Epoch 1/102 - Loss: 1.8305, Acc: 17.50%
2025-08-29 20:47:20,495 - Epoch 102/102 - Loss: 1.7863, Acc: 20.00%
2025-08-29 20:47:20,497 - 

2025-08-29 20:47:20,497 - Résultats finaux pour le jeu d'hyperparamètres 100

2025-08-29 20:47:20,497 - Accuracy de validation croisée: 20.00% ± 1.75%
2025-08-29 20:47:20,497 - Accuracy sur le test: 20.83%

